timestamp,thread_id,function_name,event,arguments,return_value,duration_ms
2025-10-01 16:49:35.091,1875009,hipGetDeviceCount,ENTER,int*=&0,,0
2025-10-01 16:49:35.618,1875009,hipGetDeviceCount,LEAVE,int*=&0,NULL,527
2025-10-01 16:49:35.619,1875018,hipGetDeviceCount,ENTER,int*=&0,,0
2025-10-01 16:49:35.619,1875018,hipGetDeviceCount,LEAVE,int*=&0,NULL,0
2025-10-01 16:49:35.620,1875019,hipSetDevice,ENTER,int=0x0,,0
2025-10-01 16:49:35.620,1875019,hipSetDevice,LEAVE,int=0x0,NULL,0
2025-10-01 16:49:35.620,1875021,hipSetDevice,ENTER,int=0x2,,0
2025-10-01 16:49:35.621,1875020,hipSetDevice,ENTER,int=0x1,,0
2025-10-01 16:49:35.621,1875020,hipSetDevice,LEAVE,int=0x1,NULL,0
2025-10-01 16:49:35.621,1875021,hipSetDevice,LEAVE,int=0x2,NULL,0
2025-10-01 16:49:35.621,1875022,hipSetDevice,ENTER,int=0x3,,0
2025-10-01 16:49:35.622,1875022,hipSetDevice,LEAVE,int=0x3,NULL,0
2025-10-01 16:49:35.719,1875024,hipGetDeviceCount,ENTER,int*=&0,,0
2025-10-01 16:49:35.719,1875024,hipGetDeviceCount,LEAVE,int*=&0,NULL,0
2025-10-01 16:49:35.720,1875024,hipSetDevice,ENTER,int=0x0,,0
2025-10-01 16:49:35.720,1875024,hipSetDevice,LEAVE,int=0x0,NULL,0
2025-10-01 16:49:35.720,1875024,hipStreamCreate,ENTER,hipStream_t*=0x7fa60cdee9b8,,0
2025-10-01 16:49:35.720,1875027,hipSetDevice,ENTER,int=0x3,,0
2025-10-01 16:49:35.720,1875025,hipSetDevice,ENTER,int=0x1,,0
2025-10-01 16:49:35.721,1875026,hipSetDevice,ENTER,int=0x2,,0
2025-10-01 16:49:35.721,1875027,hipSetDevice,LEAVE,int=0x3,NULL,1
2025-10-01 16:49:35.721,1875027,hipStreamCreate,ENTER,hipStream_t*=0x7fa5f0beca58,,0
2025-10-01 16:49:35.722,1875026,hipSetDevice,LEAVE,int=0x2,NULL,1
2025-10-01 16:49:35.722,1875026,hipStreamCreate,ENTER,hipStream_t*=0x7fa5f13eda58,,0
2025-10-01 16:49:35.722,1875025,hipSetDevice,LEAVE,int=0x1,NULL,1
2025-10-01 16:49:35.722,1875025,hipStreamCreate,ENTER,hipStream_t*=0x7fa5f1beea58,,0
2025-10-01 16:49:36.469,1875026,hipStreamCreate,LEAVE,hipStream_t*=0x7fa5f13eda58,NULL,747
2025-10-01 16:49:36.493,1875021,hipMemcpyAsync,ENTER,void*=0x7f9f96e00100; const void*=0x7fa5a2400000; size_t=0x2000000; hipMemcpyKind=hipMemcpyHostToDevice,,0
2025-10-01 16:49:36.561,1875021,hipMemcpyAsync,LEAVE,void*=0x7f9f96e00100; const void*=0x7fa5a2400000; size_t=0x2000000; hipMemcpyKind=hipMemcpyHostToDevice,NULL,68
2025-10-01 16:49:36.561,1875021,hipMemcpyAsync,ENTER,void*=0x7f9f98e00200; const void*=0x7fa5a0200000; size_t=0x2000000; hipMemcpyKind=hipMemcpyHostToDevice,,0
2025-10-01 16:49:36.561,1875021,hipMemcpyAsync,LEAVE,void*=0x7f9f98e00200; const void*=0x7fa5a0200000; size_t=0x2000000; hipMemcpyKind=hipMemcpyHostToDevice,NULL,0
2025-10-01 16:49:36.661,1875021,hipMemcpyAsync,ENTER,void*=0x7f9f9ce00400; const void*=0x7f9eb1000000; size_t=0x2000000; hipMemcpyKind=hipMemcpyHostToDevice,,0
2025-10-01 16:49:36.662,1875021,hipMemcpyAsync,LEAVE,void*=0x7f9f9ce00400; const void*=0x7f9eb1000000; size_t=0x2000000; hipMemcpyKind=hipMemcpyHostToDevice,NULL,0
2025-10-01 16:49:36.662,1875021,hipMemcpyAsync,ENTER,void*=0x7f9f9ee00500; const void*=0x7f9eaee00000; size_t=0x2000000; hipMemcpyKind=hipMemcpyHostToDevice,,0
2025-10-01 16:49:36.662,1875021,hipMemcpyAsync,LEAVE,void*=0x7f9f9ee00500; const void*=0x7f9eaee00000; size_t=0x2000000; hipMemcpyKind=hipMemcpyHostToDevice,NULL,0
2025-10-01 16:49:36.744,1875021,hipMemcpyAsync,ENTER,void*=0x7f9fa2e00700; const void*=0x7f9eaa000000; size_t=0x2000000; hipMemcpyKind=hipMemcpyHostToDevice,,0
2025-10-01 16:49:36.745,1875021,hipMemcpyAsync,LEAVE,void*=0x7f9fa2e00700; const void*=0x7f9eaa000000; size_t=0x2000000; hipMemcpyKind=hipMemcpyHostToDevice,NULL,0
2025-10-01 16:49:36.745,1875021,hipMemcpyAsync,ENTER,void*=0x7f9fa4e00800; const void*=0x7f9ea7e00000; size_t=0x2000000; hipMemcpyKind=hipMemcpyHostToDevice,,0
2025-10-01 16:49:36.745,1875021,hipMemcpyAsync,LEAVE,void*=0x7f9fa4e00800; const void*=0x7f9ea7e00000; size_t=0x2000000; hipMemcpyKind=hipMemcpyHostToDevice,NULL,0
2025-10-01 16:49:36.827,1875021,hipMemcpyAsync,ENTER,void*=0x7f9fa8e00a00; const void*=0x7f9ea3400000; size_t=0x2000000; hipMemcpyKind=hipMemcpyHostToDevice,,0
2025-10-01 16:49:36.827,1875021,hipMemcpyAsync,LEAVE,void*=0x7f9fa8e00a00; const void*=0x7f9ea3400000; size_t=0x2000000; hipMemcpyKind=hipMemcpyHostToDevice,NULL,0
2025-10-01 16:49:36.828,1875021,hipMemcpyAsync,ENTER,void*=0x7f9faae00b00; const void*=0x7f9ea1200000; size_t=0x2000000; hipMemcpyKind=hipMemcpyHostToDevice,,0
2025-10-01 16:49:36.828,1875021,hipMemcpyAsync,LEAVE,void*=0x7f9faae00b00; const void*=0x7f9ea1200000; size_t=0x2000000; hipMemcpyKind=hipMemcpyHostToDevice,NULL,0
2025-10-01 16:49:37.062,1875025,hipStreamCreate,LEAVE,hipStream_t*=0x7fa5f1beea58,NULL,1340
2025-10-01 16:49:37.117,1875024,hipStreamCreate,LEAVE,hipStream_t*=0x7fa60cdee9b8,NULL,1397
2025-10-01 16:49:37.127,1875027,hipStreamCreate,LEAVE,hipStream_t*=0x7fa5f0beca58,NULL,1406
2025-10-01 16:49:37.355,1875021,hipMemcpyAsync,ENTER,void*=0x7f9faee00d00; const void*=0x7f963f200000; size_t=0x2000000; hipMemcpyKind=hipMemcpyHostToDevice,,0
2025-10-01 16:49:37.356,1875021,hipMemcpyAsync,LEAVE,void*=0x7f9faee00d00; const void*=0x7f963f200000; size_t=0x2000000; hipMemcpyKind=hipMemcpyHostToDevice,NULL,0
2025-10-01 16:49:37.356,1875021,hipMemcpyAsync,ENTER,void*=0x7f9fb0e00e00; const void*=0x7f963d000000; size_t=0x2000000; hipMemcpyKind=hipMemcpyHostToDevice,,0
2025-10-01 16:49:37.356,1875021,hipMemcpyAsync,LEAVE,void*=0x7f9fb0e00e00; const void*=0x7f963d000000; size_t=0x2000000; hipMemcpyKind=hipMemcpyHostToDevice,NULL,0
2025-10-01 16:49:37.506,1875020,hipMemcpyAsync,ENTER,void*=0x7f97bd200100; const void*=0x7f9e79c00000; size_t=0x2000000; hipMemcpyKind=hipMemcpyHostToDevice,,0
2025-10-01 16:49:37.765,1875020,hipMemcpyAsync,LEAVE,void*=0x7f97bd200100; const void*=0x7f9e79c00000; size_t=0x2000000; hipMemcpyKind=hipMemcpyHostToDevice,NULL,258
2025-10-01 16:49:37.765,1875020,hipMemcpyAsync,ENTER,void*=0x7f97bf200200; const void*=0x7f9e77400000; size_t=0x2000000; hipMemcpyKind=hipMemcpyHostToDevice,,0
2025-10-01 16:49:37.765,1875020,hipMemcpyAsync,LEAVE,void*=0x7f97bf200200; const void*=0x7f9e77400000; size_t=0x2000000; hipMemcpyKind=hipMemcpyHostToDevice,NULL,0
2025-10-01 16:49:37.937,1875022,hipMemcpyAsync,ENTER,void*=0x7f902c600100; const void*=0x7f962da00000; size_t=0x2000000; hipMemcpyKind=hipMemcpyHostToDevice,,0
2025-10-01 16:49:37.942,1875026,hipMalloc,ENTER,void**=0x7fa5f13eda78; size_t=0x17764000,,0
2025-10-01 16:49:37.945,1875026,hipMalloc,LEAVE,void**=0x7fa5f13eda78; size_t=0x17764000,NULL,3
2025-10-01 16:49:37.945,1875026,hipMalloc,ENTER,void**=0x7fa5f13eda70; size_t=0x17764000,,0
2025-10-01 16:49:37.974,1875019,hipMemcpyAsync,ENTER,void*=0x7f8a0c400100; const void*=0x7f9026200000; size_t=0x2000000; hipMemcpyKind=hipMemcpyHostToDevice,,0
2025-10-01 16:49:38.036,1875026,hipMalloc,LEAVE,void**=0x7fa5f13eda70; size_t=0x17764000,NULL,91
2025-10-01 16:49:38.036,1875026,hipMemcpyAsync,ENTER,void*=0x7f89d6400000; const void*=0x7f9f3706f010; size_t=0x17764000; hipMemcpyKind=hipMemcpyHostToDevice,,0
2025-10-01 16:49:38.099,1875022,hipMemcpyAsync,LEAVE,void*=0x7f902c600100; const void*=0x7f962da00000; size_t=0x2000000; hipMemcpyKind=hipMemcpyHostToDevice,NULL,162
2025-10-01 16:49:38.100,1875022,hipMemcpyAsync,ENTER,void*=0x7f902e600200; const void*=0x7f962ae00000; size_t=0x2000000; hipMemcpyKind=hipMemcpyHostToDevice,,0
2025-10-01 16:49:38.100,1875022,hipMemcpyAsync,LEAVE,void*=0x7f902e600200; const void*=0x7f962ae00000; size_t=0x2000000; hipMemcpyKind=hipMemcpyHostToDevice,NULL,0
2025-10-01 16:49:38.110,1875024,hipMalloc,ENTER,void**=0x7fa60cdee9d8; size_t=0x17764000,,0
2025-10-01 16:49:38.146,1875019,hipMemcpyAsync,LEAVE,void*=0x7f8a0c400100; const void*=0x7f9026200000; size_t=0x2000000; hipMemcpyKind=hipMemcpyHostToDevice,NULL,172
2025-10-01 16:49:38.146,1875019,hipMemcpyAsync,ENTER,void*=0x7f8a0e400200; const void*=0x7f9022c00000; size_t=0x2000000; hipMemcpyKind=hipMemcpyHostToDevice,,0
2025-10-01 16:49:38.146,1875019,hipMemcpyAsync,LEAVE,void*=0x7f8a0e400200; const void*=0x7f9022c00000; size_t=0x2000000; hipMemcpyKind=hipMemcpyHostToDevice,NULL,0
2025-10-01 16:49:38.162,1875024,hipMalloc,LEAVE,void**=0x7fa60cdee9d8; size_t=0x17764000,NULL,52
2025-10-01 16:49:38.162,1875024,hipMalloc,ENTER,void**=0x7fa60cdee9d0; size_t=0x17764000,,0
2025-10-01 16:49:38.185,1875024,hipMalloc,LEAVE,void**=0x7fa60cdee9d0; size_t=0x17764000,NULL,23
2025-10-01 16:49:38.185,1875024,hipMemcpyAsync,ENTER,void*=0x7f898c600000; const void*=0x7f975ce6f010; size_t=0x17764000; hipMemcpyKind=hipMemcpyHostToDevice,,0
2025-10-01 16:49:38.318,1875026,hipMemcpyAsync,LEAVE,void*=0x7f89d6400000; const void*=0x7f9f3706f010; size_t=0x17764000; hipMemcpyKind=hipMemcpyHostToDevice,NULL,283
2025-10-01 16:49:38.319,1875026,hipStreamSynchronize,ENTER,hipStream_t=0x7fa5dc001290,,0
2025-10-01 16:49:38.327,1875021,hipMemcpyAsync,ENTER,void*=0x7f9fb4e01000; const void*=0x7f89f1600000; size_t=0x2000000; hipMemcpyKind=hipMemcpyHostToDevice,,0
2025-10-01 16:49:38.327,1875026,hipStreamSynchronize,LEAVE,hipStream_t=0x7fa5dc001290,NULL,8
2025-10-01 16:49:38.327,1875021,hipMemcpyAsync,LEAVE,void*=0x7f9fb4e01000; const void*=0x7f89f1600000; size_t=0x2000000; hipMemcpyKind=hipMemcpyHostToDevice,NULL,0
2025-10-01 16:49:38.327,1875021,hipMemcpyAsync,ENTER,void*=0x7f9fb6e01100; const void*=0x7f89eea00000; size_t=0x2000000; hipMemcpyKind=hipMemcpyHostToDevice,,0
2025-10-01 16:49:38.327,1875026,hipLaunchKernel,ENTER,const void*=0x7fe663154280; dim3=dim3(0x13600000136); dim3=dim3(0x1); void**=0x2000000020,,0
2025-10-01 16:49:38.328,1875021,hipMemcpyAsync,LEAVE,void*=0x7f9fb6e01100; const void*=0x7f89eea00000; size_t=0x2000000; hipMemcpyKind=hipMemcpyHostToDevice,NULL,1
2025-10-01 16:49:38.382,1875024,hipMemcpyAsync,LEAVE,void*=0x7f898c600000; const void*=0x7f975ce6f010; size_t=0x17764000; hipMemcpyKind=hipMemcpyHostToDevice,NULL,191
2025-10-01 16:49:38.411,1875024,hipStreamSynchronize,ENTER,hipStream_t=0x7fa5ec002730,,0
2025-10-01 16:49:38.412,1875024,hipStreamSynchronize,LEAVE,hipStream_t=0x7fa5ec002730,NULL,0
2025-10-01 16:49:38.412,1875024,hipLaunchKernel,ENTER,const void*=0x7fe663154280; dim3=dim3(0x13600000136); dim3=dim3(0x1); void**=0x2000000020,,0
2025-10-01 16:49:38.439,1875020,hipMemcpyAsync,ENTER,void*=0x7f97c3200400; const void*=0x7f8967600000; size_t=0x2000000; hipMemcpyKind=hipMemcpyHostToDevice,,0
2025-10-01 16:49:38.439,1875020,hipMemcpyAsync,LEAVE,void*=0x7f97c3200400; const void*=0x7f8967600000; size_t=0x2000000; hipMemcpyKind=hipMemcpyHostToDevice,NULL,0
2025-10-01 16:49:38.439,1875020,hipMemcpyAsync,ENTER,void*=0x7f97c5200500; const void*=0x7f8959c00000; size_t=0x2000000; hipMemcpyKind=hipMemcpyHostToDevice,,0
2025-10-01 16:49:38.440,1875020,hipMemcpyAsync,LEAVE,void*=0x7f97c5200500; const void*=0x7f8959c00000; size_t=0x2000000; hipMemcpyKind=hipMemcpyHostToDevice,NULL,0
2025-10-01 16:49:38.449,1875026,hipLaunchKernel,LEAVE,const void*=0x7fe663154280; dim3=dim3(0x13600000136); dim3=dim3(0x1); void**=0x2000000020,NULL,121
2025-10-01 16:49:38.449,1875026,hipGetLastError,ENTER,,,0
2025-10-01 16:49:38.450,1875026,hipGetLastError,LEAVE,,NULL,0
2025-10-01 16:49:38.450,1875026,hipLaunchKernel,ENTER,const void*=0x7fe663154280; dim3=dim3(0x13600000136); dim3=dim3(0x1); void**=0x2000000020,,0
2025-10-01 16:49:38.450,1875026,hipLaunchKernel,LEAVE,const void*=0x7fe663154280; dim3=dim3(0x13600000136); dim3=dim3(0x1); void**=0x2000000020,NULL,0
2025-10-01 16:49:38.450,1875026,hipGetLastError,ENTER,,,0
2025-10-01 16:49:38.450,1875026,hipGetLastError,LEAVE,,NULL,0
2025-10-01 16:49:38.450,1875026,hipLaunchKernel,ENTER,const void*=0x7fe663154280; dim3=dim3(0x13600000136); dim3=dim3(0x1); void**=0x2000000020,,0
2025-10-01 16:49:38.450,1875026,hipLaunchKernel,LEAVE,const void*=0x7fe663154280; dim3=dim3(0x13600000136); dim3=dim3(0x1); void**=0x2000000020,NULL,0
2025-10-01 16:49:38.451,1875026,hipGetLastError,ENTER,,,0
2025-10-01 16:49:38.451,1875026,hipGetLastError,LEAVE,,NULL,0
2025-10-01 16:49:38.451,1875026,hipLaunchKernel,ENTER,const void*=0x7fe663154280; dim3=dim3(0x13600000136); dim3=dim3(0x1); void**=0x2000000020,,0
2025-10-01 16:49:38.451,1875026,hipLaunchKernel,LEAVE,const void*=0x7fe663154280; dim3=dim3(0x13600000136); dim3=dim3(0x1); void**=0x2000000020,NULL,0
2025-10-01 16:49:38.451,1875026,hipGetLastError,ENTER,,,0
2025-10-01 16:49:38.451,1875026,hipGetLastError,LEAVE,,NULL,0
2025-10-01 16:49:38.451,1875026,hipLaunchKernel,ENTER,const void*=0x7fe663154280; dim3=dim3(0x13600000136); dim3=dim3(0x1); void**=0x2000000020,,0
2025-10-01 16:49:38.452,1875026,hipLaunchKernel,LEAVE,const void*=0x7fe663154280; dim3=dim3(0x13600000136); dim3=dim3(0x1); void**=0x2000000020,NULL,1
2025-10-01 16:49:38.452,1875026,hipGetLastError,ENTER,,,0
2025-10-01 16:49:38.452,1875026,hipGetLastError,LEAVE,,NULL,0
2025-10-01 16:49:38.452,1875026,hipLaunchKernel,ENTER,const void*=0x7fe663154280; dim3=dim3(0x13600000136); dim3=dim3(0x1); void**=0x2000000020,,0
2025-10-01 16:49:38.452,1875026,hipLaunchKernel,LEAVE,const void*=0x7fe663154280; dim3=dim3(0x13600000136); dim3=dim3(0x1); void**=0x2000000020,NULL,0
2025-10-01 16:49:38.452,1875026,hipGetLastError,ENTER,,,0
2025-10-01 16:49:38.452,1875026,hipGetLastError,LEAVE,,NULL,0
2025-10-01 16:49:38.452,1875026,hipLaunchKernel,ENTER,const void*=0x7fe663154280; dim3=dim3(0x13600000136); dim3=dim3(0x1); void**=0x2000000020,,0
2025-10-01 16:49:38.453,1875026,hipLaunchKernel,LEAVE,const void*=0x7fe663154280; dim3=dim3(0x13600000136); dim3=dim3(0x1); void**=0x2000000020,NULL,0
2025-10-01 16:49:38.453,1875026,hipGetLastError,ENTER,,,0
2025-10-01 16:49:38.453,1875026,hipGetLastError,LEAVE,,NULL,0
2025-10-01 16:49:38.453,1875026,hipLaunchKernel,ENTER,const void*=0x7fe663154280; dim3=dim3(0x13600000136); dim3=dim3(0x1); void**=0x2000000020,,0
2025-10-01 16:49:38.453,1875026,hipLaunchKernel,LEAVE,const void*=0x7fe663154280; dim3=dim3(0x13600000136); dim3=dim3(0x1); void**=0x2000000020,NULL,0
2025-10-01 16:49:38.453,1875026,hipGetLastError,ENTER,,,0
2025-10-01 16:49:38.453,1875026,hipGetLastError,LEAVE,,NULL,0
2025-10-01 16:49:38.453,1875026,hipLaunchKernel,ENTER,const void*=0x7fe663154280; dim3=dim3(0x13600000136); dim3=dim3(0x1); void**=0x2000000020,,0
2025-10-01 16:49:38.454,1875026,hipLaunchKernel,LEAVE,const void*=0x7fe663154280; dim3=dim3(0x13600000136); dim3=dim3(0x1); void**=0x2000000020,NULL,0
2025-10-01 16:49:38.454,1875026,hipGetLastError,ENTER,,,0
2025-10-01 16:49:38.454,1875026,hipGetLastError,LEAVE,,NULL,0
2025-10-01 16:49:38.454,1875026,hipLaunchKernel,ENTER,const void*=0x7fe663154280; dim3=dim3(0x13600000136); dim3=dim3(0x1); void**=0x2000000020,,0
2025-10-01 16:49:38.454,1875026,hipLaunchKernel,LEAVE,const void*=0x7fe663154280; dim3=dim3(0x13600000136); dim3=dim3(0x1); void**=0x2000000020,NULL,0
2025-10-01 16:49:38.454,1875026,hipGetLastError,ENTER,,,0
2025-10-01 16:49:38.454,1875026,hipGetLastError,LEAVE,,NULL,0
2025-10-01 16:49:38.454,1875026,hipStreamSynchronize,ENTER,hipStream_t=0x7fa5dc001290,,0
2025-10-01 16:49:38.455,1875026,hipStreamSynchronize,LEAVE,hipStream_t=0x7fa5dc001290,NULL,0
2025-10-01 16:49:38.455,1875026,hipLaunchKernel,ENTER,const void*=0x7fe663154280; dim3=dim3(0x13600000136); dim3=dim3(0x1); void**=0x2000000020,,0
2025-10-01 16:49:38.455,1875026,hipLaunchKernel,LEAVE,const void*=0x7fe663154280; dim3=dim3(0x13600000136); dim3=dim3(0x1); void**=0x2000000020,NULL,0
2025-10-01 16:49:38.455,1875026,hipGetLastError,ENTER,,,0
2025-10-01 16:49:38.455,1875026,hipGetLastError,LEAVE,,NULL,0
2025-10-01 16:49:38.455,1875026,hipLaunchKernel,ENTER,const void*=0x7fe663154280; dim3=dim3(0x13600000136); dim3=dim3(0x1); void**=0x2000000020,,0
2025-10-01 16:49:38.455,1875026,hipLaunchKernel,LEAVE,const void*=0x7fe663154280; dim3=dim3(0x13600000136); dim3=dim3(0x1); void**=0x2000000020,NULL,0
2025-10-01 16:49:38.456,1875026,hipGetLastError,ENTER,,,0
2025-10-01 16:49:38.456,1875026,hipGetLastError,LEAVE,,NULL,0
2025-10-01 16:49:38.456,1875026,hipLaunchKernel,ENTER,const void*=0x7fe663154280; dim3=dim3(0x13600000136); dim3=dim3(0x1); void**=0x2000000020,,0
2025-10-01 16:49:38.456,1875026,hipLaunchKernel,LEAVE,const void*=0x7fe663154280; dim3=dim3(0x13600000136); dim3=dim3(0x1); void**=0x2000000020,NULL,0
2025-10-01 16:49:38.456,1875026,hipGetLastError,ENTER,,,0
2025-10-01 16:49:38.456,1875026,hipGetLastError,LEAVE,,NULL,0
2025-10-01 16:49:38.456,1875026,hipLaunchKernel,ENTER,const void*=0x7fe663154280; dim3=dim3(0x13600000136); dim3=dim3(0x1); void**=0x2000000020,,0
2025-10-01 16:49:38.457,1875026,hipLaunchKernel,LEAVE,const void*=0x7fe663154280; dim3=dim3(0x13600000136); dim3=dim3(0x1); void**=0x2000000020,NULL,0
2025-10-01 16:49:38.457,1875026,hipGetLastError,ENTER,,,0
2025-10-01 16:49:38.457,1875026,hipGetLastError,LEAVE,,NULL,0
2025-10-01 16:49:38.457,1875026,hipLaunchKernel,ENTER,const void*=0x7fe663154280; dim3=dim3(0x13600000136); dim3=dim3(0x1); void**=0x2000000020,,0
2025-10-01 16:49:38.457,1875026,hipLaunchKernel,LEAVE,const void*=0x7fe663154280; dim3=dim3(0x13600000136); dim3=dim3(0x1); void**=0x2000000020,NULL,0
2025-10-01 16:49:38.457,1875026,hipGetLastError,ENTER,,,0
2025-10-01 16:49:38.457,1875026,hipGetLastError,LEAVE,,NULL,0
2025-10-01 16:49:38.457,1875026,hipLaunchKernel,ENTER,const void*=0x7fe663154280; dim3=dim3(0x13600000136); dim3=dim3(0x1); void**=0x2000000020,,0
2025-10-01 16:49:38.458,1875026,hipLaunchKernel,LEAVE,const void*=0x7fe663154280; dim3=dim3(0x13600000136); dim3=dim3(0x1); void**=0x2000000020,NULL,0
2025-10-01 16:49:38.458,1875026,hipGetLastError,ENTER,,,0
2025-10-01 16:49:38.458,1875026,hipGetLastError,LEAVE,,NULL,0
2025-10-01 16:49:38.458,1875026,hipLaunchKernel,ENTER,const void*=0x7fe663154280; dim3=dim3(0x13600000136); dim3=dim3(0x1); void**=0x2000000020,,0
2025-10-01 16:49:38.458,1875026,hipLaunchKernel,LEAVE,const void*=0x7fe663154280; dim3=dim3(0x13600000136); dim3=dim3(0x1); void**=0x2000000020,NULL,0
2025-10-01 16:49:38.458,1875026,hipGetLastError,ENTER,,,0
2025-10-01 16:49:38.458,1875026,hipGetLastError,LEAVE,,NULL,0
2025-10-01 16:49:38.458,1875026,hipLaunchKernel,ENTER,const void*=0x7fe663154280; dim3=dim3(0x13600000136); dim3=dim3(0x1); void**=0x2000000020,,0
2025-10-01 16:49:38.459,1875026,hipLaunchKernel,LEAVE,const void*=0x7fe663154280; dim3=dim3(0x13600000136); dim3=dim3(0x1); void**=0x2000000020,NULL,0
2025-10-01 16:49:38.459,1875026,hipGetLastError,ENTER,,,0
2025-10-01 16:49:38.459,1875026,hipGetLastError,LEAVE,,NULL,0
2025-10-01 16:49:38.459,1875026,hipLaunchKernel,ENTER,const void*=0x7fe663154280; dim3=dim3(0x13600000136); dim3=dim3(0x1); void**=0x2000000020,,0
2025-10-01 16:49:38.459,1875026,hipLaunchKernel,LEAVE,const void*=0x7fe663154280; dim3=dim3(0x13600000136); dim3=dim3(0x1); void**=0x2000000020,NULL,0
2025-10-01 16:49:38.459,1875026,hipGetLastError,ENTER,,,0
2025-10-01 16:49:38.459,1875026,hipGetLastError,LEAVE,,NULL,0
2025-10-01 16:49:38.459,1875026,hipLaunchKernel,ENTER,const void*=0x7fe663154280; dim3=dim3(0x13600000136); dim3=dim3(0x1); void**=0x2000000020,,0
2025-10-01 16:49:38.460,1875026,hipLaunchKernel,LEAVE,const void*=0x7fe663154280; dim3=dim3(0x13600000136); dim3=dim3(0x1); void**=0x2000000020,NULL,0
2025-10-01 16:49:38.460,1875026,hipGetLastError,ENTER,,,0
2025-10-01 16:49:38.460,1875026,hipGetLastError,LEAVE,,NULL,0
2025-10-01 16:49:38.460,1875026,hipStreamSynchronize,ENTER,hipStream_t=0x7fa5dc001290,,0
2025-10-01 16:49:38.460,1875026,hipStreamSynchronize,LEAVE,hipStream_t=0x7fa5dc001290,NULL,0
2025-10-01 16:49:38.460,1875026,hipLaunchKernel,ENTER,const void*=0x7fe663154280; dim3=dim3(0x13600000136); dim3=dim3(0x1); void**=0x2000000020,,0
2025-10-01 16:49:38.460,1875026,hipLaunchKernel,LEAVE,const void*=0x7fe663154280; dim3=dim3(0x13600000136); dim3=dim3(0x1); void**=0x2000000020,NULL,0
2025-10-01 16:49:38.461,1875026,hipGetLastError,ENTER,,,0
2025-10-01 16:49:38.461,1875026,hipGetLastError,LEAVE,,NULL,0
2025-10-01 16:49:38.461,1875026,hipLaunchKernel,ENTER,const void*=0x7fe663154280; dim3=dim3(0x13600000136); dim3=dim3(0x1); void**=0x2000000020,,0
2025-10-01 16:49:38.461,1875026,hipLaunchKernel,LEAVE,const void*=0x7fe663154280; dim3=dim3(0x13600000136); dim3=dim3(0x1); void**=0x2000000020,NULL,0
2025-10-01 16:49:38.461,1875026,hipGetLastError,ENTER,,,0
2025-10-01 16:49:38.461,1875026,hipGetLastError,LEAVE,,NULL,0
2025-10-01 16:49:38.461,1875026,hipLaunchKernel,ENTER,const void*=0x7fe663154280; dim3=dim3(0x13600000136); dim3=dim3(0x1); void**=0x2000000020,,0
2025-10-01 16:49:38.462,1875026,hipLaunchKernel,LEAVE,const void*=0x7fe663154280; dim3=dim3(0x13600000136); dim3=dim3(0x1); void**=0x2000000020,NULL,1
2025-10-01 16:49:38.462,1875026,hipGetLastError,ENTER,,,0
2025-10-01 16:49:38.462,1875026,hipGetLastError,LEAVE,,NULL,0
2025-10-01 16:49:38.462,1875026,hipLaunchKernel,ENTER,const void*=0x7fe663154280; dim3=dim3(0x13600000136); dim3=dim3(0x1); void**=0x2000000020,,0
2025-10-01 16:49:38.462,1875026,hipLaunchKernel,LEAVE,const void*=0x7fe663154280; dim3=dim3(0x13600000136); dim3=dim3(0x1); void**=0x2000000020,NULL,0
2025-10-01 16:49:38.462,1875026,hipGetLastError,ENTER,,,0
2025-10-01 16:49:38.462,1875026,hipGetLastError,LEAVE,,NULL,0
2025-10-01 16:49:38.462,1875026,hipLaunchKernel,ENTER,const void*=0x7fe663154280; dim3=dim3(0x13600000136); dim3=dim3(0x1); void**=0x2000000020,,0
2025-10-01 16:49:38.463,1875026,hipLaunchKernel,LEAVE,const void*=0x7fe663154280; dim3=dim3(0x13600000136); dim3=dim3(0x1); void**=0x2000000020,NULL,0
2025-10-01 16:49:38.463,1875026,hipGetLastError,ENTER,,,0
2025-10-01 16:49:38.463,1875026,hipGetLastError,LEAVE,,NULL,0
2025-10-01 16:49:38.463,1875026,hipLaunchKernel,ENTER,const void*=0x7fe663154280; dim3=dim3(0x13600000136); dim3=dim3(0x1); void**=0x2000000020,,0
2025-10-01 16:49:38.463,1875026,hipLaunchKernel,LEAVE,const void*=0x7fe663154280; dim3=dim3(0x13600000136); dim3=dim3(0x1); void**=0x2000000020,NULL,0
2025-10-01 16:49:38.463,1875026,hipGetLastError,ENTER,,,0
2025-10-01 16:49:38.463,1875026,hipGetLastError,LEAVE,,NULL,0
2025-10-01 16:49:38.463,1875026,hipLaunchKernel,ENTER,const void*=0x7fe663154280; dim3=dim3(0x13600000136); dim3=dim3(0x1); void**=0x2000000020,,0
2025-10-01 16:49:38.464,1875026,hipLaunchKernel,LEAVE,const void*=0x7fe663154280; dim3=dim3(0x13600000136); dim3=dim3(0x1); void**=0x2000000020,NULL,0
2025-10-01 16:49:38.464,1875026,hipGetLastError,ENTER,,,0
2025-10-01 16:49:38.464,1875026,hipGetLastError,LEAVE,,NULL,0
2025-10-01 16:49:38.464,1875026,hipLaunchKernel,ENTER,const void*=0x7fe663154280; dim3=dim3(0x13600000136); dim3=dim3(0x1); void**=0x2000000020,,0
2025-10-01 16:49:38.464,1875026,hipLaunchKernel,LEAVE,const void*=0x7fe663154280; dim3=dim3(0x13600000136); dim3=dim3(0x1); void**=0x2000000020,NULL,0
2025-10-01 16:49:38.464,1875026,hipGetLastError,ENTER,,,0
2025-10-01 16:49:38.464,1875026,hipGetLastError,LEAVE,,NULL,0
2025-10-01 16:49:38.464,1875026,hipLaunchKernel,ENTER,const void*=0x7fe663154280; dim3=dim3(0x13600000136); dim3=dim3(0x1); void**=0x2000000020,,0
2025-10-01 16:49:38.465,1875026,hipLaunchKernel,LEAVE,const void*=0x7fe663154280; dim3=dim3(0x13600000136); dim3=dim3(0x1); void**=0x2000000020,NULL,0
2025-10-01 16:49:38.465,1875026,hipGetLastError,ENTER,,,0
2025-10-01 16:49:38.465,1875026,hipGetLastError,LEAVE,,NULL,0
2025-10-01 16:49:38.465,1875026,hipLaunchKernel,ENTER,const void*=0x7fe663154280; dim3=dim3(0x13600000136); dim3=dim3(0x1); void**=0x2000000020,,0
2025-10-01 16:49:38.465,1875026,hipLaunchKernel,LEAVE,const void*=0x7fe663154280; dim3=dim3(0x13600000136); dim3=dim3(0x1); void**=0x2000000020,NULL,0
2025-10-01 16:49:38.465,1875026,hipGetLastError,ENTER,,,0
2025-10-01 16:49:38.465,1875026,hipGetLastError,LEAVE,,NULL,0
2025-10-01 16:49:38.465,1875026,hipStreamSynchronize,ENTER,hipStream_t=0x7fa5dc001290,,0
2025-10-01 16:49:38.466,1875026,hipStreamSynchronize,LEAVE,hipStream_t=0x7fa5dc001290,NULL,0
2025-10-01 16:49:38.466,1875026,hipLaunchKernel,ENTER,const void*=0x7fe663154280; dim3=dim3(0x13600000136); dim3=dim3(0x1); void**=0x2000000020,,0
2025-10-01 16:49:38.466,1875026,hipLaunchKernel,LEAVE,const void*=0x7fe663154280; dim3=dim3(0x13600000136); dim3=dim3(0x1); void**=0x2000000020,NULL,0
2025-10-01 16:49:38.466,1875026,hipGetLastError,ENTER,,,0
2025-10-01 16:49:38.466,1875026,hipGetLastError,LEAVE,,NULL,0
2025-10-01 16:49:38.466,1875026,hipLaunchKernel,ENTER,const void*=0x7fe663154280; dim3=dim3(0x13600000136); dim3=dim3(0x1); void**=0x2000000020,,0
2025-10-01 16:49:38.466,1875026,hipLaunchKernel,LEAVE,const void*=0x7fe663154280; dim3=dim3(0x13600000136); dim3=dim3(0x1); void**=0x2000000020,NULL,0
2025-10-01 16:49:38.467,1875026,hipGetLastError,ENTER,,,0
2025-10-01 16:49:38.467,1875026,hipGetLastError,LEAVE,,NULL,0
2025-10-01 16:49:38.467,1875026,hipLaunchKernel,ENTER,const void*=0x7fe663154280; dim3=dim3(0x13600000136); dim3=dim3(0x1); void**=0x2000000020,,0
2025-10-01 16:49:38.467,1875026,hipLaunchKernel,LEAVE,const void*=0x7fe663154280; dim3=dim3(0x13600000136); dim3=dim3(0x1); void**=0x2000000020,NULL,0
2025-10-01 16:49:38.467,1875026,hipGetLastError,ENTER,,,0
2025-10-01 16:49:38.467,1875026,hipGetLastError,LEAVE,,NULL,0
2025-10-01 16:49:38.467,1875026,hipLaunchKernel,ENTER,const void*=0x7fe663154280; dim3=dim3(0x13600000136); dim3=dim3(0x1); void**=0x2000000020,,0
2025-10-01 16:49:38.468,1875026,hipLaunchKernel,LEAVE,const void*=0x7fe663154280; dim3=dim3(0x13600000136); dim3=dim3(0x1); void**=0x2000000020,NULL,1
2025-10-01 16:49:38.468,1875026,hipGetLastError,ENTER,,,0
2025-10-01 16:49:38.468,1875026,hipGetLastError,LEAVE,,NULL,0
2025-10-01 16:49:38.468,1875026,hipLaunchKernel,ENTER,const void*=0x7fe663154280; dim3=dim3(0x13600000136); dim3=dim3(0x1); void**=0x2000000020,,0
2025-10-01 16:49:38.468,1875026,hipLaunchKernel,LEAVE,const void*=0x7fe663154280; dim3=dim3(0x13600000136); dim3=dim3(0x1); void**=0x2000000020,NULL,0
2025-10-01 16:49:38.468,1875026,hipGetLastError,ENTER,,,0
2025-10-01 16:49:38.468,1875026,hipGetLastError,LEAVE,,NULL,0
2025-10-01 16:49:38.468,1875026,hipLaunchKernel,ENTER,const void*=0x7fe663154280; dim3=dim3(0x13600000136); dim3=dim3(0x1); void**=0x2000000020,,0
2025-10-01 16:49:38.469,1875026,hipLaunchKernel,LEAVE,const void*=0x7fe663154280; dim3=dim3(0x13600000136); dim3=dim3(0x1); void**=0x2000000020,NULL,0
2025-10-01 16:49:38.469,1875026,hipGetLastError,ENTER,,,0
2025-10-01 16:49:38.469,1875026,hipGetLastError,LEAVE,,NULL,0
2025-10-01 16:49:38.469,1875026,hipLaunchKernel,ENTER,const void*=0x7fe663154280; dim3=dim3(0x13600000136); dim3=dim3(0x1); void**=0x2000000020,,0
2025-10-01 16:49:38.469,1875026,hipLaunchKernel,LEAVE,const void*=0x7fe663154280; dim3=dim3(0x13600000136); dim3=dim3(0x1); void**=0x2000000020,NULL,0
2025-10-01 16:49:38.469,1875026,hipGetLastError,ENTER,,,0
2025-10-01 16:49:38.469,1875026,hipGetLastError,LEAVE,,NULL,0
2025-10-01 16:49:38.469,1875026,hipLaunchKernel,ENTER,const void*=0x7fe663154280; dim3=dim3(0x13600000136); dim3=dim3(0x1); void**=0x2000000020,,0
2025-10-01 16:49:38.470,1875026,hipLaunchKernel,LEAVE,const void*=0x7fe663154280; dim3=dim3(0x13600000136); dim3=dim3(0x1); void**=0x2000000020,NULL,0
2025-10-01 16:49:38.470,1875026,hipGetLastError,ENTER,,,0
2025-10-01 16:49:38.470,1875026,hipGetLastError,LEAVE,,NULL,0
2025-10-01 16:49:38.470,1875026,hipLaunchKernel,ENTER,const void*=0x7fe663154280; dim3=dim3(0x13600000136); dim3=dim3(0x1); void**=0x2000000020,,0
2025-10-01 16:49:38.470,1875026,hipLaunchKernel,LEAVE,const void*=0x7fe663154280; dim3=dim3(0x13600000136); dim3=dim3(0x1); void**=0x2000000020,NULL,0
2025-10-01 16:49:38.470,1875026,hipGetLastError,ENTER,,,0
2025-10-01 16:49:38.470,1875026,hipGetLastError,LEAVE,,NULL,0
2025-10-01 16:49:38.470,1875026,hipLaunchKernel,ENTER,const void*=0x7fe663154280; dim3=dim3(0x13600000136); dim3=dim3(0x1); void**=0x2000000020,,0
2025-10-01 16:49:38.471,1875026,hipLaunchKernel,LEAVE,const void*=0x7fe663154280; dim3=dim3(0x13600000136); dim3=dim3(0x1); void**=0x2000000020,NULL,0
2025-10-01 16:49:38.471,1875026,hipGetLastError,ENTER,,,0
2025-10-01 16:49:38.471,1875026,hipGetLastError,LEAVE,,NULL,0
2025-10-01 16:49:38.471,1875026,hipStreamSynchronize,ENTER,hipStream_t=0x7fa5dc001290,,0
2025-10-01 16:49:38.471,1875026,hipStreamSynchronize,LEAVE,hipStream_t=0x7fa5dc001290,NULL,0
2025-10-01 16:49:38.471,1875026,hipLaunchKernel,ENTER,const void*=0x7fe663154280; dim3=dim3(0x13600000136); dim3=dim3(0x1); void**=0x2000000020,,0
2025-10-01 16:49:38.471,1875026,hipLaunchKernel,LEAVE,const void*=0x7fe663154280; dim3=dim3(0x13600000136); dim3=dim3(0x1); void**=0x2000000020,NULL,0
2025-10-01 16:49:38.472,1875026,hipGetLastError,ENTER,,,0
2025-10-01 16:49:38.472,1875026,hipGetLastError,LEAVE,,NULL,0
2025-10-01 16:49:38.472,1875026,hipLaunchKernel,ENTER,const void*=0x7fe663154280; dim3=dim3(0x13600000136); dim3=dim3(0x1); void**=0x2000000020,,0
2025-10-01 16:49:38.472,1875026,hipLaunchKernel,LEAVE,const void*=0x7fe663154280; dim3=dim3(0x13600000136); dim3=dim3(0x1); void**=0x2000000020,NULL,0
2025-10-01 16:49:38.472,1875026,hipGetLastError,ENTER,,,0
2025-10-01 16:49:38.472,1875026,hipGetLastError,LEAVE,,NULL,0
2025-10-01 16:49:38.472,1875026,hipLaunchKernel,ENTER,const void*=0x7fe663154280; dim3=dim3(0x13600000136); dim3=dim3(0x1); void**=0x2000000020,,0
2025-10-01 16:49:38.472,1875026,hipLaunchKernel,LEAVE,const void*=0x7fe663154280; dim3=dim3(0x13600000136); dim3=dim3(0x1); void**=0x2000000020,NULL,0
2025-10-01 16:49:38.473,1875026,hipGetLastError,ENTER,,,0
2025-10-01 16:49:38.473,1875026,hipGetLastError,LEAVE,,NULL,0
2025-10-01 16:49:38.473,1875026,hipLaunchKernel,ENTER,const void*=0x7fe663154280; dim3=dim3(0x13600000136); dim3=dim3(0x1); void**=0x2000000020,,0
2025-10-01 16:49:38.473,1875026,hipLaunchKernel,LEAVE,const void*=0x7fe663154280; dim3=dim3(0x13600000136); dim3=dim3(0x1); void**=0x2000000020,NULL,0
2025-10-01 16:49:38.473,1875026,hipGetLastError,ENTER,,,0
2025-10-01 16:49:38.473,1875026,hipGetLastError,LEAVE,,NULL,0
2025-10-01 16:49:38.473,1875026,hipLaunchKernel,ENTER,const void*=0x7fe663154280; dim3=dim3(0x13600000136); dim3=dim3(0x1); void**=0x2000000020,,0
2025-10-01 16:49:38.473,1875026,hipLaunchKernel,LEAVE,const void*=0x7fe663154280; dim3=dim3(0x13600000136); dim3=dim3(0x1); void**=0x2000000020,NULL,1
2025-10-01 16:49:38.474,1875026,hipGetLastError,ENTER,,,0
2025-10-01 16:49:38.474,1875026,hipGetLastError,LEAVE,,NULL,0
2025-10-01 16:49:38.474,1875026,hipLaunchKernel,ENTER,const void*=0x7fe663154280; dim3=dim3(0x13600000136); dim3=dim3(0x1); void**=0x2000000020,,0
2025-10-01 16:49:38.474,1875026,hipLaunchKernel,LEAVE,const void*=0x7fe663154280; dim3=dim3(0x13600000136); dim3=dim3(0x1); void**=0x2000000020,NULL,0
2025-10-01 16:49:38.474,1875026,hipGetLastError,ENTER,,,0
2025-10-01 16:49:38.474,1875026,hipGetLastError,LEAVE,,NULL,0
2025-10-01 16:49:38.474,1875026,hipLaunchKernel,ENTER,const void*=0x7fe663154280; dim3=dim3(0x13600000136); dim3=dim3(0x1); void**=0x2000000020,,0
2025-10-01 16:49:38.475,1875026,hipLaunchKernel,LEAVE,const void*=0x7fe663154280; dim3=dim3(0x13600000136); dim3=dim3(0x1); void**=0x2000000020,NULL,0
2025-10-01 16:49:38.475,1875026,hipGetLastError,ENTER,,,0
2025-10-01 16:49:38.475,1875026,hipGetLastError,LEAVE,,NULL,0
2025-10-01 16:49:38.475,1875026,hipLaunchKernel,ENTER,const void*=0x7fe663154280; dim3=dim3(0x13600000136); dim3=dim3(0x1); void**=0x2000000020,,0
2025-10-01 16:49:38.475,1875026,hipLaunchKernel,LEAVE,const void*=0x7fe663154280; dim3=dim3(0x13600000136); dim3=dim3(0x1); void**=0x2000000020,NULL,0
2025-10-01 16:49:38.475,1875026,hipGetLastError,ENTER,,,0
2025-10-01 16:49:38.475,1875026,hipGetLastError,LEAVE,,NULL,0
2025-10-01 16:49:38.475,1875026,hipLaunchKernel,ENTER,const void*=0x7fe663154280; dim3=dim3(0x13600000136); dim3=dim3(0x1); void**=0x2000000020,,0
2025-10-01 16:49:38.476,1875026,hipLaunchKernel,LEAVE,const void*=0x7fe663154280; dim3=dim3(0x13600000136); dim3=dim3(0x1); void**=0x2000000020,NULL,0
2025-10-01 16:49:38.476,1875026,hipGetLastError,ENTER,,,0
2025-10-01 16:49:38.476,1875026,hipGetLastError,LEAVE,,NULL,0
2025-10-01 16:49:38.476,1875026,hipLaunchKernel,ENTER,const void*=0x7fe663154280; dim3=dim3(0x13600000136); dim3=dim3(0x1); void**=0x2000000020,,0
2025-10-01 16:49:38.476,1875026,hipLaunchKernel,LEAVE,const void*=0x7fe663154280; dim3=dim3(0x13600000136); dim3=dim3(0x1); void**=0x2000000020,NULL,0
2025-10-01 16:49:38.476,1875026,hipGetLastError,ENTER,,,0
2025-10-01 16:49:38.476,1875026,hipGetLastError,LEAVE,,NULL,0
2025-10-01 16:49:38.476,1875026,hipStreamSynchronize,ENTER,hipStream_t=0x7fa5dc001290,,0
2025-10-01 16:49:38.477,1875026,hipStreamSynchronize,LEAVE,hipStream_t=0x7fa5dc001290,NULL,0
2025-10-01 16:49:38.477,1875026,hipLaunchKernel,ENTER,const void*=0x7fe663154280; dim3=dim3(0x13600000136); dim3=dim3(0x1); void**=0x2000000020,,0
2025-10-01 16:49:38.477,1875026,hipLaunchKernel,LEAVE,const void*=0x7fe663154280; dim3=dim3(0x13600000136); dim3=dim3(0x1); void**=0x2000000020,NULL,0
2025-10-01 16:49:38.477,1875026,hipGetLastError,ENTER,,,0
2025-10-01 16:49:38.477,1875026,hipGetLastError,LEAVE,,NULL,0
2025-10-01 16:49:38.477,1875026,hipLaunchKernel,ENTER,const void*=0x7fe663154280; dim3=dim3(0x13600000136); dim3=dim3(0x1); void**=0x2000000020,,0
2025-10-01 16:49:38.477,1875026,hipLaunchKernel,LEAVE,const void*=0x7fe663154280; dim3=dim3(0x13600000136); dim3=dim3(0x1); void**=0x2000000020,NULL,0
2025-10-01 16:49:38.477,1875026,hipGetLastError,ENTER,,,0
2025-10-01 16:49:38.478,1875026,hipGetLastError,LEAVE,,NULL,0
2025-10-01 16:49:38.478,1875026,hipLaunchKernel,ENTER,const void*=0x7fe663154280; dim3=dim3(0x13600000136); dim3=dim3(0x1); void**=0x2000000020,,0
2025-10-01 16:49:38.478,1875026,hipLaunchKernel,LEAVE,const void*=0x7fe663154280; dim3=dim3(0x13600000136); dim3=dim3(0x1); void**=0x2000000020,NULL,0
2025-10-01 16:49:38.478,1875026,hipGetLastError,ENTER,,,0
2025-10-01 16:49:38.478,1875026,hipGetLastError,LEAVE,,NULL,0
2025-10-01 16:49:38.478,1875026,hipLaunchKernel,ENTER,const void*=0x7fe663154280; dim3=dim3(0x13600000136); dim3=dim3(0x1); void**=0x2000000020,,0
2025-10-01 16:49:38.478,1875026,hipLaunchKernel,LEAVE,const void*=0x7fe663154280; dim3=dim3(0x13600000136); dim3=dim3(0x1); void**=0x2000000020,NULL,0
2025-10-01 16:49:38.478,1875026,hipGetLastError,ENTER,,,0
2025-10-01 16:49:38.479,1875026,hipGetLastError,LEAVE,,NULL,0
2025-10-01 16:49:38.479,1875026,hipLaunchKernel,ENTER,const void*=0x7fe663154280; dim3=dim3(0x13600000136); dim3=dim3(0x1); void**=0x2000000020,,0
2025-10-01 16:49:38.479,1875026,hipLaunchKernel,LEAVE,const void*=0x7fe663154280; dim3=dim3(0x13600000136); dim3=dim3(0x1); void**=0x2000000020,NULL,0
2025-10-01 16:49:38.479,1875026,hipGetLastError,ENTER,,,0
2025-10-01 16:49:38.479,1875026,hipGetLastError,LEAVE,,NULL,0
2025-10-01 16:49:38.479,1875026,hipLaunchKernel,ENTER,const void*=0x7fe663154280; dim3=dim3(0x13600000136); dim3=dim3(0x1); void**=0x2000000020,,0
2025-10-01 16:49:38.479,1875026,hipLaunchKernel,LEAVE,const void*=0x7fe663154280; dim3=dim3(0x13600000136); dim3=dim3(0x1); void**=0x2000000020,NULL,0
2025-10-01 16:49:38.479,1875026,hipGetLastError,ENTER,,,0
2025-10-01 16:49:38.480,1875026,hipGetLastError,LEAVE,,NULL,0
2025-10-01 16:49:38.480,1875026,hipLaunchKernel,ENTER,const void*=0x7fe663154280; dim3=dim3(0x13600000136); dim3=dim3(0x1); void**=0x2000000020,,0
2025-10-01 16:49:38.480,1875026,hipLaunchKernel,LEAVE,const void*=0x7fe663154280; dim3=dim3(0x13600000136); dim3=dim3(0x1); void**=0x2000000020,NULL,0
2025-10-01 16:49:38.480,1875026,hipGetLastError,ENTER,,,0
2025-10-01 16:49:38.480,1875026,hipGetLastError,LEAVE,,NULL,0
2025-10-01 16:49:38.480,1875026,hipLaunchKernel,ENTER,const void*=0x7fe663154280; dim3=dim3(0x13600000136); dim3=dim3(0x1); void**=0x2000000020,,0
2025-10-01 16:49:38.480,1875026,hipLaunchKernel,LEAVE,const void*=0x7fe663154280; dim3=dim3(0x13600000136); dim3=dim3(0x1); void**=0x2000000020,NULL,0
2025-10-01 16:49:38.481,1875026,hipGetLastError,ENTER,,,0
2025-10-01 16:49:38.481,1875026,hipGetLastError,LEAVE,,NULL,0
2025-10-01 16:49:38.481,1875026,hipLaunchKernel,ENTER,const void*=0x7fe663154280; dim3=dim3(0x13600000136); dim3=dim3(0x1); void**=0x2000000020,,0
2025-10-01 16:49:38.481,1875026,hipLaunchKernel,LEAVE,const void*=0x7fe663154280; dim3=dim3(0x13600000136); dim3=dim3(0x1); void**=0x2000000020,NULL,0
2025-10-01 16:49:38.481,1875026,hipGetLastError,ENTER,,,0
2025-10-01 16:49:38.481,1875026,hipGetLastError,LEAVE,,NULL,0
2025-10-01 16:49:38.481,1875026,hipLaunchKernel,ENTER,const void*=0x7fe663154280; dim3=dim3(0x13600000136); dim3=dim3(0x1); void**=0x2000000020,,0
2025-10-01 16:49:38.481,1875026,hipLaunchKernel,LEAVE,const void*=0x7fe663154280; dim3=dim3(0x13600000136); dim3=dim3(0x1); void**=0x2000000020,NULL,0
2025-10-01 16:49:38.482,1875026,hipGetLastError,ENTER,,,0
2025-10-01 16:49:38.482,1875026,hipGetLastError,LEAVE,,NULL,0
2025-10-01 16:49:38.482,1875026,hipStreamSynchronize,ENTER,hipStream_t=0x7fa5dc001290,,0
2025-10-01 16:49:38.482,1875026,hipStreamSynchronize,LEAVE,hipStream_t=0x7fa5dc001290,NULL,0
2025-10-01 16:49:38.482,1875026,hipLaunchKernel,ENTER,const void*=0x7fe663154280; dim3=dim3(0x13600000136); dim3=dim3(0x1); void**=0x2000000020,,0
2025-10-01 16:49:38.482,1875026,hipLaunchKernel,LEAVE,const void*=0x7fe663154280; dim3=dim3(0x13600000136); dim3=dim3(0x1); void**=0x2000000020,NULL,0
2025-10-01 16:49:38.482,1875026,hipGetLastError,ENTER,,,0
2025-10-01 16:49:38.482,1875026,hipGetLastError,LEAVE,,NULL,0
2025-10-01 16:49:38.483,1875026,hipLaunchKernel,ENTER,const void*=0x7fe663154280; dim3=dim3(0x13600000136); dim3=dim3(0x1); void**=0x2000000020,,0
2025-10-01 16:49:38.483,1875026,hipLaunchKernel,LEAVE,const void*=0x7fe663154280; dim3=dim3(0x13600000136); dim3=dim3(0x1); void**=0x2000000020,NULL,0
2025-10-01 16:49:38.483,1875026,hipGetLastError,ENTER,,,0
2025-10-01 16:49:38.483,1875026,hipGetLastError,LEAVE,,NULL,0
2025-10-01 16:49:38.483,1875026,hipLaunchKernel,ENTER,const void*=0x7fe663154280; dim3=dim3(0x13600000136); dim3=dim3(0x1); void**=0x2000000020,,0
2025-10-01 16:49:38.483,1875026,hipLaunchKernel,LEAVE,const void*=0x7fe663154280; dim3=dim3(0x13600000136); dim3=dim3(0x1); void**=0x2000000020,NULL,0
2025-10-01 16:49:38.483,1875026,hipGetLastError,ENTER,,,0
2025-10-01 16:49:38.483,1875026,hipGetLastError,LEAVE,,NULL,0
2025-10-01 16:49:38.484,1875026,hipLaunchKernel,ENTER,const void*=0x7fe663154280; dim3=dim3(0x13600000136); dim3=dim3(0x1); void**=0x2000000020,,0
2025-10-01 16:49:38.484,1875026,hipLaunchKernel,LEAVE,const void*=0x7fe663154280; dim3=dim3(0x13600000136); dim3=dim3(0x1); void**=0x2000000020,NULL,0
2025-10-01 16:49:38.484,1875026,hipGetLastError,ENTER,,,0
2025-10-01 16:49:38.484,1875026,hipGetLastError,LEAVE,,NULL,0
2025-10-01 16:49:38.484,1875026,hipLaunchKernel,ENTER,const void*=0x7fe663154280; dim3=dim3(0x13600000136); dim3=dim3(0x1); void**=0x2000000020,,0
2025-10-01 16:49:38.484,1875026,hipLaunchKernel,LEAVE,const void*=0x7fe663154280; dim3=dim3(0x13600000136); dim3=dim3(0x1); void**=0x2000000020,NULL,0
2025-10-01 16:49:38.484,1875026,hipGetLastError,ENTER,,,0
2025-10-01 16:49:38.484,1875026,hipGetLastError,LEAVE,,NULL,0
2025-10-01 16:49:38.485,1875026,hipLaunchKernel,ENTER,const void*=0x7fe663154280; dim3=dim3(0x13600000136); dim3=dim3(0x1); void**=0x2000000020,,0
2025-10-01 16:49:38.485,1875026,hipLaunchKernel,LEAVE,const void*=0x7fe663154280; dim3=dim3(0x13600000136); dim3=dim3(0x1); void**=0x2000000020,NULL,0
2025-10-01 16:49:38.485,1875026,hipGetLastError,ENTER,,,0
2025-10-01 16:49:38.485,1875026,hipGetLastError,LEAVE,,NULL,0
2025-10-01 16:49:38.485,1875026,hipLaunchKernel,ENTER,const void*=0x7fe663154280; dim3=dim3(0x13600000136); dim3=dim3(0x1); void**=0x2000000020,,0
2025-10-01 16:49:38.485,1875026,hipLaunchKernel,LEAVE,const void*=0x7fe663154280; dim3=dim3(0x13600000136); dim3=dim3(0x1); void**=0x2000000020,NULL,0
2025-10-01 16:49:38.485,1875026,hipGetLastError,ENTER,,,0
2025-10-01 16:49:38.485,1875026,hipGetLastError,LEAVE,,NULL,1
2025-10-01 16:49:38.486,1875026,hipLaunchKernel,ENTER,const void*=0x7fe663154280; dim3=dim3(0x13600000136); dim3=dim3(0x1); void**=0x2000000020,,0
2025-10-01 16:49:38.486,1875026,hipLaunchKernel,LEAVE,const void*=0x7fe663154280; dim3=dim3(0x13600000136); dim3=dim3(0x1); void**=0x2000000020,NULL,0
2025-10-01 16:49:38.486,1875026,hipGetLastError,ENTER,,,0
2025-10-01 16:49:38.486,1875026,hipGetLastError,LEAVE,,NULL,0
2025-10-01 16:49:38.486,1875026,hipLaunchKernel,ENTER,const void*=0x7fe663154280; dim3=dim3(0x13600000136); dim3=dim3(0x1); void**=0x2000000020,,0
2025-10-01 16:49:38.486,1875026,hipLaunchKernel,LEAVE,const void*=0x7fe663154280; dim3=dim3(0x13600000136); dim3=dim3(0x1); void**=0x2000000020,NULL,0
2025-10-01 16:49:38.486,1875026,hipGetLastError,ENTER,,,0
2025-10-01 16:49:38.487,1875026,hipGetLastError,LEAVE,,NULL,0
2025-10-01 16:49:38.487,1875026,hipLaunchKernel,ENTER,const void*=0x7fe663154280; dim3=dim3(0x13600000136); dim3=dim3(0x1); void**=0x2000000020,,0
2025-10-01 16:49:38.487,1875026,hipLaunchKernel,LEAVE,const void*=0x7fe663154280; dim3=dim3(0x13600000136); dim3=dim3(0x1); void**=0x2000000020,NULL,0
2025-10-01 16:49:38.487,1875026,hipGetLastError,ENTER,,,0
2025-10-01 16:49:38.487,1875026,hipGetLastError,LEAVE,,NULL,0
2025-10-01 16:49:38.487,1875026,hipStreamSynchronize,ENTER,hipStream_t=0x7fa5dc001290,,0
2025-10-01 16:49:38.487,1875026,hipStreamSynchronize,LEAVE,hipStream_t=0x7fa5dc001290,NULL,0
2025-10-01 16:49:38.487,1875026,hipLaunchKernel,ENTER,const void*=0x7fe663154280; dim3=dim3(0x13600000136); dim3=dim3(0x1); void**=0x2000000020,,0
2025-10-01 16:49:38.488,1875026,hipLaunchKernel,LEAVE,const void*=0x7fe663154280; dim3=dim3(0x13600000136); dim3=dim3(0x1); void**=0x2000000020,NULL,0
2025-10-01 16:49:38.488,1875026,hipGetLastError,ENTER,,,0
2025-10-01 16:49:38.488,1875026,hipGetLastError,LEAVE,,NULL,0
2025-10-01 16:49:38.488,1875026,hipLaunchKernel,ENTER,const void*=0x7fe663154280; dim3=dim3(0x13600000136); dim3=dim3(0x1); void**=0x2000000020,,0
2025-10-01 16:49:38.488,1875026,hipLaunchKernel,LEAVE,const void*=0x7fe663154280; dim3=dim3(0x13600000136); dim3=dim3(0x1); void**=0x2000000020,NULL,0
2025-10-01 16:49:38.488,1875026,hipGetLastError,ENTER,,,0
2025-10-01 16:49:38.488,1875026,hipGetLastError,LEAVE,,NULL,0
2025-10-01 16:49:38.488,1875026,hipLaunchKernel,ENTER,const void*=0x7fe663154280; dim3=dim3(0x13600000136); dim3=dim3(0x1); void**=0x2000000020,,0
2025-10-01 16:49:38.489,1875026,hipLaunchKernel,LEAVE,const void*=0x7fe663154280; dim3=dim3(0x13600000136); dim3=dim3(0x1); void**=0x2000000020,NULL,0
2025-10-01 16:49:38.489,1875026,hipGetLastError,ENTER,,,0
2025-10-01 16:49:38.489,1875026,hipGetLastError,LEAVE,,NULL,0
2025-10-01 16:49:38.489,1875026,hipLaunchKernel,ENTER,const void*=0x7fe663154280; dim3=dim3(0x13600000136); dim3=dim3(0x1); void**=0x2000000020,,0
2025-10-01 16:49:38.489,1875026,hipLaunchKernel,LEAVE,const void*=0x7fe663154280; dim3=dim3(0x13600000136); dim3=dim3(0x1); void**=0x2000000020,NULL,0
2025-10-01 16:49:38.489,1875026,hipGetLastError,ENTER,,,0
2025-10-01 16:49:38.489,1875026,hipGetLastError,LEAVE,,NULL,0
2025-10-01 16:49:38.490,1875026,hipLaunchKernel,ENTER,const void*=0x7fe663154280; dim3=dim3(0x13600000136); dim3=dim3(0x1); void**=0x2000000020,,0
2025-10-01 16:49:38.490,1875026,hipLaunchKernel,LEAVE,const void*=0x7fe663154280; dim3=dim3(0x13600000136); dim3=dim3(0x1); void**=0x2000000020,NULL,0
2025-10-01 16:49:38.490,1875026,hipGetLastError,ENTER,,,0
2025-10-01 16:49:38.490,1875026,hipGetLastError,LEAVE,,NULL,0
2025-10-01 16:49:38.490,1875026,hipLaunchKernel,ENTER,const void*=0x7fe663154280; dim3=dim3(0x13600000136); dim3=dim3(0x1); void**=0x2000000020,,0
2025-10-01 16:49:38.490,1875026,hipLaunchKernel,LEAVE,const void*=0x7fe663154280; dim3=dim3(0x13600000136); dim3=dim3(0x1); void**=0x2000000020,NULL,0
2025-10-01 16:49:38.490,1875026,hipGetLastError,ENTER,,,0
2025-10-01 16:49:38.490,1875026,hipGetLastError,LEAVE,,NULL,0
2025-10-01 16:49:38.491,1875026,hipLaunchKernel,ENTER,const void*=0x7fe663154280; dim3=dim3(0x13600000136); dim3=dim3(0x1); void**=0x2000000020,,0
2025-10-01 16:49:38.491,1875026,hipLaunchKernel,LEAVE,const void*=0x7fe663154280; dim3=dim3(0x13600000136); dim3=dim3(0x1); void**=0x2000000020,NULL,0
2025-10-01 16:49:38.491,1875026,hipGetLastError,ENTER,,,0
2025-10-01 16:49:38.491,1875026,hipGetLastError,LEAVE,,NULL,0
2025-10-01 16:49:38.491,1875026,hipLaunchKernel,ENTER,const void*=0x7fe663154280; dim3=dim3(0x13600000136); dim3=dim3(0x1); void**=0x2000000020,,0
2025-10-01 16:49:38.491,1875026,hipLaunchKernel,LEAVE,const void*=0x7fe663154280; dim3=dim3(0x13600000136); dim3=dim3(0x1); void**=0x2000000020,NULL,0
2025-10-01 16:49:38.491,1875026,hipGetLastError,ENTER,,,0
2025-10-01 16:49:38.491,1875026,hipGetLastError,LEAVE,,NULL,0
2025-10-01 16:49:38.492,1875026,hipLaunchKernel,ENTER,const void*=0x7fe663154280; dim3=dim3(0x13600000136); dim3=dim3(0x1); void**=0x2000000020,,0
2025-10-01 16:49:38.492,1875026,hipLaunchKernel,LEAVE,const void*=0x7fe663154280; dim3=dim3(0x13600000136); dim3=dim3(0x1); void**=0x2000000020,NULL,0
2025-10-01 16:49:38.492,1875026,hipGetLastError,ENTER,,,0
2025-10-01 16:49:38.492,1875026,hipGetLastError,LEAVE,,NULL,0
2025-10-01 16:49:38.492,1875026,hipLaunchKernel,ENTER,const void*=0x7fe663154280; dim3=dim3(0x13600000136); dim3=dim3(0x1); void**=0x2000000020,,0
2025-10-01 16:49:38.492,1875026,hipLaunchKernel,LEAVE,const void*=0x7fe663154280; dim3=dim3(0x13600000136); dim3=dim3(0x1); void**=0x2000000020,NULL,0
2025-10-01 16:49:38.492,1875026,hipGetLastError,ENTER,,,0
2025-10-01 16:49:38.492,1875026,hipGetLastError,LEAVE,,NULL,0
2025-10-01 16:49:38.493,1875026,hipStreamSynchronize,ENTER,hipStream_t=0x7fa5dc001290,,0
2025-10-01 16:49:38.493,1875026,hipStreamSynchronize,LEAVE,hipStream_t=0x7fa5dc001290,NULL,0
2025-10-01 16:49:38.493,1875026,hipLaunchKernel,ENTER,const void*=0x7fe663154280; dim3=dim3(0x13600000136); dim3=dim3(0x1); void**=0x2000000020,,0
2025-10-01 16:49:38.493,1875026,hipLaunchKernel,LEAVE,const void*=0x7fe663154280; dim3=dim3(0x13600000136); dim3=dim3(0x1); void**=0x2000000020,NULL,0
2025-10-01 16:49:38.493,1875026,hipGetLastError,ENTER,,,0
2025-10-01 16:49:38.493,1875026,hipGetLastError,LEAVE,,NULL,0
2025-10-01 16:49:38.493,1875026,hipLaunchKernel,ENTER,const void*=0x7fe663154280; dim3=dim3(0x13600000136); dim3=dim3(0x1); void**=0x2000000020,,0
2025-10-01 16:49:38.494,1875026,hipLaunchKernel,LEAVE,const void*=0x7fe663154280; dim3=dim3(0x13600000136); dim3=dim3(0x1); void**=0x2000000020,NULL,0
2025-10-01 16:49:38.494,1875026,hipGetLastError,ENTER,,,0
2025-10-01 16:49:38.494,1875026,hipGetLastError,LEAVE,,NULL,0
2025-10-01 16:49:38.494,1875026,hipLaunchKernel,ENTER,const void*=0x7fe663154280; dim3=dim3(0x13600000136); dim3=dim3(0x1); void**=0x2000000020,,0
2025-10-01 16:49:38.494,1875026,hipLaunchKernel,LEAVE,const void*=0x7fe663154280; dim3=dim3(0x13600000136); dim3=dim3(0x1); void**=0x2000000020,NULL,0
2025-10-01 16:49:38.494,1875026,hipGetLastError,ENTER,,,0
2025-10-01 16:49:38.494,1875026,hipGetLastError,LEAVE,,NULL,0
2025-10-01 16:49:38.494,1875026,hipLaunchKernel,ENTER,const void*=0x7fe663154280; dim3=dim3(0x13600000136); dim3=dim3(0x1); void**=0x2000000020,,0
2025-10-01 16:49:38.495,1875026,hipLaunchKernel,LEAVE,const void*=0x7fe663154280; dim3=dim3(0x13600000136); dim3=dim3(0x1); void**=0x2000000020,NULL,0
2025-10-01 16:49:38.495,1875026,hipGetLastError,ENTER,,,0
2025-10-01 16:49:38.495,1875026,hipGetLastError,LEAVE,,NULL,0
2025-10-01 16:49:38.495,1875026,hipLaunchKernel,ENTER,const void*=0x7fe663154280; dim3=dim3(0x13600000136); dim3=dim3(0x1); void**=0x2000000020,,0
2025-10-01 16:49:38.495,1875026,hipLaunchKernel,LEAVE,const void*=0x7fe663154280; dim3=dim3(0x13600000136); dim3=dim3(0x1); void**=0x2000000020,NULL,0
2025-10-01 16:49:38.495,1875026,hipGetLastError,ENTER,,,0
2025-10-01 16:49:38.495,1875026,hipGetLastError,LEAVE,,NULL,0
2025-10-01 16:49:38.495,1875026,hipLaunchKernel,ENTER,const void*=0x7fe663154280; dim3=dim3(0x13600000136); dim3=dim3(0x1); void**=0x2000000020,,0
2025-10-01 16:49:38.496,1875026,hipLaunchKernel,LEAVE,const void*=0x7fe663154280; dim3=dim3(0x13600000136); dim3=dim3(0x1); void**=0x2000000020,NULL,0
2025-10-01 16:49:38.496,1875026,hipGetLastError,ENTER,,,0
2025-10-01 16:49:38.496,1875026,hipGetLastError,LEAVE,,NULL,0
2025-10-01 16:49:38.496,1875026,hipLaunchKernel,ENTER,const void*=0x7fe663154280; dim3=dim3(0x13600000136); dim3=dim3(0x1); void**=0x2000000020,,0
2025-10-01 16:49:38.496,1875026,hipLaunchKernel,LEAVE,const void*=0x7fe663154280; dim3=dim3(0x13600000136); dim3=dim3(0x1); void**=0x2000000020,NULL,0
2025-10-01 16:49:38.496,1875026,hipGetLastError,ENTER,,,0
2025-10-01 16:49:38.496,1875026,hipGetLastError,LEAVE,,NULL,0
2025-10-01 16:49:38.496,1875026,hipLaunchKernel,ENTER,const void*=0x7fe663154280; dim3=dim3(0x13600000136); dim3=dim3(0x1); void**=0x2000000020,,0
2025-10-01 16:49:38.497,1875026,hipLaunchKernel,LEAVE,const void*=0x7fe663154280; dim3=dim3(0x13600000136); dim3=dim3(0x1); void**=0x2000000020,NULL,0
2025-10-01 16:49:38.497,1875026,hipGetLastError,ENTER,,,0
2025-10-01 16:49:38.497,1875026,hipGetLastError,LEAVE,,NULL,0
2025-10-01 16:49:38.497,1875026,hipLaunchKernel,ENTER,const void*=0x7fe663154280; dim3=dim3(0x13600000136); dim3=dim3(0x1); void**=0x2000000020,,0
2025-10-01 16:49:38.497,1875026,hipLaunchKernel,LEAVE,const void*=0x7fe663154280; dim3=dim3(0x13600000136); dim3=dim3(0x1); void**=0x2000000020,NULL,0
2025-10-01 16:49:38.497,1875026,hipGetLastError,ENTER,,,0
2025-10-01 16:49:38.497,1875026,hipGetLastError,LEAVE,,NULL,0
2025-10-01 16:49:38.497,1875026,hipLaunchKernel,ENTER,const void*=0x7fe663154280; dim3=dim3(0x13600000136); dim3=dim3(0x1); void**=0x2000000020,,0
2025-10-01 16:49:38.498,1875026,hipLaunchKernel,LEAVE,const void*=0x7fe663154280; dim3=dim3(0x13600000136); dim3=dim3(0x1); void**=0x2000000020,NULL,0
2025-10-01 16:49:38.498,1875026,hipGetLastError,ENTER,,,0
2025-10-01 16:49:38.498,1875026,hipGetLastError,LEAVE,,NULL,0
2025-10-01 16:49:38.498,1875026,hipStreamSynchronize,ENTER,hipStream_t=0x7fa5dc001290,,0
2025-10-01 16:49:38.498,1875026,hipStreamSynchronize,LEAVE,hipStream_t=0x7fa5dc001290,NULL,0
2025-10-01 16:49:38.498,1875026,hipLaunchKernel,ENTER,const void*=0x7fe663154280; dim3=dim3(0x13600000136); dim3=dim3(0x1); void**=0x2000000020,,0
2025-10-01 16:49:38.498,1875026,hipLaunchKernel,LEAVE,const void*=0x7fe663154280; dim3=dim3(0x13600000136); dim3=dim3(0x1); void**=0x2000000020,NULL,0
2025-10-01 16:49:38.499,1875026,hipGetLastError,ENTER,,,0
2025-10-01 16:49:38.499,1875026,hipGetLastError,LEAVE,,NULL,0
2025-10-01 16:49:38.499,1875026,hipLaunchKernel,ENTER,const void*=0x7fe663154280; dim3=dim3(0x13600000136); dim3=dim3(0x1); void**=0x2000000020,,0
2025-10-01 16:49:38.499,1875026,hipLaunchKernel,LEAVE,const void*=0x7fe663154280; dim3=dim3(0x13600000136); dim3=dim3(0x1); void**=0x2000000020,NULL,0
2025-10-01 16:49:38.499,1875026,hipGetLastError,ENTER,,,0
2025-10-01 16:49:38.499,1875026,hipGetLastError,LEAVE,,NULL,0
2025-10-01 16:49:38.499,1875026,hipLaunchKernel,ENTER,const void*=0x7fe663154280; dim3=dim3(0x13600000136); dim3=dim3(0x1); void**=0x2000000020,,0
2025-10-01 16:49:38.499,1875026,hipLaunchKernel,LEAVE,const void*=0x7fe663154280; dim3=dim3(0x13600000136); dim3=dim3(0x1); void**=0x2000000020,NULL,0
2025-10-01 16:49:38.500,1875026,hipGetLastError,ENTER,,,0
2025-10-01 16:49:38.500,1875026,hipGetLastError,LEAVE,,NULL,0
2025-10-01 16:49:38.500,1875026,hipLaunchKernel,ENTER,const void*=0x7fe663154280; dim3=dim3(0x13600000136); dim3=dim3(0x1); void**=0x2000000020,,0
2025-10-01 16:49:38.500,1875026,hipLaunchKernel,LEAVE,const void*=0x7fe663154280; dim3=dim3(0x13600000136); dim3=dim3(0x1); void**=0x2000000020,NULL,0
2025-10-01 16:49:38.500,1875026,hipGetLastError,ENTER,,,0
2025-10-01 16:49:38.500,1875026,hipGetLastError,LEAVE,,NULL,0
2025-10-01 16:49:38.500,1875026,hipLaunchKernel,ENTER,const void*=0x7fe663154280; dim3=dim3(0x13600000136); dim3=dim3(0x1); void**=0x2000000020,,0
2025-10-01 16:49:38.501,1875026,hipLaunchKernel,LEAVE,const void*=0x7fe663154280; dim3=dim3(0x13600000136); dim3=dim3(0x1); void**=0x2000000020,NULL,0
2025-10-01 16:49:38.501,1875026,hipGetLastError,ENTER,,,0
2025-10-01 16:49:38.501,1875026,hipGetLastError,LEAVE,,NULL,0
2025-10-01 16:49:38.501,1875026,hipLaunchKernel,ENTER,const void*=0x7fe663154280; dim3=dim3(0x13600000136); dim3=dim3(0x1); void**=0x2000000020,,0
2025-10-01 16:49:38.501,1875026,hipLaunchKernel,LEAVE,const void*=0x7fe663154280; dim3=dim3(0x13600000136); dim3=dim3(0x1); void**=0x2000000020,NULL,0
2025-10-01 16:49:38.501,1875026,hipGetLastError,ENTER,,,0
2025-10-01 16:49:38.501,1875026,hipGetLastError,LEAVE,,NULL,0
2025-10-01 16:49:38.501,1875026,hipLaunchKernel,ENTER,const void*=0x7fe663154280; dim3=dim3(0x13600000136); dim3=dim3(0x1); void**=0x2000000020,,0
2025-10-01 16:49:38.502,1875026,hipLaunchKernel,LEAVE,const void*=0x7fe663154280; dim3=dim3(0x13600000136); dim3=dim3(0x1); void**=0x2000000020,NULL,0
2025-10-01 16:49:38.502,1875026,hipGetLastError,ENTER,,,0
2025-10-01 16:49:38.502,1875026,hipGetLastError,LEAVE,,NULL,0
2025-10-01 16:49:38.502,1875026,hipLaunchKernel,ENTER,const void*=0x7fe663154280; dim3=dim3(0x13600000136); dim3=dim3(0x1); void**=0x2000000020,,0
2025-10-01 16:49:38.502,1875026,hipLaunchKernel,LEAVE,const void*=0x7fe663154280; dim3=dim3(0x13600000136); dim3=dim3(0x1); void**=0x2000000020,NULL,0
2025-10-01 16:49:38.502,1875026,hipGetLastError,ENTER,,,0
2025-10-01 16:49:38.502,1875026,hipGetLastError,LEAVE,,NULL,0
2025-10-01 16:49:38.502,1875026,hipLaunchKernel,ENTER,const void*=0x7fe663154280; dim3=dim3(0x13600000136); dim3=dim3(0x1); void**=0x2000000020,,0
2025-10-01 16:49:38.503,1875026,hipLaunchKernel,LEAVE,const void*=0x7fe663154280; dim3=dim3(0x13600000136); dim3=dim3(0x1); void**=0x2000000020,NULL,0
2025-10-01 16:49:38.503,1875026,hipGetLastError,ENTER,,,0
2025-10-01 16:49:38.503,1875026,hipGetLastError,LEAVE,,NULL,0
2025-10-01 16:49:38.503,1875026,hipLaunchKernel,ENTER,const void*=0x7fe663154280; dim3=dim3(0x13600000136); dim3=dim3(0x1); void**=0x2000000020,,0
2025-10-01 16:49:38.503,1875026,hipLaunchKernel,LEAVE,const void*=0x7fe663154280; dim3=dim3(0x13600000136); dim3=dim3(0x1); void**=0x2000000020,NULL,0
2025-10-01 16:49:38.503,1875026,hipGetLastError,ENTER,,,0
2025-10-01 16:49:38.503,1875026,hipGetLastError,LEAVE,,NULL,0
2025-10-01 16:49:38.503,1875026,hipStreamSynchronize,ENTER,hipStream_t=0x7fa5dc001290,,0
2025-10-01 16:49:38.504,1875026,hipStreamSynchronize,LEAVE,hipStream_t=0x7fa5dc001290,NULL,0
2025-10-01 16:49:38.504,1875026,hipLaunchKernel,ENTER,const void*=0x7fe663154280; dim3=dim3(0x13600000136); dim3=dim3(0x1); void**=0x2000000020,,0
2025-10-01 16:49:38.504,1875026,hipLaunchKernel,LEAVE,const void*=0x7fe663154280; dim3=dim3(0x13600000136); dim3=dim3(0x1); void**=0x2000000020,NULL,0
2025-10-01 16:49:38.504,1875026,hipGetLastError,ENTER,,,0
2025-10-01 16:49:38.504,1875026,hipGetLastError,LEAVE,,NULL,0
2025-10-01 16:49:38.504,1875026,hipLaunchKernel,ENTER,const void*=0x7fe663154280; dim3=dim3(0x13600000136); dim3=dim3(0x1); void**=0x2000000020,,0
2025-10-01 16:49:38.504,1875026,hipLaunchKernel,LEAVE,const void*=0x7fe663154280; dim3=dim3(0x13600000136); dim3=dim3(0x1); void**=0x2000000020,NULL,0
2025-10-01 16:49:38.505,1875026,hipGetLastError,ENTER,,,0
2025-10-01 16:49:38.505,1875026,hipGetLastError,LEAVE,,NULL,0
2025-10-01 16:49:38.505,1875026,hipLaunchKernel,ENTER,const void*=0x7fe663154280; dim3=dim3(0x13600000136); dim3=dim3(0x1); void**=0x2000000020,,0
2025-10-01 16:49:38.505,1875026,hipLaunchKernel,LEAVE,const void*=0x7fe663154280; dim3=dim3(0x13600000136); dim3=dim3(0x1); void**=0x2000000020,NULL,0
2025-10-01 16:49:38.505,1875026,hipGetLastError,ENTER,,,0
2025-10-01 16:49:38.505,1875026,hipGetLastError,LEAVE,,NULL,0
2025-10-01 16:49:38.505,1875026,hipLaunchKernel,ENTER,const void*=0x7fe663154280; dim3=dim3(0x13600000136); dim3=dim3(0x1); void**=0x2000000020,,0
2025-10-01 16:49:38.506,1875026,hipLaunchKernel,LEAVE,const void*=0x7fe663154280; dim3=dim3(0x13600000136); dim3=dim3(0x1); void**=0x2000000020,NULL,1
2025-10-01 16:49:38.506,1875026,hipGetLastError,ENTER,,,0
2025-10-01 16:49:38.506,1875026,hipGetLastError,LEAVE,,NULL,0
2025-10-01 16:49:38.506,1875026,hipLaunchKernel,ENTER,const void*=0x7fe663154280; dim3=dim3(0x13600000136); dim3=dim3(0x1); void**=0x2000000020,,0
2025-10-01 16:49:38.506,1875026,hipLaunchKernel,LEAVE,const void*=0x7fe663154280; dim3=dim3(0x13600000136); dim3=dim3(0x1); void**=0x2000000020,NULL,0
2025-10-01 16:49:38.506,1875026,hipGetLastError,ENTER,,,0
2025-10-01 16:49:38.506,1875026,hipGetLastError,LEAVE,,NULL,0
2025-10-01 16:49:38.506,1875026,hipLaunchKernel,ENTER,const void*=0x7fe663154280; dim3=dim3(0x13600000136); dim3=dim3(0x1); void**=0x2000000020,,0
2025-10-01 16:49:38.507,1875026,hipLaunchKernel,LEAVE,const void*=0x7fe663154280; dim3=dim3(0x13600000136); dim3=dim3(0x1); void**=0x2000000020,NULL,0
2025-10-01 16:49:38.507,1875026,hipGetLastError,ENTER,,,0
2025-10-01 16:49:38.507,1875026,hipGetLastError,LEAVE,,NULL,0
2025-10-01 16:49:38.507,1875026,hipLaunchKernel,ENTER,const void*=0x7fe663154280; dim3=dim3(0x13600000136); dim3=dim3(0x1); void**=0x2000000020,,0
2025-10-01 16:49:38.507,1875026,hipLaunchKernel,LEAVE,const void*=0x7fe663154280; dim3=dim3(0x13600000136); dim3=dim3(0x1); void**=0x2000000020,NULL,0
2025-10-01 16:49:38.507,1875026,hipGetLastError,ENTER,,,0
2025-10-01 16:49:38.507,1875026,hipGetLastError,LEAVE,,NULL,0
2025-10-01 16:49:38.507,1875026,hipLaunchKernel,ENTER,const void*=0x7fe663154280; dim3=dim3(0x13600000136); dim3=dim3(0x1); void**=0x2000000020,,0
2025-10-01 16:49:38.508,1875026,hipLaunchKernel,LEAVE,const void*=0x7fe663154280; dim3=dim3(0x13600000136); dim3=dim3(0x1); void**=0x2000000020,NULL,0
2025-10-01 16:49:38.508,1875026,hipGetLastError,ENTER,,,0
2025-10-01 16:49:38.508,1875026,hipGetLastError,LEAVE,,NULL,0
2025-10-01 16:49:38.508,1875026,hipLaunchKernel,ENTER,const void*=0x7fe663154280; dim3=dim3(0x13600000136); dim3=dim3(0x1); void**=0x2000000020,,0
2025-10-01 16:49:38.508,1875026,hipLaunchKernel,LEAVE,const void*=0x7fe663154280; dim3=dim3(0x13600000136); dim3=dim3(0x1); void**=0x2000000020,NULL,0
2025-10-01 16:49:38.508,1875026,hipGetLastError,ENTER,,,0
2025-10-01 16:49:38.508,1875026,hipGetLastError,LEAVE,,NULL,0
2025-10-01 16:49:38.508,1875026,hipLaunchKernel,ENTER,const void*=0x7fe663154280; dim3=dim3(0x13600000136); dim3=dim3(0x1); void**=0x2000000020,,0
2025-10-01 16:49:38.509,1875026,hipLaunchKernel,LEAVE,const void*=0x7fe663154280; dim3=dim3(0x13600000136); dim3=dim3(0x1); void**=0x2000000020,NULL,0
2025-10-01 16:49:38.509,1875026,hipGetLastError,ENTER,,,0
2025-10-01 16:49:38.509,1875026,hipGetLastError,LEAVE,,NULL,0
2025-10-01 16:49:38.509,1875026,hipStreamSynchronize,ENTER,hipStream_t=0x7fa5dc001290,,0
2025-10-01 16:49:38.509,1875026,hipStreamSynchronize,LEAVE,hipStream_t=0x7fa5dc001290,NULL,0
2025-10-01 16:49:38.509,1875026,hipLaunchKernel,ENTER,const void*=0x7fe663154280; dim3=dim3(0x13600000136); dim3=dim3(0x1); void**=0x2000000020,,0
2025-10-01 16:49:38.509,1875026,hipLaunchKernel,LEAVE,const void*=0x7fe663154280; dim3=dim3(0x13600000136); dim3=dim3(0x1); void**=0x2000000020,NULL,0
2025-10-01 16:49:38.509,1875026,hipGetLastError,ENTER,,,0
2025-10-01 16:49:38.510,1875026,hipGetLastError,LEAVE,,NULL,0
2025-10-01 16:49:38.510,1875026,hipLaunchKernel,ENTER,const void*=0x7fe663154280; dim3=dim3(0x13600000136); dim3=dim3(0x1); void**=0x2000000020,,0
2025-10-01 16:49:38.510,1875026,hipLaunchKernel,LEAVE,const void*=0x7fe663154280; dim3=dim3(0x13600000136); dim3=dim3(0x1); void**=0x2000000020,NULL,0
2025-10-01 16:49:38.510,1875026,hipGetLastError,ENTER,,,0
2025-10-01 16:49:38.510,1875026,hipGetLastError,LEAVE,,NULL,0
2025-10-01 16:49:38.510,1875026,hipLaunchKernel,ENTER,const void*=0x7fe663154280; dim3=dim3(0x13600000136); dim3=dim3(0x1); void**=0x2000000020,,0
2025-10-01 16:49:38.510,1875026,hipLaunchKernel,LEAVE,const void*=0x7fe663154280; dim3=dim3(0x13600000136); dim3=dim3(0x1); void**=0x2000000020,NULL,0
2025-10-01 16:49:38.511,1875026,hipGetLastError,ENTER,,,0
2025-10-01 16:49:38.511,1875026,hipGetLastError,LEAVE,,NULL,0
2025-10-01 16:49:38.511,1875026,hipLaunchKernel,ENTER,const void*=0x7fe663154280; dim3=dim3(0x13600000136); dim3=dim3(0x1); void**=0x2000000020,,0
2025-10-01 16:49:38.511,1875026,hipLaunchKernel,LEAVE,const void*=0x7fe663154280; dim3=dim3(0x13600000136); dim3=dim3(0x1); void**=0x2000000020,NULL,0
2025-10-01 16:49:38.511,1875026,hipGetLastError,ENTER,,,0
2025-10-01 16:49:38.511,1875026,hipGetLastError,LEAVE,,NULL,0
2025-10-01 16:49:38.511,1875026,hipLaunchKernel,ENTER,const void*=0x7fe663154280; dim3=dim3(0x13600000136); dim3=dim3(0x1); void**=0x2000000020,,0
2025-10-01 16:49:38.511,1875026,hipLaunchKernel,LEAVE,const void*=0x7fe663154280; dim3=dim3(0x13600000136); dim3=dim3(0x1); void**=0x2000000020,NULL,0
2025-10-01 16:49:38.512,1875026,hipGetLastError,ENTER,,,0
2025-10-01 16:49:38.512,1875026,hipGetLastError,LEAVE,,NULL,0
2025-10-01 16:49:38.512,1875026,hipLaunchKernel,ENTER,const void*=0x7fe663154280; dim3=dim3(0x13600000136); dim3=dim3(0x1); void**=0x2000000020,,0
2025-10-01 16:49:38.512,1875026,hipLaunchKernel,LEAVE,const void*=0x7fe663154280; dim3=dim3(0x13600000136); dim3=dim3(0x1); void**=0x2000000020,NULL,0
2025-10-01 16:49:38.512,1875026,hipGetLastError,ENTER,,,0
2025-10-01 16:49:38.512,1875026,hipGetLastError,LEAVE,,NULL,0
2025-10-01 16:49:38.512,1875026,hipLaunchKernel,ENTER,const void*=0x7fe663154280; dim3=dim3(0x13600000136); dim3=dim3(0x1); void**=0x2000000020,,0
2025-10-01 16:49:38.512,1875026,hipLaunchKernel,LEAVE,const void*=0x7fe663154280; dim3=dim3(0x13600000136); dim3=dim3(0x1); void**=0x2000000020,NULL,0
2025-10-01 16:49:38.513,1875026,hipGetLastError,ENTER,,,0
2025-10-01 16:49:38.513,1875026,hipGetLastError,LEAVE,,NULL,0
2025-10-01 16:49:38.513,1875026,hipLaunchKernel,ENTER,const void*=0x7fe663154280; dim3=dim3(0x13600000136); dim3=dim3(0x1); void**=0x2000000020,,0
2025-10-01 16:49:38.513,1875026,hipLaunchKernel,LEAVE,const void*=0x7fe663154280; dim3=dim3(0x13600000136); dim3=dim3(0x1); void**=0x2000000020,NULL,0
2025-10-01 16:49:38.513,1875026,hipGetLastError,ENTER,,,0
2025-10-01 16:49:38.513,1875026,hipGetLastError,LEAVE,,NULL,0
2025-10-01 16:49:38.513,1875026,hipLaunchKernel,ENTER,const void*=0x7fe663154280; dim3=dim3(0x13600000136); dim3=dim3(0x1); void**=0x2000000020,,0
2025-10-01 16:49:38.514,1875026,hipLaunchKernel,LEAVE,const void*=0x7fe663154280; dim3=dim3(0x13600000136); dim3=dim3(0x1); void**=0x2000000020,NULL,0
2025-10-01 16:49:38.514,1875026,hipGetLastError,ENTER,,,0
2025-10-01 16:49:38.514,1875026,hipGetLastError,LEAVE,,NULL,0
2025-10-01 16:49:38.514,1875026,hipLaunchKernel,ENTER,const void*=0x7fe663154280; dim3=dim3(0x13600000136); dim3=dim3(0x1); void**=0x2000000020,,0
2025-10-01 16:49:38.514,1875026,hipLaunchKernel,LEAVE,const void*=0x7fe663154280; dim3=dim3(0x13600000136); dim3=dim3(0x1); void**=0x2000000020,NULL,0
2025-10-01 16:49:38.514,1875026,hipGetLastError,ENTER,,,0
2025-10-01 16:49:38.514,1875026,hipGetLastError,LEAVE,,NULL,0
2025-10-01 16:49:38.514,1875026,hipStreamSynchronize,ENTER,hipStream_t=0x7fa5dc001290,,0
2025-10-01 16:49:38.515,1875026,hipStreamSynchronize,LEAVE,hipStream_t=0x7fa5dc001290,NULL,1
2025-10-01 16:49:38.515,1875026,hipLaunchKernel,ENTER,const void*=0x7fe663154280; dim3=dim3(0x13600000136); dim3=dim3(0x1); void**=0x2000000020,,0
2025-10-01 16:49:38.515,1875026,hipLaunchKernel,LEAVE,const void*=0x7fe663154280; dim3=dim3(0x13600000136); dim3=dim3(0x1); void**=0x2000000020,NULL,0
2025-10-01 16:49:38.515,1875026,hipGetLastError,ENTER,,,0
2025-10-01 16:49:38.515,1875026,hipGetLastError,LEAVE,,NULL,0
2025-10-01 16:49:38.515,1875026,hipLaunchKernel,ENTER,const void*=0x7fe663154280; dim3=dim3(0x13600000136); dim3=dim3(0x1); void**=0x2000000020,,0
2025-10-01 16:49:38.515,1875026,hipLaunchKernel,LEAVE,const void*=0x7fe663154280; dim3=dim3(0x13600000136); dim3=dim3(0x1); void**=0x2000000020,NULL,0
2025-10-01 16:49:38.515,1875026,hipGetLastError,ENTER,,,0
2025-10-01 16:49:38.516,1875026,hipGetLastError,LEAVE,,NULL,0
2025-10-01 16:49:38.516,1875026,hipLaunchKernel,ENTER,const void*=0x7fe663154280; dim3=dim3(0x13600000136); dim3=dim3(0x1); void**=0x2000000020,,0
2025-10-01 16:49:38.516,1875026,hipLaunchKernel,LEAVE,const void*=0x7fe663154280; dim3=dim3(0x13600000136); dim3=dim3(0x1); void**=0x2000000020,NULL,0
2025-10-01 16:49:38.516,1875026,hipGetLastError,ENTER,,,0
2025-10-01 16:49:38.516,1875026,hipGetLastError,LEAVE,,NULL,0
2025-10-01 16:49:38.516,1875026,hipLaunchKernel,ENTER,const void*=0x7fe663154280; dim3=dim3(0x13600000136); dim3=dim3(0x1); void**=0x2000000020,,0
2025-10-01 16:49:38.516,1875026,hipLaunchKernel,LEAVE,const void*=0x7fe663154280; dim3=dim3(0x13600000136); dim3=dim3(0x1); void**=0x2000000020,NULL,0
2025-10-01 16:49:38.516,1875026,hipGetLastError,ENTER,,,0
2025-10-01 16:49:38.517,1875026,hipGetLastError,LEAVE,,NULL,0
2025-10-01 16:49:38.517,1875026,hipLaunchKernel,ENTER,const void*=0x7fe663154280; dim3=dim3(0x13600000136); dim3=dim3(0x1); void**=0x2000000020,,0
2025-10-01 16:49:38.517,1875026,hipLaunchKernel,LEAVE,const void*=0x7fe663154280; dim3=dim3(0x13600000136); dim3=dim3(0x1); void**=0x2000000020,NULL,0
2025-10-01 16:49:38.517,1875026,hipGetLastError,ENTER,,,0
2025-10-01 16:49:38.517,1875026,hipGetLastError,LEAVE,,NULL,0
2025-10-01 16:49:38.517,1875026,hipLaunchKernel,ENTER,const void*=0x7fe663154280; dim3=dim3(0x13600000136); dim3=dim3(0x1); void**=0x2000000020,,0
2025-10-01 16:49:38.517,1875026,hipLaunchKernel,LEAVE,const void*=0x7fe663154280; dim3=dim3(0x13600000136); dim3=dim3(0x1); void**=0x2000000020,NULL,0
2025-10-01 16:49:38.517,1875026,hipGetLastError,ENTER,,,0
2025-10-01 16:49:38.518,1875026,hipGetLastError,LEAVE,,NULL,0
2025-10-01 16:49:38.518,1875026,hipLaunchKernel,ENTER,const void*=0x7fe663154280; dim3=dim3(0x13600000136); dim3=dim3(0x1); void**=0x2000000020,,0
2025-10-01 16:49:38.518,1875026,hipLaunchKernel,LEAVE,const void*=0x7fe663154280; dim3=dim3(0x13600000136); dim3=dim3(0x1); void**=0x2000000020,NULL,0
2025-10-01 16:49:38.518,1875026,hipGetLastError,ENTER,,,0
2025-10-01 16:49:38.518,1875026,hipGetLastError,LEAVE,,NULL,0
2025-10-01 16:49:38.518,1875026,hipLaunchKernel,ENTER,const void*=0x7fe663154280; dim3=dim3(0x13600000136); dim3=dim3(0x1); void**=0x2000000020,,0
2025-10-01 16:49:38.518,1875026,hipLaunchKernel,LEAVE,const void*=0x7fe663154280; dim3=dim3(0x13600000136); dim3=dim3(0x1); void**=0x2000000020,NULL,0
2025-10-01 16:49:38.518,1875026,hipGetLastError,ENTER,,,0
2025-10-01 16:49:38.518,1875026,hipGetLastError,LEAVE,,NULL,0
2025-10-01 16:49:38.519,1875026,hipLaunchKernel,ENTER,const void*=0x7fe663154280; dim3=dim3(0x13600000136); dim3=dim3(0x1); void**=0x2000000020,,0
2025-10-01 16:49:38.519,1875026,hipLaunchKernel,LEAVE,const void*=0x7fe663154280; dim3=dim3(0x13600000136); dim3=dim3(0x1); void**=0x2000000020,NULL,0
2025-10-01 16:49:38.519,1875026,hipGetLastError,ENTER,,,0
2025-10-01 16:49:38.519,1875026,hipGetLastError,LEAVE,,NULL,0
2025-10-01 16:49:38.519,1875026,hipLaunchKernel,ENTER,const void*=0x7fe663154280; dim3=dim3(0x13600000136); dim3=dim3(0x1); void**=0x2000000020,,0
2025-10-01 16:49:38.519,1875026,hipLaunchKernel,LEAVE,const void*=0x7fe663154280; dim3=dim3(0x13600000136); dim3=dim3(0x1); void**=0x2000000020,NULL,0
2025-10-01 16:49:38.519,1875026,hipGetLastError,ENTER,,,0
2025-10-01 16:49:38.519,1875026,hipGetLastError,LEAVE,,NULL,0
2025-10-01 16:49:38.519,1875026,hipStreamSynchronize,ENTER,hipStream_t=0x7fa5dc001290,,0
2025-10-01 16:49:38.520,1875026,hipStreamSynchronize,LEAVE,hipStream_t=0x7fa5dc001290,NULL,1
2025-10-01 16:49:38.520,1875026,hipLaunchKernel,ENTER,const void*=0x7fe663154280; dim3=dim3(0x13600000136); dim3=dim3(0x1); void**=0x2000000020,,0
2025-10-01 16:49:38.520,1875026,hipLaunchKernel,LEAVE,const void*=0x7fe663154280; dim3=dim3(0x13600000136); dim3=dim3(0x1); void**=0x2000000020,NULL,0
2025-10-01 16:49:38.520,1875026,hipGetLastError,ENTER,,,0
2025-10-01 16:49:38.520,1875026,hipGetLastError,LEAVE,,NULL,0
2025-10-01 16:49:38.520,1875026,hipLaunchKernel,ENTER,const void*=0x7fe663154280; dim3=dim3(0x13600000136); dim3=dim3(0x1); void**=0x2000000020,,0
2025-10-01 16:49:38.520,1875026,hipLaunchKernel,LEAVE,const void*=0x7fe663154280; dim3=dim3(0x13600000136); dim3=dim3(0x1); void**=0x2000000020,NULL,0
2025-10-01 16:49:38.520,1875026,hipGetLastError,ENTER,,,0
2025-10-01 16:49:38.520,1875026,hipGetLastError,LEAVE,,NULL,0
2025-10-01 16:49:38.520,1875026,hipLaunchKernel,ENTER,const void*=0x7fe663154280; dim3=dim3(0x13600000136); dim3=dim3(0x1); void**=0x2000000020,,0
2025-10-01 16:49:38.521,1875026,hipLaunchKernel,LEAVE,const void*=0x7fe663154280; dim3=dim3(0x13600000136); dim3=dim3(0x1); void**=0x2000000020,NULL,0
2025-10-01 16:49:38.521,1875026,hipGetLastError,ENTER,,,0
2025-10-01 16:49:38.521,1875026,hipGetLastError,LEAVE,,NULL,0
2025-10-01 16:49:38.521,1875026,hipLaunchKernel,ENTER,const void*=0x7fe663154280; dim3=dim3(0x13600000136); dim3=dim3(0x1); void**=0x2000000020,,0
2025-10-01 16:49:38.521,1875026,hipLaunchKernel,LEAVE,const void*=0x7fe663154280; dim3=dim3(0x13600000136); dim3=dim3(0x1); void**=0x2000000020,NULL,0
2025-10-01 16:49:38.521,1875026,hipGetLastError,ENTER,,,0
2025-10-01 16:49:38.521,1875026,hipGetLastError,LEAVE,,NULL,0
2025-10-01 16:49:38.521,1875026,hipLaunchKernel,ENTER,const void*=0x7fe663154280; dim3=dim3(0x13600000136); dim3=dim3(0x1); void**=0x2000000020,,0
2025-10-01 16:49:38.521,1875026,hipLaunchKernel,LEAVE,const void*=0x7fe663154280; dim3=dim3(0x13600000136); dim3=dim3(0x1); void**=0x2000000020,NULL,0
2025-10-01 16:49:38.522,1875026,hipGetLastError,ENTER,,,0
2025-10-01 16:49:38.522,1875026,hipGetLastError,LEAVE,,NULL,0
2025-10-01 16:49:38.522,1875026,hipLaunchKernel,ENTER,const void*=0x7fe663154280; dim3=dim3(0x13600000136); dim3=dim3(0x1); void**=0x2000000020,,0
2025-10-01 16:49:38.522,1875026,hipLaunchKernel,LEAVE,const void*=0x7fe663154280; dim3=dim3(0x13600000136); dim3=dim3(0x1); void**=0x2000000020,NULL,0
2025-10-01 16:49:38.522,1875026,hipGetLastError,ENTER,,,0
2025-10-01 16:49:38.522,1875026,hipGetLastError,LEAVE,,NULL,0
2025-10-01 16:49:38.522,1875026,hipLaunchKernel,ENTER,const void*=0x7fe663154280; dim3=dim3(0x13600000136); dim3=dim3(0x1); void**=0x2000000020,,0
2025-10-01 16:49:38.522,1875026,hipLaunchKernel,LEAVE,const void*=0x7fe663154280; dim3=dim3(0x13600000136); dim3=dim3(0x1); void**=0x2000000020,NULL,0
2025-10-01 16:49:38.522,1875026,hipGetLastError,ENTER,,,0
2025-10-01 16:49:38.523,1875026,hipGetLastError,LEAVE,,NULL,0
2025-10-01 16:49:38.523,1875026,hipLaunchKernel,ENTER,const void*=0x7fe663154280; dim3=dim3(0x13600000136); dim3=dim3(0x1); void**=0x2000000020,,0
2025-10-01 16:49:38.523,1875026,hipLaunchKernel,LEAVE,const void*=0x7fe663154280; dim3=dim3(0x13600000136); dim3=dim3(0x1); void**=0x2000000020,NULL,0
2025-10-01 16:49:38.523,1875026,hipGetLastError,ENTER,,,0
2025-10-01 16:49:38.523,1875026,hipGetLastError,LEAVE,,NULL,0
2025-10-01 16:49:38.523,1875026,hipLaunchKernel,ENTER,const void*=0x7fe663154280; dim3=dim3(0x13600000136); dim3=dim3(0x1); void**=0x2000000020,,0
2025-10-01 16:49:38.523,1875026,hipLaunchKernel,LEAVE,const void*=0x7fe663154280; dim3=dim3(0x13600000136); dim3=dim3(0x1); void**=0x2000000020,NULL,0
2025-10-01 16:49:38.523,1875026,hipGetLastError,ENTER,,,0
2025-10-01 16:49:38.523,1875026,hipGetLastError,LEAVE,,NULL,0
2025-10-01 16:49:38.524,1875026,hipLaunchKernel,ENTER,const void*=0x7fe663154280; dim3=dim3(0x13600000136); dim3=dim3(0x1); void**=0x2000000020,,0
2025-10-01 16:49:38.524,1875026,hipLaunchKernel,LEAVE,const void*=0x7fe663154280; dim3=dim3(0x13600000136); dim3=dim3(0x1); void**=0x2000000020,NULL,0
2025-10-01 16:49:38.524,1875026,hipGetLastError,ENTER,,,0
2025-10-01 16:49:38.524,1875026,hipGetLastError,LEAVE,,NULL,0
2025-10-01 16:49:38.524,1875026,hipStreamSynchronize,ENTER,hipStream_t=0x7fa5dc001290,,0
2025-10-01 16:49:38.524,1875026,hipStreamSynchronize,LEAVE,hipStream_t=0x7fa5dc001290,NULL,0
2025-10-01 16:49:38.524,1875026,hipLaunchKernel,ENTER,const void*=0x7fe663154280; dim3=dim3(0x13600000136); dim3=dim3(0x1); void**=0x2000000020,,0
2025-10-01 16:49:38.524,1875026,hipLaunchKernel,LEAVE,const void*=0x7fe663154280; dim3=dim3(0x13600000136); dim3=dim3(0x1); void**=0x2000000020,NULL,0
2025-10-01 16:49:38.524,1875026,hipGetLastError,ENTER,,,0
2025-10-01 16:49:38.525,1875026,hipGetLastError,LEAVE,,NULL,0
2025-10-01 16:49:38.525,1875026,hipLaunchKernel,ENTER,const void*=0x7fe663154280; dim3=dim3(0x13600000136); dim3=dim3(0x1); void**=0x2000000020,,0
2025-10-01 16:49:38.525,1875026,hipLaunchKernel,LEAVE,const void*=0x7fe663154280; dim3=dim3(0x13600000136); dim3=dim3(0x1); void**=0x2000000020,NULL,0
2025-10-01 16:49:38.525,1875026,hipGetLastError,ENTER,,,0
2025-10-01 16:49:38.525,1875026,hipGetLastError,LEAVE,,NULL,0
2025-10-01 16:49:38.525,1875026,hipLaunchKernel,ENTER,const void*=0x7fe663154280; dim3=dim3(0x13600000136); dim3=dim3(0x1); void**=0x2000000020,,0
2025-10-01 16:49:38.525,1875026,hipLaunchKernel,LEAVE,const void*=0x7fe663154280; dim3=dim3(0x13600000136); dim3=dim3(0x1); void**=0x2000000020,NULL,0
2025-10-01 16:49:38.525,1875026,hipGetLastError,ENTER,,,0
2025-10-01 16:49:38.525,1875026,hipGetLastError,LEAVE,,NULL,0
2025-10-01 16:49:38.526,1875026,hipLaunchKernel,ENTER,const void*=0x7fe663154280; dim3=dim3(0x13600000136); dim3=dim3(0x1); void**=0x2000000020,,0
2025-10-01 16:49:38.526,1875026,hipLaunchKernel,LEAVE,const void*=0x7fe663154280; dim3=dim3(0x13600000136); dim3=dim3(0x1); void**=0x2000000020,NULL,0
2025-10-01 16:49:38.526,1875026,hipGetLastError,ENTER,,,0
2025-10-01 16:49:38.526,1875026,hipGetLastError,LEAVE,,NULL,0
2025-10-01 16:49:38.526,1875026,hipLaunchKernel,ENTER,const void*=0x7fe663154280; dim3=dim3(0x13600000136); dim3=dim3(0x1); void**=0x2000000020,,0
2025-10-01 16:49:38.527,1875026,hipLaunchKernel,LEAVE,const void*=0x7fe663154280; dim3=dim3(0x13600000136); dim3=dim3(0x1); void**=0x2000000020,NULL,0
2025-10-01 16:49:38.527,1875026,hipGetLastError,ENTER,,,0
2025-10-01 16:49:38.527,1875026,hipGetLastError,LEAVE,,NULL,0
2025-10-01 16:49:38.528,1875026,hipLaunchKernel,ENTER,const void*=0x7fe663154280; dim3=dim3(0x13600000136); dim3=dim3(0x1); void**=0x2000000020,,0
2025-10-01 16:49:38.528,1875026,hipLaunchKernel,LEAVE,const void*=0x7fe663154280; dim3=dim3(0x13600000136); dim3=dim3(0x1); void**=0x2000000020,NULL,0
2025-10-01 16:49:38.528,1875026,hipGetLastError,ENTER,,,0
2025-10-01 16:49:38.528,1875026,hipGetLastError,LEAVE,,NULL,0
2025-10-01 16:49:38.528,1875026,hipLaunchKernel,ENTER,const void*=0x7fe663154280; dim3=dim3(0x13600000136); dim3=dim3(0x1); void**=0x2000000020,,0
2025-10-01 16:49:38.528,1875026,hipLaunchKernel,LEAVE,const void*=0x7fe663154280; dim3=dim3(0x13600000136); dim3=dim3(0x1); void**=0x2000000020,NULL,0
2025-10-01 16:49:38.528,1875026,hipGetLastError,ENTER,,,0
2025-10-01 16:49:38.528,1875026,hipGetLastError,LEAVE,,NULL,0
2025-10-01 16:49:38.528,1875026,hipLaunchKernel,ENTER,const void*=0x7fe663154280; dim3=dim3(0x13600000136); dim3=dim3(0x1); void**=0x2000000020,,0
2025-10-01 16:49:38.529,1875026,hipLaunchKernel,LEAVE,const void*=0x7fe663154280; dim3=dim3(0x13600000136); dim3=dim3(0x1); void**=0x2000000020,NULL,0
2025-10-01 16:49:38.529,1875026,hipGetLastError,ENTER,,,0
2025-10-01 16:49:38.529,1875026,hipGetLastError,LEAVE,,NULL,0
2025-10-01 16:49:38.529,1875026,hipLaunchKernel,ENTER,const void*=0x7fe663154280; dim3=dim3(0x13600000136); dim3=dim3(0x1); void**=0x2000000020,,0
2025-10-01 16:49:38.529,1875026,hipLaunchKernel,LEAVE,const void*=0x7fe663154280; dim3=dim3(0x13600000136); dim3=dim3(0x1); void**=0x2000000020,NULL,0
2025-10-01 16:49:38.529,1875026,hipGetLastError,ENTER,,,0
2025-10-01 16:49:38.529,1875026,hipGetLastError,LEAVE,,NULL,0
2025-10-01 16:49:38.529,1875026,hipLaunchKernel,ENTER,const void*=0x7fe663154280; dim3=dim3(0x13600000136); dim3=dim3(0x1); void**=0x2000000020,,0
2025-10-01 16:49:38.529,1875026,hipLaunchKernel,LEAVE,const void*=0x7fe663154280; dim3=dim3(0x13600000136); dim3=dim3(0x1); void**=0x2000000020,NULL,0
2025-10-01 16:49:38.530,1875026,hipGetLastError,ENTER,,,0
2025-10-01 16:49:38.530,1875026,hipGetLastError,LEAVE,,NULL,0
2025-10-01 16:49:38.530,1875026,hipStreamSynchronize,ENTER,hipStream_t=0x7fa5dc001290,,0
2025-10-01 16:49:38.530,1875026,hipStreamSynchronize,LEAVE,hipStream_t=0x7fa5dc001290,NULL,0
2025-10-01 16:49:38.530,1875026,hipLaunchKernel,ENTER,const void*=0x7fe663154280; dim3=dim3(0x13600000136); dim3=dim3(0x1); void**=0x2000000020,,0
2025-10-01 16:49:38.530,1875026,hipLaunchKernel,LEAVE,const void*=0x7fe663154280; dim3=dim3(0x13600000136); dim3=dim3(0x1); void**=0x2000000020,NULL,0
2025-10-01 16:49:38.530,1875026,hipGetLastError,ENTER,,,0
2025-10-01 16:49:38.530,1875026,hipGetLastError,LEAVE,,NULL,0
2025-10-01 16:49:38.530,1875026,hipLaunchKernel,ENTER,const void*=0x7fe663154280; dim3=dim3(0x13600000136); dim3=dim3(0x1); void**=0x2000000020,,0
2025-10-01 16:49:38.531,1875026,hipLaunchKernel,LEAVE,const void*=0x7fe663154280; dim3=dim3(0x13600000136); dim3=dim3(0x1); void**=0x2000000020,NULL,0
2025-10-01 16:49:38.531,1875026,hipGetLastError,ENTER,,,0
2025-10-01 16:49:38.531,1875026,hipGetLastError,LEAVE,,NULL,0
2025-10-01 16:49:38.531,1875026,hipLaunchKernel,ENTER,const void*=0x7fe663154280; dim3=dim3(0x13600000136); dim3=dim3(0x1); void**=0x2000000020,,0
2025-10-01 16:49:38.531,1875026,hipLaunchKernel,LEAVE,const void*=0x7fe663154280; dim3=dim3(0x13600000136); dim3=dim3(0x1); void**=0x2000000020,NULL,0
2025-10-01 16:49:38.531,1875026,hipGetLastError,ENTER,,,0
2025-10-01 16:49:38.531,1875026,hipGetLastError,LEAVE,,NULL,0
2025-10-01 16:49:38.531,1875026,hipLaunchKernel,ENTER,const void*=0x7fe663154280; dim3=dim3(0x13600000136); dim3=dim3(0x1); void**=0x2000000020,,0
2025-10-01 16:49:38.531,1875026,hipLaunchKernel,LEAVE,const void*=0x7fe663154280; dim3=dim3(0x13600000136); dim3=dim3(0x1); void**=0x2000000020,NULL,0
2025-10-01 16:49:38.531,1875026,hipGetLastError,ENTER,,,0
2025-10-01 16:49:38.532,1875026,hipGetLastError,LEAVE,,NULL,0
2025-10-01 16:49:38.532,1875026,hipLaunchKernel,ENTER,const void*=0x7fe663154280; dim3=dim3(0x13600000136); dim3=dim3(0x1); void**=0x2000000020,,0
2025-10-01 16:49:38.532,1875026,hipLaunchKernel,LEAVE,const void*=0x7fe663154280; dim3=dim3(0x13600000136); dim3=dim3(0x1); void**=0x2000000020,NULL,0
2025-10-01 16:49:38.532,1875026,hipGetLastError,ENTER,,,0
2025-10-01 16:49:38.532,1875026,hipGetLastError,LEAVE,,NULL,0
2025-10-01 16:49:38.532,1875026,hipLaunchKernel,ENTER,const void*=0x7fe663154280; dim3=dim3(0x13600000136); dim3=dim3(0x1); void**=0x2000000020,,0
2025-10-01 16:49:38.532,1875026,hipLaunchKernel,LEAVE,const void*=0x7fe663154280; dim3=dim3(0x13600000136); dim3=dim3(0x1); void**=0x2000000020,NULL,0
2025-10-01 16:49:38.532,1875026,hipGetLastError,ENTER,,,0
2025-10-01 16:49:38.532,1875026,hipGetLastError,LEAVE,,NULL,0
2025-10-01 16:49:38.533,1875026,hipLaunchKernel,ENTER,const void*=0x7fe663154280; dim3=dim3(0x13600000136); dim3=dim3(0x1); void**=0x2000000020,,0
2025-10-01 16:49:38.533,1875026,hipLaunchKernel,LEAVE,const void*=0x7fe663154280; dim3=dim3(0x13600000136); dim3=dim3(0x1); void**=0x2000000020,NULL,0
2025-10-01 16:49:38.533,1875026,hipGetLastError,ENTER,,,0
2025-10-01 16:49:38.533,1875026,hipGetLastError,LEAVE,,NULL,0
2025-10-01 16:49:38.533,1875026,hipLaunchKernel,ENTER,const void*=0x7fe663154280; dim3=dim3(0x13600000136); dim3=dim3(0x1); void**=0x2000000020,,0
2025-10-01 16:49:38.533,1875026,hipLaunchKernel,LEAVE,const void*=0x7fe663154280; dim3=dim3(0x13600000136); dim3=dim3(0x1); void**=0x2000000020,NULL,0
2025-10-01 16:49:38.533,1875026,hipGetLastError,ENTER,,,0
2025-10-01 16:49:38.533,1875026,hipGetLastError,LEAVE,,NULL,0
2025-10-01 16:49:38.533,1875026,hipLaunchKernel,ENTER,const void*=0x7fe663154280; dim3=dim3(0x13600000136); dim3=dim3(0x1); void**=0x2000000020,,0
2025-10-01 16:49:38.534,1875026,hipLaunchKernel,LEAVE,const void*=0x7fe663154280; dim3=dim3(0x13600000136); dim3=dim3(0x1); void**=0x2000000020,NULL,0
2025-10-01 16:49:38.534,1875026,hipGetLastError,ENTER,,,0
2025-10-01 16:49:38.534,1875026,hipGetLastError,LEAVE,,NULL,0
2025-10-01 16:49:38.534,1875026,hipLaunchKernel,ENTER,const void*=0x7fe663154280; dim3=dim3(0x13600000136); dim3=dim3(0x1); void**=0x2000000020,,0
2025-10-01 16:49:38.534,1875026,hipLaunchKernel,LEAVE,const void*=0x7fe663154280; dim3=dim3(0x13600000136); dim3=dim3(0x1); void**=0x2000000020,NULL,0
2025-10-01 16:49:38.534,1875026,hipGetLastError,ENTER,,,0
2025-10-01 16:49:38.534,1875026,hipGetLastError,LEAVE,,NULL,0
2025-10-01 16:49:38.534,1875026,hipStreamSynchronize,ENTER,hipStream_t=0x7fa5dc001290,,0
2025-10-01 16:49:38.534,1875026,hipStreamSynchronize,LEAVE,hipStream_t=0x7fa5dc001290,NULL,0
2025-10-01 16:49:38.534,1875026,hipLaunchKernel,ENTER,const void*=0x7fe663154280; dim3=dim3(0x13600000136); dim3=dim3(0x1); void**=0x2000000020,,0
2025-10-01 16:49:38.535,1875026,hipLaunchKernel,LEAVE,const void*=0x7fe663154280; dim3=dim3(0x13600000136); dim3=dim3(0x1); void**=0x2000000020,NULL,0
2025-10-01 16:49:38.535,1875026,hipGetLastError,ENTER,,,0
2025-10-01 16:49:38.535,1875026,hipGetLastError,LEAVE,,NULL,0
2025-10-01 16:49:38.535,1875026,hipLaunchKernel,ENTER,const void*=0x7fe663154280; dim3=dim3(0x13600000136); dim3=dim3(0x1); void**=0x2000000020,,0
2025-10-01 16:49:38.535,1875026,hipLaunchKernel,LEAVE,const void*=0x7fe663154280; dim3=dim3(0x13600000136); dim3=dim3(0x1); void**=0x2000000020,NULL,0
2025-10-01 16:49:38.535,1875026,hipGetLastError,ENTER,,,0
2025-10-01 16:49:38.535,1875026,hipGetLastError,LEAVE,,NULL,0
2025-10-01 16:49:38.535,1875026,hipLaunchKernel,ENTER,const void*=0x7fe663154280; dim3=dim3(0x13600000136); dim3=dim3(0x1); void**=0x2000000020,,0
2025-10-01 16:49:38.536,1875026,hipLaunchKernel,LEAVE,const void*=0x7fe663154280; dim3=dim3(0x13600000136); dim3=dim3(0x1); void**=0x2000000020,NULL,0
2025-10-01 16:49:38.536,1875026,hipGetLastError,ENTER,,,0
2025-10-01 16:49:38.536,1875026,hipGetLastError,LEAVE,,NULL,0
2025-10-01 16:49:38.536,1875026,hipLaunchKernel,ENTER,const void*=0x7fe663154280; dim3=dim3(0x13600000136); dim3=dim3(0x1); void**=0x2000000020,,0
2025-10-01 16:49:38.536,1875026,hipLaunchKernel,LEAVE,const void*=0x7fe663154280; dim3=dim3(0x13600000136); dim3=dim3(0x1); void**=0x2000000020,NULL,0
2025-10-01 16:49:38.536,1875026,hipGetLastError,ENTER,,,0
2025-10-01 16:49:38.536,1875026,hipGetLastError,LEAVE,,NULL,0
2025-10-01 16:49:38.536,1875026,hipLaunchKernel,ENTER,const void*=0x7fe663154280; dim3=dim3(0x13600000136); dim3=dim3(0x1); void**=0x2000000020,,0
2025-10-01 16:49:38.536,1875026,hipLaunchKernel,LEAVE,const void*=0x7fe663154280; dim3=dim3(0x13600000136); dim3=dim3(0x1); void**=0x2000000020,NULL,0
2025-10-01 16:49:38.537,1875026,hipGetLastError,ENTER,,,0
2025-10-01 16:49:38.537,1875026,hipGetLastError,LEAVE,,NULL,0
2025-10-01 16:49:38.537,1875026,hipLaunchKernel,ENTER,const void*=0x7fe663154280; dim3=dim3(0x13600000136); dim3=dim3(0x1); void**=0x2000000020,,0
2025-10-01 16:49:38.537,1875026,hipLaunchKernel,LEAVE,const void*=0x7fe663154280; dim3=dim3(0x13600000136); dim3=dim3(0x1); void**=0x2000000020,NULL,0
2025-10-01 16:49:38.537,1875026,hipGetLastError,ENTER,,,0
2025-10-01 16:49:38.537,1875026,hipGetLastError,LEAVE,,NULL,0
2025-10-01 16:49:38.537,1875026,hipLaunchKernel,ENTER,const void*=0x7fe663154280; dim3=dim3(0x13600000136); dim3=dim3(0x1); void**=0x2000000020,,0
2025-10-01 16:49:38.537,1875026,hipLaunchKernel,LEAVE,const void*=0x7fe663154280; dim3=dim3(0x13600000136); dim3=dim3(0x1); void**=0x2000000020,NULL,0
2025-10-01 16:49:38.537,1875026,hipGetLastError,ENTER,,,0
2025-10-01 16:49:38.538,1875026,hipGetLastError,LEAVE,,NULL,1
2025-10-01 16:49:38.538,1875026,hipLaunchKernel,ENTER,const void*=0x7fe663154280; dim3=dim3(0x13600000136); dim3=dim3(0x1); void**=0x2000000020,,0
2025-10-01 16:49:38.538,1875026,hipLaunchKernel,LEAVE,const void*=0x7fe663154280; dim3=dim3(0x13600000136); dim3=dim3(0x1); void**=0x2000000020,NULL,0
2025-10-01 16:49:38.538,1875026,hipGetLastError,ENTER,,,0
2025-10-01 16:49:38.538,1875026,hipGetLastError,LEAVE,,NULL,0
2025-10-01 16:49:38.538,1875026,hipLaunchKernel,ENTER,const void*=0x7fe663154280; dim3=dim3(0x13600000136); dim3=dim3(0x1); void**=0x2000000020,,0
2025-10-01 16:49:38.538,1875026,hipLaunchKernel,LEAVE,const void*=0x7fe663154280; dim3=dim3(0x13600000136); dim3=dim3(0x1); void**=0x2000000020,NULL,0
2025-10-01 16:49:38.538,1875026,hipGetLastError,ENTER,,,0
2025-10-01 16:49:38.538,1875026,hipGetLastError,LEAVE,,NULL,0
2025-10-01 16:49:38.538,1875026,hipLaunchKernel,ENTER,const void*=0x7fe663154280; dim3=dim3(0x13600000136); dim3=dim3(0x1); void**=0x2000000020,,0
2025-10-01 16:49:38.539,1875026,hipLaunchKernel,LEAVE,const void*=0x7fe663154280; dim3=dim3(0x13600000136); dim3=dim3(0x1); void**=0x2000000020,NULL,0
2025-10-01 16:49:38.539,1875026,hipGetLastError,ENTER,,,0
2025-10-01 16:49:38.539,1875026,hipGetLastError,LEAVE,,NULL,0
2025-10-01 16:49:38.539,1875026,hipStreamSynchronize,ENTER,hipStream_t=0x7fa5dc001290,,0
2025-10-01 16:49:38.539,1875026,hipStreamSynchronize,LEAVE,hipStream_t=0x7fa5dc001290,NULL,0
2025-10-01 16:49:38.539,1875026,hipLaunchKernel,ENTER,const void*=0x7fe663154280; dim3=dim3(0x13600000136); dim3=dim3(0x1); void**=0x2000000020,,0
2025-10-01 16:49:38.539,1875026,hipLaunchKernel,LEAVE,const void*=0x7fe663154280; dim3=dim3(0x13600000136); dim3=dim3(0x1); void**=0x2000000020,NULL,0
2025-10-01 16:49:38.539,1875026,hipGetLastError,ENTER,,,0
2025-10-01 16:49:38.539,1875026,hipGetLastError,LEAVE,,NULL,0
2025-10-01 16:49:38.540,1875026,hipLaunchKernel,ENTER,const void*=0x7fe663154280; dim3=dim3(0x13600000136); dim3=dim3(0x1); void**=0x2000000020,,0
2025-10-01 16:49:38.540,1875026,hipLaunchKernel,LEAVE,const void*=0x7fe663154280; dim3=dim3(0x13600000136); dim3=dim3(0x1); void**=0x2000000020,NULL,0
2025-10-01 16:49:38.540,1875026,hipGetLastError,ENTER,,,0
2025-10-01 16:49:38.540,1875026,hipGetLastError,LEAVE,,NULL,0
2025-10-01 16:49:38.540,1875026,hipLaunchKernel,ENTER,const void*=0x7fe663154280; dim3=dim3(0x13600000136); dim3=dim3(0x1); void**=0x2000000020,,0
2025-10-01 16:49:38.540,1875026,hipLaunchKernel,LEAVE,const void*=0x7fe663154280; dim3=dim3(0x13600000136); dim3=dim3(0x1); void**=0x2000000020,NULL,0
2025-10-01 16:49:38.540,1875026,hipGetLastError,ENTER,,,0
2025-10-01 16:49:38.540,1875026,hipGetLastError,LEAVE,,NULL,0
2025-10-01 16:49:38.540,1875026,hipLaunchKernel,ENTER,const void*=0x7fe663154280; dim3=dim3(0x13600000136); dim3=dim3(0x1); void**=0x2000000020,,0
2025-10-01 16:49:38.541,1875026,hipLaunchKernel,LEAVE,const void*=0x7fe663154280; dim3=dim3(0x13600000136); dim3=dim3(0x1); void**=0x2000000020,NULL,0
2025-10-01 16:49:38.541,1875026,hipGetLastError,ENTER,,,0
2025-10-01 16:49:38.541,1875026,hipGetLastError,LEAVE,,NULL,0
2025-10-01 16:49:38.541,1875026,hipLaunchKernel,ENTER,const void*=0x7fe663154280; dim3=dim3(0x13600000136); dim3=dim3(0x1); void**=0x2000000020,,0
2025-10-01 16:49:38.541,1875026,hipLaunchKernel,LEAVE,const void*=0x7fe663154280; dim3=dim3(0x13600000136); dim3=dim3(0x1); void**=0x2000000020,NULL,0
2025-10-01 16:49:38.541,1875026,hipGetLastError,ENTER,,,0
2025-10-01 16:49:38.541,1875026,hipGetLastError,LEAVE,,NULL,0
2025-10-01 16:49:38.541,1875026,hipLaunchKernel,ENTER,const void*=0x7fe663154280; dim3=dim3(0x13600000136); dim3=dim3(0x1); void**=0x2000000020,,0
2025-10-01 16:49:38.541,1875026,hipLaunchKernel,LEAVE,const void*=0x7fe663154280; dim3=dim3(0x13600000136); dim3=dim3(0x1); void**=0x2000000020,NULL,0
2025-10-01 16:49:38.542,1875026,hipGetLastError,ENTER,,,0
2025-10-01 16:49:38.542,1875026,hipGetLastError,LEAVE,,NULL,0
2025-10-01 16:49:38.542,1875026,hipLaunchKernel,ENTER,const void*=0x7fe663154280; dim3=dim3(0x13600000136); dim3=dim3(0x1); void**=0x2000000020,,0
2025-10-01 16:49:38.542,1875026,hipLaunchKernel,LEAVE,const void*=0x7fe663154280; dim3=dim3(0x13600000136); dim3=dim3(0x1); void**=0x2000000020,NULL,0
2025-10-01 16:49:38.542,1875026,hipGetLastError,ENTER,,,0
2025-10-01 16:49:38.542,1875026,hipGetLastError,LEAVE,,NULL,0
2025-10-01 16:49:38.542,1875026,hipLaunchKernel,ENTER,const void*=0x7fe663154280; dim3=dim3(0x13600000136); dim3=dim3(0x1); void**=0x2000000020,,0
2025-10-01 16:49:38.542,1875026,hipLaunchKernel,LEAVE,const void*=0x7fe663154280; dim3=dim3(0x13600000136); dim3=dim3(0x1); void**=0x2000000020,NULL,0
2025-10-01 16:49:38.542,1875026,hipGetLastError,ENTER,,,0
2025-10-01 16:49:38.542,1875026,hipGetLastError,LEAVE,,NULL,0
2025-10-01 16:49:38.542,1875026,hipLaunchKernel,ENTER,const void*=0x7fe663154280; dim3=dim3(0x13600000136); dim3=dim3(0x1); void**=0x2000000020,,0
2025-10-01 16:49:38.543,1875026,hipLaunchKernel,LEAVE,const void*=0x7fe663154280; dim3=dim3(0x13600000136); dim3=dim3(0x1); void**=0x2000000020,NULL,0
2025-10-01 16:49:38.543,1875026,hipGetLastError,ENTER,,,0
2025-10-01 16:49:38.543,1875026,hipGetLastError,LEAVE,,NULL,0
2025-10-01 16:49:38.543,1875026,hipLaunchKernel,ENTER,const void*=0x7fe663154280; dim3=dim3(0x13600000136); dim3=dim3(0x1); void**=0x2000000020,,0
2025-10-01 16:49:38.543,1875026,hipLaunchKernel,LEAVE,const void*=0x7fe663154280; dim3=dim3(0x13600000136); dim3=dim3(0x1); void**=0x2000000020,NULL,0
2025-10-01 16:49:38.543,1875026,hipGetLastError,ENTER,,,0
2025-10-01 16:49:38.543,1875026,hipGetLastError,LEAVE,,NULL,0
2025-10-01 16:49:38.543,1875026,hipStreamSynchronize,ENTER,hipStream_t=0x7fa5dc001290,,0
2025-10-01 16:49:38.543,1875026,hipStreamSynchronize,LEAVE,hipStream_t=0x7fa5dc001290,NULL,0
2025-10-01 16:49:38.543,1875026,hipLaunchKernel,ENTER,const void*=0x7fe663154280; dim3=dim3(0x13600000136); dim3=dim3(0x1); void**=0x2000000020,,0
2025-10-01 16:49:38.543,1875026,hipLaunchKernel,LEAVE,const void*=0x7fe663154280; dim3=dim3(0x13600000136); dim3=dim3(0x1); void**=0x2000000020,NULL,0
2025-10-01 16:49:38.543,1875026,hipGetLastError,ENTER,,,0
2025-10-01 16:49:38.544,1875026,hipGetLastError,LEAVE,,NULL,0
2025-10-01 16:49:38.544,1875026,hipLaunchKernel,ENTER,const void*=0x7fe663154280; dim3=dim3(0x13600000136); dim3=dim3(0x1); void**=0x2000000020,,0
2025-10-01 16:49:38.544,1875026,hipLaunchKernel,LEAVE,const void*=0x7fe663154280; dim3=dim3(0x13600000136); dim3=dim3(0x1); void**=0x2000000020,NULL,0
2025-10-01 16:49:38.544,1875026,hipGetLastError,ENTER,,,0
2025-10-01 16:49:38.544,1875026,hipGetLastError,LEAVE,,NULL,0
2025-10-01 16:49:38.544,1875026,hipLaunchKernel,ENTER,const void*=0x7fe663154280; dim3=dim3(0x13600000136); dim3=dim3(0x1); void**=0x2000000020,,0
2025-10-01 16:49:38.544,1875026,hipLaunchKernel,LEAVE,const void*=0x7fe663154280; dim3=dim3(0x13600000136); dim3=dim3(0x1); void**=0x2000000020,NULL,0
2025-10-01 16:49:38.544,1875026,hipGetLastError,ENTER,,,0
2025-10-01 16:49:38.544,1875026,hipGetLastError,LEAVE,,NULL,0
2025-10-01 16:49:38.544,1875026,hipLaunchKernel,ENTER,const void*=0x7fe663154280; dim3=dim3(0x13600000136); dim3=dim3(0x1); void**=0x2000000020,,0
2025-10-01 16:49:38.545,1875026,hipLaunchKernel,LEAVE,const void*=0x7fe663154280; dim3=dim3(0x13600000136); dim3=dim3(0x1); void**=0x2000000020,NULL,0
2025-10-01 16:49:38.545,1875026,hipGetLastError,ENTER,,,0
2025-10-01 16:49:38.545,1875026,hipGetLastError,LEAVE,,NULL,0
2025-10-01 16:49:38.545,1875026,hipLaunchKernel,ENTER,const void*=0x7fe663154280; dim3=dim3(0x13600000136); dim3=dim3(0x1); void**=0x2000000020,,0
2025-10-01 16:49:38.545,1875026,hipLaunchKernel,LEAVE,const void*=0x7fe663154280; dim3=dim3(0x13600000136); dim3=dim3(0x1); void**=0x2000000020,NULL,0
2025-10-01 16:49:38.545,1875026,hipGetLastError,ENTER,,,0
2025-10-01 16:49:38.545,1875026,hipGetLastError,LEAVE,,NULL,0
2025-10-01 16:49:38.545,1875026,hipLaunchKernel,ENTER,const void*=0x7fe663154280; dim3=dim3(0x13600000136); dim3=dim3(0x1); void**=0x2000000020,,0
2025-10-01 16:49:38.545,1875026,hipLaunchKernel,LEAVE,const void*=0x7fe663154280; dim3=dim3(0x13600000136); dim3=dim3(0x1); void**=0x2000000020,NULL,0
2025-10-01 16:49:38.545,1875026,hipGetLastError,ENTER,,,0
2025-10-01 16:49:38.545,1875026,hipGetLastError,LEAVE,,NULL,0
2025-10-01 16:49:38.545,1875026,hipLaunchKernel,ENTER,const void*=0x7fe663154280; dim3=dim3(0x13600000136); dim3=dim3(0x1); void**=0x2000000020,,0
2025-10-01 16:49:38.546,1875026,hipLaunchKernel,LEAVE,const void*=0x7fe663154280; dim3=dim3(0x13600000136); dim3=dim3(0x1); void**=0x2000000020,NULL,0
2025-10-01 16:49:38.546,1875026,hipGetLastError,ENTER,,,0
2025-10-01 16:49:38.546,1875026,hipGetLastError,LEAVE,,NULL,0
2025-10-01 16:49:38.546,1875026,hipLaunchKernel,ENTER,const void*=0x7fe663154280; dim3=dim3(0x13600000136); dim3=dim3(0x1); void**=0x2000000020,,0
2025-10-01 16:49:38.546,1875026,hipLaunchKernel,LEAVE,const void*=0x7fe663154280; dim3=dim3(0x13600000136); dim3=dim3(0x1); void**=0x2000000020,NULL,0
2025-10-01 16:49:38.546,1875026,hipGetLastError,ENTER,,,0
2025-10-01 16:49:38.546,1875026,hipGetLastError,LEAVE,,NULL,0
2025-10-01 16:49:38.546,1875026,hipLaunchKernel,ENTER,const void*=0x7fe663154280; dim3=dim3(0x13600000136); dim3=dim3(0x1); void**=0x2000000020,,0
2025-10-01 16:49:38.546,1875026,hipLaunchKernel,LEAVE,const void*=0x7fe663154280; dim3=dim3(0x13600000136); dim3=dim3(0x1); void**=0x2000000020,NULL,0
2025-10-01 16:49:38.546,1875026,hipGetLastError,ENTER,,,0
2025-10-01 16:49:38.546,1875026,hipGetLastError,LEAVE,,NULL,0
2025-10-01 16:49:38.546,1875026,hipLaunchKernel,ENTER,const void*=0x7fe663154280; dim3=dim3(0x13600000136); dim3=dim3(0x1); void**=0x2000000020,,0
2025-10-01 16:49:38.547,1875026,hipLaunchKernel,LEAVE,const void*=0x7fe663154280; dim3=dim3(0x13600000136); dim3=dim3(0x1); void**=0x2000000020,NULL,0
2025-10-01 16:49:38.547,1875026,hipGetLastError,ENTER,,,0
2025-10-01 16:49:38.547,1875026,hipGetLastError,LEAVE,,NULL,0
2025-10-01 16:49:38.547,1875026,hipStreamSynchronize,ENTER,hipStream_t=0x7fa5dc001290,,0
2025-10-01 16:49:38.547,1875026,hipStreamSynchronize,LEAVE,hipStream_t=0x7fa5dc001290,NULL,0
2025-10-01 16:49:38.547,1875026,hipLaunchKernel,ENTER,const void*=0x7fe663154280; dim3=dim3(0x13600000136); dim3=dim3(0x1); void**=0x2000000020,,0
2025-10-01 16:49:38.547,1875026,hipLaunchKernel,LEAVE,const void*=0x7fe663154280; dim3=dim3(0x13600000136); dim3=dim3(0x1); void**=0x2000000020,NULL,0
2025-10-01 16:49:38.547,1875026,hipGetLastError,ENTER,,,0
2025-10-01 16:49:38.547,1875026,hipGetLastError,LEAVE,,NULL,0
2025-10-01 16:49:38.547,1875026,hipLaunchKernel,ENTER,const void*=0x7fe663154280; dim3=dim3(0x13600000136); dim3=dim3(0x1); void**=0x2000000020,,0
2025-10-01 16:49:38.547,1875026,hipLaunchKernel,LEAVE,const void*=0x7fe663154280; dim3=dim3(0x13600000136); dim3=dim3(0x1); void**=0x2000000020,NULL,0
2025-10-01 16:49:38.548,1875026,hipGetLastError,ENTER,,,0
2025-10-01 16:49:38.548,1875026,hipGetLastError,LEAVE,,NULL,0
2025-10-01 16:49:38.548,1875026,hipLaunchKernel,ENTER,const void*=0x7fe663154280; dim3=dim3(0x13600000136); dim3=dim3(0x1); void**=0x2000000020,,0
2025-10-01 16:49:38.548,1875026,hipLaunchKernel,LEAVE,const void*=0x7fe663154280; dim3=dim3(0x13600000136); dim3=dim3(0x1); void**=0x2000000020,NULL,0
2025-10-01 16:49:38.548,1875026,hipGetLastError,ENTER,,,0
2025-10-01 16:49:38.548,1875026,hipGetLastError,LEAVE,,NULL,0
2025-10-01 16:49:38.548,1875026,hipLaunchKernel,ENTER,const void*=0x7fe663154280; dim3=dim3(0x13600000136); dim3=dim3(0x1); void**=0x2000000020,,0
2025-10-01 16:49:38.548,1875026,hipLaunchKernel,LEAVE,const void*=0x7fe663154280; dim3=dim3(0x13600000136); dim3=dim3(0x1); void**=0x2000000020,NULL,0
2025-10-01 16:49:38.548,1875026,hipGetLastError,ENTER,,,0
2025-10-01 16:49:38.548,1875026,hipGetLastError,LEAVE,,NULL,0
2025-10-01 16:49:38.548,1875026,hipLaunchKernel,ENTER,const void*=0x7fe663154280; dim3=dim3(0x13600000136); dim3=dim3(0x1); void**=0x2000000020,,0
2025-10-01 16:49:38.549,1875024,hipLaunchKernel,LEAVE,const void*=0x7fe663154280; dim3=dim3(0x13600000136); dim3=dim3(0x1); void**=0x2000000020,NULL,137
2025-10-01 16:49:38.549,1875024,hipGetLastError,ENTER,,,0
2025-10-01 16:49:38.549,1875024,hipGetLastError,LEAVE,,NULL,0
2025-10-01 16:49:38.549,1875024,hipLaunchKernel,ENTER,const void*=0x7fe663154280; dim3=dim3(0x13600000136); dim3=dim3(0x1); void**=0x2000000020,,0
2025-10-01 16:49:38.549,1875026,hipLaunchKernel,LEAVE,const void*=0x7fe663154280; dim3=dim3(0x13600000136); dim3=dim3(0x1); void**=0x2000000020,NULL,0
2025-10-01 16:49:38.549,1875026,hipGetLastError,ENTER,,,0
2025-10-01 16:49:38.549,1875026,hipGetLastError,LEAVE,,NULL,0
2025-10-01 16:49:38.549,1875026,hipLaunchKernel,ENTER,const void*=0x7fe663154280; dim3=dim3(0x13600000136); dim3=dim3(0x1); void**=0x2000000020,,0
2025-10-01 16:49:38.549,1875024,hipLaunchKernel,LEAVE,const void*=0x7fe663154280; dim3=dim3(0x13600000136); dim3=dim3(0x1); void**=0x2000000020,NULL,0
2025-10-01 16:49:38.549,1875024,hipGetLastError,ENTER,,,0
2025-10-01 16:49:38.549,1875024,hipGetLastError,LEAVE,,NULL,0
2025-10-01 16:49:38.550,1875024,hipLaunchKernel,ENTER,const void*=0x7fe663154280; dim3=dim3(0x13600000136); dim3=dim3(0x1); void**=0x2000000020,,0
2025-10-01 16:49:38.550,1875026,hipLaunchKernel,LEAVE,const void*=0x7fe663154280; dim3=dim3(0x13600000136); dim3=dim3(0x1); void**=0x2000000020,NULL,1
2025-10-01 16:49:38.550,1875026,hipGetLastError,ENTER,,,0
2025-10-01 16:49:38.550,1875026,hipGetLastError,LEAVE,,NULL,0
2025-10-01 16:49:38.550,1875026,hipLaunchKernel,ENTER,const void*=0x7fe663154280; dim3=dim3(0x13600000136); dim3=dim3(0x1); void**=0x2000000020,,0
2025-10-01 16:49:38.550,1875024,hipLaunchKernel,LEAVE,const void*=0x7fe663154280; dim3=dim3(0x13600000136); dim3=dim3(0x1); void**=0x2000000020,NULL,0
2025-10-01 16:49:38.550,1875024,hipGetLastError,ENTER,,,0
2025-10-01 16:49:38.550,1875024,hipGetLastError,LEAVE,,NULL,0
2025-10-01 16:49:38.550,1875024,hipLaunchKernel,ENTER,const void*=0x7fe663154280; dim3=dim3(0x13600000136); dim3=dim3(0x1); void**=0x2000000020,,0
2025-10-01 16:49:38.550,1875026,hipLaunchKernel,LEAVE,const void*=0x7fe663154280; dim3=dim3(0x13600000136); dim3=dim3(0x1); void**=0x2000000020,NULL,0
2025-10-01 16:49:38.550,1875026,hipGetLastError,ENTER,,,0
2025-10-01 16:49:38.550,1875026,hipGetLastError,LEAVE,,NULL,0
2025-10-01 16:49:38.551,1875026,hipLaunchKernel,ENTER,const void*=0x7fe663154280; dim3=dim3(0x13600000136); dim3=dim3(0x1); void**=0x2000000020,,0
2025-10-01 16:49:38.551,1875024,hipLaunchKernel,LEAVE,const void*=0x7fe663154280; dim3=dim3(0x13600000136); dim3=dim3(0x1); void**=0x2000000020,NULL,1
2025-10-01 16:49:38.551,1875024,hipGetLastError,ENTER,,,0
2025-10-01 16:49:38.551,1875024,hipGetLastError,LEAVE,,NULL,0
2025-10-01 16:49:38.551,1875024,hipLaunchKernel,ENTER,const void*=0x7fe663154280; dim3=dim3(0x13600000136); dim3=dim3(0x1); void**=0x2000000020,,0
2025-10-01 16:49:38.551,1875026,hipLaunchKernel,LEAVE,const void*=0x7fe663154280; dim3=dim3(0x13600000136); dim3=dim3(0x1); void**=0x2000000020,NULL,0
2025-10-01 16:49:38.551,1875026,hipGetLastError,ENTER,,,0
2025-10-01 16:49:38.551,1875026,hipGetLastError,LEAVE,,NULL,0
2025-10-01 16:49:38.551,1875026,hipLaunchKernel,ENTER,const void*=0x7fe663154280; dim3=dim3(0x13600000136); dim3=dim3(0x1); void**=0x2000000020,,0
2025-10-01 16:49:38.551,1875024,hipLaunchKernel,LEAVE,const void*=0x7fe663154280; dim3=dim3(0x13600000136); dim3=dim3(0x1); void**=0x2000000020,NULL,0
2025-10-01 16:49:38.551,1875024,hipGetLastError,ENTER,,,0
2025-10-01 16:49:38.551,1875024,hipGetLastError,LEAVE,,NULL,0
2025-10-01 16:49:38.552,1875024,hipLaunchKernel,ENTER,const void*=0x7fe663154280; dim3=dim3(0x13600000136); dim3=dim3(0x1); void**=0x2000000020,,0
2025-10-01 16:49:38.552,1875026,hipLaunchKernel,LEAVE,const void*=0x7fe663154280; dim3=dim3(0x13600000136); dim3=dim3(0x1); void**=0x2000000020,NULL,1
2025-10-01 16:49:38.552,1875026,hipGetLastError,ENTER,,,0
2025-10-01 16:49:38.552,1875026,hipGetLastError,LEAVE,,NULL,0
2025-10-01 16:49:38.552,1875026,hipLaunchKernel,ENTER,const void*=0x7fe663154280; dim3=dim3(0x13600000136); dim3=dim3(0x1); void**=0x2000000020,,0
2025-10-01 16:49:38.552,1875024,hipLaunchKernel,LEAVE,const void*=0x7fe663154280; dim3=dim3(0x13600000136); dim3=dim3(0x1); void**=0x2000000020,NULL,0
2025-10-01 16:49:38.552,1875024,hipGetLastError,ENTER,,,0
2025-10-01 16:49:38.552,1875024,hipGetLastError,LEAVE,,NULL,0
2025-10-01 16:49:38.552,1875024,hipLaunchKernel,ENTER,const void*=0x7fe663154280; dim3=dim3(0x13600000136); dim3=dim3(0x1); void**=0x2000000020,,0
2025-10-01 16:49:38.552,1875026,hipLaunchKernel,LEAVE,const void*=0x7fe663154280; dim3=dim3(0x13600000136); dim3=dim3(0x1); void**=0x2000000020,NULL,0
2025-10-01 16:49:38.552,1875026,hipGetLastError,ENTER,,,0
2025-10-01 16:49:38.552,1875026,hipGetLastError,LEAVE,,NULL,0
2025-10-01 16:49:38.553,1875026,hipStreamSynchronize,ENTER,hipStream_t=0x7fa5dc001290,,0
2025-10-01 16:49:38.553,1875024,hipLaunchKernel,LEAVE,const void*=0x7fe663154280; dim3=dim3(0x13600000136); dim3=dim3(0x1); void**=0x2000000020,NULL,1
2025-10-01 16:49:38.553,1875024,hipGetLastError,ENTER,,,0
2025-10-01 16:49:38.553,1875024,hipGetLastError,LEAVE,,NULL,0
2025-10-01 16:49:38.553,1875024,hipLaunchKernel,ENTER,const void*=0x7fe663154280; dim3=dim3(0x13600000136); dim3=dim3(0x1); void**=0x2000000020,,0
2025-10-01 16:49:38.553,1875026,hipStreamSynchronize,LEAVE,hipStream_t=0x7fa5dc001290,NULL,0
2025-10-01 16:49:38.553,1875026,hipLaunchKernel,ENTER,const void*=0x7fe663154280; dim3=dim3(0x13600000136); dim3=dim3(0x1); void**=0x2000000020,,0
2025-10-01 16:49:38.553,1875024,hipLaunchKernel,LEAVE,const void*=0x7fe663154280; dim3=dim3(0x13600000136); dim3=dim3(0x1); void**=0x2000000020,NULL,0
2025-10-01 16:49:38.553,1875024,hipGetLastError,ENTER,,,0
2025-10-01 16:49:38.553,1875024,hipGetLastError,LEAVE,,NULL,0
2025-10-01 16:49:38.553,1875024,hipLaunchKernel,ENTER,const void*=0x7fe663154280; dim3=dim3(0x13600000136); dim3=dim3(0x1); void**=0x2000000020,,0
2025-10-01 16:49:38.553,1875026,hipLaunchKernel,LEAVE,const void*=0x7fe663154280; dim3=dim3(0x13600000136); dim3=dim3(0x1); void**=0x2000000020,NULL,0
2025-10-01 16:49:38.554,1875026,hipGetLastError,ENTER,,,0
2025-10-01 16:49:38.554,1875026,hipGetLastError,LEAVE,,NULL,0
2025-10-01 16:49:38.554,1875026,hipLaunchKernel,ENTER,const void*=0x7fe663154280; dim3=dim3(0x13600000136); dim3=dim3(0x1); void**=0x2000000020,,0
2025-10-01 16:49:38.554,1875024,hipLaunchKernel,LEAVE,const void*=0x7fe663154280; dim3=dim3(0x13600000136); dim3=dim3(0x1); void**=0x2000000020,NULL,1
2025-10-01 16:49:38.554,1875024,hipGetLastError,ENTER,,,0
2025-10-01 16:49:38.554,1875024,hipGetLastError,LEAVE,,NULL,0
2025-10-01 16:49:38.554,1875024,hipLaunchKernel,ENTER,const void*=0x7fe663154280; dim3=dim3(0x13600000136); dim3=dim3(0x1); void**=0x2000000020,,0
2025-10-01 16:49:38.554,1875026,hipLaunchKernel,LEAVE,const void*=0x7fe663154280; dim3=dim3(0x13600000136); dim3=dim3(0x1); void**=0x2000000020,NULL,0
2025-10-01 16:49:38.554,1875026,hipGetLastError,ENTER,,,0
2025-10-01 16:49:38.554,1875026,hipGetLastError,LEAVE,,NULL,0
2025-10-01 16:49:38.554,1875026,hipLaunchKernel,ENTER,const void*=0x7fe663154280; dim3=dim3(0x13600000136); dim3=dim3(0x1); void**=0x2000000020,,0
2025-10-01 16:49:38.554,1875024,hipLaunchKernel,LEAVE,const void*=0x7fe663154280; dim3=dim3(0x13600000136); dim3=dim3(0x1); void**=0x2000000020,NULL,0
2025-10-01 16:49:38.555,1875024,hipGetLastError,ENTER,,,0
2025-10-01 16:49:38.555,1875024,hipGetLastError,LEAVE,,NULL,0
2025-10-01 16:49:38.555,1875024,hipStreamSynchronize,ENTER,hipStream_t=0x7fa5ec002730,,0
2025-10-01 16:49:38.555,1875026,hipLaunchKernel,LEAVE,const void*=0x7fe663154280; dim3=dim3(0x13600000136); dim3=dim3(0x1); void**=0x2000000020,NULL,1
2025-10-01 16:49:38.555,1875026,hipGetLastError,ENTER,,,0
2025-10-01 16:49:38.555,1875026,hipGetLastError,LEAVE,,NULL,0
2025-10-01 16:49:38.555,1875026,hipLaunchKernel,ENTER,const void*=0x7fe663154280; dim3=dim3(0x13600000136); dim3=dim3(0x1); void**=0x2000000020,,0
2025-10-01 16:49:38.555,1875024,hipStreamSynchronize,LEAVE,hipStream_t=0x7fa5ec002730,NULL,0
2025-10-01 16:49:38.555,1875024,hipLaunchKernel,ENTER,const void*=0x7fe663154280; dim3=dim3(0x13600000136); dim3=dim3(0x1); void**=0x2000000020,,0
2025-10-01 16:49:38.555,1875026,hipLaunchKernel,LEAVE,const void*=0x7fe663154280; dim3=dim3(0x13600000136); dim3=dim3(0x1); void**=0x2000000020,NULL,0
2025-10-01 16:49:38.555,1875026,hipGetLastError,ENTER,,,0
2025-10-01 16:49:38.555,1875026,hipGetLastError,LEAVE,,NULL,0
2025-10-01 16:49:38.555,1875026,hipLaunchKernel,ENTER,const void*=0x7fe663154280; dim3=dim3(0x13600000136); dim3=dim3(0x1); void**=0x2000000020,,0
2025-10-01 16:49:38.556,1875024,hipLaunchKernel,LEAVE,const void*=0x7fe663154280; dim3=dim3(0x13600000136); dim3=dim3(0x1); void**=0x2000000020,NULL,1
2025-10-01 16:49:38.556,1875024,hipGetLastError,ENTER,,,0
2025-10-01 16:49:38.556,1875024,hipGetLastError,LEAVE,,NULL,0
2025-10-01 16:49:38.556,1875024,hipLaunchKernel,ENTER,const void*=0x7fe663154280; dim3=dim3(0x13600000136); dim3=dim3(0x1); void**=0x2000000020,,0
2025-10-01 16:49:38.556,1875026,hipLaunchKernel,LEAVE,const void*=0x7fe663154280; dim3=dim3(0x13600000136); dim3=dim3(0x1); void**=0x2000000020,NULL,0
2025-10-01 16:49:38.556,1875026,hipGetLastError,ENTER,,,0
2025-10-01 16:49:38.556,1875026,hipGetLastError,LEAVE,,NULL,0
2025-10-01 16:49:38.556,1875026,hipLaunchKernel,ENTER,const void*=0x7fe663154280; dim3=dim3(0x13600000136); dim3=dim3(0x1); void**=0x2000000020,,0
2025-10-01 16:49:38.556,1875024,hipLaunchKernel,LEAVE,const void*=0x7fe663154280; dim3=dim3(0x13600000136); dim3=dim3(0x1); void**=0x2000000020,NULL,0
2025-10-01 16:49:38.556,1875024,hipGetLastError,ENTER,,,0
2025-10-01 16:49:38.556,1875024,hipGetLastError,LEAVE,,NULL,0
2025-10-01 16:49:38.556,1875024,hipLaunchKernel,ENTER,const void*=0x7fe663154280; dim3=dim3(0x13600000136); dim3=dim3(0x1); void**=0x2000000020,,0
2025-10-01 16:49:38.557,1875026,hipLaunchKernel,LEAVE,const void*=0x7fe663154280; dim3=dim3(0x13600000136); dim3=dim3(0x1); void**=0x2000000020,NULL,1
2025-10-01 16:49:38.557,1875026,hipGetLastError,ENTER,,,0
2025-10-01 16:49:38.557,1875026,hipGetLastError,LEAVE,,NULL,0
2025-10-01 16:49:38.557,1875026,hipLaunchKernel,ENTER,const void*=0x7fe663154280; dim3=dim3(0x13600000136); dim3=dim3(0x1); void**=0x2000000020,,0
2025-10-01 16:49:38.557,1875024,hipLaunchKernel,LEAVE,const void*=0x7fe663154280; dim3=dim3(0x13600000136); dim3=dim3(0x1); void**=0x2000000020,NULL,0
2025-10-01 16:49:38.557,1875024,hipGetLastError,ENTER,,,0
2025-10-01 16:49:38.557,1875024,hipGetLastError,LEAVE,,NULL,0
2025-10-01 16:49:38.557,1875024,hipLaunchKernel,ENTER,const void*=0x7fe663154280; dim3=dim3(0x13600000136); dim3=dim3(0x1); void**=0x2000000020,,0
2025-10-01 16:49:38.557,1875026,hipLaunchKernel,LEAVE,const void*=0x7fe663154280; dim3=dim3(0x13600000136); dim3=dim3(0x1); void**=0x2000000020,NULL,0
2025-10-01 16:49:38.557,1875026,hipGetLastError,ENTER,,,0
2025-10-01 16:49:38.557,1875026,hipGetLastError,LEAVE,,NULL,0
2025-10-01 16:49:38.558,1875026,hipLaunchKernel,ENTER,const void*=0x7fe663154280; dim3=dim3(0x13600000136); dim3=dim3(0x1); void**=0x2000000020,,0
2025-10-01 16:49:38.558,1875024,hipLaunchKernel,LEAVE,const void*=0x7fe663154280; dim3=dim3(0x13600000136); dim3=dim3(0x1); void**=0x2000000020,NULL,1
2025-10-01 16:49:38.558,1875024,hipGetLastError,ENTER,,,0
2025-10-01 16:49:38.558,1875024,hipGetLastError,LEAVE,,NULL,0
2025-10-01 16:49:38.558,1875024,hipLaunchKernel,ENTER,const void*=0x7fe663154280; dim3=dim3(0x13600000136); dim3=dim3(0x1); void**=0x2000000020,,0
2025-10-01 16:49:38.558,1875026,hipLaunchKernel,LEAVE,const void*=0x7fe663154280; dim3=dim3(0x13600000136); dim3=dim3(0x1); void**=0x2000000020,NULL,0
2025-10-01 16:49:38.558,1875026,hipGetLastError,ENTER,,,0
2025-10-01 16:49:38.558,1875026,hipGetLastError,LEAVE,,NULL,0
2025-10-01 16:49:38.558,1875026,hipLaunchKernel,ENTER,const void*=0x7fe663154280; dim3=dim3(0x13600000136); dim3=dim3(0x1); void**=0x2000000020,,0
2025-10-01 16:49:38.558,1875024,hipLaunchKernel,LEAVE,const void*=0x7fe663154280; dim3=dim3(0x13600000136); dim3=dim3(0x1); void**=0x2000000020,NULL,0
2025-10-01 16:49:38.558,1875024,hipGetLastError,ENTER,,,0
2025-10-01 16:49:38.558,1875024,hipGetLastError,LEAVE,,NULL,0
2025-10-01 16:49:38.559,1875024,hipLaunchKernel,ENTER,const void*=0x7fe663154280; dim3=dim3(0x13600000136); dim3=dim3(0x1); void**=0x2000000020,,0
2025-10-01 16:49:38.559,1875026,hipLaunchKernel,LEAVE,const void*=0x7fe663154280; dim3=dim3(0x13600000136); dim3=dim3(0x1); void**=0x2000000020,NULL,1
2025-10-01 16:49:38.559,1875026,hipGetLastError,ENTER,,,0
2025-10-01 16:49:38.559,1875026,hipGetLastError,LEAVE,,NULL,0
2025-10-01 16:49:38.559,1875026,hipLaunchKernel,ENTER,const void*=0x7fe663154280; dim3=dim3(0x13600000136); dim3=dim3(0x1); void**=0x2000000020,,0
2025-10-01 16:49:38.559,1875024,hipLaunchKernel,LEAVE,const void*=0x7fe663154280; dim3=dim3(0x13600000136); dim3=dim3(0x1); void**=0x2000000020,NULL,0
2025-10-01 16:49:38.559,1875024,hipGetLastError,ENTER,,,0
2025-10-01 16:49:38.559,1875024,hipGetLastError,LEAVE,,NULL,0
2025-10-01 16:49:38.559,1875024,hipLaunchKernel,ENTER,const void*=0x7fe663154280; dim3=dim3(0x13600000136); dim3=dim3(0x1); void**=0x2000000020,,0
2025-10-01 16:49:38.559,1875026,hipLaunchKernel,LEAVE,const void*=0x7fe663154280; dim3=dim3(0x13600000136); dim3=dim3(0x1); void**=0x2000000020,NULL,0
2025-10-01 16:49:38.559,1875026,hipGetLastError,ENTER,,,0
2025-10-01 16:49:38.559,1875026,hipGetLastError,LEAVE,,NULL,0
2025-10-01 16:49:38.559,1875026,hipStreamSynchronize,ENTER,hipStream_t=0x7fa5dc001290,,0
2025-10-01 16:49:38.560,1875024,hipLaunchKernel,LEAVE,const void*=0x7fe663154280; dim3=dim3(0x13600000136); dim3=dim3(0x1); void**=0x2000000020,NULL,1
2025-10-01 16:49:38.560,1875024,hipGetLastError,ENTER,,,0
2025-10-01 16:49:38.560,1875024,hipGetLastError,LEAVE,,NULL,0
2025-10-01 16:49:38.560,1875024,hipLaunchKernel,ENTER,const void*=0x7fe663154280; dim3=dim3(0x13600000136); dim3=dim3(0x1); void**=0x2000000020,,0
2025-10-01 16:49:38.560,1875026,hipStreamSynchronize,LEAVE,hipStream_t=0x7fa5dc001290,NULL,0
2025-10-01 16:49:38.560,1875026,hipLaunchKernel,ENTER,const void*=0x7fe663154280; dim3=dim3(0x13600000136); dim3=dim3(0x1); void**=0x2000000020,,0
2025-10-01 16:49:38.560,1875024,hipLaunchKernel,LEAVE,const void*=0x7fe663154280; dim3=dim3(0x13600000136); dim3=dim3(0x1); void**=0x2000000020,NULL,0
2025-10-01 16:49:38.560,1875024,hipGetLastError,ENTER,,,0
2025-10-01 16:49:38.560,1875024,hipGetLastError,LEAVE,,NULL,0
2025-10-01 16:49:38.560,1875024,hipLaunchKernel,ENTER,const void*=0x7fe663154280; dim3=dim3(0x13600000136); dim3=dim3(0x1); void**=0x2000000020,,0
2025-10-01 16:49:38.560,1875026,hipLaunchKernel,LEAVE,const void*=0x7fe663154280; dim3=dim3(0x13600000136); dim3=dim3(0x1); void**=0x2000000020,NULL,0
2025-10-01 16:49:38.560,1875026,hipGetLastError,ENTER,,,0
2025-10-01 16:49:38.561,1875026,hipGetLastError,LEAVE,,NULL,0
2025-10-01 16:49:38.561,1875026,hipLaunchKernel,ENTER,const void*=0x7fe663154280; dim3=dim3(0x13600000136); dim3=dim3(0x1); void**=0x2000000020,,0
2025-10-01 16:49:38.561,1875024,hipLaunchKernel,LEAVE,const void*=0x7fe663154280; dim3=dim3(0x13600000136); dim3=dim3(0x1); void**=0x2000000020,NULL,1
2025-10-01 16:49:38.561,1875024,hipGetLastError,ENTER,,,0
2025-10-01 16:49:38.561,1875024,hipGetLastError,LEAVE,,NULL,0
2025-10-01 16:49:38.561,1875024,hipLaunchKernel,ENTER,const void*=0x7fe663154280; dim3=dim3(0x13600000136); dim3=dim3(0x1); void**=0x2000000020,,0
2025-10-01 16:49:38.561,1875026,hipLaunchKernel,LEAVE,const void*=0x7fe663154280; dim3=dim3(0x13600000136); dim3=dim3(0x1); void**=0x2000000020,NULL,0
2025-10-01 16:49:38.561,1875026,hipGetLastError,ENTER,,,0
2025-10-01 16:49:38.561,1875026,hipGetLastError,LEAVE,,NULL,0
2025-10-01 16:49:38.561,1875026,hipLaunchKernel,ENTER,const void*=0x7fe663154280; dim3=dim3(0x13600000136); dim3=dim3(0x1); void**=0x2000000020,,0
2025-10-01 16:49:38.561,1875024,hipLaunchKernel,LEAVE,const void*=0x7fe663154280; dim3=dim3(0x13600000136); dim3=dim3(0x1); void**=0x2000000020,NULL,0
2025-10-01 16:49:38.562,1875024,hipGetLastError,ENTER,,,0
2025-10-01 16:49:38.562,1875024,hipGetLastError,LEAVE,,NULL,0
2025-10-01 16:49:38.562,1875024,hipStreamSynchronize,ENTER,hipStream_t=0x7fa5ec002730,,0
2025-10-01 16:49:38.562,1875026,hipLaunchKernel,LEAVE,const void*=0x7fe663154280; dim3=dim3(0x13600000136); dim3=dim3(0x1); void**=0x2000000020,NULL,1
2025-10-01 16:49:38.562,1875026,hipGetLastError,ENTER,,,0
2025-10-01 16:49:38.562,1875026,hipGetLastError,LEAVE,,NULL,0
2025-10-01 16:49:38.562,1875026,hipLaunchKernel,ENTER,const void*=0x7fe663154280; dim3=dim3(0x13600000136); dim3=dim3(0x1); void**=0x2000000020,,0
2025-10-01 16:49:38.562,1875024,hipStreamSynchronize,LEAVE,hipStream_t=0x7fa5ec002730,NULL,0
2025-10-01 16:49:38.562,1875024,hipLaunchKernel,ENTER,const void*=0x7fe663154280; dim3=dim3(0x13600000136); dim3=dim3(0x1); void**=0x2000000020,,0
2025-10-01 16:49:38.562,1875026,hipLaunchKernel,LEAVE,const void*=0x7fe663154280; dim3=dim3(0x13600000136); dim3=dim3(0x1); void**=0x2000000020,NULL,0
2025-10-01 16:49:38.562,1875026,hipGetLastError,ENTER,,,0
2025-10-01 16:49:38.562,1875026,hipGetLastError,LEAVE,,NULL,0
2025-10-01 16:49:38.562,1875026,hipLaunchKernel,ENTER,const void*=0x7fe663154280; dim3=dim3(0x13600000136); dim3=dim3(0x1); void**=0x2000000020,,0
2025-10-01 16:49:38.563,1875024,hipLaunchKernel,LEAVE,const void*=0x7fe663154280; dim3=dim3(0x13600000136); dim3=dim3(0x1); void**=0x2000000020,NULL,1
2025-10-01 16:49:38.563,1875024,hipGetLastError,ENTER,,,0
2025-10-01 16:49:38.563,1875024,hipGetLastError,LEAVE,,NULL,0
2025-10-01 16:49:38.563,1875024,hipLaunchKernel,ENTER,const void*=0x7fe663154280; dim3=dim3(0x13600000136); dim3=dim3(0x1); void**=0x2000000020,,0
2025-10-01 16:49:38.563,1875026,hipLaunchKernel,LEAVE,const void*=0x7fe663154280; dim3=dim3(0x13600000136); dim3=dim3(0x1); void**=0x2000000020,NULL,0
2025-10-01 16:49:38.563,1875026,hipGetLastError,ENTER,,,0
2025-10-01 16:49:38.563,1875026,hipGetLastError,LEAVE,,NULL,0
2025-10-01 16:49:38.563,1875026,hipLaunchKernel,ENTER,const void*=0x7fe663154280; dim3=dim3(0x13600000136); dim3=dim3(0x1); void**=0x2000000020,,0
2025-10-01 16:49:38.563,1875024,hipLaunchKernel,LEAVE,const void*=0x7fe663154280; dim3=dim3(0x13600000136); dim3=dim3(0x1); void**=0x2000000020,NULL,0
2025-10-01 16:49:38.563,1875024,hipGetLastError,ENTER,,,0
2025-10-01 16:49:38.563,1875024,hipGetLastError,LEAVE,,NULL,0
2025-10-01 16:49:38.564,1875024,hipLaunchKernel,ENTER,const void*=0x7fe663154280; dim3=dim3(0x13600000136); dim3=dim3(0x1); void**=0x2000000020,,0
2025-10-01 16:49:38.564,1875026,hipLaunchKernel,LEAVE,const void*=0x7fe663154280; dim3=dim3(0x13600000136); dim3=dim3(0x1); void**=0x2000000020,NULL,1
2025-10-01 16:49:38.564,1875026,hipGetLastError,ENTER,,,0
2025-10-01 16:49:38.564,1875026,hipGetLastError,LEAVE,,NULL,0
2025-10-01 16:49:38.564,1875026,hipLaunchKernel,ENTER,const void*=0x7fe663154280; dim3=dim3(0x13600000136); dim3=dim3(0x1); void**=0x2000000020,,0
2025-10-01 16:49:38.564,1875024,hipLaunchKernel,LEAVE,const void*=0x7fe663154280; dim3=dim3(0x13600000136); dim3=dim3(0x1); void**=0x2000000020,NULL,0
2025-10-01 16:49:38.564,1875024,hipGetLastError,ENTER,,,0
2025-10-01 16:49:38.564,1875024,hipGetLastError,LEAVE,,NULL,0
2025-10-01 16:49:38.564,1875024,hipLaunchKernel,ENTER,const void*=0x7fe663154280; dim3=dim3(0x13600000136); dim3=dim3(0x1); void**=0x2000000020,,0
2025-10-01 16:49:38.564,1875026,hipLaunchKernel,LEAVE,const void*=0x7fe663154280; dim3=dim3(0x13600000136); dim3=dim3(0x1); void**=0x2000000020,NULL,0
2025-10-01 16:49:38.564,1875026,hipGetLastError,ENTER,,,0
2025-10-01 16:49:38.564,1875026,hipGetLastError,LEAVE,,NULL,0
2025-10-01 16:49:38.565,1875026,hipLaunchKernel,ENTER,const void*=0x7fe663154280; dim3=dim3(0x13600000136); dim3=dim3(0x1); void**=0x2000000020,,0
2025-10-01 16:49:38.565,1875024,hipLaunchKernel,LEAVE,const void*=0x7fe663154280; dim3=dim3(0x13600000136); dim3=dim3(0x1); void**=0x2000000020,NULL,1
2025-10-01 16:49:38.565,1875024,hipGetLastError,ENTER,,,0
2025-10-01 16:49:38.565,1875024,hipGetLastError,LEAVE,,NULL,0
2025-10-01 16:49:38.565,1875024,hipLaunchKernel,ENTER,const void*=0x7fe663154280; dim3=dim3(0x13600000136); dim3=dim3(0x1); void**=0x2000000020,,0
2025-10-01 16:49:38.565,1875026,hipLaunchKernel,LEAVE,const void*=0x7fe663154280; dim3=dim3(0x13600000136); dim3=dim3(0x1); void**=0x2000000020,NULL,0
2025-10-01 16:49:38.565,1875026,hipGetLastError,ENTER,,,0
2025-10-01 16:49:38.565,1875026,hipGetLastError,LEAVE,,NULL,0
2025-10-01 16:49:38.565,1875026,hipLaunchKernel,ENTER,const void*=0x7fe663154280; dim3=dim3(0x13600000136); dim3=dim3(0x1); void**=0x2000000020,,0
2025-10-01 16:49:38.565,1875024,hipLaunchKernel,LEAVE,const void*=0x7fe663154280; dim3=dim3(0x13600000136); dim3=dim3(0x1); void**=0x2000000020,NULL,0
2025-10-01 16:49:38.565,1875024,hipGetLastError,ENTER,,,0
2025-10-01 16:49:38.565,1875024,hipGetLastError,LEAVE,,NULL,0
2025-10-01 16:49:38.566,1875024,hipLaunchKernel,ENTER,const void*=0x7fe663154280; dim3=dim3(0x13600000136); dim3=dim3(0x1); void**=0x2000000020,,0
2025-10-01 16:49:38.566,1875026,hipLaunchKernel,LEAVE,const void*=0x7fe663154280; dim3=dim3(0x13600000136); dim3=dim3(0x1); void**=0x2000000020,NULL,1
2025-10-01 16:49:38.566,1875026,hipGetLastError,ENTER,,,0
2025-10-01 16:49:38.566,1875026,hipGetLastError,LEAVE,,NULL,0
2025-10-01 16:49:38.566,1875024,hipLaunchKernel,LEAVE,const void*=0x7fe663154280; dim3=dim3(0x13600000136); dim3=dim3(0x1); void**=0x2000000020,NULL,0
2025-10-01 16:49:38.566,1875024,hipGetLastError,ENTER,,,0
2025-10-01 16:49:38.566,1875024,hipGetLastError,LEAVE,,NULL,0
2025-10-01 16:49:38.566,1875024,hipLaunchKernel,ENTER,const void*=0x7fe663154280; dim3=dim3(0x13600000136); dim3=dim3(0x1); void**=0x2000000020,,0
2025-10-01 16:49:38.566,1875026,hipLaunchKernel,ENTER,const void*=0x7fe663154280; dim3=dim3(0x13600000136); dim3=dim3(0x1); void**=0x2000000020,,0
2025-10-01 16:49:38.566,1875024,hipLaunchKernel,LEAVE,const void*=0x7fe663154280; dim3=dim3(0x13600000136); dim3=dim3(0x1); void**=0x2000000020,NULL,0
2025-10-01 16:49:38.566,1875024,hipGetLastError,ENTER,,,0
2025-10-01 16:49:38.566,1875024,hipGetLastError,LEAVE,,NULL,0
2025-10-01 16:49:38.566,1875024,hipLaunchKernel,ENTER,const void*=0x7fe663154280; dim3=dim3(0x13600000136); dim3=dim3(0x1); void**=0x2000000020,,0
2025-10-01 16:49:38.567,1875026,hipLaunchKernel,LEAVE,const void*=0x7fe663154280; dim3=dim3(0x13600000136); dim3=dim3(0x1); void**=0x2000000020,NULL,1
2025-10-01 16:49:38.567,1875026,hipGetLastError,ENTER,,,0
2025-10-01 16:49:38.567,1875026,hipGetLastError,LEAVE,,NULL,0
2025-10-01 16:49:38.567,1875026,hipStreamSynchronize,ENTER,hipStream_t=0x7fa5dc001290,,0
2025-10-01 16:49:38.567,1875024,hipLaunchKernel,LEAVE,const void*=0x7fe663154280; dim3=dim3(0x13600000136); dim3=dim3(0x1); void**=0x2000000020,NULL,0
2025-10-01 16:49:38.567,1875024,hipGetLastError,ENTER,,,0
2025-10-01 16:49:38.567,1875024,hipGetLastError,LEAVE,,NULL,0
2025-10-01 16:49:38.567,1875024,hipLaunchKernel,ENTER,const void*=0x7fe663154280; dim3=dim3(0x13600000136); dim3=dim3(0x1); void**=0x2000000020,,0
2025-10-01 16:49:38.567,1875026,hipStreamSynchronize,LEAVE,hipStream_t=0x7fa5dc001290,NULL,0
2025-10-01 16:49:38.567,1875026,hipLaunchKernel,ENTER,const void*=0x7fe663154280; dim3=dim3(0x13600000136); dim3=dim3(0x1); void**=0x2000000020,,0
2025-10-01 16:49:38.568,1875024,hipLaunchKernel,LEAVE,const void*=0x7fe663154280; dim3=dim3(0x13600000136); dim3=dim3(0x1); void**=0x2000000020,NULL,1
2025-10-01 16:49:38.568,1875024,hipGetLastError,ENTER,,,0
2025-10-01 16:49:38.568,1875024,hipGetLastError,LEAVE,,NULL,0
2025-10-01 16:49:38.568,1875024,hipLaunchKernel,ENTER,const void*=0x7fe663154280; dim3=dim3(0x13600000136); dim3=dim3(0x1); void**=0x2000000020,,0
2025-10-01 16:49:38.568,1875026,hipLaunchKernel,LEAVE,const void*=0x7fe663154280; dim3=dim3(0x13600000136); dim3=dim3(0x1); void**=0x2000000020,NULL,0
2025-10-01 16:49:38.568,1875026,hipGetLastError,ENTER,,,0
2025-10-01 16:49:38.568,1875026,hipGetLastError,LEAVE,,NULL,0
2025-10-01 16:49:38.568,1875026,hipLaunchKernel,ENTER,const void*=0x7fe663154280; dim3=dim3(0x13600000136); dim3=dim3(0x1); void**=0x2000000020,,0
2025-10-01 16:49:38.568,1875024,hipLaunchKernel,LEAVE,const void*=0x7fe663154280; dim3=dim3(0x13600000136); dim3=dim3(0x1); void**=0x2000000020,NULL,0
2025-10-01 16:49:38.568,1875024,hipGetLastError,ENTER,,,0
2025-10-01 16:49:38.568,1875024,hipGetLastError,LEAVE,,NULL,0
2025-10-01 16:49:38.568,1875024,hipStreamSynchronize,ENTER,hipStream_t=0x7fa5ec002730,,0
2025-10-01 16:49:38.569,1875026,hipLaunchKernel,LEAVE,const void*=0x7fe663154280; dim3=dim3(0x13600000136); dim3=dim3(0x1); void**=0x2000000020,NULL,1
2025-10-01 16:49:38.569,1875026,hipGetLastError,ENTER,,,0
2025-10-01 16:49:38.569,1875026,hipGetLastError,LEAVE,,NULL,0
2025-10-01 16:49:38.569,1875026,hipLaunchKernel,ENTER,const void*=0x7fe663154280; dim3=dim3(0x13600000136); dim3=dim3(0x1); void**=0x2000000020,,0
2025-10-01 16:49:38.569,1875024,hipStreamSynchronize,LEAVE,hipStream_t=0x7fa5ec002730,NULL,0
2025-10-01 16:49:38.569,1875024,hipLaunchKernel,ENTER,const void*=0x7fe663154280; dim3=dim3(0x13600000136); dim3=dim3(0x1); void**=0x2000000020,,0
2025-10-01 16:49:38.569,1875026,hipLaunchKernel,LEAVE,const void*=0x7fe663154280; dim3=dim3(0x13600000136); dim3=dim3(0x1); void**=0x2000000020,NULL,0
2025-10-01 16:49:38.569,1875026,hipGetLastError,ENTER,,,0
2025-10-01 16:49:38.569,1875026,hipGetLastError,LEAVE,,NULL,0
2025-10-01 16:49:38.569,1875026,hipLaunchKernel,ENTER,const void*=0x7fe663154280; dim3=dim3(0x13600000136); dim3=dim3(0x1); void**=0x2000000020,,0
2025-10-01 16:49:38.569,1875024,hipLaunchKernel,LEAVE,const void*=0x7fe663154280; dim3=dim3(0x13600000136); dim3=dim3(0x1); void**=0x2000000020,NULL,0
2025-10-01 16:49:38.570,1875024,hipGetLastError,ENTER,,,0
2025-10-01 16:49:38.570,1875024,hipGetLastError,LEAVE,,NULL,0
2025-10-01 16:49:38.570,1875024,hipLaunchKernel,ENTER,const void*=0x7fe663154280; dim3=dim3(0x13600000136); dim3=dim3(0x1); void**=0x2000000020,,0
2025-10-01 16:49:38.570,1875026,hipLaunchKernel,LEAVE,const void*=0x7fe663154280; dim3=dim3(0x13600000136); dim3=dim3(0x1); void**=0x2000000020,NULL,1
2025-10-01 16:49:38.570,1875026,hipGetLastError,ENTER,,,0
2025-10-01 16:49:38.570,1875026,hipGetLastError,LEAVE,,NULL,0
2025-10-01 16:49:38.570,1875026,hipLaunchKernel,ENTER,const void*=0x7fe663154280; dim3=dim3(0x13600000136); dim3=dim3(0x1); void**=0x2000000020,,0
2025-10-01 16:49:38.570,1875024,hipLaunchKernel,LEAVE,const void*=0x7fe663154280; dim3=dim3(0x13600000136); dim3=dim3(0x1); void**=0x2000000020,NULL,0
2025-10-01 16:49:38.570,1875024,hipGetLastError,ENTER,,,0
2025-10-01 16:49:38.570,1875024,hipGetLastError,LEAVE,,NULL,0
2025-10-01 16:49:38.570,1875024,hipLaunchKernel,ENTER,const void*=0x7fe663154280; dim3=dim3(0x13600000136); dim3=dim3(0x1); void**=0x2000000020,,0
2025-10-01 16:49:38.570,1875026,hipLaunchKernel,LEAVE,const void*=0x7fe663154280; dim3=dim3(0x13600000136); dim3=dim3(0x1); void**=0x2000000020,NULL,0
2025-10-01 16:49:38.570,1875026,hipGetLastError,ENTER,,,0
2025-10-01 16:49:38.571,1875026,hipGetLastError,LEAVE,,NULL,0
2025-10-01 16:49:38.571,1875026,hipLaunchKernel,ENTER,const void*=0x7fe663154280; dim3=dim3(0x13600000136); dim3=dim3(0x1); void**=0x2000000020,,0
2025-10-01 16:49:38.571,1875024,hipLaunchKernel,LEAVE,const void*=0x7fe663154280; dim3=dim3(0x13600000136); dim3=dim3(0x1); void**=0x2000000020,NULL,1
2025-10-01 16:49:38.571,1875024,hipGetLastError,ENTER,,,0
2025-10-01 16:49:38.571,1875024,hipGetLastError,LEAVE,,NULL,0
2025-10-01 16:49:38.571,1875024,hipLaunchKernel,ENTER,const void*=0x7fe663154280; dim3=dim3(0x13600000136); dim3=dim3(0x1); void**=0x2000000020,,0
2025-10-01 16:49:38.571,1875026,hipLaunchKernel,LEAVE,const void*=0x7fe663154280; dim3=dim3(0x13600000136); dim3=dim3(0x1); void**=0x2000000020,NULL,0
2025-10-01 16:49:38.571,1875026,hipGetLastError,ENTER,,,0
2025-10-01 16:49:38.571,1875026,hipGetLastError,LEAVE,,NULL,0
2025-10-01 16:49:38.571,1875026,hipLaunchKernel,ENTER,const void*=0x7fe663154280; dim3=dim3(0x13600000136); dim3=dim3(0x1); void**=0x2000000020,,0
2025-10-01 16:49:38.571,1875024,hipLaunchKernel,LEAVE,const void*=0x7fe663154280; dim3=dim3(0x13600000136); dim3=dim3(0x1); void**=0x2000000020,NULL,0
2025-10-01 16:49:38.571,1875024,hipGetLastError,ENTER,,,0
2025-10-01 16:49:38.572,1875024,hipGetLastError,LEAVE,,NULL,0
2025-10-01 16:49:38.572,1875024,hipLaunchKernel,ENTER,const void*=0x7fe663154280; dim3=dim3(0x13600000136); dim3=dim3(0x1); void**=0x2000000020,,0
2025-10-01 16:49:38.572,1875026,hipLaunchKernel,LEAVE,const void*=0x7fe663154280; dim3=dim3(0x13600000136); dim3=dim3(0x1); void**=0x2000000020,NULL,1
2025-10-01 16:49:38.572,1875026,hipGetLastError,ENTER,,,0
2025-10-01 16:49:38.572,1875026,hipGetLastError,LEAVE,,NULL,0
2025-10-01 16:49:38.572,1875026,hipLaunchKernel,ENTER,const void*=0x7fe663154280; dim3=dim3(0x13600000136); dim3=dim3(0x1); void**=0x2000000020,,0
2025-10-01 16:49:38.572,1875024,hipLaunchKernel,LEAVE,const void*=0x7fe663154280; dim3=dim3(0x13600000136); dim3=dim3(0x1); void**=0x2000000020,NULL,0
2025-10-01 16:49:38.572,1875024,hipGetLastError,ENTER,,,0
2025-10-01 16:49:38.572,1875024,hipGetLastError,LEAVE,,NULL,0
2025-10-01 16:49:38.572,1875024,hipLaunchKernel,ENTER,const void*=0x7fe663154280; dim3=dim3(0x13600000136); dim3=dim3(0x1); void**=0x2000000020,,0
2025-10-01 16:49:38.572,1875026,hipLaunchKernel,LEAVE,const void*=0x7fe663154280; dim3=dim3(0x13600000136); dim3=dim3(0x1); void**=0x2000000020,NULL,0
2025-10-01 16:49:38.572,1875026,hipGetLastError,ENTER,,,0
2025-10-01 16:49:38.572,1875026,hipGetLastError,LEAVE,,NULL,0
2025-10-01 16:49:38.573,1875026,hipLaunchKernel,ENTER,const void*=0x7fe663154280; dim3=dim3(0x13600000136); dim3=dim3(0x1); void**=0x2000000020,,0
2025-10-01 16:49:38.573,1875024,hipLaunchKernel,LEAVE,const void*=0x7fe663154280; dim3=dim3(0x13600000136); dim3=dim3(0x1); void**=0x2000000020,NULL,1
2025-10-01 16:49:38.573,1875024,hipGetLastError,ENTER,,,0
2025-10-01 16:49:38.573,1875024,hipGetLastError,LEAVE,,NULL,0
2025-10-01 16:49:38.573,1875024,hipLaunchKernel,ENTER,const void*=0x7fe663154280; dim3=dim3(0x13600000136); dim3=dim3(0x1); void**=0x2000000020,,0
2025-10-01 16:49:38.573,1875026,hipLaunchKernel,LEAVE,const void*=0x7fe663154280; dim3=dim3(0x13600000136); dim3=dim3(0x1); void**=0x2000000020,NULL,0
2025-10-01 16:49:38.573,1875026,hipGetLastError,ENTER,,,0
2025-10-01 16:49:38.573,1875026,hipGetLastError,LEAVE,,NULL,0
2025-10-01 16:49:38.573,1875026,hipLaunchKernel,ENTER,const void*=0x7fe663154280; dim3=dim3(0x13600000136); dim3=dim3(0x1); void**=0x2000000020,,0
2025-10-01 16:49:38.573,1875024,hipLaunchKernel,LEAVE,const void*=0x7fe663154280; dim3=dim3(0x13600000136); dim3=dim3(0x1); void**=0x2000000020,NULL,0
2025-10-01 16:49:38.573,1875024,hipGetLastError,ENTER,,,0
2025-10-01 16:49:38.573,1875024,hipGetLastError,LEAVE,,NULL,0
2025-10-01 16:49:38.574,1875024,hipLaunchKernel,ENTER,const void*=0x7fe663154280; dim3=dim3(0x13600000136); dim3=dim3(0x1); void**=0x2000000020,,0
2025-10-01 16:49:38.574,1875026,hipLaunchKernel,LEAVE,const void*=0x7fe663154280; dim3=dim3(0x13600000136); dim3=dim3(0x1); void**=0x2000000020,NULL,1
2025-10-01 16:49:38.574,1875026,hipGetLastError,ENTER,,,0
2025-10-01 16:49:38.574,1875026,hipGetLastError,LEAVE,,NULL,0
2025-10-01 16:49:38.574,1875026,hipStreamSynchronize,ENTER,hipStream_t=0x7fa5dc001290,,0
2025-10-01 16:49:38.574,1875024,hipLaunchKernel,LEAVE,const void*=0x7fe663154280; dim3=dim3(0x13600000136); dim3=dim3(0x1); void**=0x2000000020,NULL,0
2025-10-01 16:49:38.574,1875024,hipGetLastError,ENTER,,,0
2025-10-01 16:49:38.574,1875024,hipGetLastError,LEAVE,,NULL,0
2025-10-01 16:49:38.574,1875024,hipLaunchKernel,ENTER,const void*=0x7fe663154280; dim3=dim3(0x13600000136); dim3=dim3(0x1); void**=0x2000000020,,0
2025-10-01 16:49:38.574,1875026,hipStreamSynchronize,LEAVE,hipStream_t=0x7fa5dc001290,NULL,0
2025-10-01 16:49:38.574,1875026,hipLaunchKernel,ENTER,const void*=0x7fe663154280; dim3=dim3(0x13600000136); dim3=dim3(0x1); void**=0x2000000020,,0
2025-10-01 16:49:38.574,1875024,hipLaunchKernel,LEAVE,const void*=0x7fe663154280; dim3=dim3(0x13600000136); dim3=dim3(0x1); void**=0x2000000020,NULL,0
2025-10-01 16:49:38.575,1875024,hipGetLastError,ENTER,,,0
2025-10-01 16:49:38.575,1875024,hipGetLastError,LEAVE,,NULL,0
2025-10-01 16:49:38.575,1875024,hipLaunchKernel,ENTER,const void*=0x7fe663154280; dim3=dim3(0x13600000136); dim3=dim3(0x1); void**=0x2000000020,,0
2025-10-01 16:49:38.575,1875026,hipLaunchKernel,LEAVE,const void*=0x7fe663154280; dim3=dim3(0x13600000136); dim3=dim3(0x1); void**=0x2000000020,NULL,1
2025-10-01 16:49:38.575,1875026,hipGetLastError,ENTER,,,0
2025-10-01 16:49:38.575,1875026,hipGetLastError,LEAVE,,NULL,0
2025-10-01 16:49:38.575,1875026,hipLaunchKernel,ENTER,const void*=0x7fe663154280; dim3=dim3(0x13600000136); dim3=dim3(0x1); void**=0x2000000020,,0
2025-10-01 16:49:38.575,1875024,hipLaunchKernel,LEAVE,const void*=0x7fe663154280; dim3=dim3(0x13600000136); dim3=dim3(0x1); void**=0x2000000020,NULL,0
2025-10-01 16:49:38.575,1875024,hipGetLastError,ENTER,,,0
2025-10-01 16:49:38.575,1875024,hipGetLastError,LEAVE,,NULL,0
2025-10-01 16:49:38.575,1875024,hipStreamSynchronize,ENTER,hipStream_t=0x7fa5ec002730,,0
2025-10-01 16:49:38.575,1875026,hipLaunchKernel,LEAVE,const void*=0x7fe663154280; dim3=dim3(0x13600000136); dim3=dim3(0x1); void**=0x2000000020,NULL,0
2025-10-01 16:49:38.575,1875026,hipGetLastError,ENTER,,,0
2025-10-01 16:49:38.576,1875026,hipGetLastError,LEAVE,,NULL,0
2025-10-01 16:49:38.576,1875026,hipLaunchKernel,ENTER,const void*=0x7fe663154280; dim3=dim3(0x13600000136); dim3=dim3(0x1); void**=0x2000000020,,0
2025-10-01 16:49:38.576,1875024,hipStreamSynchronize,LEAVE,hipStream_t=0x7fa5ec002730,NULL,1
2025-10-01 16:49:38.576,1875024,hipLaunchKernel,ENTER,const void*=0x7fe663154280; dim3=dim3(0x13600000136); dim3=dim3(0x1); void**=0x2000000020,,0
2025-10-01 16:49:38.576,1875026,hipLaunchKernel,LEAVE,const void*=0x7fe663154280; dim3=dim3(0x13600000136); dim3=dim3(0x1); void**=0x2000000020,NULL,0
2025-10-01 16:49:38.576,1875026,hipGetLastError,ENTER,,,0
2025-10-01 16:49:38.576,1875026,hipGetLastError,LEAVE,,NULL,0
2025-10-01 16:49:38.576,1875026,hipLaunchKernel,ENTER,const void*=0x7fe663154280; dim3=dim3(0x13600000136); dim3=dim3(0x1); void**=0x2000000020,,0
2025-10-01 16:49:38.576,1875024,hipLaunchKernel,LEAVE,const void*=0x7fe663154280; dim3=dim3(0x13600000136); dim3=dim3(0x1); void**=0x2000000020,NULL,0
2025-10-01 16:49:38.576,1875024,hipGetLastError,ENTER,,,0
2025-10-01 16:49:38.576,1875024,hipGetLastError,LEAVE,,NULL,0
2025-10-01 16:49:38.576,1875024,hipLaunchKernel,ENTER,const void*=0x7fe663154280; dim3=dim3(0x13600000136); dim3=dim3(0x1); void**=0x2000000020,,0
2025-10-01 16:49:38.577,1875026,hipLaunchKernel,LEAVE,const void*=0x7fe663154280; dim3=dim3(0x13600000136); dim3=dim3(0x1); void**=0x2000000020,NULL,1
2025-10-01 16:49:38.577,1875026,hipGetLastError,ENTER,,,0
2025-10-01 16:49:38.577,1875026,hipGetLastError,LEAVE,,NULL,0
2025-10-01 16:49:38.577,1875026,hipLaunchKernel,ENTER,const void*=0x7fe663154280; dim3=dim3(0x13600000136); dim3=dim3(0x1); void**=0x2000000020,,0
2025-10-01 16:49:38.577,1875024,hipLaunchKernel,LEAVE,const void*=0x7fe663154280; dim3=dim3(0x13600000136); dim3=dim3(0x1); void**=0x2000000020,NULL,0
2025-10-01 16:49:38.577,1875024,hipGetLastError,ENTER,,,0
2025-10-01 16:49:38.577,1875024,hipGetLastError,LEAVE,,NULL,0
2025-10-01 16:49:38.577,1875024,hipLaunchKernel,ENTER,const void*=0x7fe663154280; dim3=dim3(0x13600000136); dim3=dim3(0x1); void**=0x2000000020,,0
2025-10-01 16:49:38.577,1875026,hipLaunchKernel,LEAVE,const void*=0x7fe663154280; dim3=dim3(0x13600000136); dim3=dim3(0x1); void**=0x2000000020,NULL,0
2025-10-01 16:49:38.577,1875026,hipGetLastError,ENTER,,,0
2025-10-01 16:49:38.577,1875026,hipGetLastError,LEAVE,,NULL,0
2025-10-01 16:49:38.577,1875026,hipLaunchKernel,ENTER,const void*=0x7fe663154280; dim3=dim3(0x13600000136); dim3=dim3(0x1); void**=0x2000000020,,0
2025-10-01 16:49:38.578,1875024,hipLaunchKernel,LEAVE,const void*=0x7fe663154280; dim3=dim3(0x13600000136); dim3=dim3(0x1); void**=0x2000000020,NULL,1
2025-10-01 16:49:38.578,1875024,hipGetLastError,ENTER,,,0
2025-10-01 16:49:38.578,1875024,hipGetLastError,LEAVE,,NULL,0
2025-10-01 16:49:38.578,1875024,hipLaunchKernel,ENTER,const void*=0x7fe663154280; dim3=dim3(0x13600000136); dim3=dim3(0x1); void**=0x2000000020,,0
2025-10-01 16:49:38.578,1875026,hipLaunchKernel,LEAVE,const void*=0x7fe663154280; dim3=dim3(0x13600000136); dim3=dim3(0x1); void**=0x2000000020,NULL,0
2025-10-01 16:49:38.578,1875026,hipGetLastError,ENTER,,,0
2025-10-01 16:49:38.578,1875026,hipGetLastError,LEAVE,,NULL,0
2025-10-01 16:49:38.578,1875026,hipLaunchKernel,ENTER,const void*=0x7fe663154280; dim3=dim3(0x13600000136); dim3=dim3(0x1); void**=0x2000000020,,0
2025-10-01 16:49:38.578,1875024,hipLaunchKernel,LEAVE,const void*=0x7fe663154280; dim3=dim3(0x13600000136); dim3=dim3(0x1); void**=0x2000000020,NULL,0
2025-10-01 16:49:38.578,1875024,hipGetLastError,ENTER,,,0
2025-10-01 16:49:38.578,1875024,hipGetLastError,LEAVE,,NULL,0
2025-10-01 16:49:38.578,1875024,hipLaunchKernel,ENTER,const void*=0x7fe663154280; dim3=dim3(0x13600000136); dim3=dim3(0x1); void**=0x2000000020,,0
2025-10-01 16:49:38.579,1875026,hipLaunchKernel,LEAVE,const void*=0x7fe663154280; dim3=dim3(0x13600000136); dim3=dim3(0x1); void**=0x2000000020,NULL,1
2025-10-01 16:49:38.579,1875026,hipGetLastError,ENTER,,,0
2025-10-01 16:49:38.579,1875026,hipGetLastError,LEAVE,,NULL,0
2025-10-01 16:49:38.579,1875026,hipLaunchKernel,ENTER,const void*=0x7fe663154280; dim3=dim3(0x13600000136); dim3=dim3(0x1); void**=0x2000000020,,0
2025-10-01 16:49:38.579,1875024,hipLaunchKernel,LEAVE,const void*=0x7fe663154280; dim3=dim3(0x13600000136); dim3=dim3(0x1); void**=0x2000000020,NULL,0
2025-10-01 16:49:38.579,1875024,hipGetLastError,ENTER,,,0
2025-10-01 16:49:38.579,1875024,hipGetLastError,LEAVE,,NULL,0
2025-10-01 16:49:38.579,1875024,hipLaunchKernel,ENTER,const void*=0x7fe663154280; dim3=dim3(0x13600000136); dim3=dim3(0x1); void**=0x2000000020,,0
2025-10-01 16:49:38.579,1875026,hipLaunchKernel,LEAVE,const void*=0x7fe663154280; dim3=dim3(0x13600000136); dim3=dim3(0x1); void**=0x2000000020,NULL,0
2025-10-01 16:49:38.579,1875026,hipGetLastError,ENTER,,,0
2025-10-01 16:49:38.579,1875026,hipGetLastError,LEAVE,,NULL,0
2025-10-01 16:49:38.579,1875026,hipLaunchKernel,ENTER,const void*=0x7fe663154280; dim3=dim3(0x13600000136); dim3=dim3(0x1); void**=0x2000000020,,0
2025-10-01 16:49:38.580,1875024,hipLaunchKernel,LEAVE,const void*=0x7fe663154280; dim3=dim3(0x13600000136); dim3=dim3(0x1); void**=0x2000000020,NULL,1
2025-10-01 16:49:38.580,1875024,hipGetLastError,ENTER,,,0
2025-10-01 16:49:38.580,1875024,hipGetLastError,LEAVE,,NULL,0
2025-10-01 16:49:38.580,1875024,hipLaunchKernel,ENTER,const void*=0x7fe663154280; dim3=dim3(0x13600000136); dim3=dim3(0x1); void**=0x2000000020,,0
2025-10-01 16:49:38.580,1875026,hipLaunchKernel,LEAVE,const void*=0x7fe663154280; dim3=dim3(0x13600000136); dim3=dim3(0x1); void**=0x2000000020,NULL,0
2025-10-01 16:49:38.580,1875026,hipGetLastError,ENTER,,,0
2025-10-01 16:49:38.580,1875026,hipGetLastError,LEAVE,,NULL,0
2025-10-01 16:49:38.580,1875026,hipLaunchKernel,ENTER,const void*=0x7fe663154280; dim3=dim3(0x13600000136); dim3=dim3(0x1); void**=0x2000000020,,0
2025-10-01 16:49:38.580,1875024,hipLaunchKernel,LEAVE,const void*=0x7fe663154280; dim3=dim3(0x13600000136); dim3=dim3(0x1); void**=0x2000000020,NULL,0
2025-10-01 16:49:38.580,1875024,hipGetLastError,ENTER,,,0
2025-10-01 16:49:38.580,1875024,hipGetLastError,LEAVE,,NULL,0
2025-10-01 16:49:38.580,1875024,hipLaunchKernel,ENTER,const void*=0x7fe663154280; dim3=dim3(0x13600000136); dim3=dim3(0x1); void**=0x2000000020,,0
2025-10-01 16:49:38.581,1875026,hipLaunchKernel,LEAVE,const void*=0x7fe663154280; dim3=dim3(0x13600000136); dim3=dim3(0x1); void**=0x2000000020,NULL,1
2025-10-01 16:49:38.581,1875026,hipGetLastError,ENTER,,,0
2025-10-01 16:49:38.581,1875026,hipGetLastError,LEAVE,,NULL,0
2025-10-01 16:49:38.581,1875026,hipStreamSynchronize,ENTER,hipStream_t=0x7fa5dc001290,,0
2025-10-01 16:49:38.581,1875024,hipLaunchKernel,LEAVE,const void*=0x7fe663154280; dim3=dim3(0x13600000136); dim3=dim3(0x1); void**=0x2000000020,NULL,0
2025-10-01 16:49:38.581,1875024,hipGetLastError,ENTER,,,0
2025-10-01 16:49:38.581,1875024,hipGetLastError,LEAVE,,NULL,0
2025-10-01 16:49:38.581,1875024,hipLaunchKernel,ENTER,const void*=0x7fe663154280; dim3=dim3(0x13600000136); dim3=dim3(0x1); void**=0x2000000020,,0
2025-10-01 16:49:38.581,1875026,hipStreamSynchronize,LEAVE,hipStream_t=0x7fa5dc001290,NULL,0
2025-10-01 16:49:38.581,1875026,hipLaunchKernel,ENTER,const void*=0x7fe663154280; dim3=dim3(0x13600000136); dim3=dim3(0x1); void**=0x2000000020,,0
2025-10-01 16:49:38.581,1875024,hipLaunchKernel,LEAVE,const void*=0x7fe663154280; dim3=dim3(0x13600000136); dim3=dim3(0x1); void**=0x2000000020,NULL,0
2025-10-01 16:49:38.581,1875024,hipGetLastError,ENTER,,,0
2025-10-01 16:49:38.582,1875024,hipGetLastError,LEAVE,,NULL,0
2025-10-01 16:49:38.582,1875024,hipLaunchKernel,ENTER,const void*=0x7fe663154280; dim3=dim3(0x13600000136); dim3=dim3(0x1); void**=0x2000000020,,0
2025-10-01 16:49:38.582,1875026,hipLaunchKernel,LEAVE,const void*=0x7fe663154280; dim3=dim3(0x13600000136); dim3=dim3(0x1); void**=0x2000000020,NULL,1
2025-10-01 16:49:38.582,1875026,hipGetLastError,ENTER,,,0
2025-10-01 16:49:38.582,1875026,hipGetLastError,LEAVE,,NULL,0
2025-10-01 16:49:38.582,1875026,hipLaunchKernel,ENTER,const void*=0x7fe663154280; dim3=dim3(0x13600000136); dim3=dim3(0x1); void**=0x2000000020,,0
2025-10-01 16:49:38.582,1875024,hipLaunchKernel,LEAVE,const void*=0x7fe663154280; dim3=dim3(0x13600000136); dim3=dim3(0x1); void**=0x2000000020,NULL,0
2025-10-01 16:49:38.582,1875024,hipGetLastError,ENTER,,,0
2025-10-01 16:49:38.582,1875024,hipGetLastError,LEAVE,,NULL,0
2025-10-01 16:49:38.582,1875024,hipStreamSynchronize,ENTER,hipStream_t=0x7fa5ec002730,,0
2025-10-01 16:49:38.582,1875026,hipLaunchKernel,LEAVE,const void*=0x7fe663154280; dim3=dim3(0x13600000136); dim3=dim3(0x1); void**=0x2000000020,NULL,0
2025-10-01 16:49:38.582,1875026,hipGetLastError,ENTER,,,0
2025-10-01 16:49:38.583,1875026,hipGetLastError,LEAVE,,NULL,0
2025-10-01 16:49:38.583,1875026,hipLaunchKernel,ENTER,const void*=0x7fe663154280; dim3=dim3(0x13600000136); dim3=dim3(0x1); void**=0x2000000020,,0
2025-10-01 16:49:38.583,1875024,hipStreamSynchronize,LEAVE,hipStream_t=0x7fa5ec002730,NULL,1
2025-10-01 16:49:38.583,1875024,hipLaunchKernel,ENTER,const void*=0x7fe663154280; dim3=dim3(0x13600000136); dim3=dim3(0x1); void**=0x2000000020,,0
2025-10-01 16:49:38.583,1875026,hipLaunchKernel,LEAVE,const void*=0x7fe663154280; dim3=dim3(0x13600000136); dim3=dim3(0x1); void**=0x2000000020,NULL,0
2025-10-01 16:49:38.583,1875026,hipGetLastError,ENTER,,,0
2025-10-01 16:49:38.583,1875026,hipGetLastError,LEAVE,,NULL,0
2025-10-01 16:49:38.583,1875026,hipLaunchKernel,ENTER,const void*=0x7fe663154280; dim3=dim3(0x13600000136); dim3=dim3(0x1); void**=0x2000000020,,0
2025-10-01 16:49:38.583,1875024,hipLaunchKernel,LEAVE,const void*=0x7fe663154280; dim3=dim3(0x13600000136); dim3=dim3(0x1); void**=0x2000000020,NULL,0
2025-10-01 16:49:38.583,1875024,hipGetLastError,ENTER,,,0
2025-10-01 16:49:38.583,1875024,hipGetLastError,LEAVE,,NULL,0
2025-10-01 16:49:38.583,1875024,hipLaunchKernel,ENTER,const void*=0x7fe663154280; dim3=dim3(0x13600000136); dim3=dim3(0x1); void**=0x2000000020,,0
2025-10-01 16:49:38.584,1875026,hipLaunchKernel,LEAVE,const void*=0x7fe663154280; dim3=dim3(0x13600000136); dim3=dim3(0x1); void**=0x2000000020,NULL,1
2025-10-01 16:49:38.584,1875026,hipGetLastError,ENTER,,,0
2025-10-01 16:49:38.584,1875026,hipGetLastError,LEAVE,,NULL,0
2025-10-01 16:49:38.584,1875026,hipLaunchKernel,ENTER,const void*=0x7fe663154280; dim3=dim3(0x13600000136); dim3=dim3(0x1); void**=0x2000000020,,0
2025-10-01 16:49:38.584,1875024,hipLaunchKernel,LEAVE,const void*=0x7fe663154280; dim3=dim3(0x13600000136); dim3=dim3(0x1); void**=0x2000000020,NULL,0
2025-10-01 16:49:38.584,1875024,hipGetLastError,ENTER,,,0
2025-10-01 16:49:38.584,1875024,hipGetLastError,LEAVE,,NULL,0
2025-10-01 16:49:38.584,1875024,hipLaunchKernel,ENTER,const void*=0x7fe663154280; dim3=dim3(0x13600000136); dim3=dim3(0x1); void**=0x2000000020,,0
2025-10-01 16:49:38.584,1875026,hipLaunchKernel,LEAVE,const void*=0x7fe663154280; dim3=dim3(0x13600000136); dim3=dim3(0x1); void**=0x2000000020,NULL,0
2025-10-01 16:49:38.584,1875026,hipGetLastError,ENTER,,,0
2025-10-01 16:49:38.584,1875026,hipGetLastError,LEAVE,,NULL,0
2025-10-01 16:49:38.584,1875026,hipLaunchKernel,ENTER,const void*=0x7fe663154280; dim3=dim3(0x13600000136); dim3=dim3(0x1); void**=0x2000000020,,0
2025-10-01 16:49:38.585,1875024,hipLaunchKernel,LEAVE,const void*=0x7fe663154280; dim3=dim3(0x13600000136); dim3=dim3(0x1); void**=0x2000000020,NULL,1
2025-10-01 16:49:38.585,1875024,hipGetLastError,ENTER,,,0
2025-10-01 16:49:38.585,1875024,hipGetLastError,LEAVE,,NULL,0
2025-10-01 16:49:38.585,1875024,hipLaunchKernel,ENTER,const void*=0x7fe663154280; dim3=dim3(0x13600000136); dim3=dim3(0x1); void**=0x2000000020,,0
2025-10-01 16:49:38.585,1875026,hipLaunchKernel,LEAVE,const void*=0x7fe663154280; dim3=dim3(0x13600000136); dim3=dim3(0x1); void**=0x2000000020,NULL,0
2025-10-01 16:49:38.585,1875026,hipGetLastError,ENTER,,,0
2025-10-01 16:49:38.585,1875026,hipGetLastError,LEAVE,,NULL,0
2025-10-01 16:49:38.585,1875026,hipLaunchKernel,ENTER,const void*=0x7fe663154280; dim3=dim3(0x13600000136); dim3=dim3(0x1); void**=0x2000000020,,0
2025-10-01 16:49:38.585,1875024,hipLaunchKernel,LEAVE,const void*=0x7fe663154280; dim3=dim3(0x13600000136); dim3=dim3(0x1); void**=0x2000000020,NULL,0
2025-10-01 16:49:38.585,1875024,hipGetLastError,ENTER,,,0
2025-10-01 16:49:38.585,1875024,hipGetLastError,LEAVE,,NULL,0
2025-10-01 16:49:38.585,1875024,hipLaunchKernel,ENTER,const void*=0x7fe663154280; dim3=dim3(0x13600000136); dim3=dim3(0x1); void**=0x2000000020,,0
2025-10-01 16:49:38.586,1875026,hipLaunchKernel,LEAVE,const void*=0x7fe663154280; dim3=dim3(0x13600000136); dim3=dim3(0x1); void**=0x2000000020,NULL,1
2025-10-01 16:49:38.586,1875026,hipGetLastError,ENTER,,,0
2025-10-01 16:49:38.586,1875026,hipGetLastError,LEAVE,,NULL,0
2025-10-01 16:49:38.586,1875026,hipLaunchKernel,ENTER,const void*=0x7fe663154280; dim3=dim3(0x13600000136); dim3=dim3(0x1); void**=0x2000000020,,0
2025-10-01 16:49:38.586,1875024,hipLaunchKernel,LEAVE,const void*=0x7fe663154280; dim3=dim3(0x13600000136); dim3=dim3(0x1); void**=0x2000000020,NULL,0
2025-10-01 16:49:38.586,1875024,hipGetLastError,ENTER,,,0
2025-10-01 16:49:38.586,1875024,hipGetLastError,LEAVE,,NULL,0
2025-10-01 16:49:38.586,1875024,hipLaunchKernel,ENTER,const void*=0x7fe663154280; dim3=dim3(0x13600000136); dim3=dim3(0x1); void**=0x2000000020,,0
2025-10-01 16:49:38.586,1875026,hipLaunchKernel,LEAVE,const void*=0x7fe663154280; dim3=dim3(0x13600000136); dim3=dim3(0x1); void**=0x2000000020,NULL,0
2025-10-01 16:49:38.586,1875026,hipGetLastError,ENTER,,,0
2025-10-01 16:49:38.586,1875026,hipGetLastError,LEAVE,,NULL,0
2025-10-01 16:49:38.586,1875026,hipLaunchKernel,ENTER,const void*=0x7fe663154280; dim3=dim3(0x13600000136); dim3=dim3(0x1); void**=0x2000000020,,0
2025-10-01 16:49:38.587,1875024,hipLaunchKernel,LEAVE,const void*=0x7fe663154280; dim3=dim3(0x13600000136); dim3=dim3(0x1); void**=0x2000000020,NULL,1
2025-10-01 16:49:38.587,1875024,hipGetLastError,ENTER,,,0
2025-10-01 16:49:38.587,1875024,hipGetLastError,LEAVE,,NULL,0
2025-10-01 16:49:38.587,1875024,hipLaunchKernel,ENTER,const void*=0x7fe663154280; dim3=dim3(0x13600000136); dim3=dim3(0x1); void**=0x2000000020,,0
2025-10-01 16:49:38.587,1875026,hipLaunchKernel,LEAVE,const void*=0x7fe663154280; dim3=dim3(0x13600000136); dim3=dim3(0x1); void**=0x2000000020,NULL,0
2025-10-01 16:49:38.587,1875026,hipGetLastError,ENTER,,,0
2025-10-01 16:49:38.587,1875026,hipGetLastError,LEAVE,,NULL,0
2025-10-01 16:49:38.587,1875026,hipLaunchKernel,ENTER,const void*=0x7fe663154280; dim3=dim3(0x13600000136); dim3=dim3(0x1); void**=0x2000000020,,0
2025-10-01 16:49:38.587,1875024,hipLaunchKernel,LEAVE,const void*=0x7fe663154280; dim3=dim3(0x13600000136); dim3=dim3(0x1); void**=0x2000000020,NULL,0
2025-10-01 16:49:38.587,1875024,hipGetLastError,ENTER,,,0
2025-10-01 16:49:38.587,1875024,hipGetLastError,LEAVE,,NULL,0
2025-10-01 16:49:38.587,1875024,hipLaunchKernel,ENTER,const void*=0x7fe663154280; dim3=dim3(0x13600000136); dim3=dim3(0x1); void**=0x2000000020,,0
2025-10-01 16:49:38.588,1875026,hipLaunchKernel,LEAVE,const void*=0x7fe663154280; dim3=dim3(0x13600000136); dim3=dim3(0x1); void**=0x2000000020,NULL,1
2025-10-01 16:49:38.588,1875026,hipGetLastError,ENTER,,,0
2025-10-01 16:49:38.588,1875026,hipGetLastError,LEAVE,,NULL,0
2025-10-01 16:49:38.588,1875026,hipStreamSynchronize,ENTER,hipStream_t=0x7fa5dc001290,,0
2025-10-01 16:49:38.588,1875024,hipLaunchKernel,LEAVE,const void*=0x7fe663154280; dim3=dim3(0x13600000136); dim3=dim3(0x1); void**=0x2000000020,NULL,0
2025-10-01 16:49:38.588,1875024,hipGetLastError,ENTER,,,0
2025-10-01 16:49:38.588,1875024,hipGetLastError,LEAVE,,NULL,0
2025-10-01 16:49:38.588,1875024,hipLaunchKernel,ENTER,const void*=0x7fe663154280; dim3=dim3(0x13600000136); dim3=dim3(0x1); void**=0x2000000020,,0
2025-10-01 16:49:38.588,1875026,hipStreamSynchronize,LEAVE,hipStream_t=0x7fa5dc001290,NULL,0
2025-10-01 16:49:38.588,1875026,hipLaunchKernel,ENTER,const void*=0x7fe663154280; dim3=dim3(0x13600000136); dim3=dim3(0x1); void**=0x2000000020,,0
2025-10-01 16:49:38.588,1875024,hipLaunchKernel,LEAVE,const void*=0x7fe663154280; dim3=dim3(0x13600000136); dim3=dim3(0x1); void**=0x2000000020,NULL,0
2025-10-01 16:49:38.589,1875024,hipGetLastError,ENTER,,,0
2025-10-01 16:49:38.589,1875024,hipGetLastError,LEAVE,,NULL,0
2025-10-01 16:49:38.589,1875024,hipLaunchKernel,ENTER,const void*=0x7fe663154280; dim3=dim3(0x13600000136); dim3=dim3(0x1); void**=0x2000000020,,0
2025-10-01 16:49:38.589,1875026,hipLaunchKernel,LEAVE,const void*=0x7fe663154280; dim3=dim3(0x13600000136); dim3=dim3(0x1); void**=0x2000000020,NULL,1
2025-10-01 16:49:38.589,1875026,hipGetLastError,ENTER,,,0
2025-10-01 16:49:38.589,1875026,hipGetLastError,LEAVE,,NULL,0
2025-10-01 16:49:38.589,1875026,hipLaunchKernel,ENTER,const void*=0x7fe663154280; dim3=dim3(0x13600000136); dim3=dim3(0x1); void**=0x2000000020,,0
2025-10-01 16:49:38.589,1875024,hipLaunchKernel,LEAVE,const void*=0x7fe663154280; dim3=dim3(0x13600000136); dim3=dim3(0x1); void**=0x2000000020,NULL,0
2025-10-01 16:49:38.589,1875024,hipGetLastError,ENTER,,,0
2025-10-01 16:49:38.589,1875024,hipGetLastError,LEAVE,,NULL,0
2025-10-01 16:49:38.589,1875024,hipStreamSynchronize,ENTER,hipStream_t=0x7fa5ec002730,,0
2025-10-01 16:49:38.589,1875026,hipLaunchKernel,LEAVE,const void*=0x7fe663154280; dim3=dim3(0x13600000136); dim3=dim3(0x1); void**=0x2000000020,NULL,0
2025-10-01 16:49:38.589,1875026,hipGetLastError,ENTER,,,0
2025-10-01 16:49:38.590,1875026,hipGetLastError,LEAVE,,NULL,0
2025-10-01 16:49:38.590,1875026,hipLaunchKernel,ENTER,const void*=0x7fe663154280; dim3=dim3(0x13600000136); dim3=dim3(0x1); void**=0x2000000020,,0
2025-10-01 16:49:38.590,1875024,hipStreamSynchronize,LEAVE,hipStream_t=0x7fa5ec002730,NULL,1
2025-10-01 16:49:38.590,1875024,hipLaunchKernel,ENTER,const void*=0x7fe663154280; dim3=dim3(0x13600000136); dim3=dim3(0x1); void**=0x2000000020,,0
2025-10-01 16:49:38.590,1875026,hipLaunchKernel,LEAVE,const void*=0x7fe663154280; dim3=dim3(0x13600000136); dim3=dim3(0x1); void**=0x2000000020,NULL,0
2025-10-01 16:49:38.590,1875026,hipGetLastError,ENTER,,,0
2025-10-01 16:49:38.590,1875026,hipGetLastError,LEAVE,,NULL,0
2025-10-01 16:49:38.590,1875026,hipLaunchKernel,ENTER,const void*=0x7fe663154280; dim3=dim3(0x13600000136); dim3=dim3(0x1); void**=0x2000000020,,0
2025-10-01 16:49:38.590,1875024,hipLaunchKernel,LEAVE,const void*=0x7fe663154280; dim3=dim3(0x13600000136); dim3=dim3(0x1); void**=0x2000000020,NULL,0
2025-10-01 16:49:38.590,1875024,hipGetLastError,ENTER,,,0
2025-10-01 16:49:38.590,1875024,hipGetLastError,LEAVE,,NULL,0
2025-10-01 16:49:38.590,1875024,hipLaunchKernel,ENTER,const void*=0x7fe663154280; dim3=dim3(0x13600000136); dim3=dim3(0x1); void**=0x2000000020,,0
2025-10-01 16:49:38.591,1875026,hipLaunchKernel,LEAVE,const void*=0x7fe663154280; dim3=dim3(0x13600000136); dim3=dim3(0x1); void**=0x2000000020,NULL,1
2025-10-01 16:49:38.591,1875026,hipGetLastError,ENTER,,,0
2025-10-01 16:49:38.591,1875026,hipGetLastError,LEAVE,,NULL,0
2025-10-01 16:49:38.591,1875026,hipLaunchKernel,ENTER,const void*=0x7fe663154280; dim3=dim3(0x13600000136); dim3=dim3(0x1); void**=0x2000000020,,0
2025-10-01 16:49:38.591,1875024,hipLaunchKernel,LEAVE,const void*=0x7fe663154280; dim3=dim3(0x13600000136); dim3=dim3(0x1); void**=0x2000000020,NULL,0
2025-10-01 16:49:38.591,1875024,hipGetLastError,ENTER,,,0
2025-10-01 16:49:38.591,1875024,hipGetLastError,LEAVE,,NULL,0
2025-10-01 16:49:38.591,1875024,hipLaunchKernel,ENTER,const void*=0x7fe663154280; dim3=dim3(0x13600000136); dim3=dim3(0x1); void**=0x2000000020,,0
2025-10-01 16:49:38.591,1875026,hipLaunchKernel,LEAVE,const void*=0x7fe663154280; dim3=dim3(0x13600000136); dim3=dim3(0x1); void**=0x2000000020,NULL,0
2025-10-01 16:49:38.591,1875026,hipGetLastError,ENTER,,,0
2025-10-01 16:49:38.591,1875026,hipGetLastError,LEAVE,,NULL,0
2025-10-01 16:49:38.591,1875026,hipLaunchKernel,ENTER,const void*=0x7fe663154280; dim3=dim3(0x13600000136); dim3=dim3(0x1); void**=0x2000000020,,0
2025-10-01 16:49:38.592,1875024,hipLaunchKernel,LEAVE,const void*=0x7fe663154280; dim3=dim3(0x13600000136); dim3=dim3(0x1); void**=0x2000000020,NULL,1
2025-10-01 16:49:38.592,1875024,hipGetLastError,ENTER,,,0
2025-10-01 16:49:38.592,1875024,hipGetLastError,LEAVE,,NULL,0
2025-10-01 16:49:38.592,1875024,hipLaunchKernel,ENTER,const void*=0x7fe663154280; dim3=dim3(0x13600000136); dim3=dim3(0x1); void**=0x2000000020,,0
2025-10-01 16:49:38.592,1875026,hipLaunchKernel,LEAVE,const void*=0x7fe663154280; dim3=dim3(0x13600000136); dim3=dim3(0x1); void**=0x2000000020,NULL,0
2025-10-01 16:49:38.592,1875026,hipGetLastError,ENTER,,,0
2025-10-01 16:49:38.592,1875026,hipGetLastError,LEAVE,,NULL,0
2025-10-01 16:49:38.592,1875026,hipLaunchKernel,ENTER,const void*=0x7fe663154280; dim3=dim3(0x13600000136); dim3=dim3(0x1); void**=0x2000000020,,0
2025-10-01 16:49:38.592,1875024,hipLaunchKernel,LEAVE,const void*=0x7fe663154280; dim3=dim3(0x13600000136); dim3=dim3(0x1); void**=0x2000000020,NULL,0
2025-10-01 16:49:38.592,1875024,hipGetLastError,ENTER,,,0
2025-10-01 16:49:38.592,1875024,hipGetLastError,LEAVE,,NULL,0
2025-10-01 16:49:38.592,1875024,hipLaunchKernel,ENTER,const void*=0x7fe663154280; dim3=dim3(0x13600000136); dim3=dim3(0x1); void**=0x2000000020,,0
2025-10-01 16:49:38.593,1875026,hipLaunchKernel,LEAVE,const void*=0x7fe663154280; dim3=dim3(0x13600000136); dim3=dim3(0x1); void**=0x2000000020,NULL,1
2025-10-01 16:49:38.593,1875026,hipGetLastError,ENTER,,,0
2025-10-01 16:49:38.593,1875026,hipGetLastError,LEAVE,,NULL,0
2025-10-01 16:49:38.593,1875026,hipLaunchKernel,ENTER,const void*=0x7fe663154280; dim3=dim3(0x13600000136); dim3=dim3(0x1); void**=0x2000000020,,0
2025-10-01 16:49:38.593,1875024,hipLaunchKernel,LEAVE,const void*=0x7fe663154280; dim3=dim3(0x13600000136); dim3=dim3(0x1); void**=0x2000000020,NULL,0
2025-10-01 16:49:38.593,1875024,hipGetLastError,ENTER,,,0
2025-10-01 16:49:38.593,1875024,hipGetLastError,LEAVE,,NULL,0
2025-10-01 16:49:38.593,1875024,hipLaunchKernel,ENTER,const void*=0x7fe663154280; dim3=dim3(0x13600000136); dim3=dim3(0x1); void**=0x2000000020,,0
2025-10-01 16:49:38.593,1875026,hipLaunchKernel,LEAVE,const void*=0x7fe663154280; dim3=dim3(0x13600000136); dim3=dim3(0x1); void**=0x2000000020,NULL,0
2025-10-01 16:49:38.593,1875026,hipGetLastError,ENTER,,,0
2025-10-01 16:49:38.593,1875026,hipGetLastError,LEAVE,,NULL,0
2025-10-01 16:49:38.593,1875026,hipLaunchKernel,ENTER,const void*=0x7fe663154280; dim3=dim3(0x13600000136); dim3=dim3(0x1); void**=0x2000000020,,0
2025-10-01 16:49:38.594,1875024,hipLaunchKernel,LEAVE,const void*=0x7fe663154280; dim3=dim3(0x13600000136); dim3=dim3(0x1); void**=0x2000000020,NULL,1
2025-10-01 16:49:38.594,1875024,hipGetLastError,ENTER,,,0
2025-10-01 16:49:38.594,1875024,hipGetLastError,LEAVE,,NULL,0
2025-10-01 16:49:38.594,1875024,hipLaunchKernel,ENTER,const void*=0x7fe663154280; dim3=dim3(0x13600000136); dim3=dim3(0x1); void**=0x2000000020,,0
2025-10-01 16:49:38.594,1875026,hipLaunchKernel,LEAVE,const void*=0x7fe663154280; dim3=dim3(0x13600000136); dim3=dim3(0x1); void**=0x2000000020,NULL,0
2025-10-01 16:49:38.594,1875026,hipGetLastError,ENTER,,,0
2025-10-01 16:49:38.594,1875026,hipGetLastError,LEAVE,,NULL,0
2025-10-01 16:49:38.594,1875026,hipLaunchKernel,ENTER,const void*=0x7fe663154280; dim3=dim3(0x13600000136); dim3=dim3(0x1); void**=0x2000000020,,0
2025-10-01 16:49:38.594,1875024,hipLaunchKernel,LEAVE,const void*=0x7fe663154280; dim3=dim3(0x13600000136); dim3=dim3(0x1); void**=0x2000000020,NULL,0
2025-10-01 16:49:38.594,1875024,hipGetLastError,ENTER,,,0
2025-10-01 16:49:38.594,1875024,hipGetLastError,LEAVE,,NULL,0
2025-10-01 16:49:38.594,1875024,hipLaunchKernel,ENTER,const void*=0x7fe663154280; dim3=dim3(0x13600000136); dim3=dim3(0x1); void**=0x2000000020,,0
2025-10-01 16:49:38.595,1875026,hipLaunchKernel,LEAVE,const void*=0x7fe663154280; dim3=dim3(0x13600000136); dim3=dim3(0x1); void**=0x2000000020,NULL,1
2025-10-01 16:49:38.595,1875026,hipGetLastError,ENTER,,,0
2025-10-01 16:49:38.595,1875026,hipGetLastError,LEAVE,,NULL,0
2025-10-01 16:49:38.595,1875026,hipStreamSynchronize,ENTER,hipStream_t=0x7fa5dc001290,,0
2025-10-01 16:49:38.595,1875024,hipLaunchKernel,LEAVE,const void*=0x7fe663154280; dim3=dim3(0x13600000136); dim3=dim3(0x1); void**=0x2000000020,NULL,0
2025-10-01 16:49:38.595,1875024,hipGetLastError,ENTER,,,0
2025-10-01 16:49:38.595,1875024,hipGetLastError,LEAVE,,NULL,0
2025-10-01 16:49:38.595,1875024,hipLaunchKernel,ENTER,const void*=0x7fe663154280; dim3=dim3(0x13600000136); dim3=dim3(0x1); void**=0x2000000020,,0
2025-10-01 16:49:38.595,1875024,hipLaunchKernel,LEAVE,const void*=0x7fe663154280; dim3=dim3(0x13600000136); dim3=dim3(0x1); void**=0x2000000020,NULL,0
2025-10-01 16:49:38.595,1875024,hipGetLastError,ENTER,,,0
2025-10-01 16:49:38.595,1875024,hipGetLastError,LEAVE,,NULL,0
2025-10-01 16:49:38.595,1875024,hipLaunchKernel,ENTER,const void*=0x7fe663154280; dim3=dim3(0x13600000136); dim3=dim3(0x1); void**=0x2000000020,,0
2025-10-01 16:49:38.595,1875024,hipLaunchKernel,LEAVE,const void*=0x7fe663154280; dim3=dim3(0x13600000136); dim3=dim3(0x1); void**=0x2000000020,NULL,0
2025-10-01 16:49:38.595,1875024,hipGetLastError,ENTER,,,0
2025-10-01 16:49:38.596,1875024,hipGetLastError,LEAVE,,NULL,0
2025-10-01 16:49:38.596,1875024,hipStreamSynchronize,ENTER,hipStream_t=0x7fa5ec002730,,0
2025-10-01 16:49:38.596,1875024,hipStreamSynchronize,LEAVE,hipStream_t=0x7fa5ec002730,NULL,0
2025-10-01 16:49:38.596,1875024,hipLaunchKernel,ENTER,const void*=0x7fe663154280; dim3=dim3(0x13600000136); dim3=dim3(0x1); void**=0x2000000020,,0
2025-10-01 16:49:38.596,1875024,hipLaunchKernel,LEAVE,const void*=0x7fe663154280; dim3=dim3(0x13600000136); dim3=dim3(0x1); void**=0x2000000020,NULL,0
2025-10-01 16:49:38.596,1875024,hipGetLastError,ENTER,,,0
2025-10-01 16:49:38.596,1875024,hipGetLastError,LEAVE,,NULL,0
2025-10-01 16:49:38.596,1875024,hipLaunchKernel,ENTER,const void*=0x7fe663154280; dim3=dim3(0x13600000136); dim3=dim3(0x1); void**=0x2000000020,,0
2025-10-01 16:49:38.596,1875024,hipLaunchKernel,LEAVE,const void*=0x7fe663154280; dim3=dim3(0x13600000136); dim3=dim3(0x1); void**=0x2000000020,NULL,0
2025-10-01 16:49:38.596,1875024,hipGetLastError,ENTER,,,0
2025-10-01 16:49:38.596,1875024,hipGetLastError,LEAVE,,NULL,0
2025-10-01 16:49:38.596,1875024,hipLaunchKernel,ENTER,const void*=0x7fe663154280; dim3=dim3(0x13600000136); dim3=dim3(0x1); void**=0x2000000020,,0
2025-10-01 16:49:38.597,1875024,hipLaunchKernel,LEAVE,const void*=0x7fe663154280; dim3=dim3(0x13600000136); dim3=dim3(0x1); void**=0x2000000020,NULL,0
2025-10-01 16:49:38.597,1875024,hipGetLastError,ENTER,,,0
2025-10-01 16:49:38.597,1875024,hipGetLastError,LEAVE,,NULL,0
2025-10-01 16:49:38.597,1875024,hipLaunchKernel,ENTER,const void*=0x7fe663154280; dim3=dim3(0x13600000136); dim3=dim3(0x1); void**=0x2000000020,,0
2025-10-01 16:49:38.597,1875024,hipLaunchKernel,LEAVE,const void*=0x7fe663154280; dim3=dim3(0x13600000136); dim3=dim3(0x1); void**=0x2000000020,NULL,0
2025-10-01 16:49:38.597,1875024,hipGetLastError,ENTER,,,0
2025-10-01 16:49:38.597,1875024,hipGetLastError,LEAVE,,NULL,0
2025-10-01 16:49:38.597,1875024,hipLaunchKernel,ENTER,const void*=0x7fe663154280; dim3=dim3(0x13600000136); dim3=dim3(0x1); void**=0x2000000020,,0
2025-10-01 16:49:38.597,1875024,hipLaunchKernel,LEAVE,const void*=0x7fe663154280; dim3=dim3(0x13600000136); dim3=dim3(0x1); void**=0x2000000020,NULL,0
2025-10-01 16:49:38.597,1875024,hipGetLastError,ENTER,,,0
2025-10-01 16:49:38.597,1875024,hipGetLastError,LEAVE,,NULL,0
2025-10-01 16:49:38.597,1875024,hipLaunchKernel,ENTER,const void*=0x7fe663154280; dim3=dim3(0x13600000136); dim3=dim3(0x1); void**=0x2000000020,,0
2025-10-01 16:49:38.598,1875024,hipLaunchKernel,LEAVE,const void*=0x7fe663154280; dim3=dim3(0x13600000136); dim3=dim3(0x1); void**=0x2000000020,NULL,0
2025-10-01 16:49:38.598,1875024,hipGetLastError,ENTER,,,0
2025-10-01 16:49:38.598,1875024,hipGetLastError,LEAVE,,NULL,0
2025-10-01 16:49:38.598,1875024,hipLaunchKernel,ENTER,const void*=0x7fe663154280; dim3=dim3(0x13600000136); dim3=dim3(0x1); void**=0x2000000020,,0
2025-10-01 16:49:38.598,1875024,hipLaunchKernel,LEAVE,const void*=0x7fe663154280; dim3=dim3(0x13600000136); dim3=dim3(0x1); void**=0x2000000020,NULL,0
2025-10-01 16:49:38.598,1875024,hipGetLastError,ENTER,,,0
2025-10-01 16:49:38.598,1875024,hipGetLastError,LEAVE,,NULL,0
2025-10-01 16:49:38.598,1875024,hipLaunchKernel,ENTER,const void*=0x7fe663154280; dim3=dim3(0x13600000136); dim3=dim3(0x1); void**=0x2000000020,,0
2025-10-01 16:49:38.599,1875024,hipLaunchKernel,LEAVE,const void*=0x7fe663154280; dim3=dim3(0x13600000136); dim3=dim3(0x1); void**=0x2000000020,NULL,0
2025-10-01 16:49:38.599,1875024,hipGetLastError,ENTER,,,0
2025-10-01 16:49:38.599,1875024,hipGetLastError,LEAVE,,NULL,0
2025-10-01 16:49:38.599,1875024,hipLaunchKernel,ENTER,const void*=0x7fe663154280; dim3=dim3(0x13600000136); dim3=dim3(0x1); void**=0x2000000020,,0
2025-10-01 16:49:38.599,1875024,hipLaunchKernel,LEAVE,const void*=0x7fe663154280; dim3=dim3(0x13600000136); dim3=dim3(0x1); void**=0x2000000020,NULL,0
2025-10-01 16:49:38.599,1875024,hipGetLastError,ENTER,,,0
2025-10-01 16:49:38.599,1875024,hipGetLastError,LEAVE,,NULL,0
2025-10-01 16:49:38.599,1875024,hipLaunchKernel,ENTER,const void*=0x7fe663154280; dim3=dim3(0x13600000136); dim3=dim3(0x1); void**=0x2000000020,,0
2025-10-01 16:49:38.599,1875024,hipLaunchKernel,LEAVE,const void*=0x7fe663154280; dim3=dim3(0x13600000136); dim3=dim3(0x1); void**=0x2000000020,NULL,0
2025-10-01 16:49:38.600,1875024,hipGetLastError,ENTER,,,0
2025-10-01 16:49:38.600,1875024,hipGetLastError,LEAVE,,NULL,0
2025-10-01 16:49:38.600,1875024,hipStreamSynchronize,ENTER,hipStream_t=0x7fa5ec002730,,0
2025-10-01 16:49:38.600,1875024,hipStreamSynchronize,LEAVE,hipStream_t=0x7fa5ec002730,NULL,0
2025-10-01 16:49:38.600,1875024,hipLaunchKernel,ENTER,const void*=0x7fe663154280; dim3=dim3(0x13600000136); dim3=dim3(0x1); void**=0x2000000020,,0
2025-10-01 16:49:38.600,1875024,hipLaunchKernel,LEAVE,const void*=0x7fe663154280; dim3=dim3(0x13600000136); dim3=dim3(0x1); void**=0x2000000020,NULL,0
2025-10-01 16:49:38.600,1875024,hipGetLastError,ENTER,,,0
2025-10-01 16:49:38.600,1875024,hipGetLastError,LEAVE,,NULL,0
2025-10-01 16:49:38.600,1875024,hipLaunchKernel,ENTER,const void*=0x7fe663154280; dim3=dim3(0x13600000136); dim3=dim3(0x1); void**=0x2000000020,,0
2025-10-01 16:49:38.601,1875024,hipLaunchKernel,LEAVE,const void*=0x7fe663154280; dim3=dim3(0x13600000136); dim3=dim3(0x1); void**=0x2000000020,NULL,0
2025-10-01 16:49:38.601,1875024,hipGetLastError,ENTER,,,0
2025-10-01 16:49:38.601,1875024,hipGetLastError,LEAVE,,NULL,0
2025-10-01 16:49:38.601,1875024,hipLaunchKernel,ENTER,const void*=0x7fe663154280; dim3=dim3(0x13600000136); dim3=dim3(0x1); void**=0x2000000020,,0
2025-10-01 16:49:38.601,1875024,hipLaunchKernel,LEAVE,const void*=0x7fe663154280; dim3=dim3(0x13600000136); dim3=dim3(0x1); void**=0x2000000020,NULL,0
2025-10-01 16:49:38.601,1875024,hipGetLastError,ENTER,,,0
2025-10-01 16:49:38.601,1875024,hipGetLastError,LEAVE,,NULL,0
2025-10-01 16:49:38.601,1875024,hipLaunchKernel,ENTER,const void*=0x7fe663154280; dim3=dim3(0x13600000136); dim3=dim3(0x1); void**=0x2000000020,,0
2025-10-01 16:49:38.602,1875024,hipLaunchKernel,LEAVE,const void*=0x7fe663154280; dim3=dim3(0x13600000136); dim3=dim3(0x1); void**=0x2000000020,NULL,0
2025-10-01 16:49:38.602,1875024,hipGetLastError,ENTER,,,0
2025-10-01 16:49:38.602,1875024,hipGetLastError,LEAVE,,NULL,0
2025-10-01 16:49:38.602,1875024,hipLaunchKernel,ENTER,const void*=0x7fe663154280; dim3=dim3(0x13600000136); dim3=dim3(0x1); void**=0x2000000020,,0
2025-10-01 16:49:38.602,1875024,hipLaunchKernel,LEAVE,const void*=0x7fe663154280; dim3=dim3(0x13600000136); dim3=dim3(0x1); void**=0x2000000020,NULL,0
2025-10-01 16:49:38.602,1875024,hipGetLastError,ENTER,,,0
2025-10-01 16:49:38.602,1875024,hipGetLastError,LEAVE,,NULL,0
2025-10-01 16:49:38.602,1875024,hipLaunchKernel,ENTER,const void*=0x7fe663154280; dim3=dim3(0x13600000136); dim3=dim3(0x1); void**=0x2000000020,,0
2025-10-01 16:49:38.603,1875024,hipLaunchKernel,LEAVE,const void*=0x7fe663154280; dim3=dim3(0x13600000136); dim3=dim3(0x1); void**=0x2000000020,NULL,0
2025-10-01 16:49:38.603,1875024,hipGetLastError,ENTER,,,0
2025-10-01 16:49:38.603,1875024,hipGetLastError,LEAVE,,NULL,0
2025-10-01 16:49:38.603,1875024,hipLaunchKernel,ENTER,const void*=0x7fe663154280; dim3=dim3(0x13600000136); dim3=dim3(0x1); void**=0x2000000020,,0
2025-10-01 16:49:38.603,1875024,hipLaunchKernel,LEAVE,const void*=0x7fe663154280; dim3=dim3(0x13600000136); dim3=dim3(0x1); void**=0x2000000020,NULL,0
2025-10-01 16:49:38.603,1875024,hipGetLastError,ENTER,,,0
2025-10-01 16:49:38.603,1875024,hipGetLastError,LEAVE,,NULL,0
2025-10-01 16:49:38.603,1875024,hipLaunchKernel,ENTER,const void*=0x7fe663154280; dim3=dim3(0x13600000136); dim3=dim3(0x1); void**=0x2000000020,,0
2025-10-01 16:49:38.604,1875024,hipLaunchKernel,LEAVE,const void*=0x7fe663154280; dim3=dim3(0x13600000136); dim3=dim3(0x1); void**=0x2000000020,NULL,0
2025-10-01 16:49:38.604,1875024,hipGetLastError,ENTER,,,0
2025-10-01 16:49:38.604,1875024,hipGetLastError,LEAVE,,NULL,0
2025-10-01 16:49:38.604,1875024,hipLaunchKernel,ENTER,const void*=0x7fe663154280; dim3=dim3(0x13600000136); dim3=dim3(0x1); void**=0x2000000020,,0
2025-10-01 16:49:38.604,1875024,hipLaunchKernel,LEAVE,const void*=0x7fe663154280; dim3=dim3(0x13600000136); dim3=dim3(0x1); void**=0x2000000020,NULL,0
2025-10-01 16:49:38.604,1875024,hipGetLastError,ENTER,,,0
2025-10-01 16:49:38.604,1875024,hipGetLastError,LEAVE,,NULL,0
2025-10-01 16:49:38.604,1875024,hipLaunchKernel,ENTER,const void*=0x7fe663154280; dim3=dim3(0x13600000136); dim3=dim3(0x1); void**=0x2000000020,,0
2025-10-01 16:49:38.605,1875024,hipLaunchKernel,LEAVE,const void*=0x7fe663154280; dim3=dim3(0x13600000136); dim3=dim3(0x1); void**=0x2000000020,NULL,0
2025-10-01 16:49:38.605,1875024,hipGetLastError,ENTER,,,0
2025-10-01 16:49:38.605,1875024,hipGetLastError,LEAVE,,NULL,0
2025-10-01 16:49:38.605,1875024,hipStreamSynchronize,ENTER,hipStream_t=0x7fa5ec002730,,0
2025-10-01 16:49:38.605,1875024,hipStreamSynchronize,LEAVE,hipStream_t=0x7fa5ec002730,NULL,0
2025-10-01 16:49:38.605,1875024,hipLaunchKernel,ENTER,const void*=0x7fe663154280; dim3=dim3(0x13600000136); dim3=dim3(0x1); void**=0x2000000020,,0
2025-10-01 16:49:38.605,1875024,hipLaunchKernel,LEAVE,const void*=0x7fe663154280; dim3=dim3(0x13600000136); dim3=dim3(0x1); void**=0x2000000020,NULL,0
2025-10-01 16:49:38.606,1875024,hipGetLastError,ENTER,,,0
2025-10-01 16:49:38.606,1875024,hipGetLastError,LEAVE,,NULL,0
2025-10-01 16:49:38.606,1875024,hipLaunchKernel,ENTER,const void*=0x7fe663154280; dim3=dim3(0x13600000136); dim3=dim3(0x1); void**=0x2000000020,,0
2025-10-01 16:49:38.606,1875024,hipLaunchKernel,LEAVE,const void*=0x7fe663154280; dim3=dim3(0x13600000136); dim3=dim3(0x1); void**=0x2000000020,NULL,0
2025-10-01 16:49:38.606,1875024,hipGetLastError,ENTER,,,0
2025-10-01 16:49:38.606,1875024,hipGetLastError,LEAVE,,NULL,0
2025-10-01 16:49:38.606,1875024,hipLaunchKernel,ENTER,const void*=0x7fe663154280; dim3=dim3(0x13600000136); dim3=dim3(0x1); void**=0x2000000020,,0
2025-10-01 16:49:38.607,1875024,hipLaunchKernel,LEAVE,const void*=0x7fe663154280; dim3=dim3(0x13600000136); dim3=dim3(0x1); void**=0x2000000020,NULL,1
2025-10-01 16:49:38.607,1875024,hipGetLastError,ENTER,,,0
2025-10-01 16:49:38.607,1875024,hipGetLastError,LEAVE,,NULL,0
2025-10-01 16:49:38.607,1875024,hipLaunchKernel,ENTER,const void*=0x7fe663154280; dim3=dim3(0x13600000136); dim3=dim3(0x1); void**=0x2000000020,,0
2025-10-01 16:49:38.607,1875024,hipLaunchKernel,LEAVE,const void*=0x7fe663154280; dim3=dim3(0x13600000136); dim3=dim3(0x1); void**=0x2000000020,NULL,0
2025-10-01 16:49:38.607,1875024,hipGetLastError,ENTER,,,0
2025-10-01 16:49:38.607,1875024,hipGetLastError,LEAVE,,NULL,0
2025-10-01 16:49:38.607,1875024,hipLaunchKernel,ENTER,const void*=0x7fe663154280; dim3=dim3(0x13600000136); dim3=dim3(0x1); void**=0x2000000020,,0
2025-10-01 16:49:38.608,1875024,hipLaunchKernel,LEAVE,const void*=0x7fe663154280; dim3=dim3(0x13600000136); dim3=dim3(0x1); void**=0x2000000020,NULL,0
2025-10-01 16:49:38.608,1875024,hipGetLastError,ENTER,,,0
2025-10-01 16:49:38.608,1875024,hipGetLastError,LEAVE,,NULL,0
2025-10-01 16:49:38.608,1875024,hipLaunchKernel,ENTER,const void*=0x7fe663154280; dim3=dim3(0x13600000136); dim3=dim3(0x1); void**=0x2000000020,,0
2025-10-01 16:49:38.608,1875024,hipLaunchKernel,LEAVE,const void*=0x7fe663154280; dim3=dim3(0x13600000136); dim3=dim3(0x1); void**=0x2000000020,NULL,0
2025-10-01 16:49:38.608,1875024,hipGetLastError,ENTER,,,0
2025-10-01 16:49:38.608,1875024,hipGetLastError,LEAVE,,NULL,0
2025-10-01 16:49:38.608,1875024,hipLaunchKernel,ENTER,const void*=0x7fe663154280; dim3=dim3(0x13600000136); dim3=dim3(0x1); void**=0x2000000020,,0
2025-10-01 16:49:38.609,1875024,hipLaunchKernel,LEAVE,const void*=0x7fe663154280; dim3=dim3(0x13600000136); dim3=dim3(0x1); void**=0x2000000020,NULL,0
2025-10-01 16:49:38.609,1875024,hipGetLastError,ENTER,,,0
2025-10-01 16:49:38.609,1875024,hipGetLastError,LEAVE,,NULL,0
2025-10-01 16:49:38.609,1875024,hipLaunchKernel,ENTER,const void*=0x7fe663154280; dim3=dim3(0x13600000136); dim3=dim3(0x1); void**=0x2000000020,,0
2025-10-01 16:49:38.609,1875024,hipLaunchKernel,LEAVE,const void*=0x7fe663154280; dim3=dim3(0x13600000136); dim3=dim3(0x1); void**=0x2000000020,NULL,0
2025-10-01 16:49:38.609,1875024,hipGetLastError,ENTER,,,0
2025-10-01 16:49:38.609,1875024,hipGetLastError,LEAVE,,NULL,0
2025-10-01 16:49:38.609,1875024,hipLaunchKernel,ENTER,const void*=0x7fe663154280; dim3=dim3(0x13600000136); dim3=dim3(0x1); void**=0x2000000020,,0
2025-10-01 16:49:38.610,1875024,hipLaunchKernel,LEAVE,const void*=0x7fe663154280; dim3=dim3(0x13600000136); dim3=dim3(0x1); void**=0x2000000020,NULL,0
2025-10-01 16:49:38.610,1875024,hipGetLastError,ENTER,,,0
2025-10-01 16:49:38.610,1875024,hipGetLastError,LEAVE,,NULL,0
2025-10-01 16:49:38.610,1875024,hipLaunchKernel,ENTER,const void*=0x7fe663154280; dim3=dim3(0x13600000136); dim3=dim3(0x1); void**=0x2000000020,,0
2025-10-01 16:49:38.610,1875024,hipLaunchKernel,LEAVE,const void*=0x7fe663154280; dim3=dim3(0x13600000136); dim3=dim3(0x1); void**=0x2000000020,NULL,0
2025-10-01 16:49:38.610,1875024,hipGetLastError,ENTER,,,0
2025-10-01 16:49:38.610,1875024,hipGetLastError,LEAVE,,NULL,0
2025-10-01 16:49:38.610,1875024,hipStreamSynchronize,ENTER,hipStream_t=0x7fa5ec002730,,0
2025-10-01 16:49:38.611,1875024,hipStreamSynchronize,LEAVE,hipStream_t=0x7fa5ec002730,NULL,0
2025-10-01 16:49:38.611,1875024,hipLaunchKernel,ENTER,const void*=0x7fe663154280; dim3=dim3(0x13600000136); dim3=dim3(0x1); void**=0x2000000020,,0
2025-10-01 16:49:38.611,1875024,hipLaunchKernel,LEAVE,const void*=0x7fe663154280; dim3=dim3(0x13600000136); dim3=dim3(0x1); void**=0x2000000020,NULL,0
2025-10-01 16:49:38.611,1875024,hipGetLastError,ENTER,,,0
2025-10-01 16:49:38.611,1875024,hipGetLastError,LEAVE,,NULL,0
2025-10-01 16:49:38.611,1875024,hipLaunchKernel,ENTER,const void*=0x7fe663154280; dim3=dim3(0x13600000136); dim3=dim3(0x1); void**=0x2000000020,,0
2025-10-01 16:49:38.611,1875024,hipLaunchKernel,LEAVE,const void*=0x7fe663154280; dim3=dim3(0x13600000136); dim3=dim3(0x1); void**=0x2000000020,NULL,0
2025-10-01 16:49:38.611,1875024,hipGetLastError,ENTER,,,0
2025-10-01 16:49:38.612,1875024,hipGetLastError,LEAVE,,NULL,0
2025-10-01 16:49:38.612,1875024,hipLaunchKernel,ENTER,const void*=0x7fe663154280; dim3=dim3(0x13600000136); dim3=dim3(0x1); void**=0x2000000020,,0
2025-10-01 16:49:38.612,1875024,hipLaunchKernel,LEAVE,const void*=0x7fe663154280; dim3=dim3(0x13600000136); dim3=dim3(0x1); void**=0x2000000020,NULL,0
2025-10-01 16:49:38.612,1875024,hipGetLastError,ENTER,,,0
2025-10-01 16:49:38.612,1875024,hipGetLastError,LEAVE,,NULL,0
2025-10-01 16:49:38.612,1875024,hipLaunchKernel,ENTER,const void*=0x7fe663154280; dim3=dim3(0x13600000136); dim3=dim3(0x1); void**=0x2000000020,,0
2025-10-01 16:49:38.612,1875024,hipLaunchKernel,LEAVE,const void*=0x7fe663154280; dim3=dim3(0x13600000136); dim3=dim3(0x1); void**=0x2000000020,NULL,0
2025-10-01 16:49:38.612,1875024,hipGetLastError,ENTER,,,0
2025-10-01 16:49:38.613,1875024,hipGetLastError,LEAVE,,NULL,0
2025-10-01 16:49:38.613,1875024,hipLaunchKernel,ENTER,const void*=0x7fe663154280; dim3=dim3(0x13600000136); dim3=dim3(0x1); void**=0x2000000020,,0
2025-10-01 16:49:38.613,1875024,hipLaunchKernel,LEAVE,const void*=0x7fe663154280; dim3=dim3(0x13600000136); dim3=dim3(0x1); void**=0x2000000020,NULL,0
2025-10-01 16:49:38.613,1875024,hipGetLastError,ENTER,,,0
2025-10-01 16:49:38.613,1875024,hipGetLastError,LEAVE,,NULL,0
2025-10-01 16:49:38.613,1875024,hipLaunchKernel,ENTER,const void*=0x7fe663154280; dim3=dim3(0x13600000136); dim3=dim3(0x1); void**=0x2000000020,,0
2025-10-01 16:49:38.613,1875024,hipLaunchKernel,LEAVE,const void*=0x7fe663154280; dim3=dim3(0x13600000136); dim3=dim3(0x1); void**=0x2000000020,NULL,0
2025-10-01 16:49:38.613,1875024,hipGetLastError,ENTER,,,0
2025-10-01 16:49:38.614,1875024,hipGetLastError,LEAVE,,NULL,0
2025-10-01 16:49:38.614,1875024,hipLaunchKernel,ENTER,const void*=0x7fe663154280; dim3=dim3(0x13600000136); dim3=dim3(0x1); void**=0x2000000020,,0
2025-10-01 16:49:38.614,1875024,hipLaunchKernel,LEAVE,const void*=0x7fe663154280; dim3=dim3(0x13600000136); dim3=dim3(0x1); void**=0x2000000020,NULL,0
2025-10-01 16:49:38.614,1875024,hipGetLastError,ENTER,,,0
2025-10-01 16:49:38.614,1875024,hipGetLastError,LEAVE,,NULL,0
2025-10-01 16:49:38.614,1875024,hipLaunchKernel,ENTER,const void*=0x7fe663154280; dim3=dim3(0x13600000136); dim3=dim3(0x1); void**=0x2000000020,,0
2025-10-01 16:49:38.614,1875024,hipLaunchKernel,LEAVE,const void*=0x7fe663154280; dim3=dim3(0x13600000136); dim3=dim3(0x1); void**=0x2000000020,NULL,0
2025-10-01 16:49:38.614,1875024,hipGetLastError,ENTER,,,0
2025-10-01 16:49:38.615,1875024,hipGetLastError,LEAVE,,NULL,0
2025-10-01 16:49:38.615,1875024,hipLaunchKernel,ENTER,const void*=0x7fe663154280; dim3=dim3(0x13600000136); dim3=dim3(0x1); void**=0x2000000020,,0
2025-10-01 16:49:38.615,1875024,hipLaunchKernel,LEAVE,const void*=0x7fe663154280; dim3=dim3(0x13600000136); dim3=dim3(0x1); void**=0x2000000020,NULL,0
2025-10-01 16:49:38.615,1875024,hipGetLastError,ENTER,,,0
2025-10-01 16:49:38.615,1875024,hipGetLastError,LEAVE,,NULL,0
2025-10-01 16:49:38.615,1875024,hipLaunchKernel,ENTER,const void*=0x7fe663154280; dim3=dim3(0x13600000136); dim3=dim3(0x1); void**=0x2000000020,,0
2025-10-01 16:49:38.615,1875024,hipLaunchKernel,LEAVE,const void*=0x7fe663154280; dim3=dim3(0x13600000136); dim3=dim3(0x1); void**=0x2000000020,NULL,0
2025-10-01 16:49:38.615,1875024,hipGetLastError,ENTER,,,0
2025-10-01 16:49:38.616,1875024,hipGetLastError,LEAVE,,NULL,0
2025-10-01 16:49:38.616,1875024,hipStreamSynchronize,ENTER,hipStream_t=0x7fa5ec002730,,0
2025-10-01 16:49:38.616,1875024,hipStreamSynchronize,LEAVE,hipStream_t=0x7fa5ec002730,NULL,0
2025-10-01 16:49:38.616,1875024,hipLaunchKernel,ENTER,const void*=0x7fe663154280; dim3=dim3(0x13600000136); dim3=dim3(0x1); void**=0x2000000020,,0
2025-10-01 16:49:38.616,1875024,hipLaunchKernel,LEAVE,const void*=0x7fe663154280; dim3=dim3(0x13600000136); dim3=dim3(0x1); void**=0x2000000020,NULL,0
2025-10-01 16:49:38.616,1875024,hipGetLastError,ENTER,,,0
2025-10-01 16:49:38.616,1875024,hipGetLastError,LEAVE,,NULL,0
2025-10-01 16:49:38.616,1875024,hipLaunchKernel,ENTER,const void*=0x7fe663154280; dim3=dim3(0x13600000136); dim3=dim3(0x1); void**=0x2000000020,,0
2025-10-01 16:49:38.617,1875024,hipLaunchKernel,LEAVE,const void*=0x7fe663154280; dim3=dim3(0x13600000136); dim3=dim3(0x1); void**=0x2000000020,NULL,0
2025-10-01 16:49:38.617,1875024,hipGetLastError,ENTER,,,0
2025-10-01 16:49:38.617,1875024,hipGetLastError,LEAVE,,NULL,0
2025-10-01 16:49:38.617,1875024,hipLaunchKernel,ENTER,const void*=0x7fe663154280; dim3=dim3(0x13600000136); dim3=dim3(0x1); void**=0x2000000020,,0
2025-10-01 16:49:38.617,1875024,hipLaunchKernel,LEAVE,const void*=0x7fe663154280; dim3=dim3(0x13600000136); dim3=dim3(0x1); void**=0x2000000020,NULL,0
2025-10-01 16:49:38.617,1875024,hipGetLastError,ENTER,,,0
2025-10-01 16:49:38.617,1875024,hipGetLastError,LEAVE,,NULL,0
2025-10-01 16:49:38.617,1875024,hipLaunchKernel,ENTER,const void*=0x7fe663154280; dim3=dim3(0x13600000136); dim3=dim3(0x1); void**=0x2000000020,,0
2025-10-01 16:49:38.618,1875024,hipLaunchKernel,LEAVE,const void*=0x7fe663154280; dim3=dim3(0x13600000136); dim3=dim3(0x1); void**=0x2000000020,NULL,0
2025-10-01 16:49:38.618,1875024,hipGetLastError,ENTER,,,0
2025-10-01 16:49:38.618,1875024,hipGetLastError,LEAVE,,NULL,0
2025-10-01 16:49:38.618,1875024,hipLaunchKernel,ENTER,const void*=0x7fe663154280; dim3=dim3(0x13600000136); dim3=dim3(0x1); void**=0x2000000020,,0
2025-10-01 16:49:38.618,1875024,hipLaunchKernel,LEAVE,const void*=0x7fe663154280; dim3=dim3(0x13600000136); dim3=dim3(0x1); void**=0x2000000020,NULL,0
2025-10-01 16:49:38.618,1875024,hipGetLastError,ENTER,,,0
2025-10-01 16:49:38.618,1875024,hipGetLastError,LEAVE,,NULL,0
2025-10-01 16:49:38.618,1875024,hipLaunchKernel,ENTER,const void*=0x7fe663154280; dim3=dim3(0x13600000136); dim3=dim3(0x1); void**=0x2000000020,,0
2025-10-01 16:49:38.619,1875024,hipLaunchKernel,LEAVE,const void*=0x7fe663154280; dim3=dim3(0x13600000136); dim3=dim3(0x1); void**=0x2000000020,NULL,0
2025-10-01 16:49:38.619,1875024,hipGetLastError,ENTER,,,0
2025-10-01 16:49:38.619,1875024,hipGetLastError,LEAVE,,NULL,0
2025-10-01 16:49:38.619,1875024,hipLaunchKernel,ENTER,const void*=0x7fe663154280; dim3=dim3(0x13600000136); dim3=dim3(0x1); void**=0x2000000020,,0
2025-10-01 16:49:38.619,1875024,hipLaunchKernel,LEAVE,const void*=0x7fe663154280; dim3=dim3(0x13600000136); dim3=dim3(0x1); void**=0x2000000020,NULL,0
2025-10-01 16:49:38.619,1875024,hipGetLastError,ENTER,,,0
2025-10-01 16:49:38.619,1875024,hipGetLastError,LEAVE,,NULL,0
2025-10-01 16:49:38.619,1875024,hipLaunchKernel,ENTER,const void*=0x7fe663154280; dim3=dim3(0x13600000136); dim3=dim3(0x1); void**=0x2000000020,,0
2025-10-01 16:49:38.620,1875024,hipLaunchKernel,LEAVE,const void*=0x7fe663154280; dim3=dim3(0x13600000136); dim3=dim3(0x1); void**=0x2000000020,NULL,0
2025-10-01 16:49:38.620,1875024,hipGetLastError,ENTER,,,0
2025-10-01 16:49:38.620,1875024,hipGetLastError,LEAVE,,NULL,0
2025-10-01 16:49:38.620,1875024,hipLaunchKernel,ENTER,const void*=0x7fe663154280; dim3=dim3(0x13600000136); dim3=dim3(0x1); void**=0x2000000020,,0
2025-10-01 16:49:38.620,1875024,hipLaunchKernel,LEAVE,const void*=0x7fe663154280; dim3=dim3(0x13600000136); dim3=dim3(0x1); void**=0x2000000020,NULL,0
2025-10-01 16:49:38.620,1875024,hipGetLastError,ENTER,,,0
2025-10-01 16:49:38.620,1875024,hipGetLastError,LEAVE,,NULL,0
2025-10-01 16:49:38.621,1875024,hipLaunchKernel,ENTER,const void*=0x7fe663154280; dim3=dim3(0x13600000136); dim3=dim3(0x1); void**=0x2000000020,,0
2025-10-01 16:49:38.621,1875024,hipLaunchKernel,LEAVE,const void*=0x7fe663154280; dim3=dim3(0x13600000136); dim3=dim3(0x1); void**=0x2000000020,NULL,0
2025-10-01 16:49:38.621,1875024,hipGetLastError,ENTER,,,0
2025-10-01 16:49:38.621,1875024,hipGetLastError,LEAVE,,NULL,0
2025-10-01 16:49:38.621,1875024,hipStreamSynchronize,ENTER,hipStream_t=0x7fa5ec002730,,0
2025-10-01 16:49:38.621,1875024,hipStreamSynchronize,LEAVE,hipStream_t=0x7fa5ec002730,NULL,0
2025-10-01 16:49:38.621,1875024,hipLaunchKernel,ENTER,const void*=0x7fe663154280; dim3=dim3(0x13600000136); dim3=dim3(0x1); void**=0x2000000020,,0
2025-10-01 16:49:38.621,1875024,hipLaunchKernel,LEAVE,const void*=0x7fe663154280; dim3=dim3(0x13600000136); dim3=dim3(0x1); void**=0x2000000020,NULL,1
2025-10-01 16:49:38.622,1875024,hipGetLastError,ENTER,,,0
2025-10-01 16:49:38.622,1875024,hipGetLastError,LEAVE,,NULL,0
2025-10-01 16:49:38.622,1875024,hipLaunchKernel,ENTER,const void*=0x7fe663154280; dim3=dim3(0x13600000136); dim3=dim3(0x1); void**=0x2000000020,,0
2025-10-01 16:49:38.622,1875024,hipLaunchKernel,LEAVE,const void*=0x7fe663154280; dim3=dim3(0x13600000136); dim3=dim3(0x1); void**=0x2000000020,NULL,0
2025-10-01 16:49:38.622,1875024,hipGetLastError,ENTER,,,0
2025-10-01 16:49:38.622,1875024,hipGetLastError,LEAVE,,NULL,0
2025-10-01 16:49:38.622,1875024,hipLaunchKernel,ENTER,const void*=0x7fe663154280; dim3=dim3(0x13600000136); dim3=dim3(0x1); void**=0x2000000020,,0
2025-10-01 16:49:38.623,1875024,hipLaunchKernel,LEAVE,const void*=0x7fe663154280; dim3=dim3(0x13600000136); dim3=dim3(0x1); void**=0x2000000020,NULL,0
2025-10-01 16:49:38.623,1875024,hipGetLastError,ENTER,,,0
2025-10-01 16:49:38.623,1875024,hipGetLastError,LEAVE,,NULL,0
2025-10-01 16:49:38.623,1875024,hipLaunchKernel,ENTER,const void*=0x7fe663154280; dim3=dim3(0x13600000136); dim3=dim3(0x1); void**=0x2000000020,,0
2025-10-01 16:49:38.623,1875024,hipLaunchKernel,LEAVE,const void*=0x7fe663154280; dim3=dim3(0x13600000136); dim3=dim3(0x1); void**=0x2000000020,NULL,0
2025-10-01 16:49:38.623,1875024,hipGetLastError,ENTER,,,0
2025-10-01 16:49:38.623,1875024,hipGetLastError,LEAVE,,NULL,0
2025-10-01 16:49:38.623,1875024,hipLaunchKernel,ENTER,const void*=0x7fe663154280; dim3=dim3(0x13600000136); dim3=dim3(0x1); void**=0x2000000020,,0
2025-10-01 16:49:38.623,1875024,hipLaunchKernel,LEAVE,const void*=0x7fe663154280; dim3=dim3(0x13600000136); dim3=dim3(0x1); void**=0x2000000020,NULL,1
2025-10-01 16:49:38.624,1875024,hipGetLastError,ENTER,,,0
2025-10-01 16:49:38.624,1875024,hipGetLastError,LEAVE,,NULL,0
2025-10-01 16:49:38.624,1875024,hipLaunchKernel,ENTER,const void*=0x7fe663154280; dim3=dim3(0x13600000136); dim3=dim3(0x1); void**=0x2000000020,,0
2025-10-01 16:49:38.624,1875024,hipLaunchKernel,LEAVE,const void*=0x7fe663154280; dim3=dim3(0x13600000136); dim3=dim3(0x1); void**=0x2000000020,NULL,0
2025-10-01 16:49:38.624,1875024,hipGetLastError,ENTER,,,0
2025-10-01 16:49:38.624,1875024,hipGetLastError,LEAVE,,NULL,0
2025-10-01 16:49:38.624,1875024,hipLaunchKernel,ENTER,const void*=0x7fe663154280; dim3=dim3(0x13600000136); dim3=dim3(0x1); void**=0x2000000020,,0
2025-10-01 16:49:38.625,1875024,hipLaunchKernel,LEAVE,const void*=0x7fe663154280; dim3=dim3(0x13600000136); dim3=dim3(0x1); void**=0x2000000020,NULL,0
2025-10-01 16:49:38.625,1875024,hipGetLastError,ENTER,,,0
2025-10-01 16:49:38.625,1875024,hipGetLastError,LEAVE,,NULL,0
2025-10-01 16:49:38.625,1875024,hipLaunchKernel,ENTER,const void*=0x7fe663154280; dim3=dim3(0x13600000136); dim3=dim3(0x1); void**=0x2000000020,,0
2025-10-01 16:49:38.625,1875024,hipLaunchKernel,LEAVE,const void*=0x7fe663154280; dim3=dim3(0x13600000136); dim3=dim3(0x1); void**=0x2000000020,NULL,0
2025-10-01 16:49:38.625,1875024,hipGetLastError,ENTER,,,0
2025-10-01 16:49:38.625,1875024,hipGetLastError,LEAVE,,NULL,0
2025-10-01 16:49:38.625,1875024,hipLaunchKernel,ENTER,const void*=0x7fe663154280; dim3=dim3(0x13600000136); dim3=dim3(0x1); void**=0x2000000020,,0
2025-10-01 16:49:38.626,1875024,hipLaunchKernel,LEAVE,const void*=0x7fe663154280; dim3=dim3(0x13600000136); dim3=dim3(0x1); void**=0x2000000020,NULL,0
2025-10-01 16:49:38.626,1875024,hipGetLastError,ENTER,,,0
2025-10-01 16:49:38.626,1875024,hipGetLastError,LEAVE,,NULL,0
2025-10-01 16:49:38.626,1875024,hipLaunchKernel,ENTER,const void*=0x7fe663154280; dim3=dim3(0x13600000136); dim3=dim3(0x1); void**=0x2000000020,,0
2025-10-01 16:49:38.626,1875024,hipLaunchKernel,LEAVE,const void*=0x7fe663154280; dim3=dim3(0x13600000136); dim3=dim3(0x1); void**=0x2000000020,NULL,0
2025-10-01 16:49:38.626,1875024,hipGetLastError,ENTER,,,0
2025-10-01 16:49:38.626,1875024,hipGetLastError,LEAVE,,NULL,0
2025-10-01 16:49:38.626,1875024,hipStreamSynchronize,ENTER,hipStream_t=0x7fa5ec002730,,0
2025-10-01 16:49:38.627,1875024,hipStreamSynchronize,LEAVE,hipStream_t=0x7fa5ec002730,NULL,0
2025-10-01 16:49:38.627,1875024,hipLaunchKernel,ENTER,const void*=0x7fe663154280; dim3=dim3(0x13600000136); dim3=dim3(0x1); void**=0x2000000020,,0
2025-10-01 16:49:38.627,1875024,hipLaunchKernel,LEAVE,const void*=0x7fe663154280; dim3=dim3(0x13600000136); dim3=dim3(0x1); void**=0x2000000020,NULL,0
2025-10-01 16:49:38.627,1875024,hipGetLastError,ENTER,,,0
2025-10-01 16:49:38.627,1875024,hipGetLastError,LEAVE,,NULL,0
2025-10-01 16:49:38.627,1875024,hipLaunchKernel,ENTER,const void*=0x7fe663154280; dim3=dim3(0x13600000136); dim3=dim3(0x1); void**=0x2000000020,,0
2025-10-01 16:49:38.627,1875024,hipLaunchKernel,LEAVE,const void*=0x7fe663154280; dim3=dim3(0x13600000136); dim3=dim3(0x1); void**=0x2000000020,NULL,0
2025-10-01 16:49:38.628,1875024,hipGetLastError,ENTER,,,0
2025-10-01 16:49:38.628,1875024,hipGetLastError,LEAVE,,NULL,0
2025-10-01 16:49:38.628,1875024,hipLaunchKernel,ENTER,const void*=0x7fe663154280; dim3=dim3(0x13600000136); dim3=dim3(0x1); void**=0x2000000020,,0
2025-10-01 16:49:38.628,1875024,hipLaunchKernel,LEAVE,const void*=0x7fe663154280; dim3=dim3(0x13600000136); dim3=dim3(0x1); void**=0x2000000020,NULL,0
2025-10-01 16:49:38.628,1875024,hipGetLastError,ENTER,,,0
2025-10-01 16:49:38.628,1875024,hipGetLastError,LEAVE,,NULL,0
2025-10-01 16:49:38.628,1875024,hipLaunchKernel,ENTER,const void*=0x7fe663154280; dim3=dim3(0x13600000136); dim3=dim3(0x1); void**=0x2000000020,,0
2025-10-01 16:49:38.628,1875024,hipLaunchKernel,LEAVE,const void*=0x7fe663154280; dim3=dim3(0x13600000136); dim3=dim3(0x1); void**=0x2000000020,NULL,0
2025-10-01 16:49:38.629,1875024,hipGetLastError,ENTER,,,0
2025-10-01 16:49:38.629,1875024,hipGetLastError,LEAVE,,NULL,0
2025-10-01 16:49:38.629,1875024,hipLaunchKernel,ENTER,const void*=0x7fe663154280; dim3=dim3(0x13600000136); dim3=dim3(0x1); void**=0x2000000020,,0
2025-10-01 16:49:38.629,1875024,hipLaunchKernel,LEAVE,const void*=0x7fe663154280; dim3=dim3(0x13600000136); dim3=dim3(0x1); void**=0x2000000020,NULL,0
2025-10-01 16:49:38.629,1875024,hipGetLastError,ENTER,,,0
2025-10-01 16:49:38.629,1875024,hipGetLastError,LEAVE,,NULL,0
2025-10-01 16:49:38.629,1875024,hipLaunchKernel,ENTER,const void*=0x7fe663154280; dim3=dim3(0x13600000136); dim3=dim3(0x1); void**=0x2000000020,,0
2025-10-01 16:49:38.630,1875024,hipLaunchKernel,LEAVE,const void*=0x7fe663154280; dim3=dim3(0x13600000136); dim3=dim3(0x1); void**=0x2000000020,NULL,0
2025-10-01 16:49:38.630,1875024,hipGetLastError,ENTER,,,0
2025-10-01 16:49:38.630,1875024,hipGetLastError,LEAVE,,NULL,0
2025-10-01 16:49:38.630,1875024,hipLaunchKernel,ENTER,const void*=0x7fe663154280; dim3=dim3(0x13600000136); dim3=dim3(0x1); void**=0x2000000020,,0
2025-10-01 16:49:38.630,1875024,hipLaunchKernel,LEAVE,const void*=0x7fe663154280; dim3=dim3(0x13600000136); dim3=dim3(0x1); void**=0x2000000020,NULL,0
2025-10-01 16:49:38.630,1875024,hipGetLastError,ENTER,,,0
2025-10-01 16:49:38.630,1875024,hipGetLastError,LEAVE,,NULL,0
2025-10-01 16:49:38.630,1875024,hipLaunchKernel,ENTER,const void*=0x7fe663154280; dim3=dim3(0x13600000136); dim3=dim3(0x1); void**=0x2000000020,,0
2025-10-01 16:49:38.631,1875024,hipLaunchKernel,LEAVE,const void*=0x7fe663154280; dim3=dim3(0x13600000136); dim3=dim3(0x1); void**=0x2000000020,NULL,0
2025-10-01 16:49:38.631,1875024,hipGetLastError,ENTER,,,0
2025-10-01 16:49:38.631,1875024,hipGetLastError,LEAVE,,NULL,0
2025-10-01 16:49:38.631,1875024,hipLaunchKernel,ENTER,const void*=0x7fe663154280; dim3=dim3(0x13600000136); dim3=dim3(0x1); void**=0x2000000020,,0
2025-10-01 16:49:38.631,1875024,hipLaunchKernel,LEAVE,const void*=0x7fe663154280; dim3=dim3(0x13600000136); dim3=dim3(0x1); void**=0x2000000020,NULL,0
2025-10-01 16:49:38.631,1875024,hipGetLastError,ENTER,,,0
2025-10-01 16:49:38.631,1875024,hipGetLastError,LEAVE,,NULL,0
2025-10-01 16:49:38.631,1875024,hipLaunchKernel,ENTER,const void*=0x7fe663154280; dim3=dim3(0x13600000136); dim3=dim3(0x1); void**=0x2000000020,,0
2025-10-01 16:49:38.632,1875024,hipLaunchKernel,LEAVE,const void*=0x7fe663154280; dim3=dim3(0x13600000136); dim3=dim3(0x1); void**=0x2000000020,NULL,0
2025-10-01 16:49:38.632,1875024,hipGetLastError,ENTER,,,0
2025-10-01 16:49:38.632,1875024,hipGetLastError,LEAVE,,NULL,0
2025-10-01 16:49:38.632,1875024,hipStreamSynchronize,ENTER,hipStream_t=0x7fa5ec002730,,0
2025-10-01 16:49:38.632,1875024,hipStreamSynchronize,LEAVE,hipStream_t=0x7fa5ec002730,NULL,0
2025-10-01 16:49:38.632,1875024,hipLaunchKernel,ENTER,const void*=0x7fe663154280; dim3=dim3(0x13600000136); dim3=dim3(0x1); void**=0x2000000020,,0
2025-10-01 16:49:38.632,1875024,hipLaunchKernel,LEAVE,const void*=0x7fe663154280; dim3=dim3(0x13600000136); dim3=dim3(0x1); void**=0x2000000020,NULL,0
2025-10-01 16:49:38.633,1875024,hipGetLastError,ENTER,,,0
2025-10-01 16:49:38.633,1875024,hipGetLastError,LEAVE,,NULL,0
2025-10-01 16:49:38.633,1875024,hipLaunchKernel,ENTER,const void*=0x7fe663154280; dim3=dim3(0x13600000136); dim3=dim3(0x1); void**=0x2000000020,,0
2025-10-01 16:49:38.633,1875024,hipLaunchKernel,LEAVE,const void*=0x7fe663154280; dim3=dim3(0x13600000136); dim3=dim3(0x1); void**=0x2000000020,NULL,0
2025-10-01 16:49:38.633,1875024,hipGetLastError,ENTER,,,0
2025-10-01 16:49:38.633,1875024,hipGetLastError,LEAVE,,NULL,0
2025-10-01 16:49:38.633,1875024,hipLaunchKernel,ENTER,const void*=0x7fe663154280; dim3=dim3(0x13600000136); dim3=dim3(0x1); void**=0x2000000020,,0
2025-10-01 16:49:38.633,1875024,hipLaunchKernel,LEAVE,const void*=0x7fe663154280; dim3=dim3(0x13600000136); dim3=dim3(0x1); void**=0x2000000020,NULL,0
2025-10-01 16:49:38.634,1875024,hipGetLastError,ENTER,,,0
2025-10-01 16:49:38.634,1875024,hipGetLastError,LEAVE,,NULL,0
2025-10-01 16:49:38.634,1875024,hipLaunchKernel,ENTER,const void*=0x7fe663154280; dim3=dim3(0x13600000136); dim3=dim3(0x1); void**=0x2000000020,,0
2025-10-01 16:49:38.634,1875024,hipLaunchKernel,LEAVE,const void*=0x7fe663154280; dim3=dim3(0x13600000136); dim3=dim3(0x1); void**=0x2000000020,NULL,0
2025-10-01 16:49:38.634,1875024,hipGetLastError,ENTER,,,0
2025-10-01 16:49:38.634,1875024,hipGetLastError,LEAVE,,NULL,0
2025-10-01 16:49:38.634,1875024,hipLaunchKernel,ENTER,const void*=0x7fe663154280; dim3=dim3(0x13600000136); dim3=dim3(0x1); void**=0x2000000020,,0
2025-10-01 16:49:38.635,1875024,hipLaunchKernel,LEAVE,const void*=0x7fe663154280; dim3=dim3(0x13600000136); dim3=dim3(0x1); void**=0x2000000020,NULL,0
2025-10-01 16:49:38.635,1875024,hipGetLastError,ENTER,,,0
2025-10-01 16:49:38.635,1875024,hipGetLastError,LEAVE,,NULL,0
2025-10-01 16:49:38.635,1875024,hipLaunchKernel,ENTER,const void*=0x7fe663154280; dim3=dim3(0x13600000136); dim3=dim3(0x1); void**=0x2000000020,,0
2025-10-01 16:49:38.635,1875024,hipLaunchKernel,LEAVE,const void*=0x7fe663154280; dim3=dim3(0x13600000136); dim3=dim3(0x1); void**=0x2000000020,NULL,0
2025-10-01 16:49:38.635,1875024,hipGetLastError,ENTER,,,0
2025-10-01 16:49:38.635,1875024,hipGetLastError,LEAVE,,NULL,0
2025-10-01 16:49:38.635,1875024,hipLaunchKernel,ENTER,const void*=0x7fe663154280; dim3=dim3(0x13600000136); dim3=dim3(0x1); void**=0x2000000020,,0
2025-10-01 16:49:38.636,1875024,hipLaunchKernel,LEAVE,const void*=0x7fe663154280; dim3=dim3(0x13600000136); dim3=dim3(0x1); void**=0x2000000020,NULL,0
2025-10-01 16:49:38.636,1875024,hipGetLastError,ENTER,,,0
2025-10-01 16:49:38.636,1875024,hipGetLastError,LEAVE,,NULL,0
2025-10-01 16:49:38.636,1875024,hipLaunchKernel,ENTER,const void*=0x7fe663154280; dim3=dim3(0x13600000136); dim3=dim3(0x1); void**=0x2000000020,,0
2025-10-01 16:49:38.636,1875024,hipLaunchKernel,LEAVE,const void*=0x7fe663154280; dim3=dim3(0x13600000136); dim3=dim3(0x1); void**=0x2000000020,NULL,0
2025-10-01 16:49:38.636,1875024,hipGetLastError,ENTER,,,0
2025-10-01 16:49:38.636,1875024,hipGetLastError,LEAVE,,NULL,0
2025-10-01 16:49:38.636,1875024,hipLaunchKernel,ENTER,const void*=0x7fe663154280; dim3=dim3(0x13600000136); dim3=dim3(0x1); void**=0x2000000020,,0
2025-10-01 16:49:38.637,1875024,hipLaunchKernel,LEAVE,const void*=0x7fe663154280; dim3=dim3(0x13600000136); dim3=dim3(0x1); void**=0x2000000020,NULL,0
2025-10-01 16:49:38.637,1875024,hipGetLastError,ENTER,,,0
2025-10-01 16:49:38.637,1875024,hipGetLastError,LEAVE,,NULL,0
2025-10-01 16:49:38.637,1875024,hipLaunchKernel,ENTER,const void*=0x7fe663154280; dim3=dim3(0x13600000136); dim3=dim3(0x1); void**=0x2000000020,,0
2025-10-01 16:49:38.638,1875024,hipLaunchKernel,LEAVE,const void*=0x7fe663154280; dim3=dim3(0x13600000136); dim3=dim3(0x1); void**=0x2000000020,NULL,0
2025-10-01 16:49:38.638,1875024,hipGetLastError,ENTER,,,0
2025-10-01 16:49:38.638,1875024,hipGetLastError,LEAVE,,NULL,0
2025-10-01 16:49:38.638,1875024,hipStreamSynchronize,ENTER,hipStream_t=0x7fa5ec002730,,0
2025-10-01 16:49:38.638,1875024,hipStreamSynchronize,LEAVE,hipStream_t=0x7fa5ec002730,NULL,0
2025-10-01 16:49:38.638,1875024,hipLaunchKernel,ENTER,const void*=0x7fe663154280; dim3=dim3(0x13600000136); dim3=dim3(0x1); void**=0x2000000020,,0
2025-10-01 16:49:38.638,1875024,hipLaunchKernel,LEAVE,const void*=0x7fe663154280; dim3=dim3(0x13600000136); dim3=dim3(0x1); void**=0x2000000020,NULL,0
2025-10-01 16:49:38.639,1875024,hipGetLastError,ENTER,,,0
2025-10-01 16:49:38.639,1875024,hipGetLastError,LEAVE,,NULL,0
2025-10-01 16:49:38.639,1875024,hipLaunchKernel,ENTER,const void*=0x7fe663154280; dim3=dim3(0x13600000136); dim3=dim3(0x1); void**=0x2000000020,,0
2025-10-01 16:49:38.639,1875024,hipLaunchKernel,LEAVE,const void*=0x7fe663154280; dim3=dim3(0x13600000136); dim3=dim3(0x1); void**=0x2000000020,NULL,0
2025-10-01 16:49:38.639,1875024,hipGetLastError,ENTER,,,0
2025-10-01 16:49:38.639,1875024,hipGetLastError,LEAVE,,NULL,0
2025-10-01 16:49:38.639,1875024,hipLaunchKernel,ENTER,const void*=0x7fe663154280; dim3=dim3(0x13600000136); dim3=dim3(0x1); void**=0x2000000020,,0
2025-10-01 16:49:38.639,1875024,hipLaunchKernel,LEAVE,const void*=0x7fe663154280; dim3=dim3(0x13600000136); dim3=dim3(0x1); void**=0x2000000020,NULL,0
2025-10-01 16:49:38.640,1875024,hipGetLastError,ENTER,,,0
2025-10-01 16:49:38.640,1875024,hipGetLastError,LEAVE,,NULL,0
2025-10-01 16:49:38.640,1875024,hipLaunchKernel,ENTER,const void*=0x7fe663154280; dim3=dim3(0x13600000136); dim3=dim3(0x1); void**=0x2000000020,,0
2025-10-01 16:49:38.640,1875024,hipLaunchKernel,LEAVE,const void*=0x7fe663154280; dim3=dim3(0x13600000136); dim3=dim3(0x1); void**=0x2000000020,NULL,0
2025-10-01 16:49:38.640,1875024,hipGetLastError,ENTER,,,0
2025-10-01 16:49:38.640,1875024,hipGetLastError,LEAVE,,NULL,0
2025-10-01 16:49:38.640,1875024,hipLaunchKernel,ENTER,const void*=0x7fe663154280; dim3=dim3(0x13600000136); dim3=dim3(0x1); void**=0x2000000020,,0
2025-10-01 16:49:38.640,1875024,hipLaunchKernel,LEAVE,const void*=0x7fe663154280; dim3=dim3(0x13600000136); dim3=dim3(0x1); void**=0x2000000020,NULL,0
2025-10-01 16:49:38.641,1875024,hipGetLastError,ENTER,,,0
2025-10-01 16:49:38.641,1875024,hipGetLastError,LEAVE,,NULL,0
2025-10-01 16:49:38.641,1875024,hipLaunchKernel,ENTER,const void*=0x7fe663154280; dim3=dim3(0x13600000136); dim3=dim3(0x1); void**=0x2000000020,,0
2025-10-01 16:49:38.641,1875024,hipLaunchKernel,LEAVE,const void*=0x7fe663154280; dim3=dim3(0x13600000136); dim3=dim3(0x1); void**=0x2000000020,NULL,0
2025-10-01 16:49:38.641,1875024,hipGetLastError,ENTER,,,0
2025-10-01 16:49:38.641,1875024,hipGetLastError,LEAVE,,NULL,0
2025-10-01 16:49:38.641,1875024,hipLaunchKernel,ENTER,const void*=0x7fe663154280; dim3=dim3(0x13600000136); dim3=dim3(0x1); void**=0x2000000020,,0
2025-10-01 16:49:38.642,1875024,hipLaunchKernel,LEAVE,const void*=0x7fe663154280; dim3=dim3(0x13600000136); dim3=dim3(0x1); void**=0x2000000020,NULL,0
2025-10-01 16:49:38.642,1875024,hipGetLastError,ENTER,,,0
2025-10-01 16:49:38.642,1875024,hipGetLastError,LEAVE,,NULL,0
2025-10-01 16:49:38.642,1875024,hipLaunchKernel,ENTER,const void*=0x7fe663154280; dim3=dim3(0x13600000136); dim3=dim3(0x1); void**=0x2000000020,,0
2025-10-01 16:49:38.642,1875024,hipLaunchKernel,LEAVE,const void*=0x7fe663154280; dim3=dim3(0x13600000136); dim3=dim3(0x1); void**=0x2000000020,NULL,0
2025-10-01 16:49:38.642,1875024,hipGetLastError,ENTER,,,0
2025-10-01 16:49:38.643,1875024,hipGetLastError,LEAVE,,NULL,0
2025-10-01 16:49:38.643,1875024,hipLaunchKernel,ENTER,const void*=0x7fe663154280; dim3=dim3(0x13600000136); dim3=dim3(0x1); void**=0x2000000020,,0
2025-10-01 16:49:38.643,1875024,hipLaunchKernel,LEAVE,const void*=0x7fe663154280; dim3=dim3(0x13600000136); dim3=dim3(0x1); void**=0x2000000020,NULL,0
2025-10-01 16:49:38.643,1875024,hipGetLastError,ENTER,,,0
2025-10-01 16:49:38.643,1875024,hipGetLastError,LEAVE,,NULL,0
2025-10-01 16:49:38.643,1875024,hipLaunchKernel,ENTER,const void*=0x7fe663154280; dim3=dim3(0x13600000136); dim3=dim3(0x1); void**=0x2000000020,,0
2025-10-01 16:49:38.644,1875024,hipLaunchKernel,LEAVE,const void*=0x7fe663154280; dim3=dim3(0x13600000136); dim3=dim3(0x1); void**=0x2000000020,NULL,0
2025-10-01 16:49:38.644,1875024,hipGetLastError,ENTER,,,0
2025-10-01 16:49:38.644,1875024,hipGetLastError,LEAVE,,NULL,0
2025-10-01 16:49:38.644,1875024,hipStreamSynchronize,ENTER,hipStream_t=0x7fa5ec002730,,0
2025-10-01 16:49:38.644,1875024,hipStreamSynchronize,LEAVE,hipStream_t=0x7fa5ec002730,NULL,0
2025-10-01 16:49:38.644,1875024,hipLaunchKernel,ENTER,const void*=0x7fe663154280; dim3=dim3(0x13600000136); dim3=dim3(0x1); void**=0x2000000020,,0
2025-10-01 16:49:38.645,1875024,hipLaunchKernel,LEAVE,const void*=0x7fe663154280; dim3=dim3(0x13600000136); dim3=dim3(0x1); void**=0x2000000020,NULL,0
2025-10-01 16:49:38.645,1875024,hipGetLastError,ENTER,,,0
2025-10-01 16:49:38.645,1875024,hipGetLastError,LEAVE,,NULL,0
2025-10-01 16:49:38.645,1875024,hipLaunchKernel,ENTER,const void*=0x7fe663154280; dim3=dim3(0x13600000136); dim3=dim3(0x1); void**=0x2000000020,,0
2025-10-01 16:49:38.645,1875024,hipLaunchKernel,LEAVE,const void*=0x7fe663154280; dim3=dim3(0x13600000136); dim3=dim3(0x1); void**=0x2000000020,NULL,0
2025-10-01 16:49:38.645,1875024,hipGetLastError,ENTER,,,0
2025-10-01 16:49:38.646,1875024,hipGetLastError,LEAVE,,NULL,0
2025-10-01 16:49:38.646,1875024,hipLaunchKernel,ENTER,const void*=0x7fe663154280; dim3=dim3(0x13600000136); dim3=dim3(0x1); void**=0x2000000020,,0
2025-10-01 16:49:38.646,1875024,hipLaunchKernel,LEAVE,const void*=0x7fe663154280; dim3=dim3(0x13600000136); dim3=dim3(0x1); void**=0x2000000020,NULL,0
2025-10-01 16:49:38.646,1875024,hipGetLastError,ENTER,,,0
2025-10-01 16:49:38.646,1875024,hipGetLastError,LEAVE,,NULL,0
2025-10-01 16:49:38.646,1875024,hipLaunchKernel,ENTER,const void*=0x7fe663154280; dim3=dim3(0x13600000136); dim3=dim3(0x1); void**=0x2000000020,,0
2025-10-01 16:49:38.646,1875024,hipLaunchKernel,LEAVE,const void*=0x7fe663154280; dim3=dim3(0x13600000136); dim3=dim3(0x1); void**=0x2000000020,NULL,0
2025-10-01 16:49:38.647,1875024,hipGetLastError,ENTER,,,0
2025-10-01 16:49:38.647,1875024,hipGetLastError,LEAVE,,NULL,0
2025-10-01 16:49:38.647,1875024,hipLaunchKernel,ENTER,const void*=0x7fe663154280; dim3=dim3(0x13600000136); dim3=dim3(0x1); void**=0x2000000020,,0
2025-10-01 16:49:38.647,1875024,hipLaunchKernel,LEAVE,const void*=0x7fe663154280; dim3=dim3(0x13600000136); dim3=dim3(0x1); void**=0x2000000020,NULL,0
2025-10-01 16:49:38.647,1875024,hipGetLastError,ENTER,,,0
2025-10-01 16:49:38.647,1875024,hipGetLastError,LEAVE,,NULL,0
2025-10-01 16:49:38.647,1875024,hipLaunchKernel,ENTER,const void*=0x7fe663154280; dim3=dim3(0x13600000136); dim3=dim3(0x1); void**=0x2000000020,,0
2025-10-01 16:49:38.647,1875024,hipLaunchKernel,LEAVE,const void*=0x7fe663154280; dim3=dim3(0x13600000136); dim3=dim3(0x1); void**=0x2000000020,NULL,0
2025-10-01 16:49:38.648,1875024,hipGetLastError,ENTER,,,0
2025-10-01 16:49:38.648,1875024,hipGetLastError,LEAVE,,NULL,0
2025-10-01 16:49:38.648,1875024,hipLaunchKernel,ENTER,const void*=0x7fe663154280; dim3=dim3(0x13600000136); dim3=dim3(0x1); void**=0x2000000020,,0
2025-10-01 16:49:38.648,1875024,hipLaunchKernel,LEAVE,const void*=0x7fe663154280; dim3=dim3(0x13600000136); dim3=dim3(0x1); void**=0x2000000020,NULL,0
2025-10-01 16:49:38.648,1875024,hipGetLastError,ENTER,,,0
2025-10-01 16:49:38.648,1875024,hipGetLastError,LEAVE,,NULL,0
2025-10-01 16:49:38.648,1875024,hipLaunchKernel,ENTER,const void*=0x7fe663154280; dim3=dim3(0x13600000136); dim3=dim3(0x1); void**=0x2000000020,,0
2025-10-01 16:49:38.648,1875024,hipLaunchKernel,LEAVE,const void*=0x7fe663154280; dim3=dim3(0x13600000136); dim3=dim3(0x1); void**=0x2000000020,NULL,0
2025-10-01 16:49:38.649,1875024,hipGetLastError,ENTER,,,0
2025-10-01 16:49:38.649,1875024,hipGetLastError,LEAVE,,NULL,0
2025-10-01 16:49:38.649,1875024,hipLaunchKernel,ENTER,const void*=0x7fe663154280; dim3=dim3(0x13600000136); dim3=dim3(0x1); void**=0x2000000020,,0
2025-10-01 16:49:38.649,1875024,hipLaunchKernel,LEAVE,const void*=0x7fe663154280; dim3=dim3(0x13600000136); dim3=dim3(0x1); void**=0x2000000020,NULL,0
2025-10-01 16:49:38.649,1875024,hipGetLastError,ENTER,,,0
2025-10-01 16:49:38.649,1875024,hipGetLastError,LEAVE,,NULL,0
2025-10-01 16:49:38.649,1875024,hipLaunchKernel,ENTER,const void*=0x7fe663154280; dim3=dim3(0x13600000136); dim3=dim3(0x1); void**=0x2000000020,,0
2025-10-01 16:49:38.649,1875024,hipLaunchKernel,LEAVE,const void*=0x7fe663154280; dim3=dim3(0x13600000136); dim3=dim3(0x1); void**=0x2000000020,NULL,0
2025-10-01 16:49:38.650,1875024,hipGetLastError,ENTER,,,0
2025-10-01 16:49:38.650,1875024,hipGetLastError,LEAVE,,NULL,0
2025-10-01 16:49:38.650,1875024,hipStreamSynchronize,ENTER,hipStream_t=0x7fa5ec002730,,0
2025-10-01 16:49:38.650,1875024,hipStreamSynchronize,LEAVE,hipStream_t=0x7fa5ec002730,NULL,0
2025-10-01 16:49:38.650,1875024,hipLaunchKernel,ENTER,const void*=0x7fe663154280; dim3=dim3(0x13600000136); dim3=dim3(0x1); void**=0x2000000020,,0
2025-10-01 16:49:38.650,1875024,hipLaunchKernel,LEAVE,const void*=0x7fe663154280; dim3=dim3(0x13600000136); dim3=dim3(0x1); void**=0x2000000020,NULL,0
2025-10-01 16:49:38.650,1875024,hipGetLastError,ENTER,,,0
2025-10-01 16:49:38.650,1875024,hipGetLastError,LEAVE,,NULL,0
2025-10-01 16:49:38.651,1875024,hipLaunchKernel,ENTER,const void*=0x7fe663154280; dim3=dim3(0x13600000136); dim3=dim3(0x1); void**=0x2000000020,,0
2025-10-01 16:49:38.651,1875024,hipLaunchKernel,LEAVE,const void*=0x7fe663154280; dim3=dim3(0x13600000136); dim3=dim3(0x1); void**=0x2000000020,NULL,0
2025-10-01 16:49:38.651,1875024,hipGetLastError,ENTER,,,0
2025-10-01 16:49:38.651,1875024,hipGetLastError,LEAVE,,NULL,0
2025-10-01 16:49:38.651,1875024,hipLaunchKernel,ENTER,const void*=0x7fe663154280; dim3=dim3(0x13600000136); dim3=dim3(0x1); void**=0x2000000020,,0
2025-10-01 16:49:38.651,1875024,hipLaunchKernel,LEAVE,const void*=0x7fe663154280; dim3=dim3(0x13600000136); dim3=dim3(0x1); void**=0x2000000020,NULL,0
2025-10-01 16:49:38.651,1875024,hipGetLastError,ENTER,,,0
2025-10-01 16:49:38.652,1875024,hipGetLastError,LEAVE,,NULL,0
2025-10-01 16:49:38.652,1875024,hipLaunchKernel,ENTER,const void*=0x7fe663154280; dim3=dim3(0x13600000136); dim3=dim3(0x1); void**=0x2000000020,,0
2025-10-01 16:49:38.652,1875024,hipLaunchKernel,LEAVE,const void*=0x7fe663154280; dim3=dim3(0x13600000136); dim3=dim3(0x1); void**=0x2000000020,NULL,0
2025-10-01 16:49:38.652,1875024,hipGetLastError,ENTER,,,0
2025-10-01 16:49:38.652,1875024,hipGetLastError,LEAVE,,NULL,0
2025-10-01 16:49:38.652,1875024,hipLaunchKernel,ENTER,const void*=0x7fe663154280; dim3=dim3(0x13600000136); dim3=dim3(0x1); void**=0x2000000020,,0
2025-10-01 16:49:38.652,1875024,hipLaunchKernel,LEAVE,const void*=0x7fe663154280; dim3=dim3(0x13600000136); dim3=dim3(0x1); void**=0x2000000020,NULL,0
2025-10-01 16:49:38.653,1875024,hipGetLastError,ENTER,,,0
2025-10-01 16:49:38.653,1875024,hipGetLastError,LEAVE,,NULL,0
2025-10-01 16:49:38.653,1875024,hipLaunchKernel,ENTER,const void*=0x7fe663154280; dim3=dim3(0x13600000136); dim3=dim3(0x1); void**=0x2000000020,,0
2025-10-01 16:49:38.653,1875024,hipLaunchKernel,LEAVE,const void*=0x7fe663154280; dim3=dim3(0x13600000136); dim3=dim3(0x1); void**=0x2000000020,NULL,0
2025-10-01 16:49:38.653,1875024,hipGetLastError,ENTER,,,0
2025-10-01 16:49:38.653,1875024,hipGetLastError,LEAVE,,NULL,0
2025-10-01 16:49:38.653,1875024,hipLaunchKernel,ENTER,const void*=0x7fe663154280; dim3=dim3(0x13600000136); dim3=dim3(0x1); void**=0x2000000020,,0
2025-10-01 16:49:38.653,1875024,hipLaunchKernel,LEAVE,const void*=0x7fe663154280; dim3=dim3(0x13600000136); dim3=dim3(0x1); void**=0x2000000020,NULL,0
2025-10-01 16:49:38.654,1875024,hipGetLastError,ENTER,,,0
2025-10-01 16:49:38.654,1875024,hipGetLastError,LEAVE,,NULL,0
2025-10-01 16:49:38.654,1875024,hipLaunchKernel,ENTER,const void*=0x7fe663154280; dim3=dim3(0x13600000136); dim3=dim3(0x1); void**=0x2000000020,,0
2025-10-01 16:49:38.654,1875024,hipLaunchKernel,LEAVE,const void*=0x7fe663154280; dim3=dim3(0x13600000136); dim3=dim3(0x1); void**=0x2000000020,NULL,0
2025-10-01 16:49:38.654,1875024,hipGetLastError,ENTER,,,0
2025-10-01 16:49:38.654,1875024,hipGetLastError,LEAVE,,NULL,0
2025-10-01 16:49:38.654,1875024,hipLaunchKernel,ENTER,const void*=0x7fe663154280; dim3=dim3(0x13600000136); dim3=dim3(0x1); void**=0x2000000020,,0
2025-10-01 16:49:38.654,1875024,hipLaunchKernel,LEAVE,const void*=0x7fe663154280; dim3=dim3(0x13600000136); dim3=dim3(0x1); void**=0x2000000020,NULL,0
2025-10-01 16:49:38.655,1875024,hipGetLastError,ENTER,,,0
2025-10-01 16:49:38.655,1875024,hipGetLastError,LEAVE,,NULL,0
2025-10-01 16:49:38.655,1875024,hipLaunchKernel,ENTER,const void*=0x7fe663154280; dim3=dim3(0x13600000136); dim3=dim3(0x1); void**=0x2000000020,,0
2025-10-01 16:49:38.655,1875024,hipLaunchKernel,LEAVE,const void*=0x7fe663154280; dim3=dim3(0x13600000136); dim3=dim3(0x1); void**=0x2000000020,NULL,0
2025-10-01 16:49:38.655,1875024,hipGetLastError,ENTER,,,0
2025-10-01 16:49:38.655,1875024,hipGetLastError,LEAVE,,NULL,0
2025-10-01 16:49:38.655,1875024,hipStreamSynchronize,ENTER,hipStream_t=0x7fa5ec002730,,0
2025-10-01 16:49:38.656,1875024,hipStreamSynchronize,LEAVE,hipStream_t=0x7fa5ec002730,NULL,0
2025-10-01 16:49:38.656,1875024,hipLaunchKernel,ENTER,const void*=0x7fe663154280; dim3=dim3(0x13600000136); dim3=dim3(0x1); void**=0x2000000020,,0
2025-10-01 16:49:38.656,1875024,hipLaunchKernel,LEAVE,const void*=0x7fe663154280; dim3=dim3(0x13600000136); dim3=dim3(0x1); void**=0x2000000020,NULL,0
2025-10-01 16:49:38.656,1875024,hipGetLastError,ENTER,,,0
2025-10-01 16:49:38.656,1875024,hipGetLastError,LEAVE,,NULL,0
2025-10-01 16:49:38.656,1875024,hipLaunchKernel,ENTER,const void*=0x7fe663154280; dim3=dim3(0x13600000136); dim3=dim3(0x1); void**=0x2000000020,,0
2025-10-01 16:49:38.656,1875024,hipLaunchKernel,LEAVE,const void*=0x7fe663154280; dim3=dim3(0x13600000136); dim3=dim3(0x1); void**=0x2000000020,NULL,0
2025-10-01 16:49:38.657,1875024,hipGetLastError,ENTER,,,0
2025-10-01 16:49:38.657,1875024,hipGetLastError,LEAVE,,NULL,0
2025-10-01 16:49:38.657,1875024,hipLaunchKernel,ENTER,const void*=0x7fe663154280; dim3=dim3(0x13600000136); dim3=dim3(0x1); void**=0x2000000020,,0
2025-10-01 16:49:38.657,1875024,hipLaunchKernel,LEAVE,const void*=0x7fe663154280; dim3=dim3(0x13600000136); dim3=dim3(0x1); void**=0x2000000020,NULL,0
2025-10-01 16:49:38.657,1875024,hipGetLastError,ENTER,,,0
2025-10-01 16:49:38.657,1875024,hipGetLastError,LEAVE,,NULL,0
2025-10-01 16:49:38.657,1875024,hipLaunchKernel,ENTER,const void*=0x7fe663154280; dim3=dim3(0x13600000136); dim3=dim3(0x1); void**=0x2000000020,,0
2025-10-01 16:49:38.658,1875024,hipLaunchKernel,LEAVE,const void*=0x7fe663154280; dim3=dim3(0x13600000136); dim3=dim3(0x1); void**=0x2000000020,NULL,0
2025-10-01 16:49:38.658,1875024,hipGetLastError,ENTER,,,0
2025-10-01 16:49:38.658,1875024,hipGetLastError,LEAVE,,NULL,0
2025-10-01 16:49:38.658,1875024,hipLaunchKernel,ENTER,const void*=0x7fe663154280; dim3=dim3(0x13600000136); dim3=dim3(0x1); void**=0x2000000020,,0
2025-10-01 16:49:38.658,1875024,hipLaunchKernel,LEAVE,const void*=0x7fe663154280; dim3=dim3(0x13600000136); dim3=dim3(0x1); void**=0x2000000020,NULL,0
2025-10-01 16:49:38.658,1875024,hipGetLastError,ENTER,,,0
2025-10-01 16:49:38.659,1875024,hipGetLastError,LEAVE,,NULL,0
2025-10-01 16:49:38.659,1875024,hipLaunchKernel,ENTER,const void*=0x7fe663154280; dim3=dim3(0x13600000136); dim3=dim3(0x1); void**=0x2000000020,,0
2025-10-01 16:49:38.659,1875024,hipLaunchKernel,LEAVE,const void*=0x7fe663154280; dim3=dim3(0x13600000136); dim3=dim3(0x1); void**=0x2000000020,NULL,0
2025-10-01 16:49:38.659,1875024,hipGetLastError,ENTER,,,0
2025-10-01 16:49:38.659,1875024,hipGetLastError,LEAVE,,NULL,0
2025-10-01 16:49:38.659,1875024,hipLaunchKernel,ENTER,const void*=0x7fe663154280; dim3=dim3(0x13600000136); dim3=dim3(0x1); void**=0x2000000020,,0
2025-10-01 16:49:38.660,1875024,hipLaunchKernel,LEAVE,const void*=0x7fe663154280; dim3=dim3(0x13600000136); dim3=dim3(0x1); void**=0x2000000020,NULL,0
2025-10-01 16:49:38.660,1875024,hipGetLastError,ENTER,,,0
2025-10-01 16:49:38.660,1875024,hipGetLastError,LEAVE,,NULL,0
2025-10-01 16:49:38.660,1875024,hipLaunchKernel,ENTER,const void*=0x7fe663154280; dim3=dim3(0x13600000136); dim3=dim3(0x1); void**=0x2000000020,,0
2025-10-01 16:49:38.660,1875024,hipLaunchKernel,LEAVE,const void*=0x7fe663154280; dim3=dim3(0x13600000136); dim3=dim3(0x1); void**=0x2000000020,NULL,0
2025-10-01 16:49:38.660,1875024,hipGetLastError,ENTER,,,0
2025-10-01 16:49:38.661,1875024,hipGetLastError,LEAVE,,NULL,0
2025-10-01 16:49:38.661,1875024,hipLaunchKernel,ENTER,const void*=0x7fe663154280; dim3=dim3(0x13600000136); dim3=dim3(0x1); void**=0x2000000020,,0
2025-10-01 16:49:38.661,1875024,hipLaunchKernel,LEAVE,const void*=0x7fe663154280; dim3=dim3(0x13600000136); dim3=dim3(0x1); void**=0x2000000020,NULL,0
2025-10-01 16:49:38.661,1875024,hipGetLastError,ENTER,,,0
2025-10-01 16:49:38.661,1875024,hipGetLastError,LEAVE,,NULL,0
2025-10-01 16:49:38.661,1875024,hipLaunchKernel,ENTER,const void*=0x7fe663154280; dim3=dim3(0x13600000136); dim3=dim3(0x1); void**=0x2000000020,,0
2025-10-01 16:49:38.662,1875024,hipLaunchKernel,LEAVE,const void*=0x7fe663154280; dim3=dim3(0x13600000136); dim3=dim3(0x1); void**=0x2000000020,NULL,0
2025-10-01 16:49:38.662,1875024,hipGetLastError,ENTER,,,0
2025-10-01 16:49:38.662,1875024,hipGetLastError,LEAVE,,NULL,0
2025-10-01 16:49:38.662,1875024,hipStreamSynchronize,ENTER,hipStream_t=0x7fa5ec002730,,0
2025-10-01 16:49:38.662,1875024,hipStreamSynchronize,LEAVE,hipStream_t=0x7fa5ec002730,NULL,0
2025-10-01 16:49:38.662,1875024,hipLaunchKernel,ENTER,const void*=0x7fe663154280; dim3=dim3(0x13600000136); dim3=dim3(0x1); void**=0x2000000020,,0
2025-10-01 16:49:38.663,1875024,hipLaunchKernel,LEAVE,const void*=0x7fe663154280; dim3=dim3(0x13600000136); dim3=dim3(0x1); void**=0x2000000020,NULL,0
2025-10-01 16:49:38.663,1875024,hipGetLastError,ENTER,,,0
2025-10-01 16:49:38.663,1875024,hipGetLastError,LEAVE,,NULL,0
2025-10-01 16:49:38.663,1875024,hipLaunchKernel,ENTER,const void*=0x7fe663154280; dim3=dim3(0x13600000136); dim3=dim3(0x1); void**=0x2000000020,,0
2025-10-01 16:49:38.663,1875024,hipLaunchKernel,LEAVE,const void*=0x7fe663154280; dim3=dim3(0x13600000136); dim3=dim3(0x1); void**=0x2000000020,NULL,0
2025-10-01 16:49:38.663,1875024,hipGetLastError,ENTER,,,0
2025-10-01 16:49:38.664,1875024,hipGetLastError,LEAVE,,NULL,0
2025-10-01 16:49:38.664,1875024,hipLaunchKernel,ENTER,const void*=0x7fe663154280; dim3=dim3(0x13600000136); dim3=dim3(0x1); void**=0x2000000020,,0
2025-10-01 16:49:38.664,1875024,hipLaunchKernel,LEAVE,const void*=0x7fe663154280; dim3=dim3(0x13600000136); dim3=dim3(0x1); void**=0x2000000020,NULL,0
2025-10-01 16:49:38.664,1875024,hipGetLastError,ENTER,,,0
2025-10-01 16:49:38.664,1875024,hipGetLastError,LEAVE,,NULL,0
2025-10-01 16:49:38.664,1875024,hipLaunchKernel,ENTER,const void*=0x7fe663154280; dim3=dim3(0x13600000136); dim3=dim3(0x1); void**=0x2000000020,,0
2025-10-01 16:49:38.665,1875024,hipLaunchKernel,LEAVE,const void*=0x7fe663154280; dim3=dim3(0x13600000136); dim3=dim3(0x1); void**=0x2000000020,NULL,0
2025-10-01 16:49:38.665,1875024,hipGetLastError,ENTER,,,0
2025-10-01 16:49:38.665,1875024,hipGetLastError,LEAVE,,NULL,0
2025-10-01 16:49:38.665,1875024,hipLaunchKernel,ENTER,const void*=0x7fe663154280; dim3=dim3(0x13600000136); dim3=dim3(0x1); void**=0x2000000020,,0
2025-10-01 16:49:38.665,1875024,hipLaunchKernel,LEAVE,const void*=0x7fe663154280; dim3=dim3(0x13600000136); dim3=dim3(0x1); void**=0x2000000020,NULL,0
2025-10-01 16:49:38.665,1875024,hipGetLastError,ENTER,,,0
2025-10-01 16:49:38.666,1875024,hipGetLastError,LEAVE,,NULL,0
2025-10-01 16:49:38.666,1875024,hipLaunchKernel,ENTER,const void*=0x7fe663154280; dim3=dim3(0x13600000136); dim3=dim3(0x1); void**=0x2000000020,,0
2025-10-01 16:49:38.666,1875024,hipLaunchKernel,LEAVE,const void*=0x7fe663154280; dim3=dim3(0x13600000136); dim3=dim3(0x1); void**=0x2000000020,NULL,0
2025-10-01 16:49:38.666,1875024,hipGetLastError,ENTER,,,0
2025-10-01 16:49:38.666,1875024,hipGetLastError,LEAVE,,NULL,0
2025-10-01 16:49:38.666,1875024,hipLaunchKernel,ENTER,const void*=0x7fe663154280; dim3=dim3(0x13600000136); dim3=dim3(0x1); void**=0x2000000020,,0
2025-10-01 16:49:38.667,1875024,hipLaunchKernel,LEAVE,const void*=0x7fe663154280; dim3=dim3(0x13600000136); dim3=dim3(0x1); void**=0x2000000020,NULL,0
2025-10-01 16:49:38.667,1875024,hipGetLastError,ENTER,,,0
2025-10-01 16:49:38.667,1875024,hipGetLastError,LEAVE,,NULL,0
2025-10-01 16:49:38.667,1875024,hipLaunchKernel,ENTER,const void*=0x7fe663154280; dim3=dim3(0x13600000136); dim3=dim3(0x1); void**=0x2000000020,,0
2025-10-01 16:49:38.667,1875024,hipLaunchKernel,LEAVE,const void*=0x7fe663154280; dim3=dim3(0x13600000136); dim3=dim3(0x1); void**=0x2000000020,NULL,0
2025-10-01 16:49:38.667,1875024,hipGetLastError,ENTER,,,0
2025-10-01 16:49:38.668,1875024,hipGetLastError,LEAVE,,NULL,0
2025-10-01 16:49:38.668,1875024,hipLaunchKernel,ENTER,const void*=0x7fe663154280; dim3=dim3(0x13600000136); dim3=dim3(0x1); void**=0x2000000020,,0
2025-10-01 16:49:38.668,1875024,hipLaunchKernel,LEAVE,const void*=0x7fe663154280; dim3=dim3(0x13600000136); dim3=dim3(0x1); void**=0x2000000020,NULL,0
2025-10-01 16:49:38.668,1875024,hipGetLastError,ENTER,,,0
2025-10-01 16:49:38.668,1875024,hipGetLastError,LEAVE,,NULL,0
2025-10-01 16:49:38.668,1875024,hipLaunchKernel,ENTER,const void*=0x7fe663154280; dim3=dim3(0x13600000136); dim3=dim3(0x1); void**=0x2000000020,,0
2025-10-01 16:49:38.669,1875024,hipLaunchKernel,LEAVE,const void*=0x7fe663154280; dim3=dim3(0x13600000136); dim3=dim3(0x1); void**=0x2000000020,NULL,0
2025-10-01 16:49:38.669,1875024,hipGetLastError,ENTER,,,0
2025-10-01 16:49:38.669,1875024,hipGetLastError,LEAVE,,NULL,0
2025-10-01 16:49:38.669,1875024,hipStreamSynchronize,ENTER,hipStream_t=0x7fa5ec002730,,0
2025-10-01 16:49:38.669,1875021,hipMemcpyAsync,ENTER,void*=0x7f9fbae01300; const void*=0x7f8953c00000; size_t=0x2000000; hipMemcpyKind=hipMemcpyHostToDevice,,0
2025-10-01 16:49:38.669,1875026,hipStreamSynchronize,LEAVE,hipStream_t=0x7fa5dc001290,NULL,74
2025-10-01 16:49:38.670,1875024,hipStreamSynchronize,LEAVE,hipStream_t=0x7fa5ec002730,NULL,1
2025-10-01 16:49:38.670,1875024,hipLaunchKernel,ENTER,const void*=0x7fe663154280; dim3=dim3(0x13600000136); dim3=dim3(0x1); void**=0x2000000020,,0
2025-10-01 16:49:38.670,1875026,hipLaunchKernel,ENTER,const void*=0x7fe663154280; dim3=dim3(0x13600000136); dim3=dim3(0x1); void**=0x2000000020,,0
2025-10-01 16:49:38.670,1875021,hipMemcpyAsync,LEAVE,void*=0x7f9fbae01300; const void*=0x7f8953c00000; size_t=0x2000000; hipMemcpyKind=hipMemcpyHostToDevice,NULL,1
2025-10-01 16:49:38.670,1875021,hipMemcpyAsync,ENTER,void*=0x7f9fbce01400; const void*=0x7f8951a00000; size_t=0x2000000; hipMemcpyKind=hipMemcpyHostToDevice,,0
2025-10-01 16:49:38.671,1875026,hipLaunchKernel,LEAVE,const void*=0x7fe663154280; dim3=dim3(0x13600000136); dim3=dim3(0x1); void**=0x2000000020,NULL,1
2025-10-01 16:49:38.671,1875026,hipGetLastError,ENTER,,,0
2025-10-01 16:49:38.671,1875026,hipGetLastError,LEAVE,,NULL,0
2025-10-01 16:49:38.671,1875026,hipLaunchKernel,ENTER,const void*=0x7fe663154280; dim3=dim3(0x13600000136); dim3=dim3(0x1); void**=0x2000000020,,0
2025-10-01 16:49:38.671,1875021,hipMemcpyAsync,LEAVE,void*=0x7f9fbce01400; const void*=0x7f8951a00000; size_t=0x2000000; hipMemcpyKind=hipMemcpyHostToDevice,NULL,1
2025-10-01 16:49:38.671,1875024,hipLaunchKernel,LEAVE,const void*=0x7fe663154280; dim3=dim3(0x13600000136); dim3=dim3(0x1); void**=0x2000000020,NULL,1
2025-10-01 16:49:38.671,1875024,hipGetLastError,ENTER,,,0
2025-10-01 16:49:38.671,1875024,hipGetLastError,LEAVE,,NULL,0
2025-10-01 16:49:38.671,1875024,hipLaunchKernel,ENTER,const void*=0x7fe663154280; dim3=dim3(0x13600000136); dim3=dim3(0x1); void**=0x2000000020,,0
2025-10-01 16:49:38.672,1875026,hipLaunchKernel,LEAVE,const void*=0x7fe663154280; dim3=dim3(0x13600000136); dim3=dim3(0x1); void**=0x2000000020,NULL,1
2025-10-01 16:49:38.672,1875026,hipGetLastError,ENTER,,,0
2025-10-01 16:49:38.672,1875026,hipGetLastError,LEAVE,,NULL,0
2025-10-01 16:49:38.672,1875026,hipLaunchKernel,ENTER,const void*=0x7fe663154280; dim3=dim3(0x13600000136); dim3=dim3(0x1); void**=0x2000000020,,0
2025-10-01 16:49:38.672,1875024,hipLaunchKernel,LEAVE,const void*=0x7fe663154280; dim3=dim3(0x13600000136); dim3=dim3(0x1); void**=0x2000000020,NULL,0
2025-10-01 16:49:38.672,1875024,hipGetLastError,ENTER,,,0
2025-10-01 16:49:38.672,1875024,hipGetLastError,LEAVE,,NULL,0
2025-10-01 16:49:38.673,1875024,hipLaunchKernel,ENTER,const void*=0x7fe663154280; dim3=dim3(0x13600000136); dim3=dim3(0x1); void**=0x2000000020,,0
2025-10-01 16:49:38.673,1875026,hipLaunchKernel,LEAVE,const void*=0x7fe663154280; dim3=dim3(0x13600000136); dim3=dim3(0x1); void**=0x2000000020,NULL,1
2025-10-01 16:49:38.673,1875026,hipGetLastError,ENTER,,,0
2025-10-01 16:49:38.673,1875026,hipGetLastError,LEAVE,,NULL,0
2025-10-01 16:49:38.673,1875026,hipLaunchKernel,ENTER,const void*=0x7fe663154280; dim3=dim3(0x13600000136); dim3=dim3(0x1); void**=0x2000000020,,0
2025-10-01 16:49:38.673,1875024,hipLaunchKernel,LEAVE,const void*=0x7fe663154280; dim3=dim3(0x13600000136); dim3=dim3(0x1); void**=0x2000000020,NULL,0
2025-10-01 16:49:38.673,1875024,hipGetLastError,ENTER,,,0
2025-10-01 16:49:38.673,1875024,hipGetLastError,LEAVE,,NULL,0
2025-10-01 16:49:38.674,1875024,hipLaunchKernel,ENTER,const void*=0x7fe663154280; dim3=dim3(0x13600000136); dim3=dim3(0x1); void**=0x2000000020,,0
2025-10-01 16:49:38.674,1875026,hipLaunchKernel,LEAVE,const void*=0x7fe663154280; dim3=dim3(0x13600000136); dim3=dim3(0x1); void**=0x2000000020,NULL,1
2025-10-01 16:49:38.674,1875026,hipGetLastError,ENTER,,,0
2025-10-01 16:49:38.674,1875026,hipGetLastError,LEAVE,,NULL,0
2025-10-01 16:49:38.674,1875026,hipLaunchKernel,ENTER,const void*=0x7fe663154280; dim3=dim3(0x13600000136); dim3=dim3(0x1); void**=0x2000000020,,0
2025-10-01 16:49:38.674,1875024,hipLaunchKernel,LEAVE,const void*=0x7fe663154280; dim3=dim3(0x13600000136); dim3=dim3(0x1); void**=0x2000000020,NULL,1
2025-10-01 16:49:38.675,1875024,hipGetLastError,ENTER,,,0
2025-10-01 16:49:38.675,1875024,hipGetLastError,LEAVE,,NULL,0
2025-10-01 16:49:38.675,1875024,hipLaunchKernel,ENTER,const void*=0x7fe663154280; dim3=dim3(0x13600000136); dim3=dim3(0x1); void**=0x2000000020,,0
2025-10-01 16:49:38.675,1875024,hipLaunchKernel,LEAVE,const void*=0x7fe663154280; dim3=dim3(0x13600000136); dim3=dim3(0x1); void**=0x2000000020,NULL,0
2025-10-01 16:49:38.675,1875024,hipGetLastError,ENTER,,,0
2025-10-01 16:49:38.675,1875024,hipGetLastError,LEAVE,,NULL,0
2025-10-01 16:49:38.675,1875024,hipLaunchKernel,ENTER,const void*=0x7fe663154280; dim3=dim3(0x13600000136); dim3=dim3(0x1); void**=0x2000000020,,0
2025-10-01 16:49:38.675,1875024,hipLaunchKernel,LEAVE,const void*=0x7fe663154280; dim3=dim3(0x13600000136); dim3=dim3(0x1); void**=0x2000000020,NULL,0
2025-10-01 16:49:38.676,1875024,hipGetLastError,ENTER,,,0
2025-10-01 16:49:38.676,1875024,hipGetLastError,LEAVE,,NULL,0
2025-10-01 16:49:38.676,1875024,hipLaunchKernel,ENTER,const void*=0x7fe663154280; dim3=dim3(0x13600000136); dim3=dim3(0x1); void**=0x2000000020,,0
2025-10-01 16:49:38.676,1875024,hipLaunchKernel,LEAVE,const void*=0x7fe663154280; dim3=dim3(0x13600000136); dim3=dim3(0x1); void**=0x2000000020,NULL,0
2025-10-01 16:49:38.676,1875024,hipGetLastError,ENTER,,,0
2025-10-01 16:49:38.676,1875024,hipGetLastError,LEAVE,,NULL,0
2025-10-01 16:49:38.676,1875024,hipLaunchKernel,ENTER,const void*=0x7fe663154280; dim3=dim3(0x13600000136); dim3=dim3(0x1); void**=0x2000000020,,0
2025-10-01 16:49:38.676,1875024,hipLaunchKernel,LEAVE,const void*=0x7fe663154280; dim3=dim3(0x13600000136); dim3=dim3(0x1); void**=0x2000000020,NULL,0
2025-10-01 16:49:38.677,1875024,hipGetLastError,ENTER,,,0
2025-10-01 16:49:38.677,1875024,hipGetLastError,LEAVE,,NULL,0
2025-10-01 16:49:38.677,1875024,hipLaunchKernel,ENTER,const void*=0x7fe663154280; dim3=dim3(0x13600000136); dim3=dim3(0x1); void**=0x2000000020,,0
2025-10-01 16:49:38.677,1875024,hipLaunchKernel,LEAVE,const void*=0x7fe663154280; dim3=dim3(0x13600000136); dim3=dim3(0x1); void**=0x2000000020,NULL,0
2025-10-01 16:49:38.677,1875024,hipGetLastError,ENTER,,,0
2025-10-01 16:49:38.677,1875024,hipGetLastError,LEAVE,,NULL,0
2025-10-01 16:49:38.677,1875024,hipLaunchKernel,ENTER,const void*=0x7fe663154280; dim3=dim3(0x13600000136); dim3=dim3(0x1); void**=0x2000000020,,0
2025-10-01 16:49:38.677,1875024,hipLaunchKernel,LEAVE,const void*=0x7fe663154280; dim3=dim3(0x13600000136); dim3=dim3(0x1); void**=0x2000000020,NULL,0
2025-10-01 16:49:38.678,1875024,hipGetLastError,ENTER,,,0
2025-10-01 16:49:38.678,1875024,hipGetLastError,LEAVE,,NULL,0
2025-10-01 16:49:38.678,1875024,hipStreamSynchronize,ENTER,hipStream_t=0x7fa5ec002730,,0
2025-10-01 16:49:38.678,1875026,hipLaunchKernel,LEAVE,const void*=0x7fe663154280; dim3=dim3(0x13600000136); dim3=dim3(0x1); void**=0x2000000020,NULL,4
2025-10-01 16:49:38.678,1875026,hipGetLastError,ENTER,,,0
2025-10-01 16:49:38.678,1875026,hipGetLastError,LEAVE,,NULL,0
2025-10-01 16:49:38.678,1875026,hipLaunchKernel,ENTER,const void*=0x7fe663154280; dim3=dim3(0x13600000136); dim3=dim3(0x1); void**=0x2000000020,,0
2025-10-01 16:49:38.679,1875024,hipStreamSynchronize,LEAVE,hipStream_t=0x7fa5ec002730,NULL,1
2025-10-01 16:49:38.679,1875024,hipLaunchKernel,ENTER,const void*=0x7fe663154280; dim3=dim3(0x13600000136); dim3=dim3(0x1); void**=0x2000000020,,0
2025-10-01 16:49:38.679,1875024,hipLaunchKernel,LEAVE,const void*=0x7fe663154280; dim3=dim3(0x13600000136); dim3=dim3(0x1); void**=0x2000000020,NULL,0
2025-10-01 16:49:38.679,1875024,hipGetLastError,ENTER,,,0
2025-10-01 16:49:38.679,1875024,hipGetLastError,LEAVE,,NULL,0
2025-10-01 16:49:38.679,1875024,hipLaunchKernel,ENTER,const void*=0x7fe663154280; dim3=dim3(0x13600000136); dim3=dim3(0x1); void**=0x2000000020,,0
2025-10-01 16:49:38.679,1875024,hipLaunchKernel,LEAVE,const void*=0x7fe663154280; dim3=dim3(0x13600000136); dim3=dim3(0x1); void**=0x2000000020,NULL,0
2025-10-01 16:49:38.679,1875024,hipGetLastError,ENTER,,,0
2025-10-01 16:49:38.679,1875024,hipGetLastError,LEAVE,,NULL,1
2025-10-01 16:49:38.680,1875024,hipLaunchKernel,ENTER,const void*=0x7fe663154280; dim3=dim3(0x13600000136); dim3=dim3(0x1); void**=0x2000000020,,0
2025-10-01 16:49:38.680,1875024,hipLaunchKernel,LEAVE,const void*=0x7fe663154280; dim3=dim3(0x13600000136); dim3=dim3(0x1); void**=0x2000000020,NULL,0
2025-10-01 16:49:38.680,1875024,hipGetLastError,ENTER,,,0
2025-10-01 16:49:38.680,1875024,hipGetLastError,LEAVE,,NULL,0
2025-10-01 16:49:38.680,1875024,hipLaunchKernel,ENTER,const void*=0x7fe663154280; dim3=dim3(0x13600000136); dim3=dim3(0x1); void**=0x2000000020,,0
2025-10-01 16:49:38.680,1875024,hipLaunchKernel,LEAVE,const void*=0x7fe663154280; dim3=dim3(0x13600000136); dim3=dim3(0x1); void**=0x2000000020,NULL,0
2025-10-01 16:49:38.680,1875024,hipGetLastError,ENTER,,,0
2025-10-01 16:49:38.680,1875024,hipGetLastError,LEAVE,,NULL,0
2025-10-01 16:49:38.681,1875024,hipLaunchKernel,ENTER,const void*=0x7fe663154280; dim3=dim3(0x13600000136); dim3=dim3(0x1); void**=0x2000000020,,0
2025-10-01 16:49:38.681,1875024,hipLaunchKernel,LEAVE,const void*=0x7fe663154280; dim3=dim3(0x13600000136); dim3=dim3(0x1); void**=0x2000000020,NULL,0
2025-10-01 16:49:38.681,1875024,hipGetLastError,ENTER,,,0
2025-10-01 16:49:38.681,1875024,hipGetLastError,LEAVE,,NULL,0
2025-10-01 16:49:38.681,1875024,hipLaunchKernel,ENTER,const void*=0x7fe663154280; dim3=dim3(0x13600000136); dim3=dim3(0x1); void**=0x2000000020,,0
2025-10-01 16:49:38.681,1875024,hipLaunchKernel,LEAVE,const void*=0x7fe663154280; dim3=dim3(0x13600000136); dim3=dim3(0x1); void**=0x2000000020,NULL,0
2025-10-01 16:49:38.681,1875024,hipGetLastError,ENTER,,,0
2025-10-01 16:49:38.681,1875024,hipGetLastError,LEAVE,,NULL,0
2025-10-01 16:49:38.682,1875024,hipLaunchKernel,ENTER,const void*=0x7fe663154280; dim3=dim3(0x13600000136); dim3=dim3(0x1); void**=0x2000000020,,0
2025-10-01 16:49:38.682,1875024,hipLaunchKernel,LEAVE,const void*=0x7fe663154280; dim3=dim3(0x13600000136); dim3=dim3(0x1); void**=0x2000000020,NULL,0
2025-10-01 16:49:38.682,1875024,hipGetLastError,ENTER,,,0
2025-10-01 16:49:38.682,1875024,hipGetLastError,LEAVE,,NULL,0
2025-10-01 16:49:38.682,1875024,hipLaunchKernel,ENTER,const void*=0x7fe663154280; dim3=dim3(0x13600000136); dim3=dim3(0x1); void**=0x2000000020,,0
2025-10-01 16:49:38.682,1875024,hipLaunchKernel,LEAVE,const void*=0x7fe663154280; dim3=dim3(0x13600000136); dim3=dim3(0x1); void**=0x2000000020,NULL,0
2025-10-01 16:49:38.682,1875024,hipGetLastError,ENTER,,,0
2025-10-01 16:49:38.682,1875024,hipGetLastError,LEAVE,,NULL,0
2025-10-01 16:49:38.683,1875024,hipLaunchKernel,ENTER,const void*=0x7fe663154280; dim3=dim3(0x13600000136); dim3=dim3(0x1); void**=0x2000000020,,0
2025-10-01 16:49:38.683,1875024,hipLaunchKernel,LEAVE,const void*=0x7fe663154280; dim3=dim3(0x13600000136); dim3=dim3(0x1); void**=0x2000000020,NULL,0
2025-10-01 16:49:38.683,1875024,hipGetLastError,ENTER,,,0
2025-10-01 16:49:38.683,1875024,hipGetLastError,LEAVE,,NULL,0
2025-10-01 16:49:38.683,1875024,hipLaunchKernel,ENTER,const void*=0x7fe663154280; dim3=dim3(0x13600000136); dim3=dim3(0x1); void**=0x2000000020,,0
2025-10-01 16:49:38.683,1875024,hipLaunchKernel,LEAVE,const void*=0x7fe663154280; dim3=dim3(0x13600000136); dim3=dim3(0x1); void**=0x2000000020,NULL,0
2025-10-01 16:49:38.683,1875024,hipGetLastError,ENTER,,,0
2025-10-01 16:49:38.683,1875024,hipGetLastError,LEAVE,,NULL,0
2025-10-01 16:49:38.684,1875024,hipStreamSynchronize,ENTER,hipStream_t=0x7fa5ec002730,,0
2025-10-01 16:49:38.684,1875026,hipLaunchKernel,LEAVE,const void*=0x7fe663154280; dim3=dim3(0x13600000136); dim3=dim3(0x1); void**=0x2000000020,NULL,5
2025-10-01 16:49:38.684,1875026,hipGetLastError,ENTER,,,0
2025-10-01 16:49:38.684,1875026,hipGetLastError,LEAVE,,NULL,0
2025-10-01 16:49:38.684,1875026,hipLaunchKernel,ENTER,const void*=0x7fe663154280; dim3=dim3(0x13600000136); dim3=dim3(0x1); void**=0x2000000020,,0
2025-10-01 16:49:38.684,1875024,hipStreamSynchronize,LEAVE,hipStream_t=0x7fa5ec002730,NULL,0
2025-10-01 16:49:38.684,1875024,hipLaunchKernel,ENTER,const void*=0x7fe663154280; dim3=dim3(0x13600000136); dim3=dim3(0x1); void**=0x2000000020,,0
2025-10-01 16:49:38.685,1875024,hipLaunchKernel,LEAVE,const void*=0x7fe663154280; dim3=dim3(0x13600000136); dim3=dim3(0x1); void**=0x2000000020,NULL,0
2025-10-01 16:49:38.685,1875024,hipGetLastError,ENTER,,,0
2025-10-01 16:49:38.685,1875024,hipGetLastError,LEAVE,,NULL,0
2025-10-01 16:49:38.685,1875024,hipLaunchKernel,ENTER,const void*=0x7fe663154280; dim3=dim3(0x13600000136); dim3=dim3(0x1); void**=0x2000000020,,0
2025-10-01 16:49:38.685,1875024,hipLaunchKernel,LEAVE,const void*=0x7fe663154280; dim3=dim3(0x13600000136); dim3=dim3(0x1); void**=0x2000000020,NULL,0
2025-10-01 16:49:38.685,1875024,hipGetLastError,ENTER,,,0
2025-10-01 16:49:38.685,1875024,hipGetLastError,LEAVE,,NULL,0
2025-10-01 16:49:38.685,1875024,hipLaunchKernel,ENTER,const void*=0x7fe663154280; dim3=dim3(0x13600000136); dim3=dim3(0x1); void**=0x2000000020,,0
2025-10-01 16:49:38.686,1875024,hipLaunchKernel,LEAVE,const void*=0x7fe663154280; dim3=dim3(0x13600000136); dim3=dim3(0x1); void**=0x2000000020,NULL,0
2025-10-01 16:49:38.686,1875024,hipGetLastError,ENTER,,,0
2025-10-01 16:49:38.686,1875024,hipGetLastError,LEAVE,,NULL,0
2025-10-01 16:49:38.686,1875024,hipLaunchKernel,ENTER,const void*=0x7fe663154280; dim3=dim3(0x13600000136); dim3=dim3(0x1); void**=0x2000000020,,0
2025-10-01 16:49:38.686,1875024,hipLaunchKernel,LEAVE,const void*=0x7fe663154280; dim3=dim3(0x13600000136); dim3=dim3(0x1); void**=0x2000000020,NULL,0
2025-10-01 16:49:38.686,1875024,hipGetLastError,ENTER,,,0
2025-10-01 16:49:38.686,1875024,hipGetLastError,LEAVE,,NULL,0
2025-10-01 16:49:38.686,1875024,hipLaunchKernel,ENTER,const void*=0x7fe663154280; dim3=dim3(0x13600000136); dim3=dim3(0x1); void**=0x2000000020,,0
2025-10-01 16:49:38.687,1875024,hipLaunchKernel,LEAVE,const void*=0x7fe663154280; dim3=dim3(0x13600000136); dim3=dim3(0x1); void**=0x2000000020,NULL,0
2025-10-01 16:49:38.687,1875024,hipGetLastError,ENTER,,,0
2025-10-01 16:49:38.687,1875024,hipGetLastError,LEAVE,,NULL,0
2025-10-01 16:49:38.687,1875024,hipLaunchKernel,ENTER,const void*=0x7fe663154280; dim3=dim3(0x13600000136); dim3=dim3(0x1); void**=0x2000000020,,0
2025-10-01 16:49:38.687,1875024,hipLaunchKernel,LEAVE,const void*=0x7fe663154280; dim3=dim3(0x13600000136); dim3=dim3(0x1); void**=0x2000000020,NULL,0
2025-10-01 16:49:38.687,1875024,hipGetLastError,ENTER,,,0
2025-10-01 16:49:38.687,1875024,hipGetLastError,LEAVE,,NULL,0
2025-10-01 16:49:38.687,1875024,hipLaunchKernel,ENTER,const void*=0x7fe663154280; dim3=dim3(0x13600000136); dim3=dim3(0x1); void**=0x2000000020,,0
2025-10-01 16:49:38.688,1875024,hipLaunchKernel,LEAVE,const void*=0x7fe663154280; dim3=dim3(0x13600000136); dim3=dim3(0x1); void**=0x2000000020,NULL,0
2025-10-01 16:49:38.688,1875024,hipGetLastError,ENTER,,,0
2025-10-01 16:49:38.688,1875024,hipGetLastError,LEAVE,,NULL,0
2025-10-01 16:49:38.688,1875024,hipLaunchKernel,ENTER,const void*=0x7fe663154280; dim3=dim3(0x13600000136); dim3=dim3(0x1); void**=0x2000000020,,0
2025-10-01 16:49:38.688,1875024,hipLaunchKernel,LEAVE,const void*=0x7fe663154280; dim3=dim3(0x13600000136); dim3=dim3(0x1); void**=0x2000000020,NULL,0
2025-10-01 16:49:38.688,1875024,hipGetLastError,ENTER,,,0
2025-10-01 16:49:38.688,1875024,hipGetLastError,LEAVE,,NULL,0
2025-10-01 16:49:38.688,1875024,hipLaunchKernel,ENTER,const void*=0x7fe663154280; dim3=dim3(0x13600000136); dim3=dim3(0x1); void**=0x2000000020,,0
2025-10-01 16:49:38.689,1875024,hipLaunchKernel,LEAVE,const void*=0x7fe663154280; dim3=dim3(0x13600000136); dim3=dim3(0x1); void**=0x2000000020,NULL,0
2025-10-01 16:49:38.689,1875024,hipGetLastError,ENTER,,,0
2025-10-01 16:49:38.689,1875024,hipGetLastError,LEAVE,,NULL,0
2025-10-01 16:49:38.689,1875024,hipLaunchKernel,ENTER,const void*=0x7fe663154280; dim3=dim3(0x13600000136); dim3=dim3(0x1); void**=0x2000000020,,0
2025-10-01 16:49:38.689,1875024,hipLaunchKernel,LEAVE,const void*=0x7fe663154280; dim3=dim3(0x13600000136); dim3=dim3(0x1); void**=0x2000000020,NULL,0
2025-10-01 16:49:38.689,1875024,hipGetLastError,ENTER,,,0
2025-10-01 16:49:38.689,1875024,hipGetLastError,LEAVE,,NULL,0
2025-10-01 16:49:38.689,1875024,hipStreamSynchronize,ENTER,hipStream_t=0x7fa5ec002730,,0
2025-10-01 16:49:38.689,1875026,hipLaunchKernel,LEAVE,const void*=0x7fe663154280; dim3=dim3(0x13600000136); dim3=dim3(0x1); void**=0x2000000020,NULL,6
2025-10-01 16:49:38.690,1875026,hipGetLastError,ENTER,,,0
2025-10-01 16:49:38.690,1875026,hipGetLastError,LEAVE,,NULL,0
2025-10-01 16:49:38.690,1875026,hipLaunchKernel,ENTER,const void*=0x7fe663154280; dim3=dim3(0x13600000136); dim3=dim3(0x1); void**=0x2000000020,,0
2025-10-01 16:49:38.690,1875024,hipStreamSynchronize,LEAVE,hipStream_t=0x7fa5ec002730,NULL,1
2025-10-01 16:49:38.690,1875024,hipLaunchKernel,ENTER,const void*=0x7fe663154280; dim3=dim3(0x13600000136); dim3=dim3(0x1); void**=0x2000000020,,0
2025-10-01 16:49:38.690,1875024,hipLaunchKernel,LEAVE,const void*=0x7fe663154280; dim3=dim3(0x13600000136); dim3=dim3(0x1); void**=0x2000000020,NULL,0
2025-10-01 16:49:38.691,1875024,hipGetLastError,ENTER,,,0
2025-10-01 16:49:38.691,1875024,hipGetLastError,LEAVE,,NULL,0
2025-10-01 16:49:38.691,1875024,hipLaunchKernel,ENTER,const void*=0x7fe663154280; dim3=dim3(0x13600000136); dim3=dim3(0x1); void**=0x2000000020,,0
2025-10-01 16:49:38.691,1875024,hipLaunchKernel,LEAVE,const void*=0x7fe663154280; dim3=dim3(0x13600000136); dim3=dim3(0x1); void**=0x2000000020,NULL,0
2025-10-01 16:49:38.691,1875024,hipGetLastError,ENTER,,,0
2025-10-01 16:49:38.691,1875024,hipGetLastError,LEAVE,,NULL,0
2025-10-01 16:49:38.691,1875024,hipLaunchKernel,ENTER,const void*=0x7fe663154280; dim3=dim3(0x13600000136); dim3=dim3(0x1); void**=0x2000000020,,0
2025-10-01 16:49:38.691,1875024,hipLaunchKernel,LEAVE,const void*=0x7fe663154280; dim3=dim3(0x13600000136); dim3=dim3(0x1); void**=0x2000000020,NULL,0
2025-10-01 16:49:38.691,1875024,hipGetLastError,ENTER,,,0
2025-10-01 16:49:38.692,1875024,hipGetLastError,LEAVE,,NULL,0
2025-10-01 16:49:38.692,1875024,hipLaunchKernel,ENTER,const void*=0x7fe663154280; dim3=dim3(0x13600000136); dim3=dim3(0x1); void**=0x2000000020,,0
2025-10-01 16:49:38.692,1875024,hipLaunchKernel,LEAVE,const void*=0x7fe663154280; dim3=dim3(0x13600000136); dim3=dim3(0x1); void**=0x2000000020,NULL,0
2025-10-01 16:49:38.692,1875024,hipGetLastError,ENTER,,,0
2025-10-01 16:49:38.692,1875024,hipGetLastError,LEAVE,,NULL,0
2025-10-01 16:49:38.692,1875024,hipLaunchKernel,ENTER,const void*=0x7fe663154280; dim3=dim3(0x13600000136); dim3=dim3(0x1); void**=0x2000000020,,0
2025-10-01 16:49:38.692,1875024,hipLaunchKernel,LEAVE,const void*=0x7fe663154280; dim3=dim3(0x13600000136); dim3=dim3(0x1); void**=0x2000000020,NULL,0
2025-10-01 16:49:38.692,1875024,hipGetLastError,ENTER,,,0
2025-10-01 16:49:38.693,1875024,hipGetLastError,LEAVE,,NULL,0
2025-10-01 16:49:38.693,1875024,hipLaunchKernel,ENTER,const void*=0x7fe663154280; dim3=dim3(0x13600000136); dim3=dim3(0x1); void**=0x2000000020,,0
2025-10-01 16:49:38.693,1875024,hipLaunchKernel,LEAVE,const void*=0x7fe663154280; dim3=dim3(0x13600000136); dim3=dim3(0x1); void**=0x2000000020,NULL,0
2025-10-01 16:49:38.693,1875024,hipGetLastError,ENTER,,,0
2025-10-01 16:49:38.693,1875024,hipGetLastError,LEAVE,,NULL,0
2025-10-01 16:49:38.693,1875024,hipLaunchKernel,ENTER,const void*=0x7fe663154280; dim3=dim3(0x13600000136); dim3=dim3(0x1); void**=0x2000000020,,0
2025-10-01 16:49:38.693,1875024,hipLaunchKernel,LEAVE,const void*=0x7fe663154280; dim3=dim3(0x13600000136); dim3=dim3(0x1); void**=0x2000000020,NULL,0
2025-10-01 16:49:38.693,1875024,hipGetLastError,ENTER,,,0
2025-10-01 16:49:38.694,1875024,hipGetLastError,LEAVE,,NULL,0
2025-10-01 16:49:38.694,1875024,hipLaunchKernel,ENTER,const void*=0x7fe663154280; dim3=dim3(0x13600000136); dim3=dim3(0x1); void**=0x2000000020,,0
2025-10-01 16:49:38.694,1875024,hipLaunchKernel,LEAVE,const void*=0x7fe663154280; dim3=dim3(0x13600000136); dim3=dim3(0x1); void**=0x2000000020,NULL,0
2025-10-01 16:49:38.694,1875024,hipGetLastError,ENTER,,,0
2025-10-01 16:49:38.694,1875024,hipGetLastError,LEAVE,,NULL,0
2025-10-01 16:49:38.694,1875024,hipLaunchKernel,ENTER,const void*=0x7fe663154280; dim3=dim3(0x13600000136); dim3=dim3(0x1); void**=0x2000000020,,0
2025-10-01 16:49:38.694,1875024,hipLaunchKernel,LEAVE,const void*=0x7fe663154280; dim3=dim3(0x13600000136); dim3=dim3(0x1); void**=0x2000000020,NULL,0
2025-10-01 16:49:38.694,1875024,hipGetLastError,ENTER,,,0
2025-10-01 16:49:38.695,1875024,hipGetLastError,LEAVE,,NULL,0
2025-10-01 16:49:38.695,1875024,hipLaunchKernel,ENTER,const void*=0x7fe663154280; dim3=dim3(0x13600000136); dim3=dim3(0x1); void**=0x2000000020,,0
2025-10-01 16:49:38.695,1875024,hipLaunchKernel,LEAVE,const void*=0x7fe663154280; dim3=dim3(0x13600000136); dim3=dim3(0x1); void**=0x2000000020,NULL,0
2025-10-01 16:49:38.695,1875024,hipGetLastError,ENTER,,,0
2025-10-01 16:49:38.695,1875024,hipGetLastError,LEAVE,,NULL,0
2025-10-01 16:49:38.695,1875024,hipStreamSynchronize,ENTER,hipStream_t=0x7fa5ec002730,,0
2025-10-01 16:49:38.695,1875026,hipLaunchKernel,LEAVE,const void*=0x7fe663154280; dim3=dim3(0x13600000136); dim3=dim3(0x1); void**=0x2000000020,NULL,5
2025-10-01 16:49:38.696,1875026,hipGetLastError,ENTER,,,0
2025-10-01 16:49:38.696,1875026,hipGetLastError,LEAVE,,NULL,0
2025-10-01 16:49:38.696,1875026,hipLaunchKernel,ENTER,const void*=0x7fe663154280; dim3=dim3(0x13600000136); dim3=dim3(0x1); void**=0x2000000020,,0
2025-10-01 16:49:38.696,1875024,hipStreamSynchronize,LEAVE,hipStream_t=0x7fa5ec002730,NULL,1
2025-10-01 16:49:38.696,1875024,hipLaunchKernel,ENTER,const void*=0x7fe663154280; dim3=dim3(0x13600000136); dim3=dim3(0x1); void**=0x2000000020,,0
2025-10-01 16:49:38.696,1875024,hipLaunchKernel,LEAVE,const void*=0x7fe663154280; dim3=dim3(0x13600000136); dim3=dim3(0x1); void**=0x2000000020,NULL,0
2025-10-01 16:49:38.696,1875024,hipGetLastError,ENTER,,,0
2025-10-01 16:49:38.697,1875024,hipGetLastError,LEAVE,,NULL,0
2025-10-01 16:49:38.697,1875024,hipLaunchKernel,ENTER,const void*=0x7fe663154280; dim3=dim3(0x13600000136); dim3=dim3(0x1); void**=0x2000000020,,0
2025-10-01 16:49:38.697,1875024,hipLaunchKernel,LEAVE,const void*=0x7fe663154280; dim3=dim3(0x13600000136); dim3=dim3(0x1); void**=0x2000000020,NULL,0
2025-10-01 16:49:38.697,1875024,hipGetLastError,ENTER,,,0
2025-10-01 16:49:38.697,1875024,hipGetLastError,LEAVE,,NULL,0
2025-10-01 16:49:38.697,1875024,hipLaunchKernel,ENTER,const void*=0x7fe663154280; dim3=dim3(0x13600000136); dim3=dim3(0x1); void**=0x2000000020,,0
2025-10-01 16:49:38.697,1875024,hipLaunchKernel,LEAVE,const void*=0x7fe663154280; dim3=dim3(0x13600000136); dim3=dim3(0x1); void**=0x2000000020,NULL,0
2025-10-01 16:49:38.697,1875024,hipGetLastError,ENTER,,,0
2025-10-01 16:49:38.697,1875024,hipGetLastError,LEAVE,,NULL,0
2025-10-01 16:49:38.698,1875024,hipLaunchKernel,ENTER,const void*=0x7fe663154280; dim3=dim3(0x13600000136); dim3=dim3(0x1); void**=0x2000000020,,0
2025-10-01 16:49:38.698,1875024,hipLaunchKernel,LEAVE,const void*=0x7fe663154280; dim3=dim3(0x13600000136); dim3=dim3(0x1); void**=0x2000000020,NULL,0
2025-10-01 16:49:38.698,1875024,hipGetLastError,ENTER,,,0
2025-10-01 16:49:38.698,1875024,hipGetLastError,LEAVE,,NULL,0
2025-10-01 16:49:38.698,1875024,hipLaunchKernel,ENTER,const void*=0x7fe663154280; dim3=dim3(0x13600000136); dim3=dim3(0x1); void**=0x2000000020,,0
2025-10-01 16:49:38.698,1875024,hipLaunchKernel,LEAVE,const void*=0x7fe663154280; dim3=dim3(0x13600000136); dim3=dim3(0x1); void**=0x2000000020,NULL,0
2025-10-01 16:49:38.698,1875024,hipGetLastError,ENTER,,,0
2025-10-01 16:49:38.698,1875024,hipGetLastError,LEAVE,,NULL,0
2025-10-01 16:49:38.699,1875024,hipLaunchKernel,ENTER,const void*=0x7fe663154280; dim3=dim3(0x13600000136); dim3=dim3(0x1); void**=0x2000000020,,0
2025-10-01 16:49:38.699,1875024,hipLaunchKernel,LEAVE,const void*=0x7fe663154280; dim3=dim3(0x13600000136); dim3=dim3(0x1); void**=0x2000000020,NULL,0
2025-10-01 16:49:38.699,1875024,hipGetLastError,ENTER,,,0
2025-10-01 16:49:38.699,1875024,hipGetLastError,LEAVE,,NULL,0
2025-10-01 16:49:38.699,1875024,hipLaunchKernel,ENTER,const void*=0x7fe663154280; dim3=dim3(0x13600000136); dim3=dim3(0x1); void**=0x2000000020,,0
2025-10-01 16:49:38.699,1875024,hipLaunchKernel,LEAVE,const void*=0x7fe663154280; dim3=dim3(0x13600000136); dim3=dim3(0x1); void**=0x2000000020,NULL,0
2025-10-01 16:49:38.699,1875024,hipGetLastError,ENTER,,,0
2025-10-01 16:49:38.699,1875024,hipGetLastError,LEAVE,,NULL,0
2025-10-01 16:49:38.700,1875024,hipLaunchKernel,ENTER,const void*=0x7fe663154280; dim3=dim3(0x13600000136); dim3=dim3(0x1); void**=0x2000000020,,0
2025-10-01 16:49:38.700,1875024,hipLaunchKernel,LEAVE,const void*=0x7fe663154280; dim3=dim3(0x13600000136); dim3=dim3(0x1); void**=0x2000000020,NULL,0
2025-10-01 16:49:38.700,1875024,hipGetLastError,ENTER,,,0
2025-10-01 16:49:38.700,1875024,hipGetLastError,LEAVE,,NULL,0
2025-10-01 16:49:38.700,1875024,hipLaunchKernel,ENTER,const void*=0x7fe663154280; dim3=dim3(0x13600000136); dim3=dim3(0x1); void**=0x2000000020,,0
2025-10-01 16:49:38.700,1875024,hipLaunchKernel,LEAVE,const void*=0x7fe663154280; dim3=dim3(0x13600000136); dim3=dim3(0x1); void**=0x2000000020,NULL,0
2025-10-01 16:49:38.700,1875024,hipGetLastError,ENTER,,,0
2025-10-01 16:49:38.700,1875024,hipGetLastError,LEAVE,,NULL,0
2025-10-01 16:49:38.701,1875024,hipLaunchKernel,ENTER,const void*=0x7fe663154280; dim3=dim3(0x13600000136); dim3=dim3(0x1); void**=0x2000000020,,0
2025-10-01 16:49:38.701,1875024,hipLaunchKernel,LEAVE,const void*=0x7fe663154280; dim3=dim3(0x13600000136); dim3=dim3(0x1); void**=0x2000000020,NULL,0
2025-10-01 16:49:38.701,1875024,hipGetLastError,ENTER,,,0
2025-10-01 16:49:38.701,1875024,hipGetLastError,LEAVE,,NULL,0
2025-10-01 16:49:38.701,1875024,hipStreamSynchronize,ENTER,hipStream_t=0x7fa5ec002730,,0
2025-10-01 16:49:38.701,1875026,hipLaunchKernel,LEAVE,const void*=0x7fe663154280; dim3=dim3(0x13600000136); dim3=dim3(0x1); void**=0x2000000020,NULL,5
2025-10-01 16:49:38.701,1875026,hipGetLastError,ENTER,,,0
2025-10-01 16:49:38.701,1875026,hipGetLastError,LEAVE,,NULL,0
2025-10-01 16:49:38.702,1875026,hipLaunchKernel,ENTER,const void*=0x7fe663154280; dim3=dim3(0x13600000136); dim3=dim3(0x1); void**=0x2000000020,,0
2025-10-01 16:49:38.702,1875024,hipStreamSynchronize,LEAVE,hipStream_t=0x7fa5ec002730,NULL,1
2025-10-01 16:49:38.702,1875024,hipLaunchKernel,ENTER,const void*=0x7fe663154280; dim3=dim3(0x13600000136); dim3=dim3(0x1); void**=0x2000000020,,0
2025-10-01 16:49:38.702,1875024,hipLaunchKernel,LEAVE,const void*=0x7fe663154280; dim3=dim3(0x13600000136); dim3=dim3(0x1); void**=0x2000000020,NULL,0
2025-10-01 16:49:38.702,1875024,hipGetLastError,ENTER,,,0
2025-10-01 16:49:38.702,1875024,hipGetLastError,LEAVE,,NULL,0
2025-10-01 16:49:38.702,1875024,hipLaunchKernel,ENTER,const void*=0x7fe663154280; dim3=dim3(0x13600000136); dim3=dim3(0x1); void**=0x2000000020,,0
2025-10-01 16:49:38.703,1875024,hipLaunchKernel,LEAVE,const void*=0x7fe663154280; dim3=dim3(0x13600000136); dim3=dim3(0x1); void**=0x2000000020,NULL,1
2025-10-01 16:49:38.703,1875024,hipGetLastError,ENTER,,,0
2025-10-01 16:49:38.703,1875024,hipGetLastError,LEAVE,,NULL,0
2025-10-01 16:49:38.703,1875024,hipLaunchKernel,ENTER,const void*=0x7fe663154280; dim3=dim3(0x13600000136); dim3=dim3(0x1); void**=0x2000000020,,0
2025-10-01 16:49:38.703,1875024,hipLaunchKernel,LEAVE,const void*=0x7fe663154280; dim3=dim3(0x13600000136); dim3=dim3(0x1); void**=0x2000000020,NULL,0
2025-10-01 16:49:38.703,1875024,hipGetLastError,ENTER,,,0
2025-10-01 16:49:38.703,1875024,hipGetLastError,LEAVE,,NULL,0
2025-10-01 16:49:38.703,1875024,hipLaunchKernel,ENTER,const void*=0x7fe663154280; dim3=dim3(0x13600000136); dim3=dim3(0x1); void**=0x2000000020,,0
2025-10-01 16:49:38.703,1875024,hipLaunchKernel,LEAVE,const void*=0x7fe663154280; dim3=dim3(0x13600000136); dim3=dim3(0x1); void**=0x2000000020,NULL,0
2025-10-01 16:49:38.704,1875024,hipGetLastError,ENTER,,,0
2025-10-01 16:49:38.704,1875024,hipGetLastError,LEAVE,,NULL,0
2025-10-01 16:49:38.704,1875024,hipLaunchKernel,ENTER,const void*=0x7fe663154280; dim3=dim3(0x13600000136); dim3=dim3(0x1); void**=0x2000000020,,0
2025-10-01 16:49:38.704,1875024,hipLaunchKernel,LEAVE,const void*=0x7fe663154280; dim3=dim3(0x13600000136); dim3=dim3(0x1); void**=0x2000000020,NULL,0
2025-10-01 16:49:38.704,1875024,hipGetLastError,ENTER,,,0
2025-10-01 16:49:38.704,1875024,hipGetLastError,LEAVE,,NULL,0
2025-10-01 16:49:38.704,1875024,hipLaunchKernel,ENTER,const void*=0x7fe663154280; dim3=dim3(0x13600000136); dim3=dim3(0x1); void**=0x2000000020,,0
2025-10-01 16:49:38.704,1875024,hipLaunchKernel,LEAVE,const void*=0x7fe663154280; dim3=dim3(0x13600000136); dim3=dim3(0x1); void**=0x2000000020,NULL,0
2025-10-01 16:49:38.705,1875024,hipGetLastError,ENTER,,,0
2025-10-01 16:49:38.705,1875024,hipGetLastError,LEAVE,,NULL,0
2025-10-01 16:49:38.705,1875024,hipLaunchKernel,ENTER,const void*=0x7fe663154280; dim3=dim3(0x13600000136); dim3=dim3(0x1); void**=0x2000000020,,0
2025-10-01 16:49:38.705,1875024,hipLaunchKernel,LEAVE,const void*=0x7fe663154280; dim3=dim3(0x13600000136); dim3=dim3(0x1); void**=0x2000000020,NULL,0
2025-10-01 16:49:38.705,1875024,hipGetLastError,ENTER,,,0
2025-10-01 16:49:38.705,1875024,hipGetLastError,LEAVE,,NULL,0
2025-10-01 16:49:38.705,1875024,hipLaunchKernel,ENTER,const void*=0x7fe663154280; dim3=dim3(0x13600000136); dim3=dim3(0x1); void**=0x2000000020,,0
2025-10-01 16:49:38.705,1875024,hipLaunchKernel,LEAVE,const void*=0x7fe663154280; dim3=dim3(0x13600000136); dim3=dim3(0x1); void**=0x2000000020,NULL,0
2025-10-01 16:49:38.706,1875024,hipGetLastError,ENTER,,,0
2025-10-01 16:49:38.706,1875024,hipGetLastError,LEAVE,,NULL,0
2025-10-01 16:49:38.706,1875024,hipLaunchKernel,ENTER,const void*=0x7fe663154280; dim3=dim3(0x13600000136); dim3=dim3(0x1); void**=0x2000000020,,0
2025-10-01 16:49:38.706,1875024,hipLaunchKernel,LEAVE,const void*=0x7fe663154280; dim3=dim3(0x13600000136); dim3=dim3(0x1); void**=0x2000000020,NULL,0
2025-10-01 16:49:38.706,1875024,hipGetLastError,ENTER,,,0
2025-10-01 16:49:38.706,1875024,hipGetLastError,LEAVE,,NULL,0
2025-10-01 16:49:38.706,1875024,hipLaunchKernel,ENTER,const void*=0x7fe663154280; dim3=dim3(0x13600000136); dim3=dim3(0x1); void**=0x2000000020,,0
2025-10-01 16:49:38.706,1875024,hipLaunchKernel,LEAVE,const void*=0x7fe663154280; dim3=dim3(0x13600000136); dim3=dim3(0x1); void**=0x2000000020,NULL,0
2025-10-01 16:49:38.706,1875024,hipGetLastError,ENTER,,,0
2025-10-01 16:49:38.707,1875024,hipGetLastError,LEAVE,,NULL,0
2025-10-01 16:49:38.707,1875024,hipStreamSynchronize,ENTER,hipStream_t=0x7fa5ec002730,,0
2025-10-01 16:49:38.707,1875026,hipLaunchKernel,LEAVE,const void*=0x7fe663154280; dim3=dim3(0x13600000136); dim3=dim3(0x1); void**=0x2000000020,NULL,5
2025-10-01 16:49:38.707,1875026,hipGetLastError,ENTER,,,0
2025-10-01 16:49:38.707,1875026,hipGetLastError,LEAVE,,NULL,0
2025-10-01 16:49:38.707,1875026,hipStreamSynchronize,ENTER,hipStream_t=0x7fa5dc001290,,0
2025-10-01 16:49:38.707,1875024,hipStreamSynchronize,LEAVE,hipStream_t=0x7fa5ec002730,NULL,0
2025-10-01 16:49:38.708,1875024,hipLaunchKernel,ENTER,const void*=0x7fe663154280; dim3=dim3(0x13600000136); dim3=dim3(0x1); void**=0x2000000020,,0
2025-10-01 16:49:38.708,1875024,hipLaunchKernel,LEAVE,const void*=0x7fe663154280; dim3=dim3(0x13600000136); dim3=dim3(0x1); void**=0x2000000020,NULL,0
2025-10-01 16:49:38.708,1875024,hipGetLastError,ENTER,,,0
2025-10-01 16:49:38.708,1875024,hipGetLastError,LEAVE,,NULL,0
2025-10-01 16:49:38.708,1875024,hipLaunchKernel,ENTER,const void*=0x7fe663154280; dim3=dim3(0x13600000136); dim3=dim3(0x1); void**=0x2000000020,,0
2025-10-01 16:49:38.708,1875024,hipLaunchKernel,LEAVE,const void*=0x7fe663154280; dim3=dim3(0x13600000136); dim3=dim3(0x1); void**=0x2000000020,NULL,0
2025-10-01 16:49:38.708,1875024,hipGetLastError,ENTER,,,0
2025-10-01 16:49:38.708,1875024,hipGetLastError,LEAVE,,NULL,0
2025-10-01 16:49:38.708,1875024,hipLaunchKernel,ENTER,const void*=0x7fe663154280; dim3=dim3(0x13600000136); dim3=dim3(0x1); void**=0x2000000020,,0
2025-10-01 16:49:38.709,1875024,hipLaunchKernel,LEAVE,const void*=0x7fe663154280; dim3=dim3(0x13600000136); dim3=dim3(0x1); void**=0x2000000020,NULL,0
2025-10-01 16:49:38.709,1875024,hipGetLastError,ENTER,,,0
2025-10-01 16:49:38.709,1875024,hipGetLastError,LEAVE,,NULL,0
2025-10-01 16:49:38.709,1875024,hipLaunchKernel,ENTER,const void*=0x7fe663154280; dim3=dim3(0x13600000136); dim3=dim3(0x1); void**=0x2000000020,,0
2025-10-01 16:49:38.709,1875024,hipLaunchKernel,LEAVE,const void*=0x7fe663154280; dim3=dim3(0x13600000136); dim3=dim3(0x1); void**=0x2000000020,NULL,0
2025-10-01 16:49:38.709,1875024,hipGetLastError,ENTER,,,0
2025-10-01 16:49:38.709,1875024,hipGetLastError,LEAVE,,NULL,0
2025-10-01 16:49:38.709,1875024,hipLaunchKernel,ENTER,const void*=0x7fe663154280; dim3=dim3(0x13600000136); dim3=dim3(0x1); void**=0x2000000020,,0
2025-10-01 16:49:38.710,1875024,hipLaunchKernel,LEAVE,const void*=0x7fe663154280; dim3=dim3(0x13600000136); dim3=dim3(0x1); void**=0x2000000020,NULL,0
2025-10-01 16:49:38.710,1875024,hipGetLastError,ENTER,,,0
2025-10-01 16:49:38.710,1875024,hipGetLastError,LEAVE,,NULL,0
2025-10-01 16:49:38.710,1875024,hipLaunchKernel,ENTER,const void*=0x7fe663154280; dim3=dim3(0x13600000136); dim3=dim3(0x1); void**=0x2000000020,,0
2025-10-01 16:49:38.710,1875024,hipLaunchKernel,LEAVE,const void*=0x7fe663154280; dim3=dim3(0x13600000136); dim3=dim3(0x1); void**=0x2000000020,NULL,0
2025-10-01 16:49:38.710,1875024,hipGetLastError,ENTER,,,0
2025-10-01 16:49:38.710,1875024,hipGetLastError,LEAVE,,NULL,0
2025-10-01 16:49:38.710,1875024,hipLaunchKernel,ENTER,const void*=0x7fe663154280; dim3=dim3(0x13600000136); dim3=dim3(0x1); void**=0x2000000020,,0
2025-10-01 16:49:38.711,1875024,hipLaunchKernel,LEAVE,const void*=0x7fe663154280; dim3=dim3(0x13600000136); dim3=dim3(0x1); void**=0x2000000020,NULL,0
2025-10-01 16:49:38.711,1875024,hipGetLastError,ENTER,,,0
2025-10-01 16:49:38.711,1875024,hipGetLastError,LEAVE,,NULL,0
2025-10-01 16:49:38.711,1875024,hipLaunchKernel,ENTER,const void*=0x7fe663154280; dim3=dim3(0x13600000136); dim3=dim3(0x1); void**=0x2000000020,,0
2025-10-01 16:49:38.711,1875024,hipLaunchKernel,LEAVE,const void*=0x7fe663154280; dim3=dim3(0x13600000136); dim3=dim3(0x1); void**=0x2000000020,NULL,0
2025-10-01 16:49:38.711,1875024,hipGetLastError,ENTER,,,0
2025-10-01 16:49:38.711,1875024,hipGetLastError,LEAVE,,NULL,0
2025-10-01 16:49:38.711,1875024,hipLaunchKernel,ENTER,const void*=0x7fe663154280; dim3=dim3(0x13600000136); dim3=dim3(0x1); void**=0x2000000020,,0
2025-10-01 16:49:38.712,1875024,hipLaunchKernel,LEAVE,const void*=0x7fe663154280; dim3=dim3(0x13600000136); dim3=dim3(0x1); void**=0x2000000020,NULL,0
2025-10-01 16:49:38.712,1875024,hipGetLastError,ENTER,,,0
2025-10-01 16:49:38.712,1875024,hipGetLastError,LEAVE,,NULL,0
2025-10-01 16:49:38.712,1875024,hipLaunchKernel,ENTER,const void*=0x7fe663154280; dim3=dim3(0x13600000136); dim3=dim3(0x1); void**=0x2000000020,,0
2025-10-01 16:49:38.712,1875024,hipLaunchKernel,LEAVE,const void*=0x7fe663154280; dim3=dim3(0x13600000136); dim3=dim3(0x1); void**=0x2000000020,NULL,0
2025-10-01 16:49:38.712,1875024,hipGetLastError,ENTER,,,0
2025-10-01 16:49:38.712,1875024,hipGetLastError,LEAVE,,NULL,0
2025-10-01 16:49:38.712,1875024,hipStreamSynchronize,ENTER,hipStream_t=0x7fa5ec002730,,0
2025-10-01 16:49:38.712,1875026,hipStreamSynchronize,LEAVE,hipStream_t=0x7fa5dc001290,NULL,6
2025-10-01 16:49:38.713,1875026,hipLaunchKernel,ENTER,const void*=0x7fe663154280; dim3=dim3(0x13600000136); dim3=dim3(0x1); void**=0x2000000020,,0
2025-10-01 16:49:38.713,1875024,hipStreamSynchronize,LEAVE,hipStream_t=0x7fa5ec002730,NULL,1
2025-10-01 16:49:38.713,1875024,hipLaunchKernel,ENTER,const void*=0x7fe663154280; dim3=dim3(0x13600000136); dim3=dim3(0x1); void**=0x2000000020,,0
2025-10-01 16:49:38.713,1875024,hipLaunchKernel,LEAVE,const void*=0x7fe663154280; dim3=dim3(0x13600000136); dim3=dim3(0x1); void**=0x2000000020,NULL,0
2025-10-01 16:49:38.713,1875024,hipGetLastError,ENTER,,,0
2025-10-01 16:49:38.713,1875024,hipGetLastError,LEAVE,,NULL,0
2025-10-01 16:49:38.713,1875024,hipLaunchKernel,ENTER,const void*=0x7fe663154280; dim3=dim3(0x13600000136); dim3=dim3(0x1); void**=0x2000000020,,0
2025-10-01 16:49:38.714,1875024,hipLaunchKernel,LEAVE,const void*=0x7fe663154280; dim3=dim3(0x13600000136); dim3=dim3(0x1); void**=0x2000000020,NULL,0
2025-10-01 16:49:38.714,1875024,hipGetLastError,ENTER,,,0
2025-10-01 16:49:38.714,1875024,hipGetLastError,LEAVE,,NULL,0
2025-10-01 16:49:38.714,1875024,hipLaunchKernel,ENTER,const void*=0x7fe663154280; dim3=dim3(0x13600000136); dim3=dim3(0x1); void**=0x2000000020,,0
2025-10-01 16:49:38.714,1875024,hipLaunchKernel,LEAVE,const void*=0x7fe663154280; dim3=dim3(0x13600000136); dim3=dim3(0x1); void**=0x2000000020,NULL,0
2025-10-01 16:49:38.714,1875024,hipGetLastError,ENTER,,,0
2025-10-01 16:49:38.714,1875024,hipGetLastError,LEAVE,,NULL,0
2025-10-01 16:49:38.714,1875024,hipLaunchKernel,ENTER,const void*=0x7fe663154280; dim3=dim3(0x13600000136); dim3=dim3(0x1); void**=0x2000000020,,0
2025-10-01 16:49:38.715,1875024,hipLaunchKernel,LEAVE,const void*=0x7fe663154280; dim3=dim3(0x13600000136); dim3=dim3(0x1); void**=0x2000000020,NULL,0
2025-10-01 16:49:38.715,1875024,hipGetLastError,ENTER,,,0
2025-10-01 16:49:38.715,1875024,hipGetLastError,LEAVE,,NULL,0
2025-10-01 16:49:38.715,1875024,hipLaunchKernel,ENTER,const void*=0x7fe663154280; dim3=dim3(0x13600000136); dim3=dim3(0x1); void**=0x2000000020,,0
2025-10-01 16:49:38.715,1875024,hipLaunchKernel,LEAVE,const void*=0x7fe663154280; dim3=dim3(0x13600000136); dim3=dim3(0x1); void**=0x2000000020,NULL,0
2025-10-01 16:49:38.715,1875024,hipGetLastError,ENTER,,,0
2025-10-01 16:49:38.715,1875024,hipGetLastError,LEAVE,,NULL,0
2025-10-01 16:49:38.715,1875024,hipLaunchKernel,ENTER,const void*=0x7fe663154280; dim3=dim3(0x13600000136); dim3=dim3(0x1); void**=0x2000000020,,0
2025-10-01 16:49:38.716,1875024,hipLaunchKernel,LEAVE,const void*=0x7fe663154280; dim3=dim3(0x13600000136); dim3=dim3(0x1); void**=0x2000000020,NULL,0
2025-10-01 16:49:38.716,1875024,hipGetLastError,ENTER,,,0
2025-10-01 16:49:38.716,1875024,hipGetLastError,LEAVE,,NULL,0
2025-10-01 16:49:38.716,1875024,hipLaunchKernel,ENTER,const void*=0x7fe663154280; dim3=dim3(0x13600000136); dim3=dim3(0x1); void**=0x2000000020,,0
2025-10-01 16:49:38.716,1875024,hipLaunchKernel,LEAVE,const void*=0x7fe663154280; dim3=dim3(0x13600000136); dim3=dim3(0x1); void**=0x2000000020,NULL,0
2025-10-01 16:49:38.716,1875024,hipGetLastError,ENTER,,,0
2025-10-01 16:49:38.716,1875024,hipGetLastError,LEAVE,,NULL,0
2025-10-01 16:49:38.716,1875024,hipLaunchKernel,ENTER,const void*=0x7fe663154280; dim3=dim3(0x13600000136); dim3=dim3(0x1); void**=0x2000000020,,0
2025-10-01 16:49:38.717,1875024,hipLaunchKernel,LEAVE,const void*=0x7fe663154280; dim3=dim3(0x13600000136); dim3=dim3(0x1); void**=0x2000000020,NULL,0
2025-10-01 16:49:38.717,1875024,hipGetLastError,ENTER,,,0
2025-10-01 16:49:38.717,1875024,hipGetLastError,LEAVE,,NULL,0
2025-10-01 16:49:38.717,1875024,hipLaunchKernel,ENTER,const void*=0x7fe663154280; dim3=dim3(0x13600000136); dim3=dim3(0x1); void**=0x2000000020,,0
2025-10-01 16:49:38.717,1875024,hipLaunchKernel,LEAVE,const void*=0x7fe663154280; dim3=dim3(0x13600000136); dim3=dim3(0x1); void**=0x2000000020,NULL,0
2025-10-01 16:49:38.717,1875024,hipGetLastError,ENTER,,,0
2025-10-01 16:49:38.717,1875024,hipGetLastError,LEAVE,,NULL,0
2025-10-01 16:49:38.717,1875024,hipLaunchKernel,ENTER,const void*=0x7fe663154280; dim3=dim3(0x13600000136); dim3=dim3(0x1); void**=0x2000000020,,0
2025-10-01 16:49:38.718,1875024,hipLaunchKernel,LEAVE,const void*=0x7fe663154280; dim3=dim3(0x13600000136); dim3=dim3(0x1); void**=0x2000000020,NULL,0
2025-10-01 16:49:38.718,1875024,hipGetLastError,ENTER,,,0
2025-10-01 16:49:38.718,1875024,hipGetLastError,LEAVE,,NULL,0
2025-10-01 16:49:38.718,1875024,hipStreamSynchronize,ENTER,hipStream_t=0x7fa5ec002730,,0
2025-10-01 16:49:38.718,1875026,hipLaunchKernel,LEAVE,const void*=0x7fe663154280; dim3=dim3(0x13600000136); dim3=dim3(0x1); void**=0x2000000020,NULL,5
2025-10-01 16:49:38.718,1875026,hipGetLastError,ENTER,,,0
2025-10-01 16:49:38.718,1875026,hipGetLastError,LEAVE,,NULL,0
2025-10-01 16:49:38.718,1875026,hipLaunchKernel,ENTER,const void*=0x7fe663154280; dim3=dim3(0x13600000136); dim3=dim3(0x1); void**=0x2000000020,,0
2025-10-01 16:49:38.719,1875024,hipStreamSynchronize,LEAVE,hipStream_t=0x7fa5ec002730,NULL,1
2025-10-01 16:49:38.719,1875024,hipLaunchKernel,ENTER,const void*=0x7fe663154280; dim3=dim3(0x13600000136); dim3=dim3(0x1); void**=0x2000000020,,0
2025-10-01 16:49:38.719,1875024,hipLaunchKernel,LEAVE,const void*=0x7fe663154280; dim3=dim3(0x13600000136); dim3=dim3(0x1); void**=0x2000000020,NULL,0
2025-10-01 16:49:38.719,1875024,hipGetLastError,ENTER,,,0
2025-10-01 16:49:38.719,1875024,hipGetLastError,LEAVE,,NULL,0
2025-10-01 16:49:38.719,1875024,hipLaunchKernel,ENTER,const void*=0x7fe663154280; dim3=dim3(0x13600000136); dim3=dim3(0x1); void**=0x2000000020,,0
2025-10-01 16:49:38.719,1875024,hipLaunchKernel,LEAVE,const void*=0x7fe663154280; dim3=dim3(0x13600000136); dim3=dim3(0x1); void**=0x2000000020,NULL,0
2025-10-01 16:49:38.720,1875024,hipGetLastError,ENTER,,,0
2025-10-01 16:49:38.720,1875024,hipGetLastError,LEAVE,,NULL,0
2025-10-01 16:49:38.720,1875024,hipLaunchKernel,ENTER,const void*=0x7fe663154280; dim3=dim3(0x13600000136); dim3=dim3(0x1); void**=0x2000000020,,0
2025-10-01 16:49:38.720,1875024,hipLaunchKernel,LEAVE,const void*=0x7fe663154280; dim3=dim3(0x13600000136); dim3=dim3(0x1); void**=0x2000000020,NULL,0
2025-10-01 16:49:38.720,1875024,hipGetLastError,ENTER,,,0
2025-10-01 16:49:38.720,1875024,hipGetLastError,LEAVE,,NULL,0
2025-10-01 16:49:38.720,1875024,hipLaunchKernel,ENTER,const void*=0x7fe663154280; dim3=dim3(0x13600000136); dim3=dim3(0x1); void**=0x2000000020,,0
2025-10-01 16:49:38.721,1875024,hipLaunchKernel,LEAVE,const void*=0x7fe663154280; dim3=dim3(0x13600000136); dim3=dim3(0x1); void**=0x2000000020,NULL,0
2025-10-01 16:49:38.721,1875024,hipGetLastError,ENTER,,,0
2025-10-01 16:49:38.721,1875024,hipGetLastError,LEAVE,,NULL,0
2025-10-01 16:49:38.721,1875024,hipLaunchKernel,ENTER,const void*=0x7fe663154280; dim3=dim3(0x13600000136); dim3=dim3(0x1); void**=0x2000000020,,0
2025-10-01 16:49:38.721,1875024,hipLaunchKernel,LEAVE,const void*=0x7fe663154280; dim3=dim3(0x13600000136); dim3=dim3(0x1); void**=0x2000000020,NULL,0
2025-10-01 16:49:38.721,1875024,hipGetLastError,ENTER,,,0
2025-10-01 16:49:38.721,1875024,hipGetLastError,LEAVE,,NULL,0
2025-10-01 16:49:38.721,1875024,hipLaunchKernel,ENTER,const void*=0x7fe663154280; dim3=dim3(0x13600000136); dim3=dim3(0x1); void**=0x2000000020,,0
2025-10-01 16:49:38.722,1875024,hipLaunchKernel,LEAVE,const void*=0x7fe663154280; dim3=dim3(0x13600000136); dim3=dim3(0x1); void**=0x2000000020,NULL,0
2025-10-01 16:49:38.722,1875024,hipGetLastError,ENTER,,,0
2025-10-01 16:49:38.722,1875024,hipGetLastError,LEAVE,,NULL,0
2025-10-01 16:49:38.722,1875024,hipLaunchKernel,ENTER,const void*=0x7fe663154280; dim3=dim3(0x13600000136); dim3=dim3(0x1); void**=0x2000000020,,0
2025-10-01 16:49:38.722,1875024,hipLaunchKernel,LEAVE,const void*=0x7fe663154280; dim3=dim3(0x13600000136); dim3=dim3(0x1); void**=0x2000000020,NULL,0
2025-10-01 16:49:38.722,1875024,hipGetLastError,ENTER,,,0
2025-10-01 16:49:38.722,1875024,hipGetLastError,LEAVE,,NULL,0
2025-10-01 16:49:38.722,1875024,hipLaunchKernel,ENTER,const void*=0x7fe663154280; dim3=dim3(0x13600000136); dim3=dim3(0x1); void**=0x2000000020,,0
2025-10-01 16:49:38.723,1875024,hipLaunchKernel,LEAVE,const void*=0x7fe663154280; dim3=dim3(0x13600000136); dim3=dim3(0x1); void**=0x2000000020,NULL,0
2025-10-01 16:49:38.723,1875024,hipGetLastError,ENTER,,,0
2025-10-01 16:49:38.723,1875024,hipGetLastError,LEAVE,,NULL,0
2025-10-01 16:49:38.723,1875024,hipLaunchKernel,ENTER,const void*=0x7fe663154280; dim3=dim3(0x13600000136); dim3=dim3(0x1); void**=0x2000000020,,0
2025-10-01 16:49:38.723,1875026,hipLaunchKernel,LEAVE,const void*=0x7fe663154280; dim3=dim3(0x13600000136); dim3=dim3(0x1); void**=0x2000000020,NULL,4
2025-10-01 16:49:38.723,1875026,hipGetLastError,ENTER,,,0
2025-10-01 16:49:38.723,1875026,hipGetLastError,LEAVE,,NULL,0
2025-10-01 16:49:38.723,1875026,hipLaunchKernel,ENTER,const void*=0x7fe663154280; dim3=dim3(0x13600000136); dim3=dim3(0x1); void**=0x2000000020,,0
2025-10-01 16:49:38.724,1875024,hipLaunchKernel,LEAVE,const void*=0x7fe663154280; dim3=dim3(0x13600000136); dim3=dim3(0x1); void**=0x2000000020,NULL,1
2025-10-01 16:49:38.724,1875024,hipGetLastError,ENTER,,,0
2025-10-01 16:49:38.724,1875024,hipGetLastError,LEAVE,,NULL,0
2025-10-01 16:49:38.724,1875024,hipLaunchKernel,ENTER,const void*=0x7fe663154280; dim3=dim3(0x13600000136); dim3=dim3(0x1); void**=0x2000000020,,0
2025-10-01 16:49:38.724,1875024,hipLaunchKernel,LEAVE,const void*=0x7fe663154280; dim3=dim3(0x13600000136); dim3=dim3(0x1); void**=0x2000000020,NULL,0
2025-10-01 16:49:38.724,1875024,hipGetLastError,ENTER,,,0
2025-10-01 16:49:38.724,1875024,hipGetLastError,LEAVE,,NULL,0
2025-10-01 16:49:38.725,1875024,hipStreamSynchronize,ENTER,hipStream_t=0x7fa5ec002730,,0
2025-10-01 16:49:38.725,1875026,hipLaunchKernel,LEAVE,const void*=0x7fe663154280; dim3=dim3(0x13600000136); dim3=dim3(0x1); void**=0x2000000020,NULL,1
2025-10-01 16:49:38.725,1875026,hipGetLastError,ENTER,,,0
2025-10-01 16:49:38.725,1875026,hipGetLastError,LEAVE,,NULL,0
2025-10-01 16:49:38.725,1875026,hipLaunchKernel,ENTER,const void*=0x7fe663154280; dim3=dim3(0x13600000136); dim3=dim3(0x1); void**=0x2000000020,,0
2025-10-01 16:49:38.725,1875027,hipMalloc,ENTER,void**=0x7fa5f0beca78; size_t=0x17764000,,0
2025-10-01 16:49:38.726,1875026,hipLaunchKernel,LEAVE,const void*=0x7fe663154280; dim3=dim3(0x13600000136); dim3=dim3(0x1); void**=0x2000000020,NULL,1
2025-10-01 16:49:38.726,1875026,hipGetLastError,ENTER,,,0
2025-10-01 16:49:38.726,1875026,hipGetLastError,LEAVE,,NULL,0
2025-10-01 16:49:38.726,1875026,hipLaunchKernel,ENTER,const void*=0x7fe663154280; dim3=dim3(0x13600000136); dim3=dim3(0x1); void**=0x2000000020,,0
2025-10-01 16:49:38.726,1875026,hipLaunchKernel,LEAVE,const void*=0x7fe663154280; dim3=dim3(0x13600000136); dim3=dim3(0x1); void**=0x2000000020,NULL,0
2025-10-01 16:49:38.726,1875026,hipGetLastError,ENTER,,,0
2025-10-01 16:49:38.727,1875026,hipGetLastError,LEAVE,,NULL,0
2025-10-01 16:49:38.727,1875026,hipLaunchKernel,ENTER,const void*=0x7fe663154280; dim3=dim3(0x13600000136); dim3=dim3(0x1); void**=0x2000000020,,0
2025-10-01 16:49:38.727,1875026,hipLaunchKernel,LEAVE,const void*=0x7fe663154280; dim3=dim3(0x13600000136); dim3=dim3(0x1); void**=0x2000000020,NULL,0
2025-10-01 16:49:38.727,1875026,hipGetLastError,ENTER,,,0
2025-10-01 16:49:38.727,1875026,hipGetLastError,LEAVE,,NULL,0
2025-10-01 16:49:38.727,1875026,hipLaunchKernel,ENTER,const void*=0x7fe663154280; dim3=dim3(0x13600000136); dim3=dim3(0x1); void**=0x2000000020,,0
2025-10-01 16:49:38.727,1875026,hipLaunchKernel,LEAVE,const void*=0x7fe663154280; dim3=dim3(0x13600000136); dim3=dim3(0x1); void**=0x2000000020,NULL,0
2025-10-01 16:49:38.728,1875026,hipGetLastError,ENTER,,,0
2025-10-01 16:49:38.728,1875026,hipGetLastError,LEAVE,,NULL,0
2025-10-01 16:49:38.728,1875026,hipLaunchKernel,ENTER,const void*=0x7fe663154280; dim3=dim3(0x13600000136); dim3=dim3(0x1); void**=0x2000000020,,0
2025-10-01 16:49:38.728,1875026,hipLaunchKernel,LEAVE,const void*=0x7fe663154280; dim3=dim3(0x13600000136); dim3=dim3(0x1); void**=0x2000000020,NULL,0
2025-10-01 16:49:38.728,1875026,hipGetLastError,ENTER,,,0
2025-10-01 16:49:38.728,1875026,hipGetLastError,LEAVE,,NULL,0
2025-10-01 16:49:38.728,1875026,hipLaunchKernel,ENTER,const void*=0x7fe663154280; dim3=dim3(0x13600000136); dim3=dim3(0x1); void**=0x2000000020,,0
2025-10-01 16:49:38.729,1875026,hipLaunchKernel,LEAVE,const void*=0x7fe663154280; dim3=dim3(0x13600000136); dim3=dim3(0x1); void**=0x2000000020,NULL,0
2025-10-01 16:49:38.729,1875026,hipGetLastError,ENTER,,,0
2025-10-01 16:49:38.729,1875026,hipGetLastError,LEAVE,,NULL,0
2025-10-01 16:49:38.729,1875026,hipLaunchKernel,ENTER,const void*=0x7fe663154280; dim3=dim3(0x13600000136); dim3=dim3(0x1); void**=0x2000000020,,0
2025-10-01 16:49:38.729,1875026,hipLaunchKernel,LEAVE,const void*=0x7fe663154280; dim3=dim3(0x13600000136); dim3=dim3(0x1); void**=0x2000000020,NULL,0
2025-10-01 16:49:38.729,1875026,hipGetLastError,ENTER,,,0
2025-10-01 16:49:38.729,1875026,hipGetLastError,LEAVE,,NULL,0
2025-10-01 16:49:38.730,1875026,hipStreamSynchronize,ENTER,hipStream_t=0x7fa5dc001290,,0
2025-10-01 16:49:38.730,1875025,hipMalloc,ENTER,void**=0x7fa5f1beea78; size_t=0x17764000,,0
2025-10-01 16:49:38.730,1875026,hipStreamSynchronize,LEAVE,hipStream_t=0x7fa5dc001290,NULL,0
2025-10-01 16:49:38.730,1875026,hipLaunchKernel,ENTER,const void*=0x7fe663154280; dim3=dim3(0x13600000136); dim3=dim3(0x1); void**=0x2000000020,,0
2025-10-01 16:49:38.730,1875026,hipLaunchKernel,LEAVE,const void*=0x7fe663154280; dim3=dim3(0x13600000136); dim3=dim3(0x1); void**=0x2000000020,NULL,0
2025-10-01 16:49:38.731,1875026,hipGetLastError,ENTER,,,0
2025-10-01 16:49:38.731,1875026,hipGetLastError,LEAVE,,NULL,0
2025-10-01 16:49:38.731,1875026,hipLaunchKernel,ENTER,const void*=0x7fe663154280; dim3=dim3(0x13600000136); dim3=dim3(0x1); void**=0x2000000020,,0
2025-10-01 16:49:38.731,1875026,hipLaunchKernel,LEAVE,const void*=0x7fe663154280; dim3=dim3(0x13600000136); dim3=dim3(0x1); void**=0x2000000020,NULL,0
2025-10-01 16:49:38.731,1875026,hipGetLastError,ENTER,,,0
2025-10-01 16:49:38.731,1875026,hipGetLastError,LEAVE,,NULL,0
2025-10-01 16:49:38.731,1875026,hipLaunchKernel,ENTER,const void*=0x7fe663154280; dim3=dim3(0x13600000136); dim3=dim3(0x1); void**=0x2000000020,,0
2025-10-01 16:49:38.732,1875026,hipLaunchKernel,LEAVE,const void*=0x7fe663154280; dim3=dim3(0x13600000136); dim3=dim3(0x1); void**=0x2000000020,NULL,0
2025-10-01 16:49:38.732,1875026,hipGetLastError,ENTER,,,0
2025-10-01 16:49:38.732,1875026,hipGetLastError,LEAVE,,NULL,0
2025-10-01 16:49:38.732,1875026,hipLaunchKernel,ENTER,const void*=0x7fe663154280; dim3=dim3(0x13600000136); dim3=dim3(0x1); void**=0x2000000020,,0
2025-10-01 16:49:38.732,1875026,hipLaunchKernel,LEAVE,const void*=0x7fe663154280; dim3=dim3(0x13600000136); dim3=dim3(0x1); void**=0x2000000020,NULL,0
2025-10-01 16:49:38.732,1875026,hipGetLastError,ENTER,,,0
2025-10-01 16:49:38.733,1875026,hipGetLastError,LEAVE,,NULL,0
2025-10-01 16:49:38.733,1875026,hipLaunchKernel,ENTER,const void*=0x7fe663154280; dim3=dim3(0x13600000136); dim3=dim3(0x1); void**=0x2000000020,,0
2025-10-01 16:49:38.733,1875026,hipLaunchKernel,LEAVE,const void*=0x7fe663154280; dim3=dim3(0x13600000136); dim3=dim3(0x1); void**=0x2000000020,NULL,0
2025-10-01 16:49:38.733,1875026,hipGetLastError,ENTER,,,0
2025-10-01 16:49:38.733,1875026,hipGetLastError,LEAVE,,NULL,0
2025-10-01 16:49:38.733,1875026,hipLaunchKernel,ENTER,const void*=0x7fe663154280; dim3=dim3(0x13600000136); dim3=dim3(0x1); void**=0x2000000020,,0
2025-10-01 16:49:38.733,1875026,hipLaunchKernel,LEAVE,const void*=0x7fe663154280; dim3=dim3(0x13600000136); dim3=dim3(0x1); void**=0x2000000020,NULL,0
2025-10-01 16:49:38.734,1875026,hipGetLastError,ENTER,,,0
2025-10-01 16:49:38.734,1875026,hipGetLastError,LEAVE,,NULL,0
2025-10-01 16:49:38.734,1875026,hipLaunchKernel,ENTER,const void*=0x7fe663154280; dim3=dim3(0x13600000136); dim3=dim3(0x1); void**=0x2000000020,,0
2025-10-01 16:49:38.734,1875026,hipLaunchKernel,LEAVE,const void*=0x7fe663154280; dim3=dim3(0x13600000136); dim3=dim3(0x1); void**=0x2000000020,NULL,0
2025-10-01 16:49:38.734,1875026,hipGetLastError,ENTER,,,0
2025-10-01 16:49:38.734,1875026,hipGetLastError,LEAVE,,NULL,0
2025-10-01 16:49:38.734,1875026,hipLaunchKernel,ENTER,const void*=0x7fe663154280; dim3=dim3(0x13600000136); dim3=dim3(0x1); void**=0x2000000020,,0
2025-10-01 16:49:38.735,1875026,hipLaunchKernel,LEAVE,const void*=0x7fe663154280; dim3=dim3(0x13600000136); dim3=dim3(0x1); void**=0x2000000020,NULL,0
2025-10-01 16:49:38.735,1875026,hipGetLastError,ENTER,,,0
2025-10-01 16:49:38.735,1875026,hipGetLastError,LEAVE,,NULL,0
2025-10-01 16:49:38.735,1875026,hipLaunchKernel,ENTER,const void*=0x7fe663154280; dim3=dim3(0x13600000136); dim3=dim3(0x1); void**=0x2000000020,,0
2025-10-01 16:49:38.735,1875026,hipLaunchKernel,LEAVE,const void*=0x7fe663154280; dim3=dim3(0x13600000136); dim3=dim3(0x1); void**=0x2000000020,NULL,0
2025-10-01 16:49:38.735,1875026,hipGetLastError,ENTER,,,0
2025-10-01 16:49:38.735,1875026,hipGetLastError,LEAVE,,NULL,0
2025-10-01 16:49:38.736,1875026,hipLaunchKernel,ENTER,const void*=0x7fe663154280; dim3=dim3(0x13600000136); dim3=dim3(0x1); void**=0x2000000020,,0
2025-10-01 16:49:38.736,1875026,hipLaunchKernel,LEAVE,const void*=0x7fe663154280; dim3=dim3(0x13600000136); dim3=dim3(0x1); void**=0x2000000020,NULL,0
2025-10-01 16:49:38.736,1875026,hipGetLastError,ENTER,,,0
2025-10-01 16:49:38.736,1875026,hipGetLastError,LEAVE,,NULL,0
2025-10-01 16:49:38.736,1875026,hipStreamSynchronize,ENTER,hipStream_t=0x7fa5dc001290,,0
2025-10-01 16:49:38.736,1875026,hipStreamSynchronize,LEAVE,hipStream_t=0x7fa5dc001290,NULL,0
2025-10-01 16:49:38.736,1875026,hipLaunchKernel,ENTER,const void*=0x7fe663154280; dim3=dim3(0x13600000136); dim3=dim3(0x1); void**=0x2000000020,,0
2025-10-01 16:49:38.737,1875026,hipLaunchKernel,LEAVE,const void*=0x7fe663154280; dim3=dim3(0x13600000136); dim3=dim3(0x1); void**=0x2000000020,NULL,0
2025-10-01 16:49:38.737,1875026,hipGetLastError,ENTER,,,0
2025-10-01 16:49:38.737,1875026,hipGetLastError,LEAVE,,NULL,0
2025-10-01 16:49:38.737,1875026,hipLaunchKernel,ENTER,const void*=0x7fe663154280; dim3=dim3(0x13600000136); dim3=dim3(0x1); void**=0x2000000020,,0
2025-10-01 16:49:38.737,1875026,hipLaunchKernel,LEAVE,const void*=0x7fe663154280; dim3=dim3(0x13600000136); dim3=dim3(0x1); void**=0x2000000020,NULL,0
2025-10-01 16:49:38.737,1875026,hipGetLastError,ENTER,,,0
2025-10-01 16:49:38.737,1875026,hipGetLastError,LEAVE,,NULL,0
2025-10-01 16:49:38.738,1875026,hipLaunchKernel,ENTER,const void*=0x7fe663154280; dim3=dim3(0x13600000136); dim3=dim3(0x1); void**=0x2000000020,,0
2025-10-01 16:49:38.738,1875026,hipLaunchKernel,LEAVE,const void*=0x7fe663154280; dim3=dim3(0x13600000136); dim3=dim3(0x1); void**=0x2000000020,NULL,0
2025-10-01 16:49:38.738,1875026,hipGetLastError,ENTER,,,0
2025-10-01 16:49:38.738,1875026,hipGetLastError,LEAVE,,NULL,0
2025-10-01 16:49:38.738,1875026,hipLaunchKernel,ENTER,const void*=0x7fe663154280; dim3=dim3(0x13600000136); dim3=dim3(0x1); void**=0x2000000020,,0
2025-10-01 16:49:38.738,1875026,hipLaunchKernel,LEAVE,const void*=0x7fe663154280; dim3=dim3(0x13600000136); dim3=dim3(0x1); void**=0x2000000020,NULL,0
2025-10-01 16:49:38.739,1875026,hipGetLastError,ENTER,,,0
2025-10-01 16:49:38.739,1875026,hipGetLastError,LEAVE,,NULL,0
2025-10-01 16:49:38.739,1875026,hipLaunchKernel,ENTER,const void*=0x7fe663154280; dim3=dim3(0x13600000136); dim3=dim3(0x1); void**=0x2000000020,,0
2025-10-01 16:49:38.739,1875026,hipLaunchKernel,LEAVE,const void*=0x7fe663154280; dim3=dim3(0x13600000136); dim3=dim3(0x1); void**=0x2000000020,NULL,0
2025-10-01 16:49:38.739,1875026,hipGetLastError,ENTER,,,0
2025-10-01 16:49:38.739,1875026,hipGetLastError,LEAVE,,NULL,0
2025-10-01 16:49:38.739,1875026,hipLaunchKernel,ENTER,const void*=0x7fe663154280; dim3=dim3(0x13600000136); dim3=dim3(0x1); void**=0x2000000020,,0
2025-10-01 16:49:38.740,1875026,hipLaunchKernel,LEAVE,const void*=0x7fe663154280; dim3=dim3(0x13600000136); dim3=dim3(0x1); void**=0x2000000020,NULL,0
2025-10-01 16:49:38.740,1875026,hipGetLastError,ENTER,,,0
2025-10-01 16:49:38.740,1875026,hipGetLastError,LEAVE,,NULL,0
2025-10-01 16:49:38.740,1875026,hipLaunchKernel,ENTER,const void*=0x7fe663154280; dim3=dim3(0x13600000136); dim3=dim3(0x1); void**=0x2000000020,,0
2025-10-01 16:49:38.740,1875026,hipLaunchKernel,LEAVE,const void*=0x7fe663154280; dim3=dim3(0x13600000136); dim3=dim3(0x1); void**=0x2000000020,NULL,0
2025-10-01 16:49:38.740,1875026,hipGetLastError,ENTER,,,0
2025-10-01 16:49:38.740,1875026,hipGetLastError,LEAVE,,NULL,0
2025-10-01 16:49:38.740,1875026,hipLaunchKernel,ENTER,const void*=0x7fe663154280; dim3=dim3(0x13600000136); dim3=dim3(0x1); void**=0x2000000020,,0
2025-10-01 16:49:38.741,1875026,hipLaunchKernel,LEAVE,const void*=0x7fe663154280; dim3=dim3(0x13600000136); dim3=dim3(0x1); void**=0x2000000020,NULL,0
2025-10-01 16:49:38.741,1875026,hipGetLastError,ENTER,,,0
2025-10-01 16:49:38.741,1875026,hipGetLastError,LEAVE,,NULL,0
2025-10-01 16:49:38.741,1875026,hipLaunchKernel,ENTER,const void*=0x7fe663154280; dim3=dim3(0x13600000136); dim3=dim3(0x1); void**=0x2000000020,,0
2025-10-01 16:49:38.741,1875026,hipLaunchKernel,LEAVE,const void*=0x7fe663154280; dim3=dim3(0x13600000136); dim3=dim3(0x1); void**=0x2000000020,NULL,0
2025-10-01 16:49:38.741,1875026,hipGetLastError,ENTER,,,0
2025-10-01 16:49:38.742,1875026,hipGetLastError,LEAVE,,NULL,0
2025-10-01 16:49:38.742,1875026,hipLaunchKernel,ENTER,const void*=0x7fe663154280; dim3=dim3(0x13600000136); dim3=dim3(0x1); void**=0x2000000020,,0
2025-10-01 16:49:38.742,1875026,hipLaunchKernel,LEAVE,const void*=0x7fe663154280; dim3=dim3(0x13600000136); dim3=dim3(0x1); void**=0x2000000020,NULL,0
2025-10-01 16:49:38.742,1875026,hipGetLastError,ENTER,,,0
2025-10-01 16:49:38.742,1875026,hipGetLastError,LEAVE,,NULL,0
2025-10-01 16:49:38.742,1875026,hipStreamSynchronize,ENTER,hipStream_t=0x7fa5dc001290,,0
2025-10-01 16:49:38.742,1875026,hipStreamSynchronize,LEAVE,hipStream_t=0x7fa5dc001290,NULL,0
2025-10-01 16:49:38.743,1875026,hipLaunchKernel,ENTER,const void*=0x7fe663154280; dim3=dim3(0x13600000136); dim3=dim3(0x1); void**=0x2000000020,,0
2025-10-01 16:49:38.743,1875026,hipLaunchKernel,LEAVE,const void*=0x7fe663154280; dim3=dim3(0x13600000136); dim3=dim3(0x1); void**=0x2000000020,NULL,0
2025-10-01 16:49:38.743,1875026,hipGetLastError,ENTER,,,0
2025-10-01 16:49:38.743,1875026,hipGetLastError,LEAVE,,NULL,0
2025-10-01 16:49:38.743,1875026,hipLaunchKernel,ENTER,const void*=0x7fe663154280; dim3=dim3(0x13600000136); dim3=dim3(0x1); void**=0x2000000020,,0
2025-10-01 16:49:38.743,1875026,hipLaunchKernel,LEAVE,const void*=0x7fe663154280; dim3=dim3(0x13600000136); dim3=dim3(0x1); void**=0x2000000020,NULL,0
2025-10-01 16:49:38.743,1875026,hipGetLastError,ENTER,,,0
2025-10-01 16:49:38.744,1875026,hipGetLastError,LEAVE,,NULL,0
2025-10-01 16:49:38.744,1875026,hipLaunchKernel,ENTER,const void*=0x7fe663154280; dim3=dim3(0x13600000136); dim3=dim3(0x1); void**=0x2000000020,,0
2025-10-01 16:49:38.744,1875026,hipLaunchKernel,LEAVE,const void*=0x7fe663154280; dim3=dim3(0x13600000136); dim3=dim3(0x1); void**=0x2000000020,NULL,0
2025-10-01 16:49:38.744,1875026,hipGetLastError,ENTER,,,0
2025-10-01 16:49:38.744,1875026,hipGetLastError,LEAVE,,NULL,0
2025-10-01 16:49:38.744,1875026,hipLaunchKernel,ENTER,const void*=0x7fe663154280; dim3=dim3(0x13600000136); dim3=dim3(0x1); void**=0x2000000020,,0
2025-10-01 16:49:38.744,1875026,hipLaunchKernel,LEAVE,const void*=0x7fe663154280; dim3=dim3(0x13600000136); dim3=dim3(0x1); void**=0x2000000020,NULL,1
2025-10-01 16:49:38.745,1875026,hipGetLastError,ENTER,,,0
2025-10-01 16:49:38.745,1875026,hipGetLastError,LEAVE,,NULL,0
2025-10-01 16:49:38.745,1875026,hipLaunchKernel,ENTER,const void*=0x7fe663154280; dim3=dim3(0x13600000136); dim3=dim3(0x1); void**=0x2000000020,,0
2025-10-01 16:49:38.745,1875026,hipLaunchKernel,LEAVE,const void*=0x7fe663154280; dim3=dim3(0x13600000136); dim3=dim3(0x1); void**=0x2000000020,NULL,0
2025-10-01 16:49:38.745,1875026,hipGetLastError,ENTER,,,0
2025-10-01 16:49:38.745,1875026,hipGetLastError,LEAVE,,NULL,0
2025-10-01 16:49:38.745,1875026,hipLaunchKernel,ENTER,const void*=0x7fe663154280; dim3=dim3(0x13600000136); dim3=dim3(0x1); void**=0x2000000020,,0
2025-10-01 16:49:38.746,1875026,hipLaunchKernel,LEAVE,const void*=0x7fe663154280; dim3=dim3(0x13600000136); dim3=dim3(0x1); void**=0x2000000020,NULL,0
2025-10-01 16:49:38.746,1875026,hipGetLastError,ENTER,,,0
2025-10-01 16:49:38.746,1875026,hipGetLastError,LEAVE,,NULL,0
2025-10-01 16:49:38.746,1875026,hipLaunchKernel,ENTER,const void*=0x7fe663154280; dim3=dim3(0x13600000136); dim3=dim3(0x1); void**=0x2000000020,,0
2025-10-01 16:49:38.746,1875026,hipLaunchKernel,LEAVE,const void*=0x7fe663154280; dim3=dim3(0x13600000136); dim3=dim3(0x1); void**=0x2000000020,NULL,0
2025-10-01 16:49:38.746,1875026,hipGetLastError,ENTER,,,0
2025-10-01 16:49:38.747,1875026,hipGetLastError,LEAVE,,NULL,0
2025-10-01 16:49:38.747,1875026,hipLaunchKernel,ENTER,const void*=0x7fe663154280; dim3=dim3(0x13600000136); dim3=dim3(0x1); void**=0x2000000020,,0
2025-10-01 16:49:38.747,1875026,hipLaunchKernel,LEAVE,const void*=0x7fe663154280; dim3=dim3(0x13600000136); dim3=dim3(0x1); void**=0x2000000020,NULL,0
2025-10-01 16:49:38.747,1875026,hipGetLastError,ENTER,,,0
2025-10-01 16:49:38.747,1875026,hipGetLastError,LEAVE,,NULL,0
2025-10-01 16:49:38.747,1875026,hipLaunchKernel,ENTER,const void*=0x7fe663154280; dim3=dim3(0x13600000136); dim3=dim3(0x1); void**=0x2000000020,,0
2025-10-01 16:49:38.747,1875026,hipLaunchKernel,LEAVE,const void*=0x7fe663154280; dim3=dim3(0x13600000136); dim3=dim3(0x1); void**=0x2000000020,NULL,0
2025-10-01 16:49:38.748,1875026,hipGetLastError,ENTER,,,0
2025-10-01 16:49:38.748,1875026,hipGetLastError,LEAVE,,NULL,0
2025-10-01 16:49:38.748,1875026,hipLaunchKernel,ENTER,const void*=0x7fe663154280; dim3=dim3(0x13600000136); dim3=dim3(0x1); void**=0x2000000020,,0
2025-10-01 16:49:38.748,1875026,hipLaunchKernel,LEAVE,const void*=0x7fe663154280; dim3=dim3(0x13600000136); dim3=dim3(0x1); void**=0x2000000020,NULL,0
2025-10-01 16:49:38.748,1875026,hipGetLastError,ENTER,,,0
2025-10-01 16:49:38.748,1875026,hipGetLastError,LEAVE,,NULL,0
2025-10-01 16:49:38.748,1875026,hipStreamSynchronize,ENTER,hipStream_t=0x7fa5dc001290,,0
2025-10-01 16:49:38.749,1875026,hipStreamSynchronize,LEAVE,hipStream_t=0x7fa5dc001290,NULL,0
2025-10-01 16:49:38.749,1875026,hipLaunchKernel,ENTER,const void*=0x7fe663154280; dim3=dim3(0x13600000136); dim3=dim3(0x1); void**=0x2000000020,,0
2025-10-01 16:49:38.749,1875026,hipLaunchKernel,LEAVE,const void*=0x7fe663154280; dim3=dim3(0x13600000136); dim3=dim3(0x1); void**=0x2000000020,NULL,0
2025-10-01 16:49:38.749,1875026,hipGetLastError,ENTER,,,0
2025-10-01 16:49:38.749,1875026,hipGetLastError,LEAVE,,NULL,0
2025-10-01 16:49:38.749,1875026,hipLaunchKernel,ENTER,const void*=0x7fe663154280; dim3=dim3(0x13600000136); dim3=dim3(0x1); void**=0x2000000020,,0
2025-10-01 16:49:38.750,1875026,hipLaunchKernel,LEAVE,const void*=0x7fe663154280; dim3=dim3(0x13600000136); dim3=dim3(0x1); void**=0x2000000020,NULL,0
2025-10-01 16:49:38.750,1875026,hipGetLastError,ENTER,,,0
2025-10-01 16:49:38.750,1875026,hipGetLastError,LEAVE,,NULL,0
2025-10-01 16:49:38.750,1875026,hipLaunchKernel,ENTER,const void*=0x7fe663154280; dim3=dim3(0x13600000136); dim3=dim3(0x1); void**=0x2000000020,,0
2025-10-01 16:49:38.750,1875026,hipLaunchKernel,LEAVE,const void*=0x7fe663154280; dim3=dim3(0x13600000136); dim3=dim3(0x1); void**=0x2000000020,NULL,0
2025-10-01 16:49:38.750,1875026,hipGetLastError,ENTER,,,0
2025-10-01 16:49:38.750,1875026,hipGetLastError,LEAVE,,NULL,0
2025-10-01 16:49:38.750,1875026,hipLaunchKernel,ENTER,const void*=0x7fe663154280; dim3=dim3(0x13600000136); dim3=dim3(0x1); void**=0x2000000020,,0
2025-10-01 16:49:38.751,1875026,hipLaunchKernel,LEAVE,const void*=0x7fe663154280; dim3=dim3(0x13600000136); dim3=dim3(0x1); void**=0x2000000020,NULL,0
2025-10-01 16:49:38.751,1875026,hipGetLastError,ENTER,,,0
2025-10-01 16:49:38.751,1875026,hipGetLastError,LEAVE,,NULL,0
2025-10-01 16:49:38.751,1875026,hipLaunchKernel,ENTER,const void*=0x7fe663154280; dim3=dim3(0x13600000136); dim3=dim3(0x1); void**=0x2000000020,,0
2025-10-01 16:49:38.751,1875026,hipLaunchKernel,LEAVE,const void*=0x7fe663154280; dim3=dim3(0x13600000136); dim3=dim3(0x1); void**=0x2000000020,NULL,0
2025-10-01 16:49:38.751,1875026,hipGetLastError,ENTER,,,0
2025-10-01 16:49:38.752,1875026,hipGetLastError,LEAVE,,NULL,0
2025-10-01 16:49:38.752,1875026,hipLaunchKernel,ENTER,const void*=0x7fe663154280; dim3=dim3(0x13600000136); dim3=dim3(0x1); void**=0x2000000020,,0
2025-10-01 16:49:38.752,1875026,hipLaunchKernel,LEAVE,const void*=0x7fe663154280; dim3=dim3(0x13600000136); dim3=dim3(0x1); void**=0x2000000020,NULL,0
2025-10-01 16:49:38.752,1875026,hipGetLastError,ENTER,,,0
2025-10-01 16:49:38.752,1875026,hipGetLastError,LEAVE,,NULL,0
2025-10-01 16:49:38.752,1875026,hipLaunchKernel,ENTER,const void*=0x7fe663154280; dim3=dim3(0x13600000136); dim3=dim3(0x1); void**=0x2000000020,,0
2025-10-01 16:49:38.753,1875026,hipLaunchKernel,LEAVE,const void*=0x7fe663154280; dim3=dim3(0x13600000136); dim3=dim3(0x1); void**=0x2000000020,NULL,1
2025-10-01 16:49:38.753,1875026,hipGetLastError,ENTER,,,0
2025-10-01 16:49:38.753,1875026,hipGetLastError,LEAVE,,NULL,0
2025-10-01 16:49:38.753,1875026,hipLaunchKernel,ENTER,const void*=0x7fe663154280; dim3=dim3(0x13600000136); dim3=dim3(0x1); void**=0x2000000020,,0
2025-10-01 16:49:38.753,1875026,hipLaunchKernel,LEAVE,const void*=0x7fe663154280; dim3=dim3(0x13600000136); dim3=dim3(0x1); void**=0x2000000020,NULL,0
2025-10-01 16:49:38.753,1875026,hipGetLastError,ENTER,,,0
2025-10-01 16:49:38.753,1875026,hipGetLastError,LEAVE,,NULL,0
2025-10-01 16:49:38.753,1875026,hipLaunchKernel,ENTER,const void*=0x7fe663154280; dim3=dim3(0x13600000136); dim3=dim3(0x1); void**=0x2000000020,,0
2025-10-01 16:49:38.754,1875026,hipLaunchKernel,LEAVE,const void*=0x7fe663154280; dim3=dim3(0x13600000136); dim3=dim3(0x1); void**=0x2000000020,NULL,0
2025-10-01 16:49:38.754,1875026,hipGetLastError,ENTER,,,0
2025-10-01 16:49:38.754,1875026,hipGetLastError,LEAVE,,NULL,0
2025-10-01 16:49:38.754,1875026,hipLaunchKernel,ENTER,const void*=0x7fe663154280; dim3=dim3(0x13600000136); dim3=dim3(0x1); void**=0x2000000020,,0
2025-10-01 16:49:38.754,1875026,hipLaunchKernel,LEAVE,const void*=0x7fe663154280; dim3=dim3(0x13600000136); dim3=dim3(0x1); void**=0x2000000020,NULL,0
2025-10-01 16:49:38.754,1875026,hipGetLastError,ENTER,,,0
2025-10-01 16:49:38.755,1875026,hipGetLastError,LEAVE,,NULL,0
2025-10-01 16:49:38.755,1875026,hipStreamSynchronize,ENTER,hipStream_t=0x7fa5dc001290,,0
2025-10-01 16:49:38.755,1875026,hipStreamSynchronize,LEAVE,hipStream_t=0x7fa5dc001290,NULL,0
2025-10-01 16:49:38.755,1875026,hipLaunchKernel,ENTER,const void*=0x7fe663154280; dim3=dim3(0x13600000136); dim3=dim3(0x1); void**=0x2000000020,,0
2025-10-01 16:49:38.755,1875026,hipLaunchKernel,LEAVE,const void*=0x7fe663154280; dim3=dim3(0x13600000136); dim3=dim3(0x1); void**=0x2000000020,NULL,0
2025-10-01 16:49:38.755,1875026,hipGetLastError,ENTER,,,0
2025-10-01 16:49:38.755,1875026,hipGetLastError,LEAVE,,NULL,0
2025-10-01 16:49:38.756,1875026,hipLaunchKernel,ENTER,const void*=0x7fe663154280; dim3=dim3(0x13600000136); dim3=dim3(0x1); void**=0x2000000020,,0
2025-10-01 16:49:38.756,1875026,hipLaunchKernel,LEAVE,const void*=0x7fe663154280; dim3=dim3(0x13600000136); dim3=dim3(0x1); void**=0x2000000020,NULL,0
2025-10-01 16:49:38.756,1875026,hipGetLastError,ENTER,,,0
2025-10-01 16:49:38.756,1875026,hipGetLastError,LEAVE,,NULL,0
2025-10-01 16:49:38.756,1875026,hipLaunchKernel,ENTER,const void*=0x7fe663154280; dim3=dim3(0x13600000136); dim3=dim3(0x1); void**=0x2000000020,,0
2025-10-01 16:49:38.756,1875026,hipLaunchKernel,LEAVE,const void*=0x7fe663154280; dim3=dim3(0x13600000136); dim3=dim3(0x1); void**=0x2000000020,NULL,0
2025-10-01 16:49:38.756,1875026,hipGetLastError,ENTER,,,0
2025-10-01 16:49:38.757,1875026,hipGetLastError,LEAVE,,NULL,0
2025-10-01 16:49:38.757,1875026,hipLaunchKernel,ENTER,const void*=0x7fe663154280; dim3=dim3(0x13600000136); dim3=dim3(0x1); void**=0x2000000020,,0
2025-10-01 16:49:38.757,1875026,hipLaunchKernel,LEAVE,const void*=0x7fe663154280; dim3=dim3(0x13600000136); dim3=dim3(0x1); void**=0x2000000020,NULL,0
2025-10-01 16:49:38.757,1875026,hipGetLastError,ENTER,,,0
2025-10-01 16:49:38.757,1875026,hipGetLastError,LEAVE,,NULL,0
2025-10-01 16:49:38.757,1875026,hipLaunchKernel,ENTER,const void*=0x7fe663154280; dim3=dim3(0x13600000136); dim3=dim3(0x1); void**=0x2000000020,,0
2025-10-01 16:49:38.757,1875026,hipLaunchKernel,LEAVE,const void*=0x7fe663154280; dim3=dim3(0x13600000136); dim3=dim3(0x1); void**=0x2000000020,NULL,0
2025-10-01 16:49:38.757,1875026,hipGetLastError,ENTER,,,0
2025-10-01 16:49:38.757,1875026,hipGetLastError,LEAVE,,NULL,0
2025-10-01 16:49:38.758,1875026,hipLaunchKernel,ENTER,const void*=0x7fe663154280; dim3=dim3(0x13600000136); dim3=dim3(0x1); void**=0x2000000020,,0
2025-10-01 16:49:38.758,1875026,hipLaunchKernel,LEAVE,const void*=0x7fe663154280; dim3=dim3(0x13600000136); dim3=dim3(0x1); void**=0x2000000020,NULL,0
2025-10-01 16:49:38.758,1875026,hipGetLastError,ENTER,,,0
2025-10-01 16:49:38.758,1875026,hipGetLastError,LEAVE,,NULL,0
2025-10-01 16:49:38.758,1875026,hipLaunchKernel,ENTER,const void*=0x7fe663154280; dim3=dim3(0x13600000136); dim3=dim3(0x1); void**=0x2000000020,,0
2025-10-01 16:49:38.758,1875019,hipMemcpyAsync,ENTER,void*=0x7f8a12400400; const void*=0x7f894d600000; size_t=0x2000000; hipMemcpyKind=hipMemcpyHostToDevice,,0
2025-10-01 16:49:38.759,1875027,hipMalloc,LEAVE,void**=0x7fa5f0beca78; size_t=0x17764000,NULL,33
2025-10-01 16:49:38.759,1875027,hipMalloc,ENTER,void**=0x7fa5f0beca70; size_t=0x17764000,,0
2025-10-01 16:49:38.759,1875024,hipStreamSynchronize,LEAVE,hipStream_t=0x7fa5ec002730,NULL,34
2025-10-01 16:49:38.759,1875024,hipLaunchKernel,ENTER,const void*=0x7fe663154280; dim3=dim3(0x13600000136); dim3=dim3(0x1); void**=0x2000000020,,0
2025-10-01 16:49:38.759,1875019,hipMemcpyAsync,LEAVE,void*=0x7f8a12400400; const void*=0x7f894d600000; size_t=0x2000000; hipMemcpyKind=hipMemcpyHostToDevice,NULL,0
2025-10-01 16:49:38.759,1875019,hipMemcpyAsync,ENTER,void*=0x7f8a14400500; const void*=0x7f894b400000; size_t=0x2000000; hipMemcpyKind=hipMemcpyHostToDevice,,0
2025-10-01 16:49:38.760,1875026,hipLaunchKernel,LEAVE,const void*=0x7fe663154280; dim3=dim3(0x13600000136); dim3=dim3(0x1); void**=0x2000000020,NULL,2
2025-10-01 16:49:38.760,1875026,hipGetLastError,ENTER,,,0
2025-10-01 16:49:38.760,1875026,hipGetLastError,LEAVE,,NULL,0
2025-10-01 16:49:38.760,1875026,hipLaunchKernel,ENTER,const void*=0x7fe663154280; dim3=dim3(0x13600000136); dim3=dim3(0x1); void**=0x2000000020,,0
2025-10-01 16:49:38.760,1875024,hipLaunchKernel,LEAVE,const void*=0x7fe663154280; dim3=dim3(0x13600000136); dim3=dim3(0x1); void**=0x2000000020,NULL,1
2025-10-01 16:49:38.760,1875024,hipGetLastError,ENTER,,,0
2025-10-01 16:49:38.760,1875024,hipGetLastError,LEAVE,,NULL,0
2025-10-01 16:49:38.760,1875024,hipLaunchKernel,ENTER,const void*=0x7fe663154280; dim3=dim3(0x13600000136); dim3=dim3(0x1); void**=0x2000000020,,0
2025-10-01 16:49:38.760,1875024,hipLaunchKernel,LEAVE,const void*=0x7fe663154280; dim3=dim3(0x13600000136); dim3=dim3(0x1); void**=0x2000000020,NULL,1
2025-10-01 16:49:38.761,1875024,hipGetLastError,ENTER,,,0
2025-10-01 16:49:38.761,1875024,hipGetLastError,LEAVE,,NULL,0
2025-10-01 16:49:38.761,1875024,hipLaunchKernel,ENTER,const void*=0x7fe663154280; dim3=dim3(0x13600000136); dim3=dim3(0x1); void**=0x2000000020,,0
2025-10-01 16:49:38.761,1875024,hipLaunchKernel,LEAVE,const void*=0x7fe663154280; dim3=dim3(0x13600000136); dim3=dim3(0x1); void**=0x2000000020,NULL,0
2025-10-01 16:49:38.761,1875024,hipGetLastError,ENTER,,,0
2025-10-01 16:49:38.761,1875024,hipGetLastError,LEAVE,,NULL,0
2025-10-01 16:49:38.761,1875024,hipLaunchKernel,ENTER,const void*=0x7fe663154280; dim3=dim3(0x13600000136); dim3=dim3(0x1); void**=0x2000000020,,0
2025-10-01 16:49:38.761,1875024,hipLaunchKernel,LEAVE,const void*=0x7fe663154280; dim3=dim3(0x13600000136); dim3=dim3(0x1); void**=0x2000000020,NULL,0
2025-10-01 16:49:38.761,1875024,hipGetLastError,ENTER,,,0
2025-10-01 16:49:38.761,1875024,hipGetLastError,LEAVE,,NULL,0
2025-10-01 16:49:38.762,1875024,hipLaunchKernel,ENTER,const void*=0x7fe663154280; dim3=dim3(0x13600000136); dim3=dim3(0x1); void**=0x2000000020,,0
2025-10-01 16:49:38.762,1875024,hipLaunchKernel,LEAVE,const void*=0x7fe663154280; dim3=dim3(0x13600000136); dim3=dim3(0x1); void**=0x2000000020,NULL,0
2025-10-01 16:49:38.762,1875024,hipGetLastError,ENTER,,,0
2025-10-01 16:49:38.762,1875024,hipGetLastError,LEAVE,,NULL,0
2025-10-01 16:49:38.762,1875024,hipLaunchKernel,ENTER,const void*=0x7fe663154280; dim3=dim3(0x13600000136); dim3=dim3(0x1); void**=0x2000000020,,0
2025-10-01 16:49:38.762,1875024,hipLaunchKernel,LEAVE,const void*=0x7fe663154280; dim3=dim3(0x13600000136); dim3=dim3(0x1); void**=0x2000000020,NULL,0
2025-10-01 16:49:38.762,1875024,hipGetLastError,ENTER,,,0
2025-10-01 16:49:38.762,1875024,hipGetLastError,LEAVE,,NULL,0
2025-10-01 16:49:38.762,1875024,hipLaunchKernel,ENTER,const void*=0x7fe663154280; dim3=dim3(0x13600000136); dim3=dim3(0x1); void**=0x2000000020,,0
2025-10-01 16:49:38.762,1875024,hipLaunchKernel,LEAVE,const void*=0x7fe663154280; dim3=dim3(0x13600000136); dim3=dim3(0x1); void**=0x2000000020,NULL,0
2025-10-01 16:49:38.762,1875024,hipGetLastError,ENTER,,,0
2025-10-01 16:49:38.763,1875024,hipGetLastError,LEAVE,,NULL,0
2025-10-01 16:49:38.763,1875024,hipLaunchKernel,ENTER,const void*=0x7fe663154280; dim3=dim3(0x13600000136); dim3=dim3(0x1); void**=0x2000000020,,0
2025-10-01 16:49:38.763,1875024,hipLaunchKernel,LEAVE,const void*=0x7fe663154280; dim3=dim3(0x13600000136); dim3=dim3(0x1); void**=0x2000000020,NULL,0
2025-10-01 16:49:38.763,1875024,hipGetLastError,ENTER,,,0
2025-10-01 16:49:38.763,1875024,hipGetLastError,LEAVE,,NULL,0
2025-10-01 16:49:38.763,1875024,hipLaunchKernel,ENTER,const void*=0x7fe663154280; dim3=dim3(0x13600000136); dim3=dim3(0x1); void**=0x2000000020,,0
2025-10-01 16:49:38.763,1875024,hipLaunchKernel,LEAVE,const void*=0x7fe663154280; dim3=dim3(0x13600000136); dim3=dim3(0x1); void**=0x2000000020,NULL,0
2025-10-01 16:49:38.763,1875024,hipGetLastError,ENTER,,,0
2025-10-01 16:49:38.763,1875024,hipGetLastError,LEAVE,,NULL,0
2025-10-01 16:49:38.763,1875024,hipLaunchKernel,ENTER,const void*=0x7fe663154280; dim3=dim3(0x13600000136); dim3=dim3(0x1); void**=0x2000000020,,0
2025-10-01 16:49:38.763,1875024,hipLaunchKernel,LEAVE,const void*=0x7fe663154280; dim3=dim3(0x13600000136); dim3=dim3(0x1); void**=0x2000000020,NULL,0
2025-10-01 16:49:38.764,1875024,hipGetLastError,ENTER,,,0
2025-10-01 16:49:38.764,1875024,hipGetLastError,LEAVE,,NULL,0
2025-10-01 16:49:38.764,1875024,hipStreamSynchronize,ENTER,hipStream_t=0x7fa5ec002730,,0
2025-10-01 16:49:38.764,1875025,hipMalloc,LEAVE,void**=0x7fa5f1beea78; size_t=0x17764000,NULL,34
2025-10-01 16:49:38.764,1875025,hipMalloc,ENTER,void**=0x7fa5f1beea70; size_t=0x17764000,,0
2025-10-01 16:49:38.764,1875026,hipLaunchKernel,LEAVE,const void*=0x7fe663154280; dim3=dim3(0x13600000136); dim3=dim3(0x1); void**=0x2000000020,NULL,4
2025-10-01 16:49:38.764,1875026,hipGetLastError,ENTER,,,0
2025-10-01 16:49:38.764,1875026,hipGetLastError,LEAVE,,NULL,1
2025-10-01 16:49:38.765,1875026,hipLaunchKernel,ENTER,const void*=0x7fe663154280; dim3=dim3(0x13600000136); dim3=dim3(0x1); void**=0x2000000020,,0
2025-10-01 16:49:38.765,1875019,hipMemcpyAsync,LEAVE,void*=0x7f8a14400500; const void*=0x7f894b400000; size_t=0x2000000; hipMemcpyKind=hipMemcpyHostToDevice,NULL,5
2025-10-01 16:49:38.765,1875024,hipStreamSynchronize,LEAVE,hipStream_t=0x7fa5ec002730,NULL,1
2025-10-01 16:49:38.765,1875024,hipLaunchKernel,ENTER,const void*=0x7fe663154280; dim3=dim3(0x13600000136); dim3=dim3(0x1); void**=0x2000000020,,0
2025-10-01 16:49:38.765,1875026,hipLaunchKernel,LEAVE,const void*=0x7fe663154280; dim3=dim3(0x13600000136); dim3=dim3(0x1); void**=0x2000000020,NULL,0
2025-10-01 16:49:38.765,1875026,hipGetLastError,ENTER,,,0
2025-10-01 16:49:38.765,1875026,hipGetLastError,LEAVE,,NULL,0
2025-10-01 16:49:38.765,1875026,hipLaunchKernel,ENTER,const void*=0x7fe663154280; dim3=dim3(0x13600000136); dim3=dim3(0x1); void**=0x2000000020,,0
2025-10-01 16:49:38.766,1875024,hipLaunchKernel,LEAVE,const void*=0x7fe663154280; dim3=dim3(0x13600000136); dim3=dim3(0x1); void**=0x2000000020,NULL,1
2025-10-01 16:49:38.766,1875024,hipGetLastError,ENTER,,,0
2025-10-01 16:49:38.766,1875024,hipGetLastError,LEAVE,,NULL,0
2025-10-01 16:49:38.766,1875024,hipLaunchKernel,ENTER,const void*=0x7fe663154280; dim3=dim3(0x13600000136); dim3=dim3(0x1); void**=0x2000000020,,0
2025-10-01 16:49:38.766,1875026,hipLaunchKernel,LEAVE,const void*=0x7fe663154280; dim3=dim3(0x13600000136); dim3=dim3(0x1); void**=0x2000000020,NULL,0
2025-10-01 16:49:38.766,1875026,hipGetLastError,ENTER,,,0
2025-10-01 16:49:38.766,1875026,hipGetLastError,LEAVE,,NULL,0
2025-10-01 16:49:38.766,1875026,hipStreamSynchronize,ENTER,hipStream_t=0x7fa5dc001290,,0
2025-10-01 16:49:38.766,1875024,hipLaunchKernel,LEAVE,const void*=0x7fe663154280; dim3=dim3(0x13600000136); dim3=dim3(0x1); void**=0x2000000020,NULL,0
2025-10-01 16:49:38.767,1875024,hipGetLastError,ENTER,,,0
2025-10-01 16:49:38.767,1875024,hipGetLastError,LEAVE,,NULL,0
2025-10-01 16:49:38.767,1875024,hipLaunchKernel,ENTER,const void*=0x7fe663154280; dim3=dim3(0x13600000136); dim3=dim3(0x1); void**=0x2000000020,,0
2025-10-01 16:49:38.767,1875024,hipLaunchKernel,LEAVE,const void*=0x7fe663154280; dim3=dim3(0x13600000136); dim3=dim3(0x1); void**=0x2000000020,NULL,0
2025-10-01 16:49:38.767,1875024,hipGetLastError,ENTER,,,0
2025-10-01 16:49:38.767,1875024,hipGetLastError,LEAVE,,NULL,0
2025-10-01 16:49:38.767,1875024,hipLaunchKernel,ENTER,const void*=0x7fe663154280; dim3=dim3(0x13600000136); dim3=dim3(0x1); void**=0x2000000020,,0
2025-10-01 16:49:38.767,1875024,hipLaunchKernel,LEAVE,const void*=0x7fe663154280; dim3=dim3(0x13600000136); dim3=dim3(0x1); void**=0x2000000020,NULL,0
2025-10-01 16:49:38.767,1875024,hipGetLastError,ENTER,,,0
2025-10-01 16:49:38.767,1875024,hipGetLastError,LEAVE,,NULL,0
2025-10-01 16:49:38.767,1875024,hipLaunchKernel,ENTER,const void*=0x7fe663154280; dim3=dim3(0x13600000136); dim3=dim3(0x1); void**=0x2000000020,,0
2025-10-01 16:49:38.768,1875024,hipLaunchKernel,LEAVE,const void*=0x7fe663154280; dim3=dim3(0x13600000136); dim3=dim3(0x1); void**=0x2000000020,NULL,0
2025-10-01 16:49:38.768,1875024,hipGetLastError,ENTER,,,0
2025-10-01 16:49:38.768,1875024,hipGetLastError,LEAVE,,NULL,0
2025-10-01 16:49:38.768,1875024,hipLaunchKernel,ENTER,const void*=0x7fe663154280; dim3=dim3(0x13600000136); dim3=dim3(0x1); void**=0x2000000020,,0
2025-10-01 16:49:38.768,1875024,hipLaunchKernel,LEAVE,const void*=0x7fe663154280; dim3=dim3(0x13600000136); dim3=dim3(0x1); void**=0x2000000020,NULL,0
2025-10-01 16:49:38.768,1875024,hipGetLastError,ENTER,,,0
2025-10-01 16:49:38.768,1875024,hipGetLastError,LEAVE,,NULL,0
2025-10-01 16:49:38.768,1875024,hipLaunchKernel,ENTER,const void*=0x7fe663154280; dim3=dim3(0x13600000136); dim3=dim3(0x1); void**=0x2000000020,,0
2025-10-01 16:49:38.768,1875024,hipLaunchKernel,LEAVE,const void*=0x7fe663154280; dim3=dim3(0x13600000136); dim3=dim3(0x1); void**=0x2000000020,NULL,0
2025-10-01 16:49:38.768,1875024,hipGetLastError,ENTER,,,0
2025-10-01 16:49:38.768,1875024,hipGetLastError,LEAVE,,NULL,0
2025-10-01 16:49:38.768,1875024,hipLaunchKernel,ENTER,const void*=0x7fe663154280; dim3=dim3(0x13600000136); dim3=dim3(0x1); void**=0x2000000020,,0
2025-10-01 16:49:38.769,1875024,hipLaunchKernel,LEAVE,const void*=0x7fe663154280; dim3=dim3(0x13600000136); dim3=dim3(0x1); void**=0x2000000020,NULL,0
2025-10-01 16:49:38.769,1875024,hipGetLastError,ENTER,,,0
2025-10-01 16:49:38.769,1875024,hipGetLastError,LEAVE,,NULL,0
2025-10-01 16:49:38.769,1875024,hipLaunchKernel,ENTER,const void*=0x7fe663154280; dim3=dim3(0x13600000136); dim3=dim3(0x1); void**=0x2000000020,,0
2025-10-01 16:49:38.769,1875024,hipLaunchKernel,LEAVE,const void*=0x7fe663154280; dim3=dim3(0x13600000136); dim3=dim3(0x1); void**=0x2000000020,NULL,0
2025-10-01 16:49:38.769,1875024,hipGetLastError,ENTER,,,0
2025-10-01 16:49:38.769,1875024,hipGetLastError,LEAVE,,NULL,0
2025-10-01 16:49:38.769,1875024,hipLaunchKernel,ENTER,const void*=0x7fe663154280; dim3=dim3(0x13600000136); dim3=dim3(0x1); void**=0x2000000020,,0
2025-10-01 16:49:38.769,1875024,hipLaunchKernel,LEAVE,const void*=0x7fe663154280; dim3=dim3(0x13600000136); dim3=dim3(0x1); void**=0x2000000020,NULL,1
2025-10-01 16:49:38.770,1875024,hipGetLastError,ENTER,,,0
2025-10-01 16:49:38.770,1875024,hipGetLastError,LEAVE,,NULL,0
2025-10-01 16:49:38.770,1875024,hipStreamSynchronize,ENTER,hipStream_t=0x7fa5ec002730,,0
2025-10-01 16:49:38.770,1875026,hipStreamSynchronize,LEAVE,hipStream_t=0x7fa5dc001290,NULL,4
2025-10-01 16:49:38.770,1875026,hipLaunchKernel,ENTER,const void*=0x7fe663154280; dim3=dim3(0x13600000136); dim3=dim3(0x1); void**=0x2000000020,,0
2025-10-01 16:49:38.770,1875024,hipStreamSynchronize,LEAVE,hipStream_t=0x7fa5ec002730,NULL,0
2025-10-01 16:49:38.770,1875024,hipLaunchKernel,ENTER,const void*=0x7fe663154280; dim3=dim3(0x13600000136); dim3=dim3(0x1); void**=0x2000000020,,0
2025-10-01 16:49:38.770,1875026,hipLaunchKernel,LEAVE,const void*=0x7fe663154280; dim3=dim3(0x13600000136); dim3=dim3(0x1); void**=0x2000000020,NULL,0
2025-10-01 16:49:38.770,1875026,hipGetLastError,ENTER,,,0
2025-10-01 16:49:38.771,1875026,hipGetLastError,LEAVE,,NULL,0
2025-10-01 16:49:38.771,1875026,hipLaunchKernel,ENTER,const void*=0x7fe663154280; dim3=dim3(0x13600000136); dim3=dim3(0x1); void**=0x2000000020,,0
2025-10-01 16:49:38.771,1875024,hipLaunchKernel,LEAVE,const void*=0x7fe663154280; dim3=dim3(0x13600000136); dim3=dim3(0x1); void**=0x2000000020,NULL,1
2025-10-01 16:49:38.771,1875024,hipGetLastError,ENTER,,,0
2025-10-01 16:49:38.771,1875024,hipGetLastError,LEAVE,,NULL,0
2025-10-01 16:49:38.771,1875024,hipLaunchKernel,ENTER,const void*=0x7fe663154280; dim3=dim3(0x13600000136); dim3=dim3(0x1); void**=0x2000000020,,0
2025-10-01 16:49:38.771,1875024,hipLaunchKernel,LEAVE,const void*=0x7fe663154280; dim3=dim3(0x13600000136); dim3=dim3(0x1); void**=0x2000000020,NULL,0
2025-10-01 16:49:38.771,1875024,hipGetLastError,ENTER,,,0
2025-10-01 16:49:38.771,1875024,hipGetLastError,LEAVE,,NULL,0
2025-10-01 16:49:38.771,1875024,hipLaunchKernel,ENTER,const void*=0x7fe663154280; dim3=dim3(0x13600000136); dim3=dim3(0x1); void**=0x2000000020,,0
2025-10-01 16:49:38.772,1875024,hipLaunchKernel,LEAVE,const void*=0x7fe663154280; dim3=dim3(0x13600000136); dim3=dim3(0x1); void**=0x2000000020,NULL,0
2025-10-01 16:49:38.772,1875024,hipGetLastError,ENTER,,,0
2025-10-01 16:49:38.772,1875024,hipGetLastError,LEAVE,,NULL,0
2025-10-01 16:49:38.772,1875024,hipLaunchKernel,ENTER,const void*=0x7fe663154280; dim3=dim3(0x13600000136); dim3=dim3(0x1); void**=0x2000000020,,0
2025-10-01 16:49:38.772,1875024,hipLaunchKernel,LEAVE,const void*=0x7fe663154280; dim3=dim3(0x13600000136); dim3=dim3(0x1); void**=0x2000000020,NULL,0
2025-10-01 16:49:38.772,1875024,hipGetLastError,ENTER,,,0
2025-10-01 16:49:38.772,1875024,hipGetLastError,LEAVE,,NULL,0
2025-10-01 16:49:38.772,1875024,hipLaunchKernel,ENTER,const void*=0x7fe663154280; dim3=dim3(0x13600000136); dim3=dim3(0x1); void**=0x2000000020,,0
2025-10-01 16:49:38.772,1875024,hipLaunchKernel,LEAVE,const void*=0x7fe663154280; dim3=dim3(0x13600000136); dim3=dim3(0x1); void**=0x2000000020,NULL,0
2025-10-01 16:49:38.772,1875024,hipGetLastError,ENTER,,,0
2025-10-01 16:49:38.772,1875024,hipGetLastError,LEAVE,,NULL,0
2025-10-01 16:49:38.772,1875024,hipLaunchKernel,ENTER,const void*=0x7fe663154280; dim3=dim3(0x13600000136); dim3=dim3(0x1); void**=0x2000000020,,0
2025-10-01 16:49:38.773,1875024,hipLaunchKernel,LEAVE,const void*=0x7fe663154280; dim3=dim3(0x13600000136); dim3=dim3(0x1); void**=0x2000000020,NULL,0
2025-10-01 16:49:38.773,1875024,hipGetLastError,ENTER,,,0
2025-10-01 16:49:38.773,1875024,hipGetLastError,LEAVE,,NULL,0
2025-10-01 16:49:38.773,1875024,hipLaunchKernel,ENTER,const void*=0x7fe663154280; dim3=dim3(0x13600000136); dim3=dim3(0x1); void**=0x2000000020,,0
2025-10-01 16:49:38.773,1875024,hipLaunchKernel,LEAVE,const void*=0x7fe663154280; dim3=dim3(0x13600000136); dim3=dim3(0x1); void**=0x2000000020,NULL,0
2025-10-01 16:49:38.773,1875024,hipGetLastError,ENTER,,,0
2025-10-01 16:49:38.773,1875024,hipGetLastError,LEAVE,,NULL,0
2025-10-01 16:49:38.773,1875024,hipLaunchKernel,ENTER,const void*=0x7fe663154280; dim3=dim3(0x13600000136); dim3=dim3(0x1); void**=0x2000000020,,0
2025-10-01 16:49:38.773,1875024,hipLaunchKernel,LEAVE,const void*=0x7fe663154280; dim3=dim3(0x13600000136); dim3=dim3(0x1); void**=0x2000000020,NULL,0
2025-10-01 16:49:38.773,1875024,hipGetLastError,ENTER,,,0
2025-10-01 16:49:38.773,1875024,hipGetLastError,LEAVE,,NULL,0
2025-10-01 16:49:38.774,1875024,hipLaunchKernel,ENTER,const void*=0x7fe663154280; dim3=dim3(0x13600000136); dim3=dim3(0x1); void**=0x2000000020,,0
2025-10-01 16:49:38.774,1875024,hipLaunchKernel,LEAVE,const void*=0x7fe663154280; dim3=dim3(0x13600000136); dim3=dim3(0x1); void**=0x2000000020,NULL,0
2025-10-01 16:49:38.774,1875024,hipGetLastError,ENTER,,,0
2025-10-01 16:49:38.774,1875024,hipGetLastError,LEAVE,,NULL,0
2025-10-01 16:49:38.774,1875024,hipLaunchKernel,ENTER,const void*=0x7fe663154280; dim3=dim3(0x13600000136); dim3=dim3(0x1); void**=0x2000000020,,0
2025-10-01 16:49:38.774,1875024,hipLaunchKernel,LEAVE,const void*=0x7fe663154280; dim3=dim3(0x13600000136); dim3=dim3(0x1); void**=0x2000000020,NULL,0
2025-10-01 16:49:38.774,1875024,hipGetLastError,ENTER,,,0
2025-10-01 16:49:38.774,1875024,hipGetLastError,LEAVE,,NULL,0
2025-10-01 16:49:38.774,1875024,hipStreamSynchronize,ENTER,hipStream_t=0x7fa5ec002730,,0
2025-10-01 16:49:38.774,1875026,hipLaunchKernel,LEAVE,const void*=0x7fe663154280; dim3=dim3(0x13600000136); dim3=dim3(0x1); void**=0x2000000020,NULL,3
2025-10-01 16:49:38.775,1875026,hipGetLastError,ENTER,,,0
2025-10-01 16:49:38.775,1875026,hipGetLastError,LEAVE,,NULL,0
2025-10-01 16:49:38.775,1875026,hipLaunchKernel,ENTER,const void*=0x7fe663154280; dim3=dim3(0x13600000136); dim3=dim3(0x1); void**=0x2000000020,,0
2025-10-01 16:49:38.775,1875024,hipStreamSynchronize,LEAVE,hipStream_t=0x7fa5ec002730,NULL,1
2025-10-01 16:49:38.775,1875024,hipLaunchKernel,ENTER,const void*=0x7fe663154280; dim3=dim3(0x13600000136); dim3=dim3(0x1); void**=0x2000000020,,0
2025-10-01 16:49:38.775,1875026,hipLaunchKernel,LEAVE,const void*=0x7fe663154280; dim3=dim3(0x13600000136); dim3=dim3(0x1); void**=0x2000000020,NULL,0
2025-10-01 16:49:38.775,1875026,hipGetLastError,ENTER,,,0
2025-10-01 16:49:38.775,1875026,hipGetLastError,LEAVE,,NULL,0
2025-10-01 16:49:38.776,1875026,hipLaunchKernel,ENTER,const void*=0x7fe663154280; dim3=dim3(0x13600000136); dim3=dim3(0x1); void**=0x2000000020,,0
2025-10-01 16:49:38.776,1875024,hipLaunchKernel,LEAVE,const void*=0x7fe663154280; dim3=dim3(0x13600000136); dim3=dim3(0x1); void**=0x2000000020,NULL,1
2025-10-01 16:49:38.776,1875024,hipGetLastError,ENTER,,,0
2025-10-01 16:49:38.776,1875024,hipGetLastError,LEAVE,,NULL,0
2025-10-01 16:49:38.776,1875024,hipLaunchKernel,ENTER,const void*=0x7fe663154280; dim3=dim3(0x13600000136); dim3=dim3(0x1); void**=0x2000000020,,0
2025-10-01 16:49:38.776,1875024,hipLaunchKernel,LEAVE,const void*=0x7fe663154280; dim3=dim3(0x13600000136); dim3=dim3(0x1); void**=0x2000000020,NULL,0
2025-10-01 16:49:38.776,1875024,hipGetLastError,ENTER,,,0
2025-10-01 16:49:38.776,1875024,hipGetLastError,LEAVE,,NULL,0
2025-10-01 16:49:38.776,1875024,hipLaunchKernel,ENTER,const void*=0x7fe663154280; dim3=dim3(0x13600000136); dim3=dim3(0x1); void**=0x2000000020,,0
2025-10-01 16:49:38.776,1875024,hipLaunchKernel,LEAVE,const void*=0x7fe663154280; dim3=dim3(0x13600000136); dim3=dim3(0x1); void**=0x2000000020,NULL,0
2025-10-01 16:49:38.777,1875024,hipGetLastError,ENTER,,,0
2025-10-01 16:49:38.777,1875024,hipGetLastError,LEAVE,,NULL,0
2025-10-01 16:49:38.777,1875024,hipLaunchKernel,ENTER,const void*=0x7fe663154280; dim3=dim3(0x13600000136); dim3=dim3(0x1); void**=0x2000000020,,0
2025-10-01 16:49:38.777,1875024,hipLaunchKernel,LEAVE,const void*=0x7fe663154280; dim3=dim3(0x13600000136); dim3=dim3(0x1); void**=0x2000000020,NULL,0
2025-10-01 16:49:38.777,1875024,hipGetLastError,ENTER,,,0
2025-10-01 16:49:38.777,1875024,hipGetLastError,LEAVE,,NULL,0
2025-10-01 16:49:38.777,1875024,hipLaunchKernel,ENTER,const void*=0x7fe663154280; dim3=dim3(0x13600000136); dim3=dim3(0x1); void**=0x2000000020,,0
2025-10-01 16:49:38.777,1875024,hipLaunchKernel,LEAVE,const void*=0x7fe663154280; dim3=dim3(0x13600000136); dim3=dim3(0x1); void**=0x2000000020,NULL,0
2025-10-01 16:49:38.777,1875024,hipGetLastError,ENTER,,,0
2025-10-01 16:49:38.777,1875024,hipGetLastError,LEAVE,,NULL,0
2025-10-01 16:49:38.777,1875024,hipLaunchKernel,ENTER,const void*=0x7fe663154280; dim3=dim3(0x13600000136); dim3=dim3(0x1); void**=0x2000000020,,0
2025-10-01 16:49:38.778,1875024,hipLaunchKernel,LEAVE,const void*=0x7fe663154280; dim3=dim3(0x13600000136); dim3=dim3(0x1); void**=0x2000000020,NULL,0
2025-10-01 16:49:38.778,1875024,hipGetLastError,ENTER,,,0
2025-10-01 16:49:38.778,1875024,hipGetLastError,LEAVE,,NULL,0
2025-10-01 16:49:38.778,1875024,hipLaunchKernel,ENTER,const void*=0x7fe663154280; dim3=dim3(0x13600000136); dim3=dim3(0x1); void**=0x2000000020,,0
2025-10-01 16:49:38.778,1875024,hipLaunchKernel,LEAVE,const void*=0x7fe663154280; dim3=dim3(0x13600000136); dim3=dim3(0x1); void**=0x2000000020,NULL,0
2025-10-01 16:49:38.778,1875024,hipGetLastError,ENTER,,,0
2025-10-01 16:49:38.778,1875024,hipGetLastError,LEAVE,,NULL,0
2025-10-01 16:49:38.778,1875024,hipLaunchKernel,ENTER,const void*=0x7fe663154280; dim3=dim3(0x13600000136); dim3=dim3(0x1); void**=0x2000000020,,0
2025-10-01 16:49:38.778,1875024,hipLaunchKernel,LEAVE,const void*=0x7fe663154280; dim3=dim3(0x13600000136); dim3=dim3(0x1); void**=0x2000000020,NULL,0
2025-10-01 16:49:38.778,1875024,hipGetLastError,ENTER,,,0
2025-10-01 16:49:38.778,1875024,hipGetLastError,LEAVE,,NULL,0
2025-10-01 16:49:38.778,1875024,hipLaunchKernel,ENTER,const void*=0x7fe663154280; dim3=dim3(0x13600000136); dim3=dim3(0x1); void**=0x2000000020,,0
2025-10-01 16:49:38.779,1875024,hipLaunchKernel,LEAVE,const void*=0x7fe663154280; dim3=dim3(0x13600000136); dim3=dim3(0x1); void**=0x2000000020,NULL,0
2025-10-01 16:49:38.779,1875024,hipGetLastError,ENTER,,,0
2025-10-01 16:49:38.779,1875024,hipGetLastError,LEAVE,,NULL,0
2025-10-01 16:49:38.779,1875024,hipLaunchKernel,ENTER,const void*=0x7fe663154280; dim3=dim3(0x13600000136); dim3=dim3(0x1); void**=0x2000000020,,0
2025-10-01 16:49:38.779,1875024,hipLaunchKernel,LEAVE,const void*=0x7fe663154280; dim3=dim3(0x13600000136); dim3=dim3(0x1); void**=0x2000000020,NULL,0
2025-10-01 16:49:38.779,1875024,hipGetLastError,ENTER,,,0
2025-10-01 16:49:38.779,1875024,hipGetLastError,LEAVE,,NULL,0
2025-10-01 16:49:38.779,1875024,hipStreamSynchronize,ENTER,hipStream_t=0x7fa5ec002730,,0
2025-10-01 16:49:38.779,1875026,hipLaunchKernel,LEAVE,const void*=0x7fe663154280; dim3=dim3(0x13600000136); dim3=dim3(0x1); void**=0x2000000020,NULL,3
2025-10-01 16:49:38.779,1875026,hipGetLastError,ENTER,,,0
2025-10-01 16:49:38.780,1875026,hipGetLastError,LEAVE,,NULL,0
2025-10-01 16:49:38.780,1875026,hipLaunchKernel,ENTER,const void*=0x7fe663154280; dim3=dim3(0x13600000136); dim3=dim3(0x1); void**=0x2000000020,,0
2025-10-01 16:49:38.780,1875024,hipStreamSynchronize,LEAVE,hipStream_t=0x7fa5ec002730,NULL,1
2025-10-01 16:49:38.780,1875024,hipLaunchKernel,ENTER,const void*=0x7fe663154280; dim3=dim3(0x13600000136); dim3=dim3(0x1); void**=0x2000000020,,0
2025-10-01 16:49:38.780,1875026,hipLaunchKernel,LEAVE,const void*=0x7fe663154280; dim3=dim3(0x13600000136); dim3=dim3(0x1); void**=0x2000000020,NULL,0
2025-10-01 16:49:38.780,1875026,hipGetLastError,ENTER,,,0
2025-10-01 16:49:38.780,1875026,hipGetLastError,LEAVE,,NULL,0
2025-10-01 16:49:38.780,1875026,hipLaunchKernel,ENTER,const void*=0x7fe663154280; dim3=dim3(0x13600000136); dim3=dim3(0x1); void**=0x2000000020,,0
2025-10-01 16:49:38.781,1875024,hipLaunchKernel,LEAVE,const void*=0x7fe663154280; dim3=dim3(0x13600000136); dim3=dim3(0x1); void**=0x2000000020,NULL,1
2025-10-01 16:49:38.781,1875024,hipGetLastError,ENTER,,,0
2025-10-01 16:49:38.781,1875024,hipGetLastError,LEAVE,,NULL,0
2025-10-01 16:49:38.781,1875024,hipLaunchKernel,ENTER,const void*=0x7fe663154280; dim3=dim3(0x13600000136); dim3=dim3(0x1); void**=0x2000000020,,0
2025-10-01 16:49:38.781,1875024,hipLaunchKernel,LEAVE,const void*=0x7fe663154280; dim3=dim3(0x13600000136); dim3=dim3(0x1); void**=0x2000000020,NULL,0
2025-10-01 16:49:38.781,1875024,hipGetLastError,ENTER,,,0
2025-10-01 16:49:38.781,1875024,hipGetLastError,LEAVE,,NULL,0
2025-10-01 16:49:38.781,1875024,hipLaunchKernel,ENTER,const void*=0x7fe663154280; dim3=dim3(0x13600000136); dim3=dim3(0x1); void**=0x2000000020,,0
2025-10-01 16:49:38.781,1875024,hipLaunchKernel,LEAVE,const void*=0x7fe663154280; dim3=dim3(0x13600000136); dim3=dim3(0x1); void**=0x2000000020,NULL,0
2025-10-01 16:49:38.781,1875024,hipGetLastError,ENTER,,,0
2025-10-01 16:49:38.781,1875024,hipGetLastError,LEAVE,,NULL,0
2025-10-01 16:49:38.782,1875024,hipLaunchKernel,ENTER,const void*=0x7fe663154280; dim3=dim3(0x13600000136); dim3=dim3(0x1); void**=0x2000000020,,0
2025-10-01 16:49:38.782,1875024,hipLaunchKernel,LEAVE,const void*=0x7fe663154280; dim3=dim3(0x13600000136); dim3=dim3(0x1); void**=0x2000000020,NULL,0
2025-10-01 16:49:38.782,1875024,hipGetLastError,ENTER,,,0
2025-10-01 16:49:38.782,1875024,hipGetLastError,LEAVE,,NULL,0
2025-10-01 16:49:38.782,1875024,hipLaunchKernel,ENTER,const void*=0x7fe663154280; dim3=dim3(0x13600000136); dim3=dim3(0x1); void**=0x2000000020,,0
2025-10-01 16:49:38.782,1875024,hipLaunchKernel,LEAVE,const void*=0x7fe663154280; dim3=dim3(0x13600000136); dim3=dim3(0x1); void**=0x2000000020,NULL,0
2025-10-01 16:49:38.782,1875024,hipGetLastError,ENTER,,,0
2025-10-01 16:49:38.782,1875024,hipGetLastError,LEAVE,,NULL,0
2025-10-01 16:49:38.782,1875024,hipLaunchKernel,ENTER,const void*=0x7fe663154280; dim3=dim3(0x13600000136); dim3=dim3(0x1); void**=0x2000000020,,0
2025-10-01 16:49:38.782,1875024,hipLaunchKernel,LEAVE,const void*=0x7fe663154280; dim3=dim3(0x13600000136); dim3=dim3(0x1); void**=0x2000000020,NULL,0
2025-10-01 16:49:38.782,1875024,hipGetLastError,ENTER,,,0
2025-10-01 16:49:38.782,1875024,hipGetLastError,LEAVE,,NULL,0
2025-10-01 16:49:38.783,1875024,hipLaunchKernel,ENTER,const void*=0x7fe663154280; dim3=dim3(0x13600000136); dim3=dim3(0x1); void**=0x2000000020,,0
2025-10-01 16:49:38.783,1875024,hipLaunchKernel,LEAVE,const void*=0x7fe663154280; dim3=dim3(0x13600000136); dim3=dim3(0x1); void**=0x2000000020,NULL,0
2025-10-01 16:49:38.783,1875024,hipGetLastError,ENTER,,,0
2025-10-01 16:49:38.783,1875024,hipGetLastError,LEAVE,,NULL,0
2025-10-01 16:49:38.783,1875024,hipLaunchKernel,ENTER,const void*=0x7fe663154280; dim3=dim3(0x13600000136); dim3=dim3(0x1); void**=0x2000000020,,0
2025-10-01 16:49:38.783,1875024,hipLaunchKernel,LEAVE,const void*=0x7fe663154280; dim3=dim3(0x13600000136); dim3=dim3(0x1); void**=0x2000000020,NULL,0
2025-10-01 16:49:38.783,1875024,hipGetLastError,ENTER,,,0
2025-10-01 16:49:38.783,1875024,hipGetLastError,LEAVE,,NULL,0
2025-10-01 16:49:38.783,1875024,hipLaunchKernel,ENTER,const void*=0x7fe663154280; dim3=dim3(0x13600000136); dim3=dim3(0x1); void**=0x2000000020,,0
2025-10-01 16:49:38.783,1875024,hipLaunchKernel,LEAVE,const void*=0x7fe663154280; dim3=dim3(0x13600000136); dim3=dim3(0x1); void**=0x2000000020,NULL,0
2025-10-01 16:49:38.783,1875024,hipGetLastError,ENTER,,,0
2025-10-01 16:49:38.784,1875024,hipGetLastError,LEAVE,,NULL,0
2025-10-01 16:49:38.784,1875024,hipLaunchKernel,ENTER,const void*=0x7fe663154280; dim3=dim3(0x13600000136); dim3=dim3(0x1); void**=0x2000000020,,0
2025-10-01 16:49:38.784,1875024,hipLaunchKernel,LEAVE,const void*=0x7fe663154280; dim3=dim3(0x13600000136); dim3=dim3(0x1); void**=0x2000000020,NULL,0
2025-10-01 16:49:38.784,1875024,hipGetLastError,ENTER,,,0
2025-10-01 16:49:38.784,1875024,hipGetLastError,LEAVE,,NULL,0
2025-10-01 16:49:38.784,1875024,hipStreamSynchronize,ENTER,hipStream_t=0x7fa5ec002730,,0
2025-10-01 16:49:38.784,1875026,hipLaunchKernel,LEAVE,const void*=0x7fe663154280; dim3=dim3(0x13600000136); dim3=dim3(0x1); void**=0x2000000020,NULL,3
2025-10-01 16:49:38.784,1875026,hipGetLastError,ENTER,,,0
2025-10-01 16:49:38.784,1875026,hipGetLastError,LEAVE,,NULL,0
2025-10-01 16:49:38.785,1875026,hipLaunchKernel,ENTER,const void*=0x7fe663154280; dim3=dim3(0x13600000136); dim3=dim3(0x1); void**=0x2000000020,,0
2025-10-01 16:49:38.785,1875024,hipStreamSynchronize,LEAVE,hipStream_t=0x7fa5ec002730,NULL,1
2025-10-01 16:49:38.785,1875024,hipLaunchKernel,ENTER,const void*=0x7fe663154280; dim3=dim3(0x13600000136); dim3=dim3(0x1); void**=0x2000000020,,0
2025-10-01 16:49:38.785,1875026,hipLaunchKernel,LEAVE,const void*=0x7fe663154280; dim3=dim3(0x13600000136); dim3=dim3(0x1); void**=0x2000000020,NULL,0
2025-10-01 16:49:38.785,1875026,hipGetLastError,ENTER,,,0
2025-10-01 16:49:38.785,1875026,hipGetLastError,LEAVE,,NULL,0
2025-10-01 16:49:38.785,1875026,hipLaunchKernel,ENTER,const void*=0x7fe663154280; dim3=dim3(0x13600000136); dim3=dim3(0x1); void**=0x2000000020,,0
2025-10-01 16:49:38.785,1875024,hipLaunchKernel,LEAVE,const void*=0x7fe663154280; dim3=dim3(0x13600000136); dim3=dim3(0x1); void**=0x2000000020,NULL,0
2025-10-01 16:49:38.786,1875024,hipGetLastError,ENTER,,,0
2025-10-01 16:49:38.786,1875024,hipGetLastError,LEAVE,,NULL,0
2025-10-01 16:49:38.786,1875024,hipLaunchKernel,ENTER,const void*=0x7fe663154280; dim3=dim3(0x13600000136); dim3=dim3(0x1); void**=0x2000000020,,0
2025-10-01 16:49:38.786,1875024,hipLaunchKernel,LEAVE,const void*=0x7fe663154280; dim3=dim3(0x13600000136); dim3=dim3(0x1); void**=0x2000000020,NULL,0
2025-10-01 16:49:38.786,1875024,hipGetLastError,ENTER,,,0
2025-10-01 16:49:38.786,1875024,hipGetLastError,LEAVE,,NULL,0
2025-10-01 16:49:38.786,1875024,hipLaunchKernel,ENTER,const void*=0x7fe663154280; dim3=dim3(0x13600000136); dim3=dim3(0x1); void**=0x2000000020,,0
2025-10-01 16:49:38.786,1875024,hipLaunchKernel,LEAVE,const void*=0x7fe663154280; dim3=dim3(0x13600000136); dim3=dim3(0x1); void**=0x2000000020,NULL,0
2025-10-01 16:49:38.786,1875024,hipGetLastError,ENTER,,,0
2025-10-01 16:49:38.786,1875024,hipGetLastError,LEAVE,,NULL,0
2025-10-01 16:49:38.786,1875024,hipLaunchKernel,ENTER,const void*=0x7fe663154280; dim3=dim3(0x13600000136); dim3=dim3(0x1); void**=0x2000000020,,0
2025-10-01 16:49:38.786,1875024,hipLaunchKernel,LEAVE,const void*=0x7fe663154280; dim3=dim3(0x13600000136); dim3=dim3(0x1); void**=0x2000000020,NULL,1
2025-10-01 16:49:38.787,1875024,hipGetLastError,ENTER,,,0
2025-10-01 16:49:38.787,1875024,hipGetLastError,LEAVE,,NULL,0
2025-10-01 16:49:38.787,1875024,hipLaunchKernel,ENTER,const void*=0x7fe663154280; dim3=dim3(0x13600000136); dim3=dim3(0x1); void**=0x2000000020,,0
2025-10-01 16:49:38.787,1875024,hipLaunchKernel,LEAVE,const void*=0x7fe663154280; dim3=dim3(0x13600000136); dim3=dim3(0x1); void**=0x2000000020,NULL,0
2025-10-01 16:49:38.787,1875024,hipGetLastError,ENTER,,,0
2025-10-01 16:49:38.787,1875024,hipGetLastError,LEAVE,,NULL,0
2025-10-01 16:49:38.787,1875024,hipLaunchKernel,ENTER,const void*=0x7fe663154280; dim3=dim3(0x13600000136); dim3=dim3(0x1); void**=0x2000000020,,0
2025-10-01 16:49:38.787,1875024,hipLaunchKernel,LEAVE,const void*=0x7fe663154280; dim3=dim3(0x13600000136); dim3=dim3(0x1); void**=0x2000000020,NULL,0
2025-10-01 16:49:38.787,1875024,hipGetLastError,ENTER,,,0
2025-10-01 16:49:38.787,1875024,hipGetLastError,LEAVE,,NULL,0
2025-10-01 16:49:38.787,1875024,hipLaunchKernel,ENTER,const void*=0x7fe663154280; dim3=dim3(0x13600000136); dim3=dim3(0x1); void**=0x2000000020,,0
2025-10-01 16:49:38.788,1875024,hipLaunchKernel,LEAVE,const void*=0x7fe663154280; dim3=dim3(0x13600000136); dim3=dim3(0x1); void**=0x2000000020,NULL,0
2025-10-01 16:49:38.788,1875024,hipGetLastError,ENTER,,,0
2025-10-01 16:49:38.788,1875024,hipGetLastError,LEAVE,,NULL,0
2025-10-01 16:49:38.788,1875024,hipLaunchKernel,ENTER,const void*=0x7fe663154280; dim3=dim3(0x13600000136); dim3=dim3(0x1); void**=0x2000000020,,0
2025-10-01 16:49:38.788,1875024,hipLaunchKernel,LEAVE,const void*=0x7fe663154280; dim3=dim3(0x13600000136); dim3=dim3(0x1); void**=0x2000000020,NULL,0
2025-10-01 16:49:38.788,1875024,hipGetLastError,ENTER,,,0
2025-10-01 16:49:38.788,1875024,hipGetLastError,LEAVE,,NULL,0
2025-10-01 16:49:38.788,1875024,hipLaunchKernel,ENTER,const void*=0x7fe663154280; dim3=dim3(0x13600000136); dim3=dim3(0x1); void**=0x2000000020,,0
2025-10-01 16:49:38.788,1875024,hipLaunchKernel,LEAVE,const void*=0x7fe663154280; dim3=dim3(0x13600000136); dim3=dim3(0x1); void**=0x2000000020,NULL,0
2025-10-01 16:49:38.788,1875024,hipGetLastError,ENTER,,,0
2025-10-01 16:49:38.788,1875024,hipGetLastError,LEAVE,,NULL,0
2025-10-01 16:49:38.788,1875024,hipLaunchKernel,ENTER,const void*=0x7fe663154280; dim3=dim3(0x13600000136); dim3=dim3(0x1); void**=0x2000000020,,0
2025-10-01 16:49:38.789,1875024,hipLaunchKernel,LEAVE,const void*=0x7fe663154280; dim3=dim3(0x13600000136); dim3=dim3(0x1); void**=0x2000000020,NULL,0
2025-10-01 16:49:38.789,1875024,hipGetLastError,ENTER,,,0
2025-10-01 16:49:38.789,1875024,hipGetLastError,LEAVE,,NULL,0
2025-10-01 16:49:38.789,1875024,hipStreamSynchronize,ENTER,hipStream_t=0x7fa5ec002730,,0
2025-10-01 16:49:38.789,1875026,hipLaunchKernel,LEAVE,const void*=0x7fe663154280; dim3=dim3(0x13600000136); dim3=dim3(0x1); void**=0x2000000020,NULL,4
2025-10-01 16:49:38.789,1875026,hipGetLastError,ENTER,,,0
2025-10-01 16:49:38.789,1875026,hipGetLastError,LEAVE,,NULL,0
2025-10-01 16:49:38.789,1875026,hipLaunchKernel,ENTER,const void*=0x7fe663154280; dim3=dim3(0x13600000136); dim3=dim3(0x1); void**=0x2000000020,,0
2025-10-01 16:49:38.790,1875024,hipStreamSynchronize,LEAVE,hipStream_t=0x7fa5ec002730,NULL,1
2025-10-01 16:49:38.790,1875024,hipLaunchKernel,ENTER,const void*=0x7fe663154280; dim3=dim3(0x13600000136); dim3=dim3(0x1); void**=0x2000000020,,0
2025-10-01 16:49:38.790,1875026,hipLaunchKernel,LEAVE,const void*=0x7fe663154280; dim3=dim3(0x13600000136); dim3=dim3(0x1); void**=0x2000000020,NULL,0
2025-10-01 16:49:38.790,1875026,hipGetLastError,ENTER,,,0
2025-10-01 16:49:38.790,1875026,hipGetLastError,LEAVE,,NULL,0
2025-10-01 16:49:38.790,1875026,hipLaunchKernel,ENTER,const void*=0x7fe663154280; dim3=dim3(0x13600000136); dim3=dim3(0x1); void**=0x2000000020,,0
2025-10-01 16:49:38.790,1875024,hipLaunchKernel,LEAVE,const void*=0x7fe663154280; dim3=dim3(0x13600000136); dim3=dim3(0x1); void**=0x2000000020,NULL,0
2025-10-01 16:49:38.790,1875024,hipGetLastError,ENTER,,,0
2025-10-01 16:49:38.790,1875024,hipGetLastError,LEAVE,,NULL,0
2025-10-01 16:49:38.790,1875024,hipLaunchKernel,ENTER,const void*=0x7fe663154280; dim3=dim3(0x13600000136); dim3=dim3(0x1); void**=0x2000000020,,0
2025-10-01 16:49:38.791,1875024,hipLaunchKernel,LEAVE,const void*=0x7fe663154280; dim3=dim3(0x13600000136); dim3=dim3(0x1); void**=0x2000000020,NULL,0
2025-10-01 16:49:38.791,1875024,hipGetLastError,ENTER,,,0
2025-10-01 16:49:38.791,1875024,hipGetLastError,LEAVE,,NULL,0
2025-10-01 16:49:38.791,1875024,hipLaunchKernel,ENTER,const void*=0x7fe663154280; dim3=dim3(0x13600000136); dim3=dim3(0x1); void**=0x2000000020,,0
2025-10-01 16:49:38.791,1875024,hipLaunchKernel,LEAVE,const void*=0x7fe663154280; dim3=dim3(0x13600000136); dim3=dim3(0x1); void**=0x2000000020,NULL,0
2025-10-01 16:49:38.791,1875024,hipGetLastError,ENTER,,,0
2025-10-01 16:49:38.791,1875024,hipGetLastError,LEAVE,,NULL,0
2025-10-01 16:49:38.791,1875024,hipLaunchKernel,ENTER,const void*=0x7fe663154280; dim3=dim3(0x13600000136); dim3=dim3(0x1); void**=0x2000000020,,0
2025-10-01 16:49:38.791,1875024,hipLaunchKernel,LEAVE,const void*=0x7fe663154280; dim3=dim3(0x13600000136); dim3=dim3(0x1); void**=0x2000000020,NULL,0
2025-10-01 16:49:38.791,1875024,hipGetLastError,ENTER,,,0
2025-10-01 16:49:38.791,1875024,hipGetLastError,LEAVE,,NULL,0
2025-10-01 16:49:38.792,1875024,hipLaunchKernel,ENTER,const void*=0x7fe663154280; dim3=dim3(0x13600000136); dim3=dim3(0x1); void**=0x2000000020,,0
2025-10-01 16:49:38.792,1875024,hipLaunchKernel,LEAVE,const void*=0x7fe663154280; dim3=dim3(0x13600000136); dim3=dim3(0x1); void**=0x2000000020,NULL,0
2025-10-01 16:49:38.792,1875024,hipGetLastError,ENTER,,,0
2025-10-01 16:49:38.792,1875024,hipGetLastError,LEAVE,,NULL,0
2025-10-01 16:49:38.792,1875024,hipLaunchKernel,ENTER,const void*=0x7fe663154280; dim3=dim3(0x13600000136); dim3=dim3(0x1); void**=0x2000000020,,0
2025-10-01 16:49:38.792,1875024,hipLaunchKernel,LEAVE,const void*=0x7fe663154280; dim3=dim3(0x13600000136); dim3=dim3(0x1); void**=0x2000000020,NULL,0
2025-10-01 16:49:38.792,1875024,hipGetLastError,ENTER,,,0
2025-10-01 16:49:38.792,1875024,hipGetLastError,LEAVE,,NULL,0
2025-10-01 16:49:38.792,1875024,hipLaunchKernel,ENTER,const void*=0x7fe663154280; dim3=dim3(0x13600000136); dim3=dim3(0x1); void**=0x2000000020,,0
2025-10-01 16:49:38.792,1875024,hipLaunchKernel,LEAVE,const void*=0x7fe663154280; dim3=dim3(0x13600000136); dim3=dim3(0x1); void**=0x2000000020,NULL,0
2025-10-01 16:49:38.792,1875024,hipGetLastError,ENTER,,,0
2025-10-01 16:49:38.793,1875024,hipGetLastError,LEAVE,,NULL,0
2025-10-01 16:49:38.793,1875024,hipLaunchKernel,ENTER,const void*=0x7fe663154280; dim3=dim3(0x13600000136); dim3=dim3(0x1); void**=0x2000000020,,0
2025-10-01 16:49:38.793,1875024,hipLaunchKernel,LEAVE,const void*=0x7fe663154280; dim3=dim3(0x13600000136); dim3=dim3(0x1); void**=0x2000000020,NULL,0
2025-10-01 16:49:38.793,1875024,hipGetLastError,ENTER,,,0
2025-10-01 16:49:38.793,1875024,hipGetLastError,LEAVE,,NULL,0
2025-10-01 16:49:38.793,1875024,hipLaunchKernel,ENTER,const void*=0x7fe663154280; dim3=dim3(0x13600000136); dim3=dim3(0x1); void**=0x2000000020,,0
2025-10-01 16:49:38.793,1875024,hipLaunchKernel,LEAVE,const void*=0x7fe663154280; dim3=dim3(0x13600000136); dim3=dim3(0x1); void**=0x2000000020,NULL,0
2025-10-01 16:49:38.793,1875024,hipGetLastError,ENTER,,,0
2025-10-01 16:49:38.793,1875024,hipGetLastError,LEAVE,,NULL,0
2025-10-01 16:49:38.793,1875024,hipLaunchKernel,ENTER,const void*=0x7fe663154280; dim3=dim3(0x13600000136); dim3=dim3(0x1); void**=0x2000000020,,0
2025-10-01 16:49:38.793,1875024,hipLaunchKernel,LEAVE,const void*=0x7fe663154280; dim3=dim3(0x13600000136); dim3=dim3(0x1); void**=0x2000000020,NULL,0
2025-10-01 16:49:38.794,1875024,hipGetLastError,ENTER,,,0
2025-10-01 16:49:38.794,1875024,hipGetLastError,LEAVE,,NULL,0
2025-10-01 16:49:38.794,1875024,hipStreamSynchronize,ENTER,hipStream_t=0x7fa5ec002730,,0
2025-10-01 16:49:38.794,1875026,hipLaunchKernel,LEAVE,const void*=0x7fe663154280; dim3=dim3(0x13600000136); dim3=dim3(0x1); void**=0x2000000020,NULL,4
2025-10-01 16:49:38.794,1875026,hipGetLastError,ENTER,,,0
2025-10-01 16:49:38.794,1875026,hipGetLastError,LEAVE,,NULL,0
2025-10-01 16:49:38.794,1875026,hipStreamSynchronize,ENTER,hipStream_t=0x7fa5dc001290,,0
2025-10-01 16:49:38.794,1875024,hipStreamSynchronize,LEAVE,hipStream_t=0x7fa5ec002730,NULL,0
2025-10-01 16:49:38.794,1875024,hipLaunchKernel,ENTER,const void*=0x7fe663154280; dim3=dim3(0x13600000136); dim3=dim3(0x1); void**=0x2000000020,,0
2025-10-01 16:49:38.795,1875026,hipStreamSynchronize,LEAVE,hipStream_t=0x7fa5dc001290,NULL,1
2025-10-01 16:49:38.795,1875026,hipLaunchKernel,ENTER,const void*=0x7fe663154280; dim3=dim3(0x13600000136); dim3=dim3(0x1); void**=0x2000000020,,0
2025-10-01 16:49:38.795,1875024,hipLaunchKernel,LEAVE,const void*=0x7fe663154280; dim3=dim3(0x13600000136); dim3=dim3(0x1); void**=0x2000000020,NULL,0
2025-10-01 16:49:38.795,1875024,hipGetLastError,ENTER,,,0
2025-10-01 16:49:38.795,1875024,hipGetLastError,LEAVE,,NULL,0
2025-10-01 16:49:38.795,1875024,hipLaunchKernel,ENTER,const void*=0x7fe663154280; dim3=dim3(0x13600000136); dim3=dim3(0x1); void**=0x2000000020,,0
2025-10-01 16:49:38.795,1875024,hipLaunchKernel,LEAVE,const void*=0x7fe663154280; dim3=dim3(0x13600000136); dim3=dim3(0x1); void**=0x2000000020,NULL,0
2025-10-01 16:49:38.795,1875024,hipGetLastError,ENTER,,,0
2025-10-01 16:49:38.795,1875024,hipGetLastError,LEAVE,,NULL,0
2025-10-01 16:49:38.795,1875024,hipLaunchKernel,ENTER,const void*=0x7fe663154280; dim3=dim3(0x13600000136); dim3=dim3(0x1); void**=0x2000000020,,0
2025-10-01 16:49:38.795,1875024,hipLaunchKernel,LEAVE,const void*=0x7fe663154280; dim3=dim3(0x13600000136); dim3=dim3(0x1); void**=0x2000000020,NULL,0
2025-10-01 16:49:38.796,1875024,hipGetLastError,ENTER,,,0
2025-10-01 16:49:38.796,1875024,hipGetLastError,LEAVE,,NULL,0
2025-10-01 16:49:38.796,1875024,hipLaunchKernel,ENTER,const void*=0x7fe663154280; dim3=dim3(0x13600000136); dim3=dim3(0x1); void**=0x2000000020,,0
2025-10-01 16:49:38.796,1875024,hipLaunchKernel,LEAVE,const void*=0x7fe663154280; dim3=dim3(0x13600000136); dim3=dim3(0x1); void**=0x2000000020,NULL,0
2025-10-01 16:49:38.796,1875024,hipGetLastError,ENTER,,,0
2025-10-01 16:49:38.796,1875024,hipGetLastError,LEAVE,,NULL,0
2025-10-01 16:49:38.796,1875024,hipLaunchKernel,ENTER,const void*=0x7fe663154280; dim3=dim3(0x13600000136); dim3=dim3(0x1); void**=0x2000000020,,0
2025-10-01 16:49:38.796,1875024,hipLaunchKernel,LEAVE,const void*=0x7fe663154280; dim3=dim3(0x13600000136); dim3=dim3(0x1); void**=0x2000000020,NULL,0
2025-10-01 16:49:38.796,1875024,hipGetLastError,ENTER,,,0
2025-10-01 16:49:38.796,1875024,hipGetLastError,LEAVE,,NULL,0
2025-10-01 16:49:38.796,1875024,hipLaunchKernel,ENTER,const void*=0x7fe663154280; dim3=dim3(0x13600000136); dim3=dim3(0x1); void**=0x2000000020,,0
2025-10-01 16:49:38.797,1875024,hipLaunchKernel,LEAVE,const void*=0x7fe663154280; dim3=dim3(0x13600000136); dim3=dim3(0x1); void**=0x2000000020,NULL,1
2025-10-01 16:49:38.797,1875024,hipGetLastError,ENTER,,,0
2025-10-01 16:49:38.797,1875024,hipGetLastError,LEAVE,,NULL,0
2025-10-01 16:49:38.797,1875024,hipLaunchKernel,ENTER,const void*=0x7fe663154280; dim3=dim3(0x13600000136); dim3=dim3(0x1); void**=0x2000000020,,0
2025-10-01 16:49:38.797,1875024,hipLaunchKernel,LEAVE,const void*=0x7fe663154280; dim3=dim3(0x13600000136); dim3=dim3(0x1); void**=0x2000000020,NULL,0
2025-10-01 16:49:38.797,1875024,hipGetLastError,ENTER,,,0
2025-10-01 16:49:38.797,1875024,hipGetLastError,LEAVE,,NULL,0
2025-10-01 16:49:38.797,1875024,hipLaunchKernel,ENTER,const void*=0x7fe663154280; dim3=dim3(0x13600000136); dim3=dim3(0x1); void**=0x2000000020,,0
2025-10-01 16:49:38.797,1875024,hipLaunchKernel,LEAVE,const void*=0x7fe663154280; dim3=dim3(0x13600000136); dim3=dim3(0x1); void**=0x2000000020,NULL,0
2025-10-01 16:49:38.797,1875024,hipGetLastError,ENTER,,,0
2025-10-01 16:49:38.797,1875024,hipGetLastError,LEAVE,,NULL,0
2025-10-01 16:49:38.797,1875024,hipLaunchKernel,ENTER,const void*=0x7fe663154280; dim3=dim3(0x13600000136); dim3=dim3(0x1); void**=0x2000000020,,0
2025-10-01 16:49:38.798,1875024,hipLaunchKernel,LEAVE,const void*=0x7fe663154280; dim3=dim3(0x13600000136); dim3=dim3(0x1); void**=0x2000000020,NULL,0
2025-10-01 16:49:38.798,1875024,hipGetLastError,ENTER,,,0
2025-10-01 16:49:38.798,1875024,hipGetLastError,LEAVE,,NULL,0
2025-10-01 16:49:38.798,1875024,hipLaunchKernel,ENTER,const void*=0x7fe663154280; dim3=dim3(0x13600000136); dim3=dim3(0x1); void**=0x2000000020,,0
2025-10-01 16:49:38.798,1875024,hipLaunchKernel,LEAVE,const void*=0x7fe663154280; dim3=dim3(0x13600000136); dim3=dim3(0x1); void**=0x2000000020,NULL,0
2025-10-01 16:49:38.798,1875024,hipGetLastError,ENTER,,,0
2025-10-01 16:49:38.798,1875024,hipGetLastError,LEAVE,,NULL,0
2025-10-01 16:49:38.798,1875024,hipStreamSynchronize,ENTER,hipStream_t=0x7fa5ec002730,,0
2025-10-01 16:49:38.798,1875026,hipLaunchKernel,LEAVE,const void*=0x7fe663154280; dim3=dim3(0x13600000136); dim3=dim3(0x1); void**=0x2000000020,NULL,3
2025-10-01 16:49:38.798,1875026,hipGetLastError,ENTER,,,0
2025-10-01 16:49:38.798,1875026,hipGetLastError,LEAVE,,NULL,1
2025-10-01 16:49:38.799,1875026,hipLaunchKernel,ENTER,const void*=0x7fe663154280; dim3=dim3(0x13600000136); dim3=dim3(0x1); void**=0x2000000020,,0
2025-10-01 16:49:38.799,1875024,hipStreamSynchronize,LEAVE,hipStream_t=0x7fa5ec002730,NULL,1
2025-10-01 16:49:38.799,1875024,hipLaunchKernel,ENTER,const void*=0x7fe663154280; dim3=dim3(0x13600000136); dim3=dim3(0x1); void**=0x2000000020,,0
2025-10-01 16:49:38.799,1875026,hipLaunchKernel,LEAVE,const void*=0x7fe663154280; dim3=dim3(0x13600000136); dim3=dim3(0x1); void**=0x2000000020,NULL,0
2025-10-01 16:49:38.799,1875026,hipGetLastError,ENTER,,,0
2025-10-01 16:49:38.799,1875026,hipGetLastError,LEAVE,,NULL,0
2025-10-01 16:49:38.799,1875026,hipLaunchKernel,ENTER,const void*=0x7fe663154280; dim3=dim3(0x13600000136); dim3=dim3(0x1); void**=0x2000000020,,0
2025-10-01 16:49:38.800,1875024,hipLaunchKernel,LEAVE,const void*=0x7fe663154280; dim3=dim3(0x13600000136); dim3=dim3(0x1); void**=0x2000000020,NULL,1
2025-10-01 16:49:38.800,1875024,hipGetLastError,ENTER,,,0
2025-10-01 16:49:38.800,1875024,hipGetLastError,LEAVE,,NULL,0
2025-10-01 16:49:38.800,1875024,hipLaunchKernel,ENTER,const void*=0x7fe663154280; dim3=dim3(0x13600000136); dim3=dim3(0x1); void**=0x2000000020,,0
2025-10-01 16:49:38.800,1875024,hipLaunchKernel,LEAVE,const void*=0x7fe663154280; dim3=dim3(0x13600000136); dim3=dim3(0x1); void**=0x2000000020,NULL,0
2025-10-01 16:49:38.800,1875024,hipGetLastError,ENTER,,,0
2025-10-01 16:49:38.800,1875024,hipGetLastError,LEAVE,,NULL,0
2025-10-01 16:49:38.800,1875024,hipLaunchKernel,ENTER,const void*=0x7fe663154280; dim3=dim3(0x13600000136); dim3=dim3(0x1); void**=0x2000000020,,0
2025-10-01 16:49:38.800,1875024,hipLaunchKernel,LEAVE,const void*=0x7fe663154280; dim3=dim3(0x13600000136); dim3=dim3(0x1); void**=0x2000000020,NULL,0
2025-10-01 16:49:38.800,1875024,hipGetLastError,ENTER,,,0
2025-10-01 16:49:38.800,1875024,hipGetLastError,LEAVE,,NULL,0
2025-10-01 16:49:38.800,1875024,hipLaunchKernel,ENTER,const void*=0x7fe663154280; dim3=dim3(0x13600000136); dim3=dim3(0x1); void**=0x2000000020,,0
2025-10-01 16:49:38.801,1875024,hipLaunchKernel,LEAVE,const void*=0x7fe663154280; dim3=dim3(0x13600000136); dim3=dim3(0x1); void**=0x2000000020,NULL,0
2025-10-01 16:49:38.801,1875024,hipGetLastError,ENTER,,,0
2025-10-01 16:49:38.801,1875024,hipGetLastError,LEAVE,,NULL,0
2025-10-01 16:49:38.801,1875024,hipLaunchKernel,ENTER,const void*=0x7fe663154280; dim3=dim3(0x13600000136); dim3=dim3(0x1); void**=0x2000000020,,0
2025-10-01 16:49:38.801,1875024,hipLaunchKernel,LEAVE,const void*=0x7fe663154280; dim3=dim3(0x13600000136); dim3=dim3(0x1); void**=0x2000000020,NULL,0
2025-10-01 16:49:38.801,1875024,hipGetLastError,ENTER,,,0
2025-10-01 16:49:38.801,1875024,hipGetLastError,LEAVE,,NULL,0
2025-10-01 16:49:38.801,1875024,hipLaunchKernel,ENTER,const void*=0x7fe663154280; dim3=dim3(0x13600000136); dim3=dim3(0x1); void**=0x2000000020,,0
2025-10-01 16:49:38.801,1875024,hipLaunchKernel,LEAVE,const void*=0x7fe663154280; dim3=dim3(0x13600000136); dim3=dim3(0x1); void**=0x2000000020,NULL,0
2025-10-01 16:49:38.801,1875024,hipGetLastError,ENTER,,,0
2025-10-01 16:49:38.801,1875024,hipGetLastError,LEAVE,,NULL,0
2025-10-01 16:49:38.802,1875024,hipLaunchKernel,ENTER,const void*=0x7fe663154280; dim3=dim3(0x13600000136); dim3=dim3(0x1); void**=0x2000000020,,0
2025-10-01 16:49:38.802,1875024,hipLaunchKernel,LEAVE,const void*=0x7fe663154280; dim3=dim3(0x13600000136); dim3=dim3(0x1); void**=0x2000000020,NULL,0
2025-10-01 16:49:38.802,1875024,hipGetLastError,ENTER,,,0
2025-10-01 16:49:38.802,1875024,hipGetLastError,LEAVE,,NULL,0
2025-10-01 16:49:38.802,1875024,hipLaunchKernel,ENTER,const void*=0x7fe663154280; dim3=dim3(0x13600000136); dim3=dim3(0x1); void**=0x2000000020,,0
2025-10-01 16:49:38.802,1875024,hipLaunchKernel,LEAVE,const void*=0x7fe663154280; dim3=dim3(0x13600000136); dim3=dim3(0x1); void**=0x2000000020,NULL,0
2025-10-01 16:49:38.802,1875024,hipGetLastError,ENTER,,,0
2025-10-01 16:49:38.802,1875024,hipGetLastError,LEAVE,,NULL,0
2025-10-01 16:49:38.802,1875024,hipLaunchKernel,ENTER,const void*=0x7fe663154280; dim3=dim3(0x13600000136); dim3=dim3(0x1); void**=0x2000000020,,0
2025-10-01 16:49:38.802,1875024,hipLaunchKernel,LEAVE,const void*=0x7fe663154280; dim3=dim3(0x13600000136); dim3=dim3(0x1); void**=0x2000000020,NULL,0
2025-10-01 16:49:38.802,1875024,hipGetLastError,ENTER,,,0
2025-10-01 16:49:38.802,1875024,hipGetLastError,LEAVE,,NULL,0
2025-10-01 16:49:38.803,1875024,hipLaunchKernel,ENTER,const void*=0x7fe663154280; dim3=dim3(0x13600000136); dim3=dim3(0x1); void**=0x2000000020,,0
2025-10-01 16:49:38.803,1875024,hipLaunchKernel,LEAVE,const void*=0x7fe663154280; dim3=dim3(0x13600000136); dim3=dim3(0x1); void**=0x2000000020,NULL,0
2025-10-01 16:49:38.803,1875024,hipGetLastError,ENTER,,,0
2025-10-01 16:49:38.803,1875024,hipGetLastError,LEAVE,,NULL,0
2025-10-01 16:49:38.803,1875024,hipStreamSynchronize,ENTER,hipStream_t=0x7fa5ec002730,,0
2025-10-01 16:49:38.803,1875024,hipStreamSynchronize,LEAVE,hipStream_t=0x7fa5ec002730,NULL,0
2025-10-01 16:49:38.803,1875024,hipLaunchKernel,ENTER,const void*=0x7fe663154280; dim3=dim3(0x13600000136); dim3=dim3(0x1); void**=0x2000000020,,0
2025-10-01 16:49:38.803,1875024,hipLaunchKernel,LEAVE,const void*=0x7fe663154280; dim3=dim3(0x13600000136); dim3=dim3(0x1); void**=0x2000000020,NULL,0
2025-10-01 16:49:38.803,1875024,hipGetLastError,ENTER,,,0
2025-10-01 16:49:38.803,1875024,hipGetLastError,LEAVE,,NULL,0
2025-10-01 16:49:38.803,1875024,hipLaunchKernel,ENTER,const void*=0x7fe663154280; dim3=dim3(0x13600000136); dim3=dim3(0x1); void**=0x2000000020,,0
2025-10-01 16:49:38.804,1875024,hipLaunchKernel,LEAVE,const void*=0x7fe663154280; dim3=dim3(0x13600000136); dim3=dim3(0x1); void**=0x2000000020,NULL,0
2025-10-01 16:49:38.804,1875024,hipGetLastError,ENTER,,,0
2025-10-01 16:49:38.804,1875024,hipGetLastError,LEAVE,,NULL,0
2025-10-01 16:49:38.804,1875024,hipLaunchKernel,ENTER,const void*=0x7fe663154280; dim3=dim3(0x13600000136); dim3=dim3(0x1); void**=0x2000000020,,0
2025-10-01 16:49:38.804,1875024,hipLaunchKernel,LEAVE,const void*=0x7fe663154280; dim3=dim3(0x13600000136); dim3=dim3(0x1); void**=0x2000000020,NULL,0
2025-10-01 16:49:38.804,1875024,hipGetLastError,ENTER,,,0
2025-10-01 16:49:38.804,1875024,hipGetLastError,LEAVE,,NULL,0
2025-10-01 16:49:38.804,1875024,hipLaunchKernel,ENTER,const void*=0x7fe663154280; dim3=dim3(0x13600000136); dim3=dim3(0x1); void**=0x2000000020,,0
2025-10-01 16:49:38.804,1875024,hipLaunchKernel,LEAVE,const void*=0x7fe663154280; dim3=dim3(0x13600000136); dim3=dim3(0x1); void**=0x2000000020,NULL,0
2025-10-01 16:49:38.804,1875024,hipGetLastError,ENTER,,,0
2025-10-01 16:49:38.804,1875024,hipGetLastError,LEAVE,,NULL,0
2025-10-01 16:49:38.804,1875024,hipLaunchKernel,ENTER,const void*=0x7fe663154280; dim3=dim3(0x13600000136); dim3=dim3(0x1); void**=0x2000000020,,0
2025-10-01 16:49:38.805,1875024,hipLaunchKernel,LEAVE,const void*=0x7fe663154280; dim3=dim3(0x13600000136); dim3=dim3(0x1); void**=0x2000000020,NULL,0
2025-10-01 16:49:38.805,1875024,hipGetLastError,ENTER,,,0
2025-10-01 16:49:38.805,1875024,hipGetLastError,LEAVE,,NULL,0
2025-10-01 16:49:38.805,1875024,hipLaunchKernel,ENTER,const void*=0x7fe663154280; dim3=dim3(0x13600000136); dim3=dim3(0x1); void**=0x2000000020,,0
2025-10-01 16:49:38.805,1875024,hipLaunchKernel,LEAVE,const void*=0x7fe663154280; dim3=dim3(0x13600000136); dim3=dim3(0x1); void**=0x2000000020,NULL,0
2025-10-01 16:49:38.805,1875024,hipGetLastError,ENTER,,,0
2025-10-01 16:49:38.805,1875024,hipGetLastError,LEAVE,,NULL,0
2025-10-01 16:49:38.805,1875024,hipLaunchKernel,ENTER,const void*=0x7fe663154280; dim3=dim3(0x13600000136); dim3=dim3(0x1); void**=0x2000000020,,0
2025-10-01 16:49:38.805,1875024,hipLaunchKernel,LEAVE,const void*=0x7fe663154280; dim3=dim3(0x13600000136); dim3=dim3(0x1); void**=0x2000000020,NULL,0
2025-10-01 16:49:38.805,1875024,hipGetLastError,ENTER,,,0
2025-10-01 16:49:38.805,1875024,hipGetLastError,LEAVE,,NULL,0
2025-10-01 16:49:38.805,1875024,hipLaunchKernel,ENTER,const void*=0x7fe663154280; dim3=dim3(0x13600000136); dim3=dim3(0x1); void**=0x2000000020,,0
2025-10-01 16:49:38.806,1875024,hipLaunchKernel,LEAVE,const void*=0x7fe663154280; dim3=dim3(0x13600000136); dim3=dim3(0x1); void**=0x2000000020,NULL,0
2025-10-01 16:49:38.806,1875024,hipGetLastError,ENTER,,,0
2025-10-01 16:49:38.806,1875024,hipGetLastError,LEAVE,,NULL,0
2025-10-01 16:49:38.806,1875024,hipLaunchKernel,ENTER,const void*=0x7fe663154280; dim3=dim3(0x13600000136); dim3=dim3(0x1); void**=0x2000000020,,0
2025-10-01 16:49:38.806,1875024,hipLaunchKernel,LEAVE,const void*=0x7fe663154280; dim3=dim3(0x13600000136); dim3=dim3(0x1); void**=0x2000000020,NULL,0
2025-10-01 16:49:38.806,1875024,hipGetLastError,ENTER,,,0
2025-10-01 16:49:38.806,1875024,hipGetLastError,LEAVE,,NULL,0
2025-10-01 16:49:38.806,1875024,hipLaunchKernel,ENTER,const void*=0x7fe663154280; dim3=dim3(0x13600000136); dim3=dim3(0x1); void**=0x2000000020,,0
2025-10-01 16:49:38.806,1875024,hipLaunchKernel,LEAVE,const void*=0x7fe663154280; dim3=dim3(0x13600000136); dim3=dim3(0x1); void**=0x2000000020,NULL,0
2025-10-01 16:49:38.806,1875024,hipGetLastError,ENTER,,,0
2025-10-01 16:49:38.806,1875024,hipGetLastError,LEAVE,,NULL,0
2025-10-01 16:49:38.807,1875024,hipStreamSynchronize,ENTER,hipStream_t=0x7fa5ec002730,,0
2025-10-01 16:49:38.807,1875026,hipLaunchKernel,LEAVE,const void*=0x7fe663154280; dim3=dim3(0x13600000136); dim3=dim3(0x1); void**=0x2000000020,NULL,7
2025-10-01 16:49:38.807,1875026,hipGetLastError,ENTER,,,0
2025-10-01 16:49:38.807,1875026,hipGetLastError,LEAVE,,NULL,0
2025-10-01 16:49:38.807,1875026,hipLaunchKernel,ENTER,const void*=0x7fe663154280; dim3=dim3(0x13600000136); dim3=dim3(0x1); void**=0x2000000020,,0
2025-10-01 16:49:38.807,1875024,hipStreamSynchronize,LEAVE,hipStream_t=0x7fa5ec002730,NULL,0
2025-10-01 16:49:38.807,1875024,hipLaunchKernel,ENTER,const void*=0x7fe663154280; dim3=dim3(0x13600000136); dim3=dim3(0x1); void**=0x2000000020,,0
2025-10-01 16:49:38.808,1875024,hipLaunchKernel,LEAVE,const void*=0x7fe663154280; dim3=dim3(0x13600000136); dim3=dim3(0x1); void**=0x2000000020,NULL,0
2025-10-01 16:49:38.808,1875024,hipGetLastError,ENTER,,,0
2025-10-01 16:49:38.808,1875024,hipGetLastError,LEAVE,,NULL,0
2025-10-01 16:49:38.808,1875024,hipLaunchKernel,ENTER,const void*=0x7fe663154280; dim3=dim3(0x13600000136); dim3=dim3(0x1); void**=0x2000000020,,0
2025-10-01 16:49:38.808,1875024,hipLaunchKernel,LEAVE,const void*=0x7fe663154280; dim3=dim3(0x13600000136); dim3=dim3(0x1); void**=0x2000000020,NULL,0
2025-10-01 16:49:38.808,1875024,hipGetLastError,ENTER,,,0
2025-10-01 16:49:38.808,1875024,hipGetLastError,LEAVE,,NULL,0
2025-10-01 16:49:38.808,1875024,hipLaunchKernel,ENTER,const void*=0x7fe663154280; dim3=dim3(0x13600000136); dim3=dim3(0x1); void**=0x2000000020,,0
2025-10-01 16:49:38.808,1875024,hipLaunchKernel,LEAVE,const void*=0x7fe663154280; dim3=dim3(0x13600000136); dim3=dim3(0x1); void**=0x2000000020,NULL,0
2025-10-01 16:49:38.808,1875024,hipGetLastError,ENTER,,,0
2025-10-01 16:49:38.808,1875024,hipGetLastError,LEAVE,,NULL,0
2025-10-01 16:49:38.809,1875024,hipLaunchKernel,ENTER,const void*=0x7fe663154280; dim3=dim3(0x13600000136); dim3=dim3(0x1); void**=0x2000000020,,0
2025-10-01 16:49:38.809,1875024,hipLaunchKernel,LEAVE,const void*=0x7fe663154280; dim3=dim3(0x13600000136); dim3=dim3(0x1); void**=0x2000000020,NULL,0
2025-10-01 16:49:38.809,1875024,hipGetLastError,ENTER,,,0
2025-10-01 16:49:38.809,1875024,hipGetLastError,LEAVE,,NULL,0
2025-10-01 16:49:38.809,1875024,hipLaunchKernel,ENTER,const void*=0x7fe663154280; dim3=dim3(0x13600000136); dim3=dim3(0x1); void**=0x2000000020,,0
2025-10-01 16:49:38.809,1875024,hipLaunchKernel,LEAVE,const void*=0x7fe663154280; dim3=dim3(0x13600000136); dim3=dim3(0x1); void**=0x2000000020,NULL,0
2025-10-01 16:49:38.809,1875024,hipGetLastError,ENTER,,,0
2025-10-01 16:49:38.809,1875024,hipGetLastError,LEAVE,,NULL,0
2025-10-01 16:49:38.809,1875024,hipLaunchKernel,ENTER,const void*=0x7fe663154280; dim3=dim3(0x13600000136); dim3=dim3(0x1); void**=0x2000000020,,0
2025-10-01 16:49:38.809,1875024,hipLaunchKernel,LEAVE,const void*=0x7fe663154280; dim3=dim3(0x13600000136); dim3=dim3(0x1); void**=0x2000000020,NULL,0
2025-10-01 16:49:38.809,1875024,hipGetLastError,ENTER,,,0
2025-10-01 16:49:38.810,1875024,hipGetLastError,LEAVE,,NULL,0
2025-10-01 16:49:38.810,1875024,hipLaunchKernel,ENTER,const void*=0x7fe663154280; dim3=dim3(0x13600000136); dim3=dim3(0x1); void**=0x2000000020,,0
2025-10-01 16:49:38.810,1875024,hipLaunchKernel,LEAVE,const void*=0x7fe663154280; dim3=dim3(0x13600000136); dim3=dim3(0x1); void**=0x2000000020,NULL,0
2025-10-01 16:49:38.810,1875024,hipGetLastError,ENTER,,,0
2025-10-01 16:49:38.810,1875024,hipGetLastError,LEAVE,,NULL,0
2025-10-01 16:49:38.810,1875024,hipLaunchKernel,ENTER,const void*=0x7fe663154280; dim3=dim3(0x13600000136); dim3=dim3(0x1); void**=0x2000000020,,0
2025-10-01 16:49:38.810,1875024,hipLaunchKernel,LEAVE,const void*=0x7fe663154280; dim3=dim3(0x13600000136); dim3=dim3(0x1); void**=0x2000000020,NULL,0
2025-10-01 16:49:38.810,1875024,hipGetLastError,ENTER,,,0
2025-10-01 16:49:38.810,1875024,hipGetLastError,LEAVE,,NULL,0
2025-10-01 16:49:38.810,1875024,hipLaunchKernel,ENTER,const void*=0x7fe663154280; dim3=dim3(0x13600000136); dim3=dim3(0x1); void**=0x2000000020,,0
2025-10-01 16:49:38.810,1875024,hipLaunchKernel,LEAVE,const void*=0x7fe663154280; dim3=dim3(0x13600000136); dim3=dim3(0x1); void**=0x2000000020,NULL,0
2025-10-01 16:49:38.811,1875024,hipGetLastError,ENTER,,,0
2025-10-01 16:49:38.811,1875024,hipGetLastError,LEAVE,,NULL,0
2025-10-01 16:49:38.811,1875024,hipLaunchKernel,ENTER,const void*=0x7fe663154280; dim3=dim3(0x13600000136); dim3=dim3(0x1); void**=0x2000000020,,0
2025-10-01 16:49:38.811,1875024,hipLaunchKernel,LEAVE,const void*=0x7fe663154280; dim3=dim3(0x13600000136); dim3=dim3(0x1); void**=0x2000000020,NULL,0
2025-10-01 16:49:38.811,1875024,hipGetLastError,ENTER,,,0
2025-10-01 16:49:38.811,1875024,hipGetLastError,LEAVE,,NULL,0
2025-10-01 16:49:38.811,1875024,hipStreamSynchronize,ENTER,hipStream_t=0x7fa5ec002730,,0
2025-10-01 16:49:38.811,1875026,hipLaunchKernel,LEAVE,const void*=0x7fe663154280; dim3=dim3(0x13600000136); dim3=dim3(0x1); void**=0x2000000020,NULL,4
2025-10-01 16:49:38.811,1875026,hipGetLastError,ENTER,,,0
2025-10-01 16:49:38.811,1875026,hipGetLastError,LEAVE,,NULL,0
2025-10-01 16:49:38.812,1875026,hipLaunchKernel,ENTER,const void*=0x7fe663154280; dim3=dim3(0x13600000136); dim3=dim3(0x1); void**=0x2000000020,,0
2025-10-01 16:49:38.812,1875024,hipStreamSynchronize,LEAVE,hipStream_t=0x7fa5ec002730,NULL,1
2025-10-01 16:49:38.812,1875024,hipLaunchKernel,ENTER,const void*=0x7fe663154280; dim3=dim3(0x13600000136); dim3=dim3(0x1); void**=0x2000000020,,0
2025-10-01 16:49:38.812,1875024,hipLaunchKernel,LEAVE,const void*=0x7fe663154280; dim3=dim3(0x13600000136); dim3=dim3(0x1); void**=0x2000000020,NULL,0
2025-10-01 16:49:38.812,1875024,hipGetLastError,ENTER,,,0
2025-10-01 16:49:38.812,1875024,hipGetLastError,LEAVE,,NULL,0
2025-10-01 16:49:38.812,1875024,hipLaunchKernel,ENTER,const void*=0x7fe663154280; dim3=dim3(0x13600000136); dim3=dim3(0x1); void**=0x2000000020,,0
2025-10-01 16:49:38.812,1875024,hipLaunchKernel,LEAVE,const void*=0x7fe663154280; dim3=dim3(0x13600000136); dim3=dim3(0x1); void**=0x2000000020,NULL,0
2025-10-01 16:49:38.812,1875024,hipGetLastError,ENTER,,,0
2025-10-01 16:49:38.812,1875024,hipGetLastError,LEAVE,,NULL,0
2025-10-01 16:49:38.813,1875024,hipLaunchKernel,ENTER,const void*=0x7fe663154280; dim3=dim3(0x13600000136); dim3=dim3(0x1); void**=0x2000000020,,0
2025-10-01 16:49:38.813,1875024,hipLaunchKernel,LEAVE,const void*=0x7fe663154280; dim3=dim3(0x13600000136); dim3=dim3(0x1); void**=0x2000000020,NULL,0
2025-10-01 16:49:38.813,1875024,hipGetLastError,ENTER,,,0
2025-10-01 16:49:38.813,1875024,hipGetLastError,LEAVE,,NULL,0
2025-10-01 16:49:38.813,1875024,hipLaunchKernel,ENTER,const void*=0x7fe663154280; dim3=dim3(0x13600000136); dim3=dim3(0x1); void**=0x2000000020,,0
2025-10-01 16:49:38.813,1875024,hipLaunchKernel,LEAVE,const void*=0x7fe663154280; dim3=dim3(0x13600000136); dim3=dim3(0x1); void**=0x2000000020,NULL,0
2025-10-01 16:49:38.813,1875024,hipGetLastError,ENTER,,,0
2025-10-01 16:49:38.813,1875024,hipGetLastError,LEAVE,,NULL,0
2025-10-01 16:49:38.813,1875024,hipLaunchKernel,ENTER,const void*=0x7fe663154280; dim3=dim3(0x13600000136); dim3=dim3(0x1); void**=0x2000000020,,0
2025-10-01 16:49:38.813,1875024,hipLaunchKernel,LEAVE,const void*=0x7fe663154280; dim3=dim3(0x13600000136); dim3=dim3(0x1); void**=0x2000000020,NULL,0
2025-10-01 16:49:38.814,1875024,hipGetLastError,ENTER,,,0
2025-10-01 16:49:38.814,1875024,hipGetLastError,LEAVE,,NULL,0
2025-10-01 16:49:38.814,1875024,hipLaunchKernel,ENTER,const void*=0x7fe663154280; dim3=dim3(0x13600000136); dim3=dim3(0x1); void**=0x2000000020,,0
2025-10-01 16:49:38.814,1875024,hipLaunchKernel,LEAVE,const void*=0x7fe663154280; dim3=dim3(0x13600000136); dim3=dim3(0x1); void**=0x2000000020,NULL,0
2025-10-01 16:49:38.814,1875024,hipGetLastError,ENTER,,,0
2025-10-01 16:49:38.814,1875024,hipGetLastError,LEAVE,,NULL,0
2025-10-01 16:49:38.814,1875024,hipLaunchKernel,ENTER,const void*=0x7fe663154280; dim3=dim3(0x13600000136); dim3=dim3(0x1); void**=0x2000000020,,0
2025-10-01 16:49:38.814,1875024,hipLaunchKernel,LEAVE,const void*=0x7fe663154280; dim3=dim3(0x13600000136); dim3=dim3(0x1); void**=0x2000000020,NULL,0
2025-10-01 16:49:38.814,1875024,hipGetLastError,ENTER,,,0
2025-10-01 16:49:38.814,1875024,hipGetLastError,LEAVE,,NULL,0
2025-10-01 16:49:38.814,1875024,hipLaunchKernel,ENTER,const void*=0x7fe663154280; dim3=dim3(0x13600000136); dim3=dim3(0x1); void**=0x2000000020,,0
2025-10-01 16:49:38.815,1875024,hipLaunchKernel,LEAVE,const void*=0x7fe663154280; dim3=dim3(0x13600000136); dim3=dim3(0x1); void**=0x2000000020,NULL,0
2025-10-01 16:49:38.815,1875024,hipGetLastError,ENTER,,,0
2025-10-01 16:49:38.815,1875024,hipGetLastError,LEAVE,,NULL,0
2025-10-01 16:49:38.815,1875024,hipLaunchKernel,ENTER,const void*=0x7fe663154280; dim3=dim3(0x13600000136); dim3=dim3(0x1); void**=0x2000000020,,0
2025-10-01 16:49:38.815,1875024,hipLaunchKernel,LEAVE,const void*=0x7fe663154280; dim3=dim3(0x13600000136); dim3=dim3(0x1); void**=0x2000000020,NULL,0
2025-10-01 16:49:38.815,1875024,hipGetLastError,ENTER,,,0
2025-10-01 16:49:38.815,1875024,hipGetLastError,LEAVE,,NULL,0
2025-10-01 16:49:38.815,1875024,hipLaunchKernel,ENTER,const void*=0x7fe663154280; dim3=dim3(0x13600000136); dim3=dim3(0x1); void**=0x2000000020,,0
2025-10-01 16:49:38.815,1875024,hipLaunchKernel,LEAVE,const void*=0x7fe663154280; dim3=dim3(0x13600000136); dim3=dim3(0x1); void**=0x2000000020,NULL,0
2025-10-01 16:49:38.815,1875024,hipGetLastError,ENTER,,,0
2025-10-01 16:49:38.815,1875024,hipGetLastError,LEAVE,,NULL,0
2025-10-01 16:49:38.816,1875024,hipStreamSynchronize,ENTER,hipStream_t=0x7fa5ec002730,,0
2025-10-01 16:49:38.816,1875026,hipLaunchKernel,LEAVE,const void*=0x7fe663154280; dim3=dim3(0x13600000136); dim3=dim3(0x1); void**=0x2000000020,NULL,4
2025-10-01 16:49:38.816,1875026,hipGetLastError,ENTER,,,0
2025-10-01 16:49:38.816,1875026,hipGetLastError,LEAVE,,NULL,0
2025-10-01 16:49:38.816,1875026,hipLaunchKernel,ENTER,const void*=0x7fe663154280; dim3=dim3(0x13600000136); dim3=dim3(0x1); void**=0x2000000020,,0
2025-10-01 16:49:38.816,1875024,hipStreamSynchronize,LEAVE,hipStream_t=0x7fa5ec002730,NULL,0
2025-10-01 16:49:38.816,1875024,hipLaunchKernel,ENTER,const void*=0x7fe663154280; dim3=dim3(0x13600000136); dim3=dim3(0x1); void**=0x2000000020,,0
2025-10-01 16:49:38.816,1875024,hipLaunchKernel,LEAVE,const void*=0x7fe663154280; dim3=dim3(0x13600000136); dim3=dim3(0x1); void**=0x2000000020,NULL,0
2025-10-01 16:49:38.816,1875024,hipGetLastError,ENTER,,,0
2025-10-01 16:49:38.817,1875024,hipGetLastError,LEAVE,,NULL,0
2025-10-01 16:49:38.817,1875024,hipLaunchKernel,ENTER,const void*=0x7fe663154280; dim3=dim3(0x13600000136); dim3=dim3(0x1); void**=0x2000000020,,0
2025-10-01 16:49:38.817,1875024,hipLaunchKernel,LEAVE,const void*=0x7fe663154280; dim3=dim3(0x13600000136); dim3=dim3(0x1); void**=0x2000000020,NULL,0
2025-10-01 16:49:38.817,1875024,hipGetLastError,ENTER,,,0
2025-10-01 16:49:38.817,1875024,hipGetLastError,LEAVE,,NULL,0
2025-10-01 16:49:38.817,1875024,hipLaunchKernel,ENTER,const void*=0x7fe663154280; dim3=dim3(0x13600000136); dim3=dim3(0x1); void**=0x2000000020,,0
2025-10-01 16:49:38.817,1875024,hipLaunchKernel,LEAVE,const void*=0x7fe663154280; dim3=dim3(0x13600000136); dim3=dim3(0x1); void**=0x2000000020,NULL,0
2025-10-01 16:49:38.817,1875024,hipGetLastError,ENTER,,,0
2025-10-01 16:49:38.817,1875024,hipGetLastError,LEAVE,,NULL,0
2025-10-01 16:49:38.817,1875024,hipLaunchKernel,ENTER,const void*=0x7fe663154280; dim3=dim3(0x13600000136); dim3=dim3(0x1); void**=0x2000000020,,0
2025-10-01 16:49:38.817,1875024,hipLaunchKernel,LEAVE,const void*=0x7fe663154280; dim3=dim3(0x13600000136); dim3=dim3(0x1); void**=0x2000000020,NULL,0
2025-10-01 16:49:38.817,1875024,hipGetLastError,ENTER,,,0
2025-10-01 16:49:38.818,1875024,hipGetLastError,LEAVE,,NULL,0
2025-10-01 16:49:38.818,1875024,hipLaunchKernel,ENTER,const void*=0x7fe663154280; dim3=dim3(0x13600000136); dim3=dim3(0x1); void**=0x2000000020,,0
2025-10-01 16:49:38.818,1875024,hipLaunchKernel,LEAVE,const void*=0x7fe663154280; dim3=dim3(0x13600000136); dim3=dim3(0x1); void**=0x2000000020,NULL,0
2025-10-01 16:49:38.818,1875024,hipGetLastError,ENTER,,,0
2025-10-01 16:49:38.818,1875024,hipGetLastError,LEAVE,,NULL,0
2025-10-01 16:49:38.818,1875024,hipLaunchKernel,ENTER,const void*=0x7fe663154280; dim3=dim3(0x13600000136); dim3=dim3(0x1); void**=0x2000000020,,0
2025-10-01 16:49:38.818,1875024,hipLaunchKernel,LEAVE,const void*=0x7fe663154280; dim3=dim3(0x13600000136); dim3=dim3(0x1); void**=0x2000000020,NULL,0
2025-10-01 16:49:38.818,1875024,hipGetLastError,ENTER,,,0
2025-10-01 16:49:38.818,1875024,hipGetLastError,LEAVE,,NULL,0
2025-10-01 16:49:38.818,1875024,hipLaunchKernel,ENTER,const void*=0x7fe663154280; dim3=dim3(0x13600000136); dim3=dim3(0x1); void**=0x2000000020,,0
2025-10-01 16:49:38.818,1875024,hipLaunchKernel,LEAVE,const void*=0x7fe663154280; dim3=dim3(0x13600000136); dim3=dim3(0x1); void**=0x2000000020,NULL,0
2025-10-01 16:49:38.818,1875024,hipGetLastError,ENTER,,,0
2025-10-01 16:49:38.819,1875024,hipGetLastError,LEAVE,,NULL,0
2025-10-01 16:49:38.819,1875024,hipLaunchKernel,ENTER,const void*=0x7fe663154280; dim3=dim3(0x13600000136); dim3=dim3(0x1); void**=0x2000000020,,0
2025-10-01 16:49:38.819,1875024,hipLaunchKernel,LEAVE,const void*=0x7fe663154280; dim3=dim3(0x13600000136); dim3=dim3(0x1); void**=0x2000000020,NULL,0
2025-10-01 16:49:38.819,1875024,hipGetLastError,ENTER,,,0
2025-10-01 16:49:38.819,1875024,hipGetLastError,LEAVE,,NULL,0
2025-10-01 16:49:38.819,1875024,hipLaunchKernel,ENTER,const void*=0x7fe663154280; dim3=dim3(0x13600000136); dim3=dim3(0x1); void**=0x2000000020,,0
2025-10-01 16:49:38.819,1875024,hipLaunchKernel,LEAVE,const void*=0x7fe663154280; dim3=dim3(0x13600000136); dim3=dim3(0x1); void**=0x2000000020,NULL,0
2025-10-01 16:49:38.819,1875024,hipGetLastError,ENTER,,,0
2025-10-01 16:49:38.819,1875024,hipGetLastError,LEAVE,,NULL,0
2025-10-01 16:49:38.819,1875024,hipLaunchKernel,ENTER,const void*=0x7fe663154280; dim3=dim3(0x13600000136); dim3=dim3(0x1); void**=0x2000000020,,0
2025-10-01 16:49:38.819,1875024,hipLaunchKernel,LEAVE,const void*=0x7fe663154280; dim3=dim3(0x13600000136); dim3=dim3(0x1); void**=0x2000000020,NULL,0
2025-10-01 16:49:38.820,1875024,hipGetLastError,ENTER,,,0
2025-10-01 16:49:38.820,1875024,hipGetLastError,LEAVE,,NULL,0
2025-10-01 16:49:38.820,1875024,hipStreamSynchronize,ENTER,hipStream_t=0x7fa5ec002730,,0
2025-10-01 16:49:38.820,1875027,hipMalloc,LEAVE,void**=0x7fa5f0beca70; size_t=0x17764000,NULL,61
2025-10-01 16:49:38.820,1875025,hipMalloc,LEAVE,void**=0x7fa5f1beea70; size_t=0x17764000,NULL,56
2025-10-01 16:49:38.820,1875026,hipLaunchKernel,LEAVE,const void*=0x7fe663154280; dim3=dim3(0x13600000136); dim3=dim3(0x1); void**=0x2000000020,NULL,5
2025-10-01 16:49:38.821,1875026,hipGetLastError,ENTER,,,0
2025-10-01 16:49:38.821,1875026,hipGetLastError,LEAVE,,NULL,0
2025-10-01 16:49:38.821,1875026,hipLaunchKernel,ENTER,const void*=0x7fe663154280; dim3=dim3(0x13600000136); dim3=dim3(0x1); void**=0x2000000020,,0
2025-10-01 16:49:38.821,1875024,hipStreamSynchronize,LEAVE,hipStream_t=0x7fa5ec002730,NULL,1
2025-10-01 16:49:38.821,1875024,hipLaunchKernel,ENTER,const void*=0x7fe663154280; dim3=dim3(0x13600000136); dim3=dim3(0x1); void**=0x2000000020,,0
2025-10-01 16:49:38.821,1875024,hipLaunchKernel,LEAVE,const void*=0x7fe663154280; dim3=dim3(0x13600000136); dim3=dim3(0x1); void**=0x2000000020,NULL,0
2025-10-01 16:49:38.821,1875024,hipGetLastError,ENTER,,,0
2025-10-01 16:49:38.822,1875024,hipGetLastError,LEAVE,,NULL,0
2025-10-01 16:49:38.822,1875024,hipLaunchKernel,ENTER,const void*=0x7fe663154280; dim3=dim3(0x13600000136); dim3=dim3(0x1); void**=0x2000000020,,0
2025-10-01 16:49:38.822,1875024,hipLaunchKernel,LEAVE,const void*=0x7fe663154280; dim3=dim3(0x13600000136); dim3=dim3(0x1); void**=0x2000000020,NULL,0
2025-10-01 16:49:38.822,1875024,hipGetLastError,ENTER,,,0
2025-10-01 16:49:38.822,1875024,hipGetLastError,LEAVE,,NULL,0
2025-10-01 16:49:38.822,1875024,hipLaunchKernel,ENTER,const void*=0x7fe663154280; dim3=dim3(0x13600000136); dim3=dim3(0x1); void**=0x2000000020,,0
2025-10-01 16:49:38.822,1875024,hipLaunchKernel,LEAVE,const void*=0x7fe663154280; dim3=dim3(0x13600000136); dim3=dim3(0x1); void**=0x2000000020,NULL,0
2025-10-01 16:49:38.822,1875024,hipGetLastError,ENTER,,,0
2025-10-01 16:49:38.822,1875024,hipGetLastError,LEAVE,,NULL,0
2025-10-01 16:49:38.822,1875024,hipLaunchKernel,ENTER,const void*=0x7fe663154280; dim3=dim3(0x13600000136); dim3=dim3(0x1); void**=0x2000000020,,0
2025-10-01 16:49:38.822,1875024,hipLaunchKernel,LEAVE,const void*=0x7fe663154280; dim3=dim3(0x13600000136); dim3=dim3(0x1); void**=0x2000000020,NULL,0
2025-10-01 16:49:38.822,1875024,hipGetLastError,ENTER,,,0
2025-10-01 16:49:38.823,1875024,hipGetLastError,LEAVE,,NULL,0
2025-10-01 16:49:38.823,1875024,hipLaunchKernel,ENTER,const void*=0x7fe663154280; dim3=dim3(0x13600000136); dim3=dim3(0x1); void**=0x2000000020,,0
2025-10-01 16:49:38.823,1875024,hipLaunchKernel,LEAVE,const void*=0x7fe663154280; dim3=dim3(0x13600000136); dim3=dim3(0x1); void**=0x2000000020,NULL,0
2025-10-01 16:49:38.823,1875024,hipGetLastError,ENTER,,,0
2025-10-01 16:49:38.823,1875024,hipGetLastError,LEAVE,,NULL,0
2025-10-01 16:49:38.823,1875024,hipLaunchKernel,ENTER,const void*=0x7fe663154280; dim3=dim3(0x13600000136); dim3=dim3(0x1); void**=0x2000000020,,0
2025-10-01 16:49:38.823,1875024,hipLaunchKernel,LEAVE,const void*=0x7fe663154280; dim3=dim3(0x13600000136); dim3=dim3(0x1); void**=0x2000000020,NULL,0
2025-10-01 16:49:38.823,1875024,hipGetLastError,ENTER,,,0
2025-10-01 16:49:38.823,1875024,hipGetLastError,LEAVE,,NULL,0
2025-10-01 16:49:38.823,1875024,hipLaunchKernel,ENTER,const void*=0x7fe663154280; dim3=dim3(0x13600000136); dim3=dim3(0x1); void**=0x2000000020,,0
2025-10-01 16:49:38.823,1875024,hipLaunchKernel,LEAVE,const void*=0x7fe663154280; dim3=dim3(0x13600000136); dim3=dim3(0x1); void**=0x2000000020,NULL,0
2025-10-01 16:49:38.824,1875024,hipGetLastError,ENTER,,,0
2025-10-01 16:49:38.824,1875024,hipGetLastError,LEAVE,,NULL,0
2025-10-01 16:49:38.824,1875024,hipLaunchKernel,ENTER,const void*=0x7fe663154280; dim3=dim3(0x13600000136); dim3=dim3(0x1); void**=0x2000000020,,0
2025-10-01 16:49:38.824,1875024,hipLaunchKernel,LEAVE,const void*=0x7fe663154280; dim3=dim3(0x13600000136); dim3=dim3(0x1); void**=0x2000000020,NULL,0
2025-10-01 16:49:38.824,1875024,hipGetLastError,ENTER,,,0
2025-10-01 16:49:38.824,1875024,hipGetLastError,LEAVE,,NULL,0
2025-10-01 16:49:38.824,1875024,hipLaunchKernel,ENTER,const void*=0x7fe663154280; dim3=dim3(0x13600000136); dim3=dim3(0x1); void**=0x2000000020,,0
2025-10-01 16:49:38.824,1875024,hipLaunchKernel,LEAVE,const void*=0x7fe663154280; dim3=dim3(0x13600000136); dim3=dim3(0x1); void**=0x2000000020,NULL,0
2025-10-01 16:49:38.824,1875024,hipGetLastError,ENTER,,,0
2025-10-01 16:49:38.824,1875024,hipGetLastError,LEAVE,,NULL,0
2025-10-01 16:49:38.824,1875024,hipLaunchKernel,ENTER,const void*=0x7fe663154280; dim3=dim3(0x13600000136); dim3=dim3(0x1); void**=0x2000000020,,0
2025-10-01 16:49:38.825,1875024,hipLaunchKernel,LEAVE,const void*=0x7fe663154280; dim3=dim3(0x13600000136); dim3=dim3(0x1); void**=0x2000000020,NULL,0
2025-10-01 16:49:38.825,1875024,hipGetLastError,ENTER,,,0
2025-10-01 16:49:38.825,1875024,hipGetLastError,LEAVE,,NULL,0
2025-10-01 16:49:38.825,1875024,hipStreamSynchronize,ENTER,hipStream_t=0x7fa5ec002730,,0
2025-10-01 16:49:38.825,1875026,hipLaunchKernel,LEAVE,const void*=0x7fe663154280; dim3=dim3(0x13600000136); dim3=dim3(0x1); void**=0x2000000020,NULL,4
2025-10-01 16:49:38.825,1875026,hipGetLastError,ENTER,,,0
2025-10-01 16:49:38.825,1875026,hipGetLastError,LEAVE,,NULL,0
2025-10-01 16:49:38.825,1875026,hipLaunchKernel,ENTER,const void*=0x7fe663154280; dim3=dim3(0x13600000136); dim3=dim3(0x1); void**=0x2000000020,,0
2025-10-01 16:49:38.826,1875027,hipMemcpyAsync,ENTER,void*=0x7f8931200000; const void*=0x7f969f26f010; size_t=0x17764000; hipMemcpyKind=hipMemcpyHostToDevice,,0
2025-10-01 16:49:38.826,1875025,hipMemcpyAsync,ENTER,void*=0x7f8919800000; const void*=0x7f9e1966f010; size_t=0x17764000; hipMemcpyKind=hipMemcpyHostToDevice,,0
2025-10-01 16:49:38.826,1875024,hipStreamSynchronize,LEAVE,hipStream_t=0x7fa5ec002730,NULL,1
2025-10-01 16:49:38.826,1875024,hipLaunchKernel,ENTER,const void*=0x7fe663154280; dim3=dim3(0x13600000136); dim3=dim3(0x1); void**=0x2000000020,,0
2025-10-01 16:49:38.826,1875026,hipLaunchKernel,LEAVE,const void*=0x7fe663154280; dim3=dim3(0x13600000136); dim3=dim3(0x1); void**=0x2000000020,NULL,0
2025-10-01 16:49:38.826,1875026,hipGetLastError,ENTER,,,0
2025-10-01 16:49:38.827,1875026,hipGetLastError,LEAVE,,NULL,0
2025-10-01 16:49:38.827,1875026,hipLaunchKernel,ENTER,const void*=0x7fe663154280; dim3=dim3(0x13600000136); dim3=dim3(0x1); void**=0x2000000020,,0
2025-10-01 16:49:38.827,1875024,hipLaunchKernel,LEAVE,const void*=0x7fe663154280; dim3=dim3(0x13600000136); dim3=dim3(0x1); void**=0x2000000020,NULL,1
2025-10-01 16:49:38.827,1875024,hipGetLastError,ENTER,,,0
2025-10-01 16:49:38.827,1875024,hipGetLastError,LEAVE,,NULL,0
2025-10-01 16:49:38.827,1875024,hipLaunchKernel,ENTER,const void*=0x7fe663154280; dim3=dim3(0x13600000136); dim3=dim3(0x1); void**=0x2000000020,,0
2025-10-01 16:49:38.827,1875024,hipLaunchKernel,LEAVE,const void*=0x7fe663154280; dim3=dim3(0x13600000136); dim3=dim3(0x1); void**=0x2000000020,NULL,0
2025-10-01 16:49:38.827,1875024,hipGetLastError,ENTER,,,0
2025-10-01 16:49:38.827,1875024,hipGetLastError,LEAVE,,NULL,0
2025-10-01 16:49:38.827,1875024,hipLaunchKernel,ENTER,const void*=0x7fe663154280; dim3=dim3(0x13600000136); dim3=dim3(0x1); void**=0x2000000020,,0
2025-10-01 16:49:38.828,1875024,hipLaunchKernel,LEAVE,const void*=0x7fe663154280; dim3=dim3(0x13600000136); dim3=dim3(0x1); void**=0x2000000020,NULL,0
2025-10-01 16:49:38.828,1875024,hipGetLastError,ENTER,,,0
2025-10-01 16:49:38.828,1875024,hipGetLastError,LEAVE,,NULL,0
2025-10-01 16:49:38.828,1875024,hipLaunchKernel,ENTER,const void*=0x7fe663154280; dim3=dim3(0x13600000136); dim3=dim3(0x1); void**=0x2000000020,,0
2025-10-01 16:49:38.828,1875024,hipLaunchKernel,LEAVE,const void*=0x7fe663154280; dim3=dim3(0x13600000136); dim3=dim3(0x1); void**=0x2000000020,NULL,0
2025-10-01 16:49:38.828,1875024,hipGetLastError,ENTER,,,0
2025-10-01 16:49:38.828,1875024,hipGetLastError,LEAVE,,NULL,0
2025-10-01 16:49:38.828,1875024,hipLaunchKernel,ENTER,const void*=0x7fe663154280; dim3=dim3(0x13600000136); dim3=dim3(0x1); void**=0x2000000020,,0
2025-10-01 16:49:38.828,1875024,hipLaunchKernel,LEAVE,const void*=0x7fe663154280; dim3=dim3(0x13600000136); dim3=dim3(0x1); void**=0x2000000020,NULL,0
2025-10-01 16:49:38.828,1875024,hipGetLastError,ENTER,,,0
2025-10-01 16:49:38.828,1875024,hipGetLastError,LEAVE,,NULL,0
2025-10-01 16:49:38.829,1875024,hipLaunchKernel,ENTER,const void*=0x7fe663154280; dim3=dim3(0x13600000136); dim3=dim3(0x1); void**=0x2000000020,,0
2025-10-01 16:49:38.829,1875024,hipLaunchKernel,LEAVE,const void*=0x7fe663154280; dim3=dim3(0x13600000136); dim3=dim3(0x1); void**=0x2000000020,NULL,0
2025-10-01 16:49:38.829,1875024,hipGetLastError,ENTER,,,0
2025-10-01 16:49:38.829,1875024,hipGetLastError,LEAVE,,NULL,0
2025-10-01 16:49:38.829,1875024,hipLaunchKernel,ENTER,const void*=0x7fe663154280; dim3=dim3(0x13600000136); dim3=dim3(0x1); void**=0x2000000020,,0
2025-10-01 16:49:38.829,1875024,hipLaunchKernel,LEAVE,const void*=0x7fe663154280; dim3=dim3(0x13600000136); dim3=dim3(0x1); void**=0x2000000020,NULL,0
2025-10-01 16:49:38.829,1875024,hipGetLastError,ENTER,,,0
2025-10-01 16:49:38.829,1875024,hipGetLastError,LEAVE,,NULL,0
2025-10-01 16:49:38.829,1875024,hipLaunchKernel,ENTER,const void*=0x7fe663154280; dim3=dim3(0x13600000136); dim3=dim3(0x1); void**=0x2000000020,,0
2025-10-01 16:49:38.829,1875024,hipLaunchKernel,LEAVE,const void*=0x7fe663154280; dim3=dim3(0x13600000136); dim3=dim3(0x1); void**=0x2000000020,NULL,0
2025-10-01 16:49:38.829,1875024,hipGetLastError,ENTER,,,0
2025-10-01 16:49:38.830,1875024,hipGetLastError,LEAVE,,NULL,0
2025-10-01 16:49:38.830,1875024,hipLaunchKernel,ENTER,const void*=0x7fe663154280; dim3=dim3(0x13600000136); dim3=dim3(0x1); void**=0x2000000020,,0
2025-10-01 16:49:38.830,1875024,hipLaunchKernel,LEAVE,const void*=0x7fe663154280; dim3=dim3(0x13600000136); dim3=dim3(0x1); void**=0x2000000020,NULL,0
2025-10-01 16:49:38.830,1875024,hipGetLastError,ENTER,,,0
2025-10-01 16:49:38.830,1875024,hipGetLastError,LEAVE,,NULL,0
2025-10-01 16:49:38.830,1875024,hipLaunchKernel,ENTER,const void*=0x7fe663154280; dim3=dim3(0x13600000136); dim3=dim3(0x1); void**=0x2000000020,,0
2025-10-01 16:49:38.830,1875024,hipLaunchKernel,LEAVE,const void*=0x7fe663154280; dim3=dim3(0x13600000136); dim3=dim3(0x1); void**=0x2000000020,NULL,0
2025-10-01 16:49:38.830,1875024,hipGetLastError,ENTER,,,0
2025-10-01 16:49:38.830,1875024,hipGetLastError,LEAVE,,NULL,0
2025-10-01 16:49:38.830,1875024,hipStreamSynchronize,ENTER,hipStream_t=0x7fa5ec002730,,0
2025-10-01 16:49:38.830,1875026,hipLaunchKernel,LEAVE,const void*=0x7fe663154280; dim3=dim3(0x13600000136); dim3=dim3(0x1); void**=0x2000000020,NULL,3
2025-10-01 16:49:38.831,1875026,hipGetLastError,ENTER,,,0
2025-10-01 16:49:38.831,1875026,hipGetLastError,LEAVE,,NULL,0
2025-10-01 16:49:38.831,1875026,hipLaunchKernel,ENTER,const void*=0x7fe663154280; dim3=dim3(0x13600000136); dim3=dim3(0x1); void**=0x2000000020,,0
2025-10-01 16:49:38.831,1875024,hipStreamSynchronize,LEAVE,hipStream_t=0x7fa5ec002730,NULL,1
2025-10-01 16:49:38.831,1875024,hipLaunchKernel,ENTER,const void*=0x7fe663154280; dim3=dim3(0x13600000136); dim3=dim3(0x1); void**=0x2000000020,,0
2025-10-01 16:49:38.831,1875026,hipLaunchKernel,LEAVE,const void*=0x7fe663154280; dim3=dim3(0x13600000136); dim3=dim3(0x1); void**=0x2000000020,NULL,0
2025-10-01 16:49:38.831,1875026,hipGetLastError,ENTER,,,0
2025-10-01 16:49:38.831,1875026,hipGetLastError,LEAVE,,NULL,0
2025-10-01 16:49:38.832,1875026,hipStreamSynchronize,ENTER,hipStream_t=0x7fa5dc001290,,0
2025-10-01 16:49:38.832,1875024,hipLaunchKernel,LEAVE,const void*=0x7fe663154280; dim3=dim3(0x13600000136); dim3=dim3(0x1); void**=0x2000000020,NULL,1
2025-10-01 16:49:38.832,1875024,hipGetLastError,ENTER,,,0
2025-10-01 16:49:38.832,1875024,hipGetLastError,LEAVE,,NULL,0
2025-10-01 16:49:38.832,1875024,hipLaunchKernel,ENTER,const void*=0x7fe663154280; dim3=dim3(0x13600000136); dim3=dim3(0x1); void**=0x2000000020,,0
2025-10-01 16:49:38.832,1875024,hipLaunchKernel,LEAVE,const void*=0x7fe663154280; dim3=dim3(0x13600000136); dim3=dim3(0x1); void**=0x2000000020,NULL,0
2025-10-01 16:49:38.832,1875024,hipGetLastError,ENTER,,,0
2025-10-01 16:49:38.832,1875024,hipGetLastError,LEAVE,,NULL,0
2025-10-01 16:49:38.832,1875024,hipLaunchKernel,ENTER,const void*=0x7fe663154280; dim3=dim3(0x13600000136); dim3=dim3(0x1); void**=0x2000000020,,0
2025-10-01 16:49:38.832,1875024,hipLaunchKernel,LEAVE,const void*=0x7fe663154280; dim3=dim3(0x13600000136); dim3=dim3(0x1); void**=0x2000000020,NULL,0
2025-10-01 16:49:38.833,1875024,hipGetLastError,ENTER,,,0
2025-10-01 16:49:38.833,1875024,hipGetLastError,LEAVE,,NULL,0
2025-10-01 16:49:38.833,1875024,hipLaunchKernel,ENTER,const void*=0x7fe663154280; dim3=dim3(0x13600000136); dim3=dim3(0x1); void**=0x2000000020,,0
2025-10-01 16:49:38.833,1875024,hipLaunchKernel,LEAVE,const void*=0x7fe663154280; dim3=dim3(0x13600000136); dim3=dim3(0x1); void**=0x2000000020,NULL,0
2025-10-01 16:49:38.833,1875024,hipGetLastError,ENTER,,,0
2025-10-01 16:49:38.833,1875024,hipGetLastError,LEAVE,,NULL,0
2025-10-01 16:49:38.833,1875024,hipLaunchKernel,ENTER,const void*=0x7fe663154280; dim3=dim3(0x13600000136); dim3=dim3(0x1); void**=0x2000000020,,0
2025-10-01 16:49:38.833,1875024,hipLaunchKernel,LEAVE,const void*=0x7fe663154280; dim3=dim3(0x13600000136); dim3=dim3(0x1); void**=0x2000000020,NULL,0
2025-10-01 16:49:38.833,1875024,hipGetLastError,ENTER,,,0
2025-10-01 16:49:38.833,1875024,hipGetLastError,LEAVE,,NULL,0
2025-10-01 16:49:38.833,1875024,hipLaunchKernel,ENTER,const void*=0x7fe663154280; dim3=dim3(0x13600000136); dim3=dim3(0x1); void**=0x2000000020,,0
2025-10-01 16:49:38.834,1875024,hipLaunchKernel,LEAVE,const void*=0x7fe663154280; dim3=dim3(0x13600000136); dim3=dim3(0x1); void**=0x2000000020,NULL,0
2025-10-01 16:49:38.834,1875024,hipGetLastError,ENTER,,,0
2025-10-01 16:49:38.834,1875024,hipGetLastError,LEAVE,,NULL,0
2025-10-01 16:49:38.834,1875024,hipLaunchKernel,ENTER,const void*=0x7fe663154280; dim3=dim3(0x13600000136); dim3=dim3(0x1); void**=0x2000000020,,0
2025-10-01 16:49:38.834,1875024,hipLaunchKernel,LEAVE,const void*=0x7fe663154280; dim3=dim3(0x13600000136); dim3=dim3(0x1); void**=0x2000000020,NULL,0
2025-10-01 16:49:38.834,1875024,hipGetLastError,ENTER,,,0
2025-10-01 16:49:38.834,1875024,hipGetLastError,LEAVE,,NULL,0
2025-10-01 16:49:38.834,1875024,hipLaunchKernel,ENTER,const void*=0x7fe663154280; dim3=dim3(0x13600000136); dim3=dim3(0x1); void**=0x2000000020,,0
2025-10-01 16:49:38.834,1875024,hipLaunchKernel,LEAVE,const void*=0x7fe663154280; dim3=dim3(0x13600000136); dim3=dim3(0x1); void**=0x2000000020,NULL,0
2025-10-01 16:49:38.834,1875024,hipGetLastError,ENTER,,,0
2025-10-01 16:49:38.834,1875024,hipGetLastError,LEAVE,,NULL,0
2025-10-01 16:49:38.835,1875024,hipLaunchKernel,ENTER,const void*=0x7fe663154280; dim3=dim3(0x13600000136); dim3=dim3(0x1); void**=0x2000000020,,0
2025-10-01 16:49:38.835,1875024,hipLaunchKernel,LEAVE,const void*=0x7fe663154280; dim3=dim3(0x13600000136); dim3=dim3(0x1); void**=0x2000000020,NULL,0
2025-10-01 16:49:38.835,1875024,hipGetLastError,ENTER,,,0
2025-10-01 16:49:38.835,1875024,hipGetLastError,LEAVE,,NULL,0
2025-10-01 16:49:38.835,1875024,hipLaunchKernel,ENTER,const void*=0x7fe663154280; dim3=dim3(0x13600000136); dim3=dim3(0x1); void**=0x2000000020,,0
2025-10-01 16:49:38.835,1875024,hipLaunchKernel,LEAVE,const void*=0x7fe663154280; dim3=dim3(0x13600000136); dim3=dim3(0x1); void**=0x2000000020,NULL,0
2025-10-01 16:49:38.835,1875024,hipGetLastError,ENTER,,,0
2025-10-01 16:49:38.835,1875024,hipGetLastError,LEAVE,,NULL,0
2025-10-01 16:49:38.835,1875024,hipStreamSynchronize,ENTER,hipStream_t=0x7fa5ec002730,,0
2025-10-01 16:49:38.835,1875026,hipStreamSynchronize,LEAVE,hipStream_t=0x7fa5dc001290,NULL,3
2025-10-01 16:49:38.836,1875024,hipStreamSynchronize,LEAVE,hipStream_t=0x7fa5ec002730,NULL,1
2025-10-01 16:49:38.836,1875024,hipLaunchKernel,ENTER,const void*=0x7fe663154280; dim3=dim3(0x13600000136); dim3=dim3(0x1); void**=0x2000000020,,0
2025-10-01 16:49:38.836,1875026,hipLaunchKernel,ENTER,const void*=0x7fe663154280; dim3=dim3(0x13600000136); dim3=dim3(0x1); void**=0x2000000020,,0
2025-10-01 16:49:38.836,1875024,hipLaunchKernel,LEAVE,const void*=0x7fe663154280; dim3=dim3(0x13600000136); dim3=dim3(0x1); void**=0x2000000020,NULL,0
2025-10-01 16:49:38.836,1875024,hipGetLastError,ENTER,,,0
2025-10-01 16:49:38.836,1875024,hipGetLastError,LEAVE,,NULL,0
2025-10-01 16:49:38.836,1875024,hipLaunchKernel,ENTER,const void*=0x7fe663154280; dim3=dim3(0x13600000136); dim3=dim3(0x1); void**=0x2000000020,,0
2025-10-01 16:49:38.836,1875024,hipLaunchKernel,LEAVE,const void*=0x7fe663154280; dim3=dim3(0x13600000136); dim3=dim3(0x1); void**=0x2000000020,NULL,0
2025-10-01 16:49:38.837,1875024,hipGetLastError,ENTER,,,0
2025-10-01 16:49:38.837,1875024,hipGetLastError,LEAVE,,NULL,0
2025-10-01 16:49:38.837,1875024,hipLaunchKernel,ENTER,const void*=0x7fe663154280; dim3=dim3(0x13600000136); dim3=dim3(0x1); void**=0x2000000020,,0
2025-10-01 16:49:38.837,1875024,hipLaunchKernel,LEAVE,const void*=0x7fe663154280; dim3=dim3(0x13600000136); dim3=dim3(0x1); void**=0x2000000020,NULL,0
2025-10-01 16:49:38.837,1875024,hipGetLastError,ENTER,,,0
2025-10-01 16:49:38.837,1875024,hipGetLastError,LEAVE,,NULL,0
2025-10-01 16:49:38.837,1875024,hipLaunchKernel,ENTER,const void*=0x7fe663154280; dim3=dim3(0x13600000136); dim3=dim3(0x1); void**=0x2000000020,,0
2025-10-01 16:49:38.837,1875024,hipLaunchKernel,LEAVE,const void*=0x7fe663154280; dim3=dim3(0x13600000136); dim3=dim3(0x1); void**=0x2000000020,NULL,0
2025-10-01 16:49:38.837,1875024,hipGetLastError,ENTER,,,0
2025-10-01 16:49:38.837,1875024,hipGetLastError,LEAVE,,NULL,0
2025-10-01 16:49:38.837,1875024,hipLaunchKernel,ENTER,const void*=0x7fe663154280; dim3=dim3(0x13600000136); dim3=dim3(0x1); void**=0x2000000020,,0
2025-10-01 16:49:38.837,1875024,hipLaunchKernel,LEAVE,const void*=0x7fe663154280; dim3=dim3(0x13600000136); dim3=dim3(0x1); void**=0x2000000020,NULL,0
2025-10-01 16:49:38.837,1875024,hipGetLastError,ENTER,,,0
2025-10-01 16:49:38.838,1875024,hipGetLastError,LEAVE,,NULL,0
2025-10-01 16:49:38.838,1875024,hipLaunchKernel,ENTER,const void*=0x7fe663154280; dim3=dim3(0x13600000136); dim3=dim3(0x1); void**=0x2000000020,,0
2025-10-01 16:49:38.838,1875024,hipLaunchKernel,LEAVE,const void*=0x7fe663154280; dim3=dim3(0x13600000136); dim3=dim3(0x1); void**=0x2000000020,NULL,0
2025-10-01 16:49:38.838,1875024,hipGetLastError,ENTER,,,0
2025-10-01 16:49:38.838,1875024,hipGetLastError,LEAVE,,NULL,0
2025-10-01 16:49:38.838,1875024,hipLaunchKernel,ENTER,const void*=0x7fe663154280; dim3=dim3(0x13600000136); dim3=dim3(0x1); void**=0x2000000020,,0
2025-10-01 16:49:38.838,1875024,hipLaunchKernel,LEAVE,const void*=0x7fe663154280; dim3=dim3(0x13600000136); dim3=dim3(0x1); void**=0x2000000020,NULL,0
2025-10-01 16:49:38.838,1875024,hipGetLastError,ENTER,,,0
2025-10-01 16:49:38.838,1875024,hipGetLastError,LEAVE,,NULL,0
2025-10-01 16:49:38.838,1875024,hipLaunchKernel,ENTER,const void*=0x7fe663154280; dim3=dim3(0x13600000136); dim3=dim3(0x1); void**=0x2000000020,,0
2025-10-01 16:49:38.838,1875024,hipLaunchKernel,LEAVE,const void*=0x7fe663154280; dim3=dim3(0x13600000136); dim3=dim3(0x1); void**=0x2000000020,NULL,0
2025-10-01 16:49:38.839,1875024,hipGetLastError,ENTER,,,0
2025-10-01 16:49:38.839,1875024,hipGetLastError,LEAVE,,NULL,0
2025-10-01 16:49:38.839,1875024,hipLaunchKernel,ENTER,const void*=0x7fe663154280; dim3=dim3(0x13600000136); dim3=dim3(0x1); void**=0x2000000020,,0
2025-10-01 16:49:38.839,1875024,hipLaunchKernel,LEAVE,const void*=0x7fe663154280; dim3=dim3(0x13600000136); dim3=dim3(0x1); void**=0x2000000020,NULL,0
2025-10-01 16:49:38.839,1875024,hipGetLastError,ENTER,,,0
2025-10-01 16:49:38.839,1875024,hipGetLastError,LEAVE,,NULL,0
2025-10-01 16:49:38.839,1875024,hipLaunchKernel,ENTER,const void*=0x7fe663154280; dim3=dim3(0x13600000136); dim3=dim3(0x1); void**=0x2000000020,,0
2025-10-01 16:49:38.839,1875024,hipLaunchKernel,LEAVE,const void*=0x7fe663154280; dim3=dim3(0x13600000136); dim3=dim3(0x1); void**=0x2000000020,NULL,0
2025-10-01 16:49:38.839,1875024,hipGetLastError,ENTER,,,0
2025-10-01 16:49:38.839,1875024,hipGetLastError,LEAVE,,NULL,0
2025-10-01 16:49:38.839,1875024,hipStreamSynchronize,ENTER,hipStream_t=0x7fa5ec002730,,0
2025-10-01 16:49:38.840,1875026,hipLaunchKernel,LEAVE,const void*=0x7fe663154280; dim3=dim3(0x13600000136); dim3=dim3(0x1); void**=0x2000000020,NULL,4
2025-10-01 16:49:38.840,1875026,hipGetLastError,ENTER,,,0
2025-10-01 16:49:38.840,1875026,hipGetLastError,LEAVE,,NULL,0
2025-10-01 16:49:38.840,1875026,hipLaunchKernel,ENTER,const void*=0x7fe663154280; dim3=dim3(0x13600000136); dim3=dim3(0x1); void**=0x2000000020,,0
2025-10-01 16:49:38.840,1875024,hipStreamSynchronize,LEAVE,hipStream_t=0x7fa5ec002730,NULL,1
2025-10-01 16:49:38.840,1875024,hipLaunchKernel,ENTER,const void*=0x7fe663154280; dim3=dim3(0x13600000136); dim3=dim3(0x1); void**=0x2000000020,,0
2025-10-01 16:49:38.840,1875024,hipLaunchKernel,LEAVE,const void*=0x7fe663154280; dim3=dim3(0x13600000136); dim3=dim3(0x1); void**=0x2000000020,NULL,0
2025-10-01 16:49:38.840,1875024,hipGetLastError,ENTER,,,0
2025-10-01 16:49:38.841,1875024,hipGetLastError,LEAVE,,NULL,1
2025-10-01 16:49:38.841,1875024,hipLaunchKernel,ENTER,const void*=0x7fe663154280; dim3=dim3(0x13600000136); dim3=dim3(0x1); void**=0x2000000020,,0
2025-10-01 16:49:38.841,1875024,hipLaunchKernel,LEAVE,const void*=0x7fe663154280; dim3=dim3(0x13600000136); dim3=dim3(0x1); void**=0x2000000020,NULL,0
2025-10-01 16:49:38.841,1875024,hipGetLastError,ENTER,,,0
2025-10-01 16:49:38.841,1875024,hipGetLastError,LEAVE,,NULL,0
2025-10-01 16:49:38.841,1875024,hipLaunchKernel,ENTER,const void*=0x7fe663154280; dim3=dim3(0x13600000136); dim3=dim3(0x1); void**=0x2000000020,,0
2025-10-01 16:49:38.841,1875024,hipLaunchKernel,LEAVE,const void*=0x7fe663154280; dim3=dim3(0x13600000136); dim3=dim3(0x1); void**=0x2000000020,NULL,0
2025-10-01 16:49:38.841,1875024,hipGetLastError,ENTER,,,0
2025-10-01 16:49:38.841,1875024,hipGetLastError,LEAVE,,NULL,0
2025-10-01 16:49:38.841,1875024,hipLaunchKernel,ENTER,const void*=0x7fe663154280; dim3=dim3(0x13600000136); dim3=dim3(0x1); void**=0x2000000020,,0
2025-10-01 16:49:38.841,1875024,hipLaunchKernel,LEAVE,const void*=0x7fe663154280; dim3=dim3(0x13600000136); dim3=dim3(0x1); void**=0x2000000020,NULL,0
2025-10-01 16:49:38.841,1875024,hipGetLastError,ENTER,,,0
2025-10-01 16:49:38.842,1875024,hipGetLastError,LEAVE,,NULL,0
2025-10-01 16:49:38.842,1875024,hipLaunchKernel,ENTER,const void*=0x7fe663154280; dim3=dim3(0x13600000136); dim3=dim3(0x1); void**=0x2000000020,,0
2025-10-01 16:49:38.842,1875024,hipLaunchKernel,LEAVE,const void*=0x7fe663154280; dim3=dim3(0x13600000136); dim3=dim3(0x1); void**=0x2000000020,NULL,0
2025-10-01 16:49:38.842,1875024,hipGetLastError,ENTER,,,0
2025-10-01 16:49:38.842,1875024,hipGetLastError,LEAVE,,NULL,0
2025-10-01 16:49:38.842,1875024,hipLaunchKernel,ENTER,const void*=0x7fe663154280; dim3=dim3(0x13600000136); dim3=dim3(0x1); void**=0x2000000020,,0
2025-10-01 16:49:38.842,1875024,hipLaunchKernel,LEAVE,const void*=0x7fe663154280; dim3=dim3(0x13600000136); dim3=dim3(0x1); void**=0x2000000020,NULL,0
2025-10-01 16:49:38.842,1875024,hipGetLastError,ENTER,,,0
2025-10-01 16:49:38.842,1875024,hipGetLastError,LEAVE,,NULL,0
2025-10-01 16:49:38.842,1875024,hipLaunchKernel,ENTER,const void*=0x7fe663154280; dim3=dim3(0x13600000136); dim3=dim3(0x1); void**=0x2000000020,,0
2025-10-01 16:49:38.842,1875024,hipLaunchKernel,LEAVE,const void*=0x7fe663154280; dim3=dim3(0x13600000136); dim3=dim3(0x1); void**=0x2000000020,NULL,0
2025-10-01 16:49:38.843,1875024,hipGetLastError,ENTER,,,0
2025-10-01 16:49:38.843,1875024,hipGetLastError,LEAVE,,NULL,0
2025-10-01 16:49:38.843,1875024,hipLaunchKernel,ENTER,const void*=0x7fe663154280; dim3=dim3(0x13600000136); dim3=dim3(0x1); void**=0x2000000020,,0
2025-10-01 16:49:38.843,1875024,hipLaunchKernel,LEAVE,const void*=0x7fe663154280; dim3=dim3(0x13600000136); dim3=dim3(0x1); void**=0x2000000020,NULL,0
2025-10-01 16:49:38.843,1875024,hipGetLastError,ENTER,,,0
2025-10-01 16:49:38.843,1875024,hipGetLastError,LEAVE,,NULL,0
2025-10-01 16:49:38.843,1875024,hipLaunchKernel,ENTER,const void*=0x7fe663154280; dim3=dim3(0x13600000136); dim3=dim3(0x1); void**=0x2000000020,,0
2025-10-01 16:49:38.843,1875024,hipLaunchKernel,LEAVE,const void*=0x7fe663154280; dim3=dim3(0x13600000136); dim3=dim3(0x1); void**=0x2000000020,NULL,0
2025-10-01 16:49:38.843,1875024,hipGetLastError,ENTER,,,0
2025-10-01 16:49:38.843,1875024,hipGetLastError,LEAVE,,NULL,0
2025-10-01 16:49:38.843,1875024,hipLaunchKernel,ENTER,const void*=0x7fe663154280; dim3=dim3(0x13600000136); dim3=dim3(0x1); void**=0x2000000020,,0
2025-10-01 16:49:38.843,1875024,hipLaunchKernel,LEAVE,const void*=0x7fe663154280; dim3=dim3(0x13600000136); dim3=dim3(0x1); void**=0x2000000020,NULL,0
2025-10-01 16:49:38.844,1875024,hipGetLastError,ENTER,,,0
2025-10-01 16:49:38.844,1875024,hipGetLastError,LEAVE,,NULL,0
2025-10-01 16:49:38.844,1875024,hipStreamSynchronize,ENTER,hipStream_t=0x7fa5ec002730,,0
2025-10-01 16:49:38.844,1875026,hipLaunchKernel,LEAVE,const void*=0x7fe663154280; dim3=dim3(0x13600000136); dim3=dim3(0x1); void**=0x2000000020,NULL,4
2025-10-01 16:49:38.844,1875026,hipGetLastError,ENTER,,,0
2025-10-01 16:49:38.844,1875026,hipGetLastError,LEAVE,,NULL,0
2025-10-01 16:49:38.844,1875026,hipLaunchKernel,ENTER,const void*=0x7fe663154280; dim3=dim3(0x13600000136); dim3=dim3(0x1); void**=0x2000000020,,0
2025-10-01 16:49:38.845,1875024,hipStreamSynchronize,LEAVE,hipStream_t=0x7fa5ec002730,NULL,1
2025-10-01 16:49:38.845,1875024,hipLaunchKernel,ENTER,const void*=0x7fe663154280; dim3=dim3(0x13600000136); dim3=dim3(0x1); void**=0x2000000020,,0
2025-10-01 16:49:38.845,1875026,hipLaunchKernel,LEAVE,const void*=0x7fe663154280; dim3=dim3(0x13600000136); dim3=dim3(0x1); void**=0x2000000020,NULL,0
2025-10-01 16:49:38.845,1875026,hipGetLastError,ENTER,,,0
2025-10-01 16:49:38.845,1875026,hipGetLastError,LEAVE,,NULL,0
2025-10-01 16:49:38.845,1875026,hipLaunchKernel,ENTER,const void*=0x7fe663154280; dim3=dim3(0x13600000136); dim3=dim3(0x1); void**=0x2000000020,,0
2025-10-01 16:49:38.845,1875024,hipLaunchKernel,LEAVE,const void*=0x7fe663154280; dim3=dim3(0x13600000136); dim3=dim3(0x1); void**=0x2000000020,NULL,0
2025-10-01 16:49:38.845,1875024,hipGetLastError,ENTER,,,0
2025-10-01 16:49:38.845,1875024,hipGetLastError,LEAVE,,NULL,0
2025-10-01 16:49:38.845,1875024,hipLaunchKernel,ENTER,const void*=0x7fe663154280; dim3=dim3(0x13600000136); dim3=dim3(0x1); void**=0x2000000020,,0
2025-10-01 16:49:38.846,1875024,hipLaunchKernel,LEAVE,const void*=0x7fe663154280; dim3=dim3(0x13600000136); dim3=dim3(0x1); void**=0x2000000020,NULL,0
2025-10-01 16:49:38.846,1875024,hipGetLastError,ENTER,,,0
2025-10-01 16:49:38.846,1875024,hipGetLastError,LEAVE,,NULL,0
2025-10-01 16:49:38.846,1875024,hipLaunchKernel,ENTER,const void*=0x7fe663154280; dim3=dim3(0x13600000136); dim3=dim3(0x1); void**=0x2000000020,,0
2025-10-01 16:49:38.846,1875024,hipLaunchKernel,LEAVE,const void*=0x7fe663154280; dim3=dim3(0x13600000136); dim3=dim3(0x1); void**=0x2000000020,NULL,0
2025-10-01 16:49:38.846,1875024,hipGetLastError,ENTER,,,0
2025-10-01 16:49:38.846,1875024,hipGetLastError,LEAVE,,NULL,0
2025-10-01 16:49:38.846,1875024,hipLaunchKernel,ENTER,const void*=0x7fe663154280; dim3=dim3(0x13600000136); dim3=dim3(0x1); void**=0x2000000020,,0
2025-10-01 16:49:38.846,1875024,hipLaunchKernel,LEAVE,const void*=0x7fe663154280; dim3=dim3(0x13600000136); dim3=dim3(0x1); void**=0x2000000020,NULL,0
2025-10-01 16:49:38.846,1875024,hipGetLastError,ENTER,,,0
2025-10-01 16:49:38.846,1875024,hipGetLastError,LEAVE,,NULL,0
2025-10-01 16:49:38.846,1875024,hipLaunchKernel,ENTER,const void*=0x7fe663154280; dim3=dim3(0x13600000136); dim3=dim3(0x1); void**=0x2000000020,,0
2025-10-01 16:49:38.847,1875024,hipLaunchKernel,LEAVE,const void*=0x7fe663154280; dim3=dim3(0x13600000136); dim3=dim3(0x1); void**=0x2000000020,NULL,0
2025-10-01 16:49:38.847,1875024,hipGetLastError,ENTER,,,0
2025-10-01 16:49:38.847,1875024,hipGetLastError,LEAVE,,NULL,0
2025-10-01 16:49:38.847,1875024,hipLaunchKernel,ENTER,const void*=0x7fe663154280; dim3=dim3(0x13600000136); dim3=dim3(0x1); void**=0x2000000020,,0
2025-10-01 16:49:38.847,1875024,hipLaunchKernel,LEAVE,const void*=0x7fe663154280; dim3=dim3(0x13600000136); dim3=dim3(0x1); void**=0x2000000020,NULL,0
2025-10-01 16:49:38.847,1875024,hipGetLastError,ENTER,,,0
2025-10-01 16:49:38.847,1875024,hipGetLastError,LEAVE,,NULL,0
2025-10-01 16:49:38.847,1875024,hipLaunchKernel,ENTER,const void*=0x7fe663154280; dim3=dim3(0x13600000136); dim3=dim3(0x1); void**=0x2000000020,,0
2025-10-01 16:49:38.847,1875024,hipLaunchKernel,LEAVE,const void*=0x7fe663154280; dim3=dim3(0x13600000136); dim3=dim3(0x1); void**=0x2000000020,NULL,0
2025-10-01 16:49:38.847,1875024,hipGetLastError,ENTER,,,0
2025-10-01 16:49:38.847,1875024,hipGetLastError,LEAVE,,NULL,0
2025-10-01 16:49:38.848,1875024,hipLaunchKernel,ENTER,const void*=0x7fe663154280; dim3=dim3(0x13600000136); dim3=dim3(0x1); void**=0x2000000020,,0
2025-10-01 16:49:38.848,1875024,hipLaunchKernel,LEAVE,const void*=0x7fe663154280; dim3=dim3(0x13600000136); dim3=dim3(0x1); void**=0x2000000020,NULL,0
2025-10-01 16:49:38.848,1875024,hipGetLastError,ENTER,,,0
2025-10-01 16:49:38.848,1875024,hipGetLastError,LEAVE,,NULL,0
2025-10-01 16:49:38.848,1875024,hipLaunchKernel,ENTER,const void*=0x7fe663154280; dim3=dim3(0x13600000136); dim3=dim3(0x1); void**=0x2000000020,,0
2025-10-01 16:49:38.848,1875024,hipLaunchKernel,LEAVE,const void*=0x7fe663154280; dim3=dim3(0x13600000136); dim3=dim3(0x1); void**=0x2000000020,NULL,0
2025-10-01 16:49:38.848,1875024,hipGetLastError,ENTER,,,0
2025-10-01 16:49:38.848,1875024,hipGetLastError,LEAVE,,NULL,0
2025-10-01 16:49:38.848,1875024,hipLaunchKernel,ENTER,const void*=0x7fe663154280; dim3=dim3(0x13600000136); dim3=dim3(0x1); void**=0x2000000020,,0
2025-10-01 16:49:38.848,1875024,hipLaunchKernel,LEAVE,const void*=0x7fe663154280; dim3=dim3(0x13600000136); dim3=dim3(0x1); void**=0x2000000020,NULL,0
2025-10-01 16:49:38.848,1875024,hipGetLastError,ENTER,,,0
2025-10-01 16:49:38.849,1875024,hipGetLastError,LEAVE,,NULL,0
2025-10-01 16:49:38.849,1875024,hipStreamSynchronize,ENTER,hipStream_t=0x7fa5ec002730,,0
2025-10-01 16:49:38.849,1875026,hipLaunchKernel,LEAVE,const void*=0x7fe663154280; dim3=dim3(0x13600000136); dim3=dim3(0x1); void**=0x2000000020,NULL,4
2025-10-01 16:49:38.849,1875026,hipGetLastError,ENTER,,,0
2025-10-01 16:49:38.849,1875026,hipGetLastError,LEAVE,,NULL,0
2025-10-01 16:49:38.849,1875026,hipLaunchKernel,ENTER,const void*=0x7fe663154280; dim3=dim3(0x13600000136); dim3=dim3(0x1); void**=0x2000000020,,0
2025-10-01 16:49:38.849,1875024,hipStreamSynchronize,LEAVE,hipStream_t=0x7fa5ec002730,NULL,0
2025-10-01 16:49:38.849,1875024,hipLaunchKernel,ENTER,const void*=0x7fe663154280; dim3=dim3(0x13600000136); dim3=dim3(0x1); void**=0x2000000020,,0
2025-10-01 16:49:38.850,1875026,hipLaunchKernel,LEAVE,const void*=0x7fe663154280; dim3=dim3(0x13600000136); dim3=dim3(0x1); void**=0x2000000020,NULL,1
2025-10-01 16:49:38.850,1875026,hipGetLastError,ENTER,,,0
2025-10-01 16:49:38.850,1875026,hipGetLastError,LEAVE,,NULL,0
2025-10-01 16:49:38.850,1875026,hipLaunchKernel,ENTER,const void*=0x7fe663154280; dim3=dim3(0x13600000136); dim3=dim3(0x1); void**=0x2000000020,,0
2025-10-01 16:49:38.850,1875024,hipLaunchKernel,LEAVE,const void*=0x7fe663154280; dim3=dim3(0x13600000136); dim3=dim3(0x1); void**=0x2000000020,NULL,0
2025-10-01 16:49:38.850,1875024,hipGetLastError,ENTER,,,0
2025-10-01 16:49:38.850,1875024,hipGetLastError,LEAVE,,NULL,0
2025-10-01 16:49:38.850,1875024,hipLaunchKernel,ENTER,const void*=0x7fe663154280; dim3=dim3(0x13600000136); dim3=dim3(0x1); void**=0x2000000020,,0
2025-10-01 16:49:38.850,1875024,hipLaunchKernel,LEAVE,const void*=0x7fe663154280; dim3=dim3(0x13600000136); dim3=dim3(0x1); void**=0x2000000020,NULL,0
2025-10-01 16:49:38.850,1875024,hipGetLastError,ENTER,,,0
2025-10-01 16:49:38.851,1875024,hipGetLastError,LEAVE,,NULL,0
2025-10-01 16:49:38.851,1875024,hipLaunchKernel,ENTER,const void*=0x7fe663154280; dim3=dim3(0x13600000136); dim3=dim3(0x1); void**=0x2000000020,,0
2025-10-01 16:49:38.851,1875024,hipLaunchKernel,LEAVE,const void*=0x7fe663154280; dim3=dim3(0x13600000136); dim3=dim3(0x1); void**=0x2000000020,NULL,0
2025-10-01 16:49:38.851,1875024,hipGetLastError,ENTER,,,0
2025-10-01 16:49:38.851,1875024,hipGetLastError,LEAVE,,NULL,0
2025-10-01 16:49:38.851,1875024,hipLaunchKernel,ENTER,const void*=0x7fe663154280; dim3=dim3(0x13600000136); dim3=dim3(0x1); void**=0x2000000020,,0
2025-10-01 16:49:38.851,1875024,hipLaunchKernel,LEAVE,const void*=0x7fe663154280; dim3=dim3(0x13600000136); dim3=dim3(0x1); void**=0x2000000020,NULL,0
2025-10-01 16:49:38.851,1875024,hipGetLastError,ENTER,,,0
2025-10-01 16:49:38.851,1875024,hipGetLastError,LEAVE,,NULL,0
2025-10-01 16:49:38.851,1875024,hipLaunchKernel,ENTER,const void*=0x7fe663154280; dim3=dim3(0x13600000136); dim3=dim3(0x1); void**=0x2000000020,,0
2025-10-01 16:49:38.851,1875024,hipLaunchKernel,LEAVE,const void*=0x7fe663154280; dim3=dim3(0x13600000136); dim3=dim3(0x1); void**=0x2000000020,NULL,0
2025-10-01 16:49:38.851,1875024,hipGetLastError,ENTER,,,0
2025-10-01 16:49:38.852,1875024,hipGetLastError,LEAVE,,NULL,0
2025-10-01 16:49:38.852,1875024,hipLaunchKernel,ENTER,const void*=0x7fe663154280; dim3=dim3(0x13600000136); dim3=dim3(0x1); void**=0x2000000020,,0
2025-10-01 16:49:38.852,1875024,hipLaunchKernel,LEAVE,const void*=0x7fe663154280; dim3=dim3(0x13600000136); dim3=dim3(0x1); void**=0x2000000020,NULL,0
2025-10-01 16:49:38.852,1875024,hipGetLastError,ENTER,,,0
2025-10-01 16:49:38.852,1875024,hipGetLastError,LEAVE,,NULL,0
2025-10-01 16:49:38.852,1875024,hipLaunchKernel,ENTER,const void*=0x7fe663154280; dim3=dim3(0x13600000136); dim3=dim3(0x1); void**=0x2000000020,,0
2025-10-01 16:49:38.852,1875024,hipLaunchKernel,LEAVE,const void*=0x7fe663154280; dim3=dim3(0x13600000136); dim3=dim3(0x1); void**=0x2000000020,NULL,0
2025-10-01 16:49:38.852,1875024,hipGetLastError,ENTER,,,0
2025-10-01 16:49:38.852,1875024,hipGetLastError,LEAVE,,NULL,0
2025-10-01 16:49:38.852,1875024,hipLaunchKernel,ENTER,const void*=0x7fe663154280; dim3=dim3(0x13600000136); dim3=dim3(0x1); void**=0x2000000020,,0
2025-10-01 16:49:38.852,1875024,hipLaunchKernel,LEAVE,const void*=0x7fe663154280; dim3=dim3(0x13600000136); dim3=dim3(0x1); void**=0x2000000020,NULL,0
2025-10-01 16:49:38.853,1875024,hipGetLastError,ENTER,,,0
2025-10-01 16:49:38.853,1875024,hipGetLastError,LEAVE,,NULL,0
2025-10-01 16:49:38.853,1875024,hipLaunchKernel,ENTER,const void*=0x7fe663154280; dim3=dim3(0x13600000136); dim3=dim3(0x1); void**=0x2000000020,,0
2025-10-01 16:49:38.853,1875024,hipLaunchKernel,LEAVE,const void*=0x7fe663154280; dim3=dim3(0x13600000136); dim3=dim3(0x1); void**=0x2000000020,NULL,0
2025-10-01 16:49:38.853,1875024,hipGetLastError,ENTER,,,0
2025-10-01 16:49:38.853,1875024,hipGetLastError,LEAVE,,NULL,0
2025-10-01 16:49:38.853,1875024,hipLaunchKernel,ENTER,const void*=0x7fe663154280; dim3=dim3(0x13600000136); dim3=dim3(0x1); void**=0x2000000020,,0
2025-10-01 16:49:38.853,1875024,hipLaunchKernel,LEAVE,const void*=0x7fe663154280; dim3=dim3(0x13600000136); dim3=dim3(0x1); void**=0x2000000020,NULL,0
2025-10-01 16:49:38.853,1875024,hipGetLastError,ENTER,,,0
2025-10-01 16:49:38.853,1875024,hipGetLastError,LEAVE,,NULL,0
2025-10-01 16:49:38.853,1875024,hipStreamSynchronize,ENTER,hipStream_t=0x7fa5ec002730,,0
2025-10-01 16:49:38.853,1875026,hipLaunchKernel,LEAVE,const void*=0x7fe663154280; dim3=dim3(0x13600000136); dim3=dim3(0x1); void**=0x2000000020,NULL,3
2025-10-01 16:49:38.854,1875026,hipGetLastError,ENTER,,,0
2025-10-01 16:49:38.854,1875026,hipGetLastError,LEAVE,,NULL,0
2025-10-01 16:49:38.854,1875026,hipLaunchKernel,ENTER,const void*=0x7fe663154280; dim3=dim3(0x13600000136); dim3=dim3(0x1); void**=0x2000000020,,0
2025-10-01 16:49:38.854,1875024,hipStreamSynchronize,LEAVE,hipStream_t=0x7fa5ec002730,NULL,1
2025-10-01 16:49:38.854,1875024,hipLaunchKernel,ENTER,const void*=0x7fe663154280; dim3=dim3(0x13600000136); dim3=dim3(0x1); void**=0x2000000020,,0
2025-10-01 16:49:38.854,1875026,hipLaunchKernel,LEAVE,const void*=0x7fe663154280; dim3=dim3(0x13600000136); dim3=dim3(0x1); void**=0x2000000020,NULL,0
2025-10-01 16:49:38.854,1875026,hipGetLastError,ENTER,,,0
2025-10-01 16:49:38.855,1875026,hipGetLastError,LEAVE,,NULL,0
2025-10-01 16:49:38.855,1875026,hipLaunchKernel,ENTER,const void*=0x7fe663154280; dim3=dim3(0x13600000136); dim3=dim3(0x1); void**=0x2000000020,,0
2025-10-01 16:49:38.855,1875024,hipLaunchKernel,LEAVE,const void*=0x7fe663154280; dim3=dim3(0x13600000136); dim3=dim3(0x1); void**=0x2000000020,NULL,1
2025-10-01 16:49:38.855,1875024,hipGetLastError,ENTER,,,0
2025-10-01 16:49:38.855,1875024,hipGetLastError,LEAVE,,NULL,0
2025-10-01 16:49:38.855,1875024,hipLaunchKernel,ENTER,const void*=0x7fe663154280; dim3=dim3(0x13600000136); dim3=dim3(0x1); void**=0x2000000020,,0
2025-10-01 16:49:38.855,1875024,hipLaunchKernel,LEAVE,const void*=0x7fe663154280; dim3=dim3(0x13600000136); dim3=dim3(0x1); void**=0x2000000020,NULL,0
2025-10-01 16:49:38.855,1875024,hipGetLastError,ENTER,,,0
2025-10-01 16:49:38.855,1875024,hipGetLastError,LEAVE,,NULL,0
2025-10-01 16:49:38.855,1875024,hipLaunchKernel,ENTER,const void*=0x7fe663154280; dim3=dim3(0x13600000136); dim3=dim3(0x1); void**=0x2000000020,,0
2025-10-01 16:49:38.855,1875024,hipLaunchKernel,LEAVE,const void*=0x7fe663154280; dim3=dim3(0x13600000136); dim3=dim3(0x1); void**=0x2000000020,NULL,0
2025-10-01 16:49:38.856,1875024,hipGetLastError,ENTER,,,0
2025-10-01 16:49:38.856,1875024,hipGetLastError,LEAVE,,NULL,0
2025-10-01 16:49:38.856,1875024,hipLaunchKernel,ENTER,const void*=0x7fe663154280; dim3=dim3(0x13600000136); dim3=dim3(0x1); void**=0x2000000020,,0
2025-10-01 16:49:38.856,1875024,hipLaunchKernel,LEAVE,const void*=0x7fe663154280; dim3=dim3(0x13600000136); dim3=dim3(0x1); void**=0x2000000020,NULL,0
2025-10-01 16:49:38.856,1875024,hipGetLastError,ENTER,,,0
2025-10-01 16:49:38.856,1875024,hipGetLastError,LEAVE,,NULL,0
2025-10-01 16:49:38.856,1875024,hipLaunchKernel,ENTER,const void*=0x7fe663154280; dim3=dim3(0x13600000136); dim3=dim3(0x1); void**=0x2000000020,,0
2025-10-01 16:49:38.856,1875024,hipLaunchKernel,LEAVE,const void*=0x7fe663154280; dim3=dim3(0x13600000136); dim3=dim3(0x1); void**=0x2000000020,NULL,0
2025-10-01 16:49:38.856,1875024,hipGetLastError,ENTER,,,0
2025-10-01 16:49:38.856,1875024,hipGetLastError,LEAVE,,NULL,0
2025-10-01 16:49:38.856,1875024,hipLaunchKernel,ENTER,const void*=0x7fe663154280; dim3=dim3(0x13600000136); dim3=dim3(0x1); void**=0x2000000020,,0
2025-10-01 16:49:38.857,1875024,hipLaunchKernel,LEAVE,const void*=0x7fe663154280; dim3=dim3(0x13600000136); dim3=dim3(0x1); void**=0x2000000020,NULL,0
2025-10-01 16:49:38.857,1875024,hipGetLastError,ENTER,,,0
2025-10-01 16:49:38.857,1875024,hipGetLastError,LEAVE,,NULL,0
2025-10-01 16:49:38.857,1875024,hipLaunchKernel,ENTER,const void*=0x7fe663154280; dim3=dim3(0x13600000136); dim3=dim3(0x1); void**=0x2000000020,,0
2025-10-01 16:49:38.857,1875024,hipLaunchKernel,LEAVE,const void*=0x7fe663154280; dim3=dim3(0x13600000136); dim3=dim3(0x1); void**=0x2000000020,NULL,0
2025-10-01 16:49:38.857,1875024,hipGetLastError,ENTER,,,0
2025-10-01 16:49:38.857,1875024,hipGetLastError,LEAVE,,NULL,0
2025-10-01 16:49:38.857,1875024,hipLaunchKernel,ENTER,const void*=0x7fe663154280; dim3=dim3(0x13600000136); dim3=dim3(0x1); void**=0x2000000020,,0
2025-10-01 16:49:38.857,1875024,hipLaunchKernel,LEAVE,const void*=0x7fe663154280; dim3=dim3(0x13600000136); dim3=dim3(0x1); void**=0x2000000020,NULL,0
2025-10-01 16:49:38.857,1875024,hipGetLastError,ENTER,,,0
2025-10-01 16:49:38.858,1875024,hipGetLastError,LEAVE,,NULL,0
2025-10-01 16:49:38.858,1875024,hipLaunchKernel,ENTER,const void*=0x7fe663154280; dim3=dim3(0x13600000136); dim3=dim3(0x1); void**=0x2000000020,,0
2025-10-01 16:49:38.858,1875024,hipLaunchKernel,LEAVE,const void*=0x7fe663154280; dim3=dim3(0x13600000136); dim3=dim3(0x1); void**=0x2000000020,NULL,0
2025-10-01 16:49:38.858,1875024,hipGetLastError,ENTER,,,0
2025-10-01 16:49:38.858,1875024,hipGetLastError,LEAVE,,NULL,0
2025-10-01 16:49:38.858,1875024,hipLaunchKernel,ENTER,const void*=0x7fe663154280; dim3=dim3(0x13600000136); dim3=dim3(0x1); void**=0x2000000020,,0
2025-10-01 16:49:38.858,1875024,hipLaunchKernel,LEAVE,const void*=0x7fe663154280; dim3=dim3(0x13600000136); dim3=dim3(0x1); void**=0x2000000020,NULL,0
2025-10-01 16:49:38.858,1875024,hipGetLastError,ENTER,,,0
2025-10-01 16:49:38.858,1875024,hipGetLastError,LEAVE,,NULL,0
2025-10-01 16:49:38.858,1875024,hipStreamSynchronize,ENTER,hipStream_t=0x7fa5ec002730,,0
2025-10-01 16:49:38.858,1875026,hipLaunchKernel,LEAVE,const void*=0x7fe663154280; dim3=dim3(0x13600000136); dim3=dim3(0x1); void**=0x2000000020,NULL,3
2025-10-01 16:49:38.859,1875026,hipGetLastError,ENTER,,,0
2025-10-01 16:49:38.859,1875026,hipGetLastError,LEAVE,,NULL,0
2025-10-01 16:49:38.859,1875026,hipLaunchKernel,ENTER,const void*=0x7fe663154280; dim3=dim3(0x13600000136); dim3=dim3(0x1); void**=0x2000000020,,0
2025-10-01 16:49:38.859,1875024,hipStreamSynchronize,LEAVE,hipStream_t=0x7fa5ec002730,NULL,1
2025-10-01 16:49:38.859,1875024,hipStreamSynchronize,ENTER,hipStream_t=0x7fa5ec002730,,0
2025-10-01 16:49:38.859,1875024,hipStreamSynchronize,LEAVE,hipStream_t=0x7fa5ec002730,NULL,0
2025-10-01 16:49:38.859,1875024,hipMemcpyAsync,ENTER,void*=0x7f96ff0de010; const void*=0x7f8974a00000; size_t=0x17764000; hipMemcpyKind=hipMemcpyDeviceToHost,,0
2025-10-01 16:49:38.859,1875026,hipLaunchKernel,LEAVE,const void*=0x7fe663154280; dim3=dim3(0x13600000136); dim3=dim3(0x1); void**=0x2000000020,NULL,0
2025-10-01 16:49:38.860,1875026,hipGetLastError,ENTER,,,0
2025-10-01 16:49:38.860,1875026,hipGetLastError,LEAVE,,NULL,0
2025-10-01 16:49:38.860,1875026,hipLaunchKernel,ENTER,const void*=0x7fe663154280; dim3=dim3(0x13600000136); dim3=dim3(0x1); void**=0x2000000020,,0
2025-10-01 16:49:38.860,1875026,hipLaunchKernel,LEAVE,const void*=0x7fe663154280; dim3=dim3(0x13600000136); dim3=dim3(0x1); void**=0x2000000020,NULL,0
2025-10-01 16:49:38.860,1875026,hipGetLastError,ENTER,,,0
2025-10-01 16:49:38.860,1875026,hipGetLastError,LEAVE,,NULL,0
2025-10-01 16:49:38.860,1875026,hipStreamSynchronize,ENTER,hipStream_t=0x7fa5dc001290,,0
2025-10-01 16:49:38.860,1875026,hipStreamSynchronize,LEAVE,hipStream_t=0x7fa5dc001290,NULL,0
2025-10-01 16:49:38.860,1875026,hipLaunchKernel,ENTER,const void*=0x7fe663154280; dim3=dim3(0x13600000136); dim3=dim3(0x1); void**=0x2000000020,,0
2025-10-01 16:49:38.861,1875026,hipLaunchKernel,LEAVE,const void*=0x7fe663154280; dim3=dim3(0x13600000136); dim3=dim3(0x1); void**=0x2000000020,NULL,0
2025-10-01 16:49:38.861,1875026,hipGetLastError,ENTER,,,0
2025-10-01 16:49:38.861,1875026,hipGetLastError,LEAVE,,NULL,0
2025-10-01 16:49:38.861,1875026,hipLaunchKernel,ENTER,const void*=0x7fe663154280; dim3=dim3(0x13600000136); dim3=dim3(0x1); void**=0x2000000020,,0
2025-10-01 16:49:38.861,1875026,hipLaunchKernel,LEAVE,const void*=0x7fe663154280; dim3=dim3(0x13600000136); dim3=dim3(0x1); void**=0x2000000020,NULL,0
2025-10-01 16:49:38.861,1875026,hipGetLastError,ENTER,,,0
2025-10-01 16:49:38.861,1875026,hipGetLastError,LEAVE,,NULL,0
2025-10-01 16:49:38.861,1875026,hipLaunchKernel,ENTER,const void*=0x7fe663154280; dim3=dim3(0x13600000136); dim3=dim3(0x1); void**=0x2000000020,,0
2025-10-01 16:49:38.862,1875026,hipLaunchKernel,LEAVE,const void*=0x7fe663154280; dim3=dim3(0x13600000136); dim3=dim3(0x1); void**=0x2000000020,NULL,0
2025-10-01 16:49:38.862,1875026,hipGetLastError,ENTER,,,0
2025-10-01 16:49:38.862,1875026,hipGetLastError,LEAVE,,NULL,0
2025-10-01 16:49:38.862,1875026,hipLaunchKernel,ENTER,const void*=0x7fe663154280; dim3=dim3(0x13600000136); dim3=dim3(0x1); void**=0x2000000020,,0
2025-10-01 16:49:38.862,1875026,hipLaunchKernel,LEAVE,const void*=0x7fe663154280; dim3=dim3(0x13600000136); dim3=dim3(0x1); void**=0x2000000020,NULL,0
2025-10-01 16:49:38.862,1875026,hipGetLastError,ENTER,,,0
2025-10-01 16:49:38.862,1875026,hipGetLastError,LEAVE,,NULL,0
2025-10-01 16:49:38.862,1875026,hipLaunchKernel,ENTER,const void*=0x7fe663154280; dim3=dim3(0x13600000136); dim3=dim3(0x1); void**=0x2000000020,,0
2025-10-01 16:49:38.862,1875026,hipLaunchKernel,LEAVE,const void*=0x7fe663154280; dim3=dim3(0x13600000136); dim3=dim3(0x1); void**=0x2000000020,NULL,0
2025-10-01 16:49:38.863,1875026,hipGetLastError,ENTER,,,0
2025-10-01 16:49:38.863,1875026,hipGetLastError,LEAVE,,NULL,0
2025-10-01 16:49:38.863,1875026,hipLaunchKernel,ENTER,const void*=0x7fe663154280; dim3=dim3(0x13600000136); dim3=dim3(0x1); void**=0x2000000020,,0
2025-10-01 16:49:38.863,1875026,hipLaunchKernel,LEAVE,const void*=0x7fe663154280; dim3=dim3(0x13600000136); dim3=dim3(0x1); void**=0x2000000020,NULL,0
2025-10-01 16:49:38.863,1875026,hipGetLastError,ENTER,,,0
2025-10-01 16:49:38.863,1875026,hipGetLastError,LEAVE,,NULL,0
2025-10-01 16:49:38.863,1875026,hipLaunchKernel,ENTER,const void*=0x7fe663154280; dim3=dim3(0x13600000136); dim3=dim3(0x1); void**=0x2000000020,,0
2025-10-01 16:49:38.863,1875026,hipLaunchKernel,LEAVE,const void*=0x7fe663154280; dim3=dim3(0x13600000136); dim3=dim3(0x1); void**=0x2000000020,NULL,0
2025-10-01 16:49:38.863,1875026,hipGetLastError,ENTER,,,0
2025-10-01 16:49:38.864,1875026,hipGetLastError,LEAVE,,NULL,0
2025-10-01 16:49:38.864,1875026,hipLaunchKernel,ENTER,const void*=0x7fe663154280; dim3=dim3(0x13600000136); dim3=dim3(0x1); void**=0x2000000020,,0
2025-10-01 16:49:38.864,1875026,hipLaunchKernel,LEAVE,const void*=0x7fe663154280; dim3=dim3(0x13600000136); dim3=dim3(0x1); void**=0x2000000020,NULL,0
2025-10-01 16:49:38.864,1875026,hipGetLastError,ENTER,,,0
2025-10-01 16:49:38.864,1875026,hipGetLastError,LEAVE,,NULL,0
2025-10-01 16:49:38.864,1875026,hipLaunchKernel,ENTER,const void*=0x7fe663154280; dim3=dim3(0x13600000136); dim3=dim3(0x1); void**=0x2000000020,,0
2025-10-01 16:49:38.864,1875026,hipLaunchKernel,LEAVE,const void*=0x7fe663154280; dim3=dim3(0x13600000136); dim3=dim3(0x1); void**=0x2000000020,NULL,0
2025-10-01 16:49:38.864,1875026,hipGetLastError,ENTER,,,0
2025-10-01 16:49:38.864,1875026,hipGetLastError,LEAVE,,NULL,0
2025-10-01 16:49:38.865,1875026,hipLaunchKernel,ENTER,const void*=0x7fe663154280; dim3=dim3(0x13600000136); dim3=dim3(0x1); void**=0x2000000020,,0
2025-10-01 16:49:38.865,1875026,hipLaunchKernel,LEAVE,const void*=0x7fe663154280; dim3=dim3(0x13600000136); dim3=dim3(0x1); void**=0x2000000020,NULL,0
2025-10-01 16:49:38.865,1875026,hipGetLastError,ENTER,,,0
2025-10-01 16:49:38.865,1875026,hipGetLastError,LEAVE,,NULL,0
2025-10-01 16:49:38.865,1875026,hipStreamSynchronize,ENTER,hipStream_t=0x7fa5dc001290,,0
2025-10-01 16:49:38.865,1875026,hipStreamSynchronize,LEAVE,hipStream_t=0x7fa5dc001290,NULL,0
2025-10-01 16:49:38.865,1875026,hipLaunchKernel,ENTER,const void*=0x7fe663154280; dim3=dim3(0x13600000136); dim3=dim3(0x1); void**=0x2000000020,,0
2025-10-01 16:49:38.865,1875026,hipLaunchKernel,LEAVE,const void*=0x7fe663154280; dim3=dim3(0x13600000136); dim3=dim3(0x1); void**=0x2000000020,NULL,0
2025-10-01 16:49:38.866,1875026,hipGetLastError,ENTER,,,0
2025-10-01 16:49:38.866,1875026,hipGetLastError,LEAVE,,NULL,0
2025-10-01 16:49:38.866,1875026,hipLaunchKernel,ENTER,const void*=0x7fe663154280; dim3=dim3(0x13600000136); dim3=dim3(0x1); void**=0x2000000020,,0
2025-10-01 16:49:38.866,1875026,hipLaunchKernel,LEAVE,const void*=0x7fe663154280; dim3=dim3(0x13600000136); dim3=dim3(0x1); void**=0x2000000020,NULL,0
2025-10-01 16:49:38.866,1875026,hipGetLastError,ENTER,,,0
2025-10-01 16:49:38.866,1875026,hipGetLastError,LEAVE,,NULL,0
2025-10-01 16:49:38.866,1875026,hipLaunchKernel,ENTER,const void*=0x7fe663154280; dim3=dim3(0x13600000136); dim3=dim3(0x1); void**=0x2000000020,,0
2025-10-01 16:49:38.866,1875026,hipLaunchKernel,LEAVE,const void*=0x7fe663154280; dim3=dim3(0x13600000136); dim3=dim3(0x1); void**=0x2000000020,NULL,0
2025-10-01 16:49:38.866,1875026,hipGetLastError,ENTER,,,0
2025-10-01 16:49:38.867,1875026,hipGetLastError,LEAVE,,NULL,0
2025-10-01 16:49:38.867,1875026,hipLaunchKernel,ENTER,const void*=0x7fe663154280; dim3=dim3(0x13600000136); dim3=dim3(0x1); void**=0x2000000020,,0
2025-10-01 16:49:38.867,1875026,hipLaunchKernel,LEAVE,const void*=0x7fe663154280; dim3=dim3(0x13600000136); dim3=dim3(0x1); void**=0x2000000020,NULL,0
2025-10-01 16:49:38.867,1875026,hipGetLastError,ENTER,,,0
2025-10-01 16:49:38.867,1875026,hipGetLastError,LEAVE,,NULL,0
2025-10-01 16:49:38.867,1875026,hipLaunchKernel,ENTER,const void*=0x7fe663154280; dim3=dim3(0x13600000136); dim3=dim3(0x1); void**=0x2000000020,,0
2025-10-01 16:49:38.867,1875026,hipLaunchKernel,LEAVE,const void*=0x7fe663154280; dim3=dim3(0x13600000136); dim3=dim3(0x1); void**=0x2000000020,NULL,0
2025-10-01 16:49:38.867,1875026,hipGetLastError,ENTER,,,0
2025-10-01 16:49:38.867,1875026,hipGetLastError,LEAVE,,NULL,0
2025-10-01 16:49:38.868,1875026,hipLaunchKernel,ENTER,const void*=0x7fe663154280; dim3=dim3(0x13600000136); dim3=dim3(0x1); void**=0x2000000020,,0
2025-10-01 16:49:38.868,1875026,hipLaunchKernel,LEAVE,const void*=0x7fe663154280; dim3=dim3(0x13600000136); dim3=dim3(0x1); void**=0x2000000020,NULL,0
2025-10-01 16:49:38.868,1875026,hipGetLastError,ENTER,,,0
2025-10-01 16:49:38.868,1875026,hipGetLastError,LEAVE,,NULL,0
2025-10-01 16:49:38.868,1875026,hipLaunchKernel,ENTER,const void*=0x7fe663154280; dim3=dim3(0x13600000136); dim3=dim3(0x1); void**=0x2000000020,,0
2025-10-01 16:49:38.868,1875026,hipLaunchKernel,LEAVE,const void*=0x7fe663154280; dim3=dim3(0x13600000136); dim3=dim3(0x1); void**=0x2000000020,NULL,0
2025-10-01 16:49:38.868,1875026,hipGetLastError,ENTER,,,0
2025-10-01 16:49:38.868,1875026,hipGetLastError,LEAVE,,NULL,0
2025-10-01 16:49:38.868,1875026,hipLaunchKernel,ENTER,const void*=0x7fe663154280; dim3=dim3(0x13600000136); dim3=dim3(0x1); void**=0x2000000020,,0
2025-10-01 16:49:38.869,1875026,hipLaunchKernel,LEAVE,const void*=0x7fe663154280; dim3=dim3(0x13600000136); dim3=dim3(0x1); void**=0x2000000020,NULL,0
2025-10-01 16:49:38.869,1875026,hipGetLastError,ENTER,,,0
2025-10-01 16:49:38.869,1875026,hipGetLastError,LEAVE,,NULL,0
2025-10-01 16:49:38.869,1875026,hipLaunchKernel,ENTER,const void*=0x7fe663154280; dim3=dim3(0x13600000136); dim3=dim3(0x1); void**=0x2000000020,,0
2025-10-01 16:49:38.869,1875026,hipLaunchKernel,LEAVE,const void*=0x7fe663154280; dim3=dim3(0x13600000136); dim3=dim3(0x1); void**=0x2000000020,NULL,0
2025-10-01 16:49:38.869,1875026,hipGetLastError,ENTER,,,0
2025-10-01 16:49:38.869,1875026,hipGetLastError,LEAVE,,NULL,0
2025-10-01 16:49:38.869,1875026,hipLaunchKernel,ENTER,const void*=0x7fe663154280; dim3=dim3(0x13600000136); dim3=dim3(0x1); void**=0x2000000020,,0
2025-10-01 16:49:38.870,1875026,hipLaunchKernel,LEAVE,const void*=0x7fe663154280; dim3=dim3(0x13600000136); dim3=dim3(0x1); void**=0x2000000020,NULL,0
2025-10-01 16:49:38.870,1875026,hipGetLastError,ENTER,,,0
2025-10-01 16:49:38.870,1875026,hipGetLastError,LEAVE,,NULL,0
2025-10-01 16:49:38.870,1875026,hipStreamSynchronize,ENTER,hipStream_t=0x7fa5dc001290,,0
2025-10-01 16:49:38.870,1875026,hipStreamSynchronize,LEAVE,hipStream_t=0x7fa5dc001290,NULL,0
2025-10-01 16:49:38.870,1875026,hipLaunchKernel,ENTER,const void*=0x7fe663154280; dim3=dim3(0x13600000136); dim3=dim3(0x1); void**=0x2000000020,,0
2025-10-01 16:49:38.870,1875026,hipLaunchKernel,LEAVE,const void*=0x7fe663154280; dim3=dim3(0x13600000136); dim3=dim3(0x1); void**=0x2000000020,NULL,0
2025-10-01 16:49:38.870,1875026,hipGetLastError,ENTER,,,0
2025-10-01 16:49:38.871,1875026,hipGetLastError,LEAVE,,NULL,0
2025-10-01 16:49:38.871,1875026,hipLaunchKernel,ENTER,const void*=0x7fe663154280; dim3=dim3(0x13600000136); dim3=dim3(0x1); void**=0x2000000020,,0
2025-10-01 16:49:38.871,1875026,hipLaunchKernel,LEAVE,const void*=0x7fe663154280; dim3=dim3(0x13600000136); dim3=dim3(0x1); void**=0x2000000020,NULL,0
2025-10-01 16:49:38.871,1875026,hipGetLastError,ENTER,,,0
2025-10-01 16:49:38.871,1875026,hipGetLastError,LEAVE,,NULL,0
2025-10-01 16:49:38.871,1875026,hipLaunchKernel,ENTER,const void*=0x7fe663154280; dim3=dim3(0x13600000136); dim3=dim3(0x1); void**=0x2000000020,,0
2025-10-01 16:49:38.871,1875026,hipLaunchKernel,LEAVE,const void*=0x7fe663154280; dim3=dim3(0x13600000136); dim3=dim3(0x1); void**=0x2000000020,NULL,0
2025-10-01 16:49:38.871,1875026,hipGetLastError,ENTER,,,0
2025-10-01 16:49:38.871,1875026,hipGetLastError,LEAVE,,NULL,0
2025-10-01 16:49:38.871,1875026,hipLaunchKernel,ENTER,const void*=0x7fe663154280; dim3=dim3(0x13600000136); dim3=dim3(0x1); void**=0x2000000020,,0
2025-10-01 16:49:38.872,1875026,hipLaunchKernel,LEAVE,const void*=0x7fe663154280; dim3=dim3(0x13600000136); dim3=dim3(0x1); void**=0x2000000020,NULL,0
2025-10-01 16:49:38.872,1875026,hipGetLastError,ENTER,,,0
2025-10-01 16:49:38.872,1875026,hipGetLastError,LEAVE,,NULL,0
2025-10-01 16:49:38.872,1875026,hipLaunchKernel,ENTER,const void*=0x7fe663154280; dim3=dim3(0x13600000136); dim3=dim3(0x1); void**=0x2000000020,,0
2025-10-01 16:49:38.872,1875026,hipLaunchKernel,LEAVE,const void*=0x7fe663154280; dim3=dim3(0x13600000136); dim3=dim3(0x1); void**=0x2000000020,NULL,0
2025-10-01 16:49:38.872,1875026,hipGetLastError,ENTER,,,0
2025-10-01 16:49:38.872,1875026,hipGetLastError,LEAVE,,NULL,0
2025-10-01 16:49:38.872,1875026,hipLaunchKernel,ENTER,const void*=0x7fe663154280; dim3=dim3(0x13600000136); dim3=dim3(0x1); void**=0x2000000020,,0
2025-10-01 16:49:38.873,1875026,hipLaunchKernel,LEAVE,const void*=0x7fe663154280; dim3=dim3(0x13600000136); dim3=dim3(0x1); void**=0x2000000020,NULL,0
2025-10-01 16:49:38.873,1875026,hipGetLastError,ENTER,,,0
2025-10-01 16:49:38.873,1875026,hipGetLastError,LEAVE,,NULL,0
2025-10-01 16:49:38.873,1875026,hipLaunchKernel,ENTER,const void*=0x7fe663154280; dim3=dim3(0x13600000136); dim3=dim3(0x1); void**=0x2000000020,,0
2025-10-01 16:49:38.873,1875026,hipLaunchKernel,LEAVE,const void*=0x7fe663154280; dim3=dim3(0x13600000136); dim3=dim3(0x1); void**=0x2000000020,NULL,0
2025-10-01 16:49:38.873,1875026,hipGetLastError,ENTER,,,0
2025-10-01 16:49:38.873,1875026,hipGetLastError,LEAVE,,NULL,0
2025-10-01 16:49:38.873,1875026,hipLaunchKernel,ENTER,const void*=0x7fe663154280; dim3=dim3(0x13600000136); dim3=dim3(0x1); void**=0x2000000020,,0
2025-10-01 16:49:38.873,1875026,hipLaunchKernel,LEAVE,const void*=0x7fe663154280; dim3=dim3(0x13600000136); dim3=dim3(0x1); void**=0x2000000020,NULL,0
2025-10-01 16:49:38.874,1875026,hipGetLastError,ENTER,,,0
2025-10-01 16:49:38.874,1875026,hipGetLastError,LEAVE,,NULL,0
2025-10-01 16:49:38.874,1875026,hipLaunchKernel,ENTER,const void*=0x7fe663154280; dim3=dim3(0x13600000136); dim3=dim3(0x1); void**=0x2000000020,,0
2025-10-01 16:49:38.874,1875026,hipLaunchKernel,LEAVE,const void*=0x7fe663154280; dim3=dim3(0x13600000136); dim3=dim3(0x1); void**=0x2000000020,NULL,0
2025-10-01 16:49:38.874,1875026,hipGetLastError,ENTER,,,0
2025-10-01 16:49:38.874,1875026,hipGetLastError,LEAVE,,NULL,0
2025-10-01 16:49:38.874,1875026,hipLaunchKernel,ENTER,const void*=0x7fe663154280; dim3=dim3(0x13600000136); dim3=dim3(0x1); void**=0x2000000020,,0
2025-10-01 16:49:38.874,1875026,hipLaunchKernel,LEAVE,const void*=0x7fe663154280; dim3=dim3(0x13600000136); dim3=dim3(0x1); void**=0x2000000020,NULL,0
2025-10-01 16:49:38.874,1875026,hipGetLastError,ENTER,,,0
2025-10-01 16:49:38.875,1875026,hipGetLastError,LEAVE,,NULL,0
2025-10-01 16:49:38.875,1875026,hipStreamSynchronize,ENTER,hipStream_t=0x7fa5dc001290,,0
2025-10-01 16:49:38.875,1875026,hipStreamSynchronize,LEAVE,hipStream_t=0x7fa5dc001290,NULL,0
2025-10-01 16:49:38.875,1875026,hipLaunchKernel,ENTER,const void*=0x7fe663154280; dim3=dim3(0x13600000136); dim3=dim3(0x1); void**=0x2000000020,,0
2025-10-01 16:49:38.875,1875026,hipLaunchKernel,LEAVE,const void*=0x7fe663154280; dim3=dim3(0x13600000136); dim3=dim3(0x1); void**=0x2000000020,NULL,0
2025-10-01 16:49:38.875,1875026,hipGetLastError,ENTER,,,0
2025-10-01 16:49:38.875,1875026,hipGetLastError,LEAVE,,NULL,0
2025-10-01 16:49:38.875,1875026,hipLaunchKernel,ENTER,const void*=0x7fe663154280; dim3=dim3(0x13600000136); dim3=dim3(0x1); void**=0x2000000020,,0
2025-10-01 16:49:38.875,1875026,hipLaunchKernel,LEAVE,const void*=0x7fe663154280; dim3=dim3(0x13600000136); dim3=dim3(0x1); void**=0x2000000020,NULL,0
2025-10-01 16:49:38.876,1875026,hipGetLastError,ENTER,,,0
2025-10-01 16:49:38.876,1875026,hipGetLastError,LEAVE,,NULL,0
2025-10-01 16:49:38.876,1875026,hipLaunchKernel,ENTER,const void*=0x7fe663154280; dim3=dim3(0x13600000136); dim3=dim3(0x1); void**=0x2000000020,,0
2025-10-01 16:49:38.876,1875026,hipLaunchKernel,LEAVE,const void*=0x7fe663154280; dim3=dim3(0x13600000136); dim3=dim3(0x1); void**=0x2000000020,NULL,0
2025-10-01 16:49:38.876,1875026,hipGetLastError,ENTER,,,0
2025-10-01 16:49:38.876,1875026,hipGetLastError,LEAVE,,NULL,0
2025-10-01 16:49:38.876,1875026,hipLaunchKernel,ENTER,const void*=0x7fe663154280; dim3=dim3(0x13600000136); dim3=dim3(0x1); void**=0x2000000020,,0
2025-10-01 16:49:38.876,1875026,hipLaunchKernel,LEAVE,const void*=0x7fe663154280; dim3=dim3(0x13600000136); dim3=dim3(0x1); void**=0x2000000020,NULL,0
2025-10-01 16:49:38.877,1875026,hipGetLastError,ENTER,,,0
2025-10-01 16:49:38.877,1875026,hipGetLastError,LEAVE,,NULL,0
2025-10-01 16:49:38.877,1875026,hipLaunchKernel,ENTER,const void*=0x7fe663154280; dim3=dim3(0x13600000136); dim3=dim3(0x1); void**=0x2000000020,,0
2025-10-01 16:49:38.877,1875026,hipLaunchKernel,LEAVE,const void*=0x7fe663154280; dim3=dim3(0x13600000136); dim3=dim3(0x1); void**=0x2000000020,NULL,0
2025-10-01 16:49:38.877,1875026,hipGetLastError,ENTER,,,0
2025-10-01 16:49:38.877,1875026,hipGetLastError,LEAVE,,NULL,0
2025-10-01 16:49:38.877,1875026,hipLaunchKernel,ENTER,const void*=0x7fe663154280; dim3=dim3(0x13600000136); dim3=dim3(0x1); void**=0x2000000020,,0
2025-10-01 16:49:38.877,1875026,hipLaunchKernel,LEAVE,const void*=0x7fe663154280; dim3=dim3(0x13600000136); dim3=dim3(0x1); void**=0x2000000020,NULL,0
2025-10-01 16:49:38.877,1875026,hipGetLastError,ENTER,,,0
2025-10-01 16:49:38.878,1875026,hipGetLastError,LEAVE,,NULL,0
2025-10-01 16:49:38.878,1875026,hipLaunchKernel,ENTER,const void*=0x7fe663154280; dim3=dim3(0x13600000136); dim3=dim3(0x1); void**=0x2000000020,,0
2025-10-01 16:49:38.878,1875026,hipLaunchKernel,LEAVE,const void*=0x7fe663154280; dim3=dim3(0x13600000136); dim3=dim3(0x1); void**=0x2000000020,NULL,0
2025-10-01 16:49:38.878,1875026,hipGetLastError,ENTER,,,0
2025-10-01 16:49:38.878,1875026,hipGetLastError,LEAVE,,NULL,0
2025-10-01 16:49:38.878,1875026,hipLaunchKernel,ENTER,const void*=0x7fe663154280; dim3=dim3(0x13600000136); dim3=dim3(0x1); void**=0x2000000020,,0
2025-10-01 16:49:38.878,1875026,hipLaunchKernel,LEAVE,const void*=0x7fe663154280; dim3=dim3(0x13600000136); dim3=dim3(0x1); void**=0x2000000020,NULL,0
2025-10-01 16:49:38.878,1875026,hipGetLastError,ENTER,,,0
2025-10-01 16:49:38.878,1875026,hipGetLastError,LEAVE,,NULL,0
2025-10-01 16:49:38.878,1875026,hipLaunchKernel,ENTER,const void*=0x7fe663154280; dim3=dim3(0x13600000136); dim3=dim3(0x1); void**=0x2000000020,,0
2025-10-01 16:49:38.879,1875026,hipLaunchKernel,LEAVE,const void*=0x7fe663154280; dim3=dim3(0x13600000136); dim3=dim3(0x1); void**=0x2000000020,NULL,0
2025-10-01 16:49:38.879,1875026,hipGetLastError,ENTER,,,0
2025-10-01 16:49:38.879,1875026,hipGetLastError,LEAVE,,NULL,0
2025-10-01 16:49:38.879,1875026,hipLaunchKernel,ENTER,const void*=0x7fe663154280; dim3=dim3(0x13600000136); dim3=dim3(0x1); void**=0x2000000020,,0
2025-10-01 16:49:38.879,1875026,hipLaunchKernel,LEAVE,const void*=0x7fe663154280; dim3=dim3(0x13600000136); dim3=dim3(0x1); void**=0x2000000020,NULL,0
2025-10-01 16:49:38.879,1875026,hipGetLastError,ENTER,,,0
2025-10-01 16:49:38.879,1875026,hipGetLastError,LEAVE,,NULL,0
2025-10-01 16:49:38.879,1875026,hipStreamSynchronize,ENTER,hipStream_t=0x7fa5dc001290,,0
2025-10-01 16:49:38.879,1875026,hipStreamSynchronize,LEAVE,hipStream_t=0x7fa5dc001290,NULL,1
2025-10-01 16:49:38.880,1875026,hipLaunchKernel,ENTER,const void*=0x7fe663154280; dim3=dim3(0x13600000136); dim3=dim3(0x1); void**=0x2000000020,,0
2025-10-01 16:49:38.880,1875026,hipLaunchKernel,LEAVE,const void*=0x7fe663154280; dim3=dim3(0x13600000136); dim3=dim3(0x1); void**=0x2000000020,NULL,0
2025-10-01 16:49:38.880,1875026,hipGetLastError,ENTER,,,0
2025-10-01 16:49:38.880,1875026,hipGetLastError,LEAVE,,NULL,0
2025-10-01 16:49:38.880,1875026,hipLaunchKernel,ENTER,const void*=0x7fe663154280; dim3=dim3(0x13600000136); dim3=dim3(0x1); void**=0x2000000020,,0
2025-10-01 16:49:38.880,1875026,hipLaunchKernel,LEAVE,const void*=0x7fe663154280; dim3=dim3(0x13600000136); dim3=dim3(0x1); void**=0x2000000020,NULL,0
2025-10-01 16:49:38.880,1875026,hipGetLastError,ENTER,,,0
2025-10-01 16:49:38.880,1875026,hipGetLastError,LEAVE,,NULL,0
2025-10-01 16:49:38.881,1875026,hipLaunchKernel,ENTER,const void*=0x7fe663154280; dim3=dim3(0x13600000136); dim3=dim3(0x1); void**=0x2000000020,,0
2025-10-01 16:49:38.881,1875026,hipLaunchKernel,LEAVE,const void*=0x7fe663154280; dim3=dim3(0x13600000136); dim3=dim3(0x1); void**=0x2000000020,NULL,0
2025-10-01 16:49:38.881,1875026,hipGetLastError,ENTER,,,0
2025-10-01 16:49:38.881,1875026,hipGetLastError,LEAVE,,NULL,0
2025-10-01 16:49:38.881,1875026,hipLaunchKernel,ENTER,const void*=0x7fe663154280; dim3=dim3(0x13600000136); dim3=dim3(0x1); void**=0x2000000020,,0
2025-10-01 16:49:38.881,1875026,hipLaunchKernel,LEAVE,const void*=0x7fe663154280; dim3=dim3(0x13600000136); dim3=dim3(0x1); void**=0x2000000020,NULL,0
2025-10-01 16:49:38.881,1875026,hipGetLastError,ENTER,,,0
2025-10-01 16:49:38.882,1875026,hipGetLastError,LEAVE,,NULL,0
2025-10-01 16:49:38.882,1875026,hipLaunchKernel,ENTER,const void*=0x7fe663154280; dim3=dim3(0x13600000136); dim3=dim3(0x1); void**=0x2000000020,,0
2025-10-01 16:49:38.882,1875026,hipLaunchKernel,LEAVE,const void*=0x7fe663154280; dim3=dim3(0x13600000136); dim3=dim3(0x1); void**=0x2000000020,NULL,0
2025-10-01 16:49:38.882,1875026,hipGetLastError,ENTER,,,0
2025-10-01 16:49:38.882,1875026,hipGetLastError,LEAVE,,NULL,0
2025-10-01 16:49:38.882,1875026,hipLaunchKernel,ENTER,const void*=0x7fe663154280; dim3=dim3(0x13600000136); dim3=dim3(0x1); void**=0x2000000020,,0
2025-10-01 16:49:38.882,1875026,hipLaunchKernel,LEAVE,const void*=0x7fe663154280; dim3=dim3(0x13600000136); dim3=dim3(0x1); void**=0x2000000020,NULL,1
2025-10-01 16:49:38.883,1875026,hipGetLastError,ENTER,,,0
2025-10-01 16:49:38.883,1875026,hipGetLastError,LEAVE,,NULL,0
2025-10-01 16:49:38.883,1875026,hipLaunchKernel,ENTER,const void*=0x7fe663154280; dim3=dim3(0x13600000136); dim3=dim3(0x1); void**=0x2000000020,,0
2025-10-01 16:49:38.883,1875026,hipLaunchKernel,LEAVE,const void*=0x7fe663154280; dim3=dim3(0x13600000136); dim3=dim3(0x1); void**=0x2000000020,NULL,0
2025-10-01 16:49:38.883,1875026,hipGetLastError,ENTER,,,0
2025-10-01 16:49:38.883,1875026,hipGetLastError,LEAVE,,NULL,0
2025-10-01 16:49:38.884,1875026,hipLaunchKernel,ENTER,const void*=0x7fe663154280; dim3=dim3(0x13600000136); dim3=dim3(0x1); void**=0x2000000020,,0
2025-10-01 16:49:38.884,1875026,hipLaunchKernel,LEAVE,const void*=0x7fe663154280; dim3=dim3(0x13600000136); dim3=dim3(0x1); void**=0x2000000020,NULL,0
2025-10-01 16:49:38.884,1875026,hipGetLastError,ENTER,,,0
2025-10-01 16:49:38.884,1875026,hipGetLastError,LEAVE,,NULL,0
2025-10-01 16:49:38.884,1875026,hipLaunchKernel,ENTER,const void*=0x7fe663154280; dim3=dim3(0x13600000136); dim3=dim3(0x1); void**=0x2000000020,,0
2025-10-01 16:49:38.885,1875026,hipLaunchKernel,LEAVE,const void*=0x7fe663154280; dim3=dim3(0x13600000136); dim3=dim3(0x1); void**=0x2000000020,NULL,0
2025-10-01 16:49:38.885,1875026,hipGetLastError,ENTER,,,0
2025-10-01 16:49:38.885,1875026,hipGetLastError,LEAVE,,NULL,0
2025-10-01 16:49:38.885,1875026,hipLaunchKernel,ENTER,const void*=0x7fe663154280; dim3=dim3(0x13600000136); dim3=dim3(0x1); void**=0x2000000020,,0
2025-10-01 16:49:38.885,1875026,hipLaunchKernel,LEAVE,const void*=0x7fe663154280; dim3=dim3(0x13600000136); dim3=dim3(0x1); void**=0x2000000020,NULL,0
2025-10-01 16:49:38.885,1875026,hipGetLastError,ENTER,,,0
2025-10-01 16:49:38.886,1875026,hipGetLastError,LEAVE,,NULL,0
2025-10-01 16:49:38.886,1875026,hipStreamSynchronize,ENTER,hipStream_t=0x7fa5dc001290,,0
2025-10-01 16:49:38.886,1875026,hipStreamSynchronize,LEAVE,hipStream_t=0x7fa5dc001290,NULL,0
2025-10-01 16:49:38.886,1875026,hipLaunchKernel,ENTER,const void*=0x7fe663154280; dim3=dim3(0x13600000136); dim3=dim3(0x1); void**=0x2000000020,,0
2025-10-01 16:49:38.886,1875026,hipLaunchKernel,LEAVE,const void*=0x7fe663154280; dim3=dim3(0x13600000136); dim3=dim3(0x1); void**=0x2000000020,NULL,0
2025-10-01 16:49:38.886,1875026,hipGetLastError,ENTER,,,0
2025-10-01 16:49:38.887,1875026,hipGetLastError,LEAVE,,NULL,0
2025-10-01 16:49:38.887,1875026,hipLaunchKernel,ENTER,const void*=0x7fe663154280; dim3=dim3(0x13600000136); dim3=dim3(0x1); void**=0x2000000020,,0
2025-10-01 16:49:38.887,1875026,hipLaunchKernel,LEAVE,const void*=0x7fe663154280; dim3=dim3(0x13600000136); dim3=dim3(0x1); void**=0x2000000020,NULL,0
2025-10-01 16:49:38.887,1875026,hipGetLastError,ENTER,,,0
2025-10-01 16:49:38.887,1875026,hipGetLastError,LEAVE,,NULL,0
2025-10-01 16:49:38.887,1875026,hipLaunchKernel,ENTER,const void*=0x7fe663154280; dim3=dim3(0x13600000136); dim3=dim3(0x1); void**=0x2000000020,,0
2025-10-01 16:49:38.888,1875026,hipLaunchKernel,LEAVE,const void*=0x7fe663154280; dim3=dim3(0x13600000136); dim3=dim3(0x1); void**=0x2000000020,NULL,0
2025-10-01 16:49:38.888,1875026,hipGetLastError,ENTER,,,0
2025-10-01 16:49:38.888,1875026,hipGetLastError,LEAVE,,NULL,0
2025-10-01 16:49:38.888,1875026,hipLaunchKernel,ENTER,const void*=0x7fe663154280; dim3=dim3(0x13600000136); dim3=dim3(0x1); void**=0x2000000020,,0
2025-10-01 16:49:38.888,1875026,hipLaunchKernel,LEAVE,const void*=0x7fe663154280; dim3=dim3(0x13600000136); dim3=dim3(0x1); void**=0x2000000020,NULL,0
2025-10-01 16:49:38.888,1875026,hipGetLastError,ENTER,,,0
2025-10-01 16:49:38.888,1875026,hipGetLastError,LEAVE,,NULL,0
2025-10-01 16:49:38.889,1875026,hipLaunchKernel,ENTER,const void*=0x7fe663154280; dim3=dim3(0x13600000136); dim3=dim3(0x1); void**=0x2000000020,,0
2025-10-01 16:49:38.889,1875026,hipLaunchKernel,LEAVE,const void*=0x7fe663154280; dim3=dim3(0x13600000136); dim3=dim3(0x1); void**=0x2000000020,NULL,0
2025-10-01 16:49:38.889,1875026,hipGetLastError,ENTER,,,0
2025-10-01 16:49:38.889,1875026,hipGetLastError,LEAVE,,NULL,0
2025-10-01 16:49:38.889,1875026,hipLaunchKernel,ENTER,const void*=0x7fe663154280; dim3=dim3(0x13600000136); dim3=dim3(0x1); void**=0x2000000020,,0
2025-10-01 16:49:38.889,1875026,hipLaunchKernel,LEAVE,const void*=0x7fe663154280; dim3=dim3(0x13600000136); dim3=dim3(0x1); void**=0x2000000020,NULL,0
2025-10-01 16:49:38.890,1875026,hipGetLastError,ENTER,,,0
2025-10-01 16:49:38.890,1875026,hipGetLastError,LEAVE,,NULL,0
2025-10-01 16:49:38.890,1875026,hipLaunchKernel,ENTER,const void*=0x7fe663154280; dim3=dim3(0x13600000136); dim3=dim3(0x1); void**=0x2000000020,,0
2025-10-01 16:49:38.890,1875026,hipLaunchKernel,LEAVE,const void*=0x7fe663154280; dim3=dim3(0x13600000136); dim3=dim3(0x1); void**=0x2000000020,NULL,0
2025-10-01 16:49:38.890,1875026,hipGetLastError,ENTER,,,0
2025-10-01 16:49:38.890,1875026,hipGetLastError,LEAVE,,NULL,0
2025-10-01 16:49:38.890,1875026,hipLaunchKernel,ENTER,const void*=0x7fe663154280; dim3=dim3(0x13600000136); dim3=dim3(0x1); void**=0x2000000020,,0
2025-10-01 16:49:38.891,1875026,hipLaunchKernel,LEAVE,const void*=0x7fe663154280; dim3=dim3(0x13600000136); dim3=dim3(0x1); void**=0x2000000020,NULL,0
2025-10-01 16:49:38.891,1875026,hipGetLastError,ENTER,,,0
2025-10-01 16:49:38.891,1875026,hipGetLastError,LEAVE,,NULL,0
2025-10-01 16:49:38.891,1875026,hipLaunchKernel,ENTER,const void*=0x7fe663154280; dim3=dim3(0x13600000136); dim3=dim3(0x1); void**=0x2000000020,,0
2025-10-01 16:49:38.891,1875026,hipLaunchKernel,LEAVE,const void*=0x7fe663154280; dim3=dim3(0x13600000136); dim3=dim3(0x1); void**=0x2000000020,NULL,0
2025-10-01 16:49:38.891,1875026,hipGetLastError,ENTER,,,0
2025-10-01 16:49:38.891,1875026,hipGetLastError,LEAVE,,NULL,0
2025-10-01 16:49:38.892,1875026,hipLaunchKernel,ENTER,const void*=0x7fe663154280; dim3=dim3(0x13600000136); dim3=dim3(0x1); void**=0x2000000020,,0
2025-10-01 16:49:38.892,1875026,hipLaunchKernel,LEAVE,const void*=0x7fe663154280; dim3=dim3(0x13600000136); dim3=dim3(0x1); void**=0x2000000020,NULL,0
2025-10-01 16:49:38.892,1875026,hipGetLastError,ENTER,,,0
2025-10-01 16:49:38.892,1875026,hipGetLastError,LEAVE,,NULL,0
2025-10-01 16:49:38.892,1875026,hipStreamSynchronize,ENTER,hipStream_t=0x7fa5dc001290,,0
2025-10-01 16:49:38.892,1875026,hipStreamSynchronize,LEAVE,hipStream_t=0x7fa5dc001290,NULL,0
2025-10-01 16:49:38.893,1875026,hipLaunchKernel,ENTER,const void*=0x7fe663154280; dim3=dim3(0x13600000136); dim3=dim3(0x1); void**=0x2000000020,,0
2025-10-01 16:49:38.893,1875026,hipLaunchKernel,LEAVE,const void*=0x7fe663154280; dim3=dim3(0x13600000136); dim3=dim3(0x1); void**=0x2000000020,NULL,0
2025-10-01 16:49:38.893,1875026,hipGetLastError,ENTER,,,0
2025-10-01 16:49:38.893,1875026,hipGetLastError,LEAVE,,NULL,0
2025-10-01 16:49:38.893,1875026,hipLaunchKernel,ENTER,const void*=0x7fe663154280; dim3=dim3(0x13600000136); dim3=dim3(0x1); void**=0x2000000020,,0
2025-10-01 16:49:38.893,1875026,hipLaunchKernel,LEAVE,const void*=0x7fe663154280; dim3=dim3(0x13600000136); dim3=dim3(0x1); void**=0x2000000020,NULL,0
2025-10-01 16:49:38.894,1875026,hipGetLastError,ENTER,,,0
2025-10-01 16:49:38.894,1875026,hipGetLastError,LEAVE,,NULL,0
2025-10-01 16:49:38.894,1875026,hipLaunchKernel,ENTER,const void*=0x7fe663154280; dim3=dim3(0x13600000136); dim3=dim3(0x1); void**=0x2000000020,,0
2025-10-01 16:49:38.894,1875026,hipLaunchKernel,LEAVE,const void*=0x7fe663154280; dim3=dim3(0x13600000136); dim3=dim3(0x1); void**=0x2000000020,NULL,0
2025-10-01 16:49:38.894,1875026,hipGetLastError,ENTER,,,0
2025-10-01 16:49:38.894,1875026,hipGetLastError,LEAVE,,NULL,0
2025-10-01 16:49:38.894,1875026,hipLaunchKernel,ENTER,const void*=0x7fe663154280; dim3=dim3(0x13600000136); dim3=dim3(0x1); void**=0x2000000020,,0
2025-10-01 16:49:38.895,1875026,hipLaunchKernel,LEAVE,const void*=0x7fe663154280; dim3=dim3(0x13600000136); dim3=dim3(0x1); void**=0x2000000020,NULL,0
2025-10-01 16:49:38.895,1875026,hipGetLastError,ENTER,,,0
2025-10-01 16:49:38.895,1875026,hipGetLastError,LEAVE,,NULL,0
2025-10-01 16:49:38.895,1875026,hipLaunchKernel,ENTER,const void*=0x7fe663154280; dim3=dim3(0x13600000136); dim3=dim3(0x1); void**=0x2000000020,,0
2025-10-01 16:49:38.895,1875026,hipLaunchKernel,LEAVE,const void*=0x7fe663154280; dim3=dim3(0x13600000136); dim3=dim3(0x1); void**=0x2000000020,NULL,0
2025-10-01 16:49:38.895,1875026,hipGetLastError,ENTER,,,0
2025-10-01 16:49:38.896,1875026,hipGetLastError,LEAVE,,NULL,0
2025-10-01 16:49:38.896,1875026,hipLaunchKernel,ENTER,const void*=0x7fe663154280; dim3=dim3(0x13600000136); dim3=dim3(0x1); void**=0x2000000020,,0
2025-10-01 16:49:38.896,1875026,hipLaunchKernel,LEAVE,const void*=0x7fe663154280; dim3=dim3(0x13600000136); dim3=dim3(0x1); void**=0x2000000020,NULL,0
2025-10-01 16:49:38.896,1875026,hipGetLastError,ENTER,,,0
2025-10-01 16:49:38.896,1875026,hipGetLastError,LEAVE,,NULL,0
2025-10-01 16:49:38.896,1875026,hipLaunchKernel,ENTER,const void*=0x7fe663154280; dim3=dim3(0x13600000136); dim3=dim3(0x1); void**=0x2000000020,,0
2025-10-01 16:49:38.897,1875026,hipLaunchKernel,LEAVE,const void*=0x7fe663154280; dim3=dim3(0x13600000136); dim3=dim3(0x1); void**=0x2000000020,NULL,0
2025-10-01 16:49:38.897,1875026,hipGetLastError,ENTER,,,0
2025-10-01 16:49:38.897,1875026,hipGetLastError,LEAVE,,NULL,0
2025-10-01 16:49:38.897,1875026,hipLaunchKernel,ENTER,const void*=0x7fe663154280; dim3=dim3(0x13600000136); dim3=dim3(0x1); void**=0x2000000020,,0
2025-10-01 16:49:38.897,1875026,hipLaunchKernel,LEAVE,const void*=0x7fe663154280; dim3=dim3(0x13600000136); dim3=dim3(0x1); void**=0x2000000020,NULL,0
2025-10-01 16:49:38.897,1875026,hipGetLastError,ENTER,,,0
2025-10-01 16:49:38.898,1875026,hipGetLastError,LEAVE,,NULL,0
2025-10-01 16:49:38.898,1875026,hipLaunchKernel,ENTER,const void*=0x7fe663154280; dim3=dim3(0x13600000136); dim3=dim3(0x1); void**=0x2000000020,,0
2025-10-01 16:49:38.898,1875026,hipLaunchKernel,LEAVE,const void*=0x7fe663154280; dim3=dim3(0x13600000136); dim3=dim3(0x1); void**=0x2000000020,NULL,0
2025-10-01 16:49:38.898,1875026,hipGetLastError,ENTER,,,0
2025-10-01 16:49:38.898,1875026,hipGetLastError,LEAVE,,NULL,0
2025-10-01 16:49:38.898,1875026,hipLaunchKernel,ENTER,const void*=0x7fe663154280; dim3=dim3(0x13600000136); dim3=dim3(0x1); void**=0x2000000020,,0
2025-10-01 16:49:38.899,1875026,hipLaunchKernel,LEAVE,const void*=0x7fe663154280; dim3=dim3(0x13600000136); dim3=dim3(0x1); void**=0x2000000020,NULL,0
2025-10-01 16:49:38.899,1875026,hipGetLastError,ENTER,,,0
2025-10-01 16:49:38.899,1875026,hipGetLastError,LEAVE,,NULL,0
2025-10-01 16:49:38.899,1875026,hipStreamSynchronize,ENTER,hipStream_t=0x7fa5dc001290,,0
2025-10-01 16:49:38.899,1875026,hipStreamSynchronize,LEAVE,hipStream_t=0x7fa5dc001290,NULL,0
2025-10-01 16:49:38.899,1875026,hipLaunchKernel,ENTER,const void*=0x7fe663154280; dim3=dim3(0x13600000136); dim3=dim3(0x1); void**=0x2000000020,,0
2025-10-01 16:49:38.900,1875026,hipLaunchKernel,LEAVE,const void*=0x7fe663154280; dim3=dim3(0x13600000136); dim3=dim3(0x1); void**=0x2000000020,NULL,0
2025-10-01 16:49:38.900,1875026,hipGetLastError,ENTER,,,0
2025-10-01 16:49:38.900,1875026,hipGetLastError,LEAVE,,NULL,0
2025-10-01 16:49:38.900,1875026,hipLaunchKernel,ENTER,const void*=0x7fe663154280; dim3=dim3(0x13600000136); dim3=dim3(0x1); void**=0x2000000020,,0
2025-10-01 16:49:38.900,1875026,hipLaunchKernel,LEAVE,const void*=0x7fe663154280; dim3=dim3(0x13600000136); dim3=dim3(0x1); void**=0x2000000020,NULL,0
2025-10-01 16:49:38.900,1875026,hipGetLastError,ENTER,,,0
2025-10-01 16:49:38.900,1875026,hipGetLastError,LEAVE,,NULL,0
2025-10-01 16:49:38.901,1875026,hipLaunchKernel,ENTER,const void*=0x7fe663154280; dim3=dim3(0x13600000136); dim3=dim3(0x1); void**=0x2000000020,,0
2025-10-01 16:49:38.901,1875026,hipLaunchKernel,LEAVE,const void*=0x7fe663154280; dim3=dim3(0x13600000136); dim3=dim3(0x1); void**=0x2000000020,NULL,0
2025-10-01 16:49:38.901,1875026,hipGetLastError,ENTER,,,0
2025-10-01 16:49:38.901,1875026,hipGetLastError,LEAVE,,NULL,0
2025-10-01 16:49:38.901,1875026,hipLaunchKernel,ENTER,const void*=0x7fe663154280; dim3=dim3(0x13600000136); dim3=dim3(0x1); void**=0x2000000020,,0
2025-10-01 16:49:38.901,1875026,hipLaunchKernel,LEAVE,const void*=0x7fe663154280; dim3=dim3(0x13600000136); dim3=dim3(0x1); void**=0x2000000020,NULL,0
2025-10-01 16:49:38.901,1875026,hipGetLastError,ENTER,,,0
2025-10-01 16:49:38.902,1875026,hipGetLastError,LEAVE,,NULL,0
2025-10-01 16:49:38.902,1875026,hipLaunchKernel,ENTER,const void*=0x7fe663154280; dim3=dim3(0x13600000136); dim3=dim3(0x1); void**=0x2000000020,,0
2025-10-01 16:49:38.902,1875026,hipLaunchKernel,LEAVE,const void*=0x7fe663154280; dim3=dim3(0x13600000136); dim3=dim3(0x1); void**=0x2000000020,NULL,0
2025-10-01 16:49:38.902,1875026,hipGetLastError,ENTER,,,0
2025-10-01 16:49:38.902,1875026,hipGetLastError,LEAVE,,NULL,0
2025-10-01 16:49:38.902,1875026,hipLaunchKernel,ENTER,const void*=0x7fe663154280; dim3=dim3(0x13600000136); dim3=dim3(0x1); void**=0x2000000020,,0
2025-10-01 16:49:38.903,1875026,hipLaunchKernel,LEAVE,const void*=0x7fe663154280; dim3=dim3(0x13600000136); dim3=dim3(0x1); void**=0x2000000020,NULL,0
2025-10-01 16:49:38.903,1875026,hipGetLastError,ENTER,,,0
2025-10-01 16:49:38.903,1875026,hipGetLastError,LEAVE,,NULL,0
2025-10-01 16:49:38.903,1875026,hipLaunchKernel,ENTER,const void*=0x7fe663154280; dim3=dim3(0x13600000136); dim3=dim3(0x1); void**=0x2000000020,,0
2025-10-01 16:49:38.903,1875026,hipLaunchKernel,LEAVE,const void*=0x7fe663154280; dim3=dim3(0x13600000136); dim3=dim3(0x1); void**=0x2000000020,NULL,0
2025-10-01 16:49:38.903,1875026,hipGetLastError,ENTER,,,0
2025-10-01 16:49:38.903,1875026,hipGetLastError,LEAVE,,NULL,0
2025-10-01 16:49:38.904,1875026,hipLaunchKernel,ENTER,const void*=0x7fe663154280; dim3=dim3(0x13600000136); dim3=dim3(0x1); void**=0x2000000020,,0
2025-10-01 16:49:38.904,1875026,hipLaunchKernel,LEAVE,const void*=0x7fe663154280; dim3=dim3(0x13600000136); dim3=dim3(0x1); void**=0x2000000020,NULL,0
2025-10-01 16:49:38.904,1875026,hipGetLastError,ENTER,,,0
2025-10-01 16:49:38.904,1875026,hipGetLastError,LEAVE,,NULL,0
2025-10-01 16:49:38.904,1875026,hipLaunchKernel,ENTER,const void*=0x7fe663154280; dim3=dim3(0x13600000136); dim3=dim3(0x1); void**=0x2000000020,,0
2025-10-01 16:49:38.904,1875026,hipLaunchKernel,LEAVE,const void*=0x7fe663154280; dim3=dim3(0x13600000136); dim3=dim3(0x1); void**=0x2000000020,NULL,0
2025-10-01 16:49:38.905,1875026,hipGetLastError,ENTER,,,0
2025-10-01 16:49:38.905,1875026,hipGetLastError,LEAVE,,NULL,0
2025-10-01 16:49:38.905,1875026,hipLaunchKernel,ENTER,const void*=0x7fe663154280; dim3=dim3(0x13600000136); dim3=dim3(0x1); void**=0x2000000020,,0
2025-10-01 16:49:38.905,1875026,hipLaunchKernel,LEAVE,const void*=0x7fe663154280; dim3=dim3(0x13600000136); dim3=dim3(0x1); void**=0x2000000020,NULL,0
2025-10-01 16:49:38.905,1875026,hipGetLastError,ENTER,,,0
2025-10-01 16:49:38.905,1875026,hipGetLastError,LEAVE,,NULL,0
2025-10-01 16:49:38.905,1875026,hipStreamSynchronize,ENTER,hipStream_t=0x7fa5dc001290,,0
2025-10-01 16:49:38.906,1875026,hipStreamSynchronize,LEAVE,hipStream_t=0x7fa5dc001290,NULL,1
2025-10-01 16:49:38.906,1875026,hipLaunchKernel,ENTER,const void*=0x7fe663154280; dim3=dim3(0x13600000136); dim3=dim3(0x1); void**=0x2000000020,,0
2025-10-01 16:49:38.906,1875026,hipLaunchKernel,LEAVE,const void*=0x7fe663154280; dim3=dim3(0x13600000136); dim3=dim3(0x1); void**=0x2000000020,NULL,0
2025-10-01 16:49:38.906,1875026,hipGetLastError,ENTER,,,0
2025-10-01 16:49:38.906,1875026,hipGetLastError,LEAVE,,NULL,0
2025-10-01 16:49:38.906,1875026,hipLaunchKernel,ENTER,const void*=0x7fe663154280; dim3=dim3(0x13600000136); dim3=dim3(0x1); void**=0x2000000020,,0
2025-10-01 16:49:38.906,1875026,hipLaunchKernel,LEAVE,const void*=0x7fe663154280; dim3=dim3(0x13600000136); dim3=dim3(0x1); void**=0x2000000020,NULL,0
2025-10-01 16:49:38.906,1875026,hipGetLastError,ENTER,,,0
2025-10-01 16:49:38.906,1875026,hipGetLastError,LEAVE,,NULL,0
2025-10-01 16:49:38.907,1875026,hipLaunchKernel,ENTER,const void*=0x7fe663154280; dim3=dim3(0x13600000136); dim3=dim3(0x1); void**=0x2000000020,,0
2025-10-01 16:49:38.907,1875026,hipLaunchKernel,LEAVE,const void*=0x7fe663154280; dim3=dim3(0x13600000136); dim3=dim3(0x1); void**=0x2000000020,NULL,0
2025-10-01 16:49:38.907,1875026,hipGetLastError,ENTER,,,0
2025-10-01 16:49:38.907,1875026,hipGetLastError,LEAVE,,NULL,0
2025-10-01 16:49:38.907,1875026,hipLaunchKernel,ENTER,const void*=0x7fe663154280; dim3=dim3(0x13600000136); dim3=dim3(0x1); void**=0x2000000020,,0
2025-10-01 16:49:38.907,1875026,hipLaunchKernel,LEAVE,const void*=0x7fe663154280; dim3=dim3(0x13600000136); dim3=dim3(0x1); void**=0x2000000020,NULL,0
2025-10-01 16:49:38.907,1875026,hipGetLastError,ENTER,,,0
2025-10-01 16:49:38.907,1875026,hipGetLastError,LEAVE,,NULL,0
2025-10-01 16:49:38.907,1875026,hipLaunchKernel,ENTER,const void*=0x7fe663154280; dim3=dim3(0x13600000136); dim3=dim3(0x1); void**=0x2000000020,,0
2025-10-01 16:49:38.908,1875026,hipLaunchKernel,LEAVE,const void*=0x7fe663154280; dim3=dim3(0x13600000136); dim3=dim3(0x1); void**=0x2000000020,NULL,0
2025-10-01 16:49:38.908,1875026,hipGetLastError,ENTER,,,0
2025-10-01 16:49:38.908,1875026,hipGetLastError,LEAVE,,NULL,0
2025-10-01 16:49:38.908,1875026,hipLaunchKernel,ENTER,const void*=0x7fe663154280; dim3=dim3(0x13600000136); dim3=dim3(0x1); void**=0x2000000020,,0
2025-10-01 16:49:38.908,1875026,hipLaunchKernel,LEAVE,const void*=0x7fe663154280; dim3=dim3(0x13600000136); dim3=dim3(0x1); void**=0x2000000020,NULL,0
2025-10-01 16:49:38.908,1875026,hipGetLastError,ENTER,,,0
2025-10-01 16:49:38.908,1875026,hipGetLastError,LEAVE,,NULL,0
2025-10-01 16:49:38.908,1875026,hipLaunchKernel,ENTER,const void*=0x7fe663154280; dim3=dim3(0x13600000136); dim3=dim3(0x1); void**=0x2000000020,,0
2025-10-01 16:49:38.909,1875026,hipLaunchKernel,LEAVE,const void*=0x7fe663154280; dim3=dim3(0x13600000136); dim3=dim3(0x1); void**=0x2000000020,NULL,0
2025-10-01 16:49:38.909,1875026,hipGetLastError,ENTER,,,0
2025-10-01 16:49:38.909,1875026,hipGetLastError,LEAVE,,NULL,0
2025-10-01 16:49:38.909,1875026,hipLaunchKernel,ENTER,const void*=0x7fe663154280; dim3=dim3(0x13600000136); dim3=dim3(0x1); void**=0x2000000020,,0
2025-10-01 16:49:38.909,1875026,hipLaunchKernel,LEAVE,const void*=0x7fe663154280; dim3=dim3(0x13600000136); dim3=dim3(0x1); void**=0x2000000020,NULL,0
2025-10-01 16:49:38.909,1875026,hipGetLastError,ENTER,,,0
2025-10-01 16:49:38.909,1875026,hipGetLastError,LEAVE,,NULL,0
2025-10-01 16:49:38.909,1875026,hipLaunchKernel,ENTER,const void*=0x7fe663154280; dim3=dim3(0x13600000136); dim3=dim3(0x1); void**=0x2000000020,,0
2025-10-01 16:49:38.909,1875026,hipLaunchKernel,LEAVE,const void*=0x7fe663154280; dim3=dim3(0x13600000136); dim3=dim3(0x1); void**=0x2000000020,NULL,0
2025-10-01 16:49:38.910,1875026,hipGetLastError,ENTER,,,0
2025-10-01 16:49:38.910,1875026,hipGetLastError,LEAVE,,NULL,0
2025-10-01 16:49:38.910,1875026,hipLaunchKernel,ENTER,const void*=0x7fe663154280; dim3=dim3(0x13600000136); dim3=dim3(0x1); void**=0x2000000020,,0
2025-10-01 16:49:38.910,1875026,hipLaunchKernel,LEAVE,const void*=0x7fe663154280; dim3=dim3(0x13600000136); dim3=dim3(0x1); void**=0x2000000020,NULL,0
2025-10-01 16:49:38.910,1875026,hipGetLastError,ENTER,,,0
2025-10-01 16:49:38.910,1875026,hipGetLastError,LEAVE,,NULL,0
2025-10-01 16:49:38.910,1875026,hipStreamSynchronize,ENTER,hipStream_t=0x7fa5dc001290,,0
2025-10-01 16:49:38.910,1875026,hipStreamSynchronize,LEAVE,hipStream_t=0x7fa5dc001290,NULL,0
2025-10-01 16:49:38.910,1875026,hipLaunchKernel,ENTER,const void*=0x7fe663154280; dim3=dim3(0x13600000136); dim3=dim3(0x1); void**=0x2000000020,,0
2025-10-01 16:49:38.911,1875026,hipLaunchKernel,LEAVE,const void*=0x7fe663154280; dim3=dim3(0x13600000136); dim3=dim3(0x1); void**=0x2000000020,NULL,0
2025-10-01 16:49:38.911,1875026,hipGetLastError,ENTER,,,0
2025-10-01 16:49:38.911,1875026,hipGetLastError,LEAVE,,NULL,0
2025-10-01 16:49:38.911,1875026,hipLaunchKernel,ENTER,const void*=0x7fe663154280; dim3=dim3(0x13600000136); dim3=dim3(0x1); void**=0x2000000020,,0
2025-10-01 16:49:38.911,1875026,hipLaunchKernel,LEAVE,const void*=0x7fe663154280; dim3=dim3(0x13600000136); dim3=dim3(0x1); void**=0x2000000020,NULL,0
2025-10-01 16:49:38.911,1875026,hipGetLastError,ENTER,,,0
2025-10-01 16:49:38.911,1875026,hipGetLastError,LEAVE,,NULL,0
2025-10-01 16:49:38.911,1875026,hipLaunchKernel,ENTER,const void*=0x7fe663154280; dim3=dim3(0x13600000136); dim3=dim3(0x1); void**=0x2000000020,,0
2025-10-01 16:49:38.912,1875026,hipLaunchKernel,LEAVE,const void*=0x7fe663154280; dim3=dim3(0x13600000136); dim3=dim3(0x1); void**=0x2000000020,NULL,1
2025-10-01 16:49:38.912,1875026,hipGetLastError,ENTER,,,0
2025-10-01 16:49:38.912,1875026,hipGetLastError,LEAVE,,NULL,0
2025-10-01 16:49:38.912,1875026,hipLaunchKernel,ENTER,const void*=0x7fe663154280; dim3=dim3(0x13600000136); dim3=dim3(0x1); void**=0x2000000020,,0
2025-10-01 16:49:38.912,1875026,hipLaunchKernel,LEAVE,const void*=0x7fe663154280; dim3=dim3(0x13600000136); dim3=dim3(0x1); void**=0x2000000020,NULL,0
2025-10-01 16:49:38.912,1875026,hipGetLastError,ENTER,,,0
2025-10-01 16:49:38.912,1875026,hipGetLastError,LEAVE,,NULL,0
2025-10-01 16:49:38.912,1875026,hipLaunchKernel,ENTER,const void*=0x7fe663154280; dim3=dim3(0x13600000136); dim3=dim3(0x1); void**=0x2000000020,,0
2025-10-01 16:49:38.912,1875026,hipLaunchKernel,LEAVE,const void*=0x7fe663154280; dim3=dim3(0x13600000136); dim3=dim3(0x1); void**=0x2000000020,NULL,0
2025-10-01 16:49:38.913,1875026,hipGetLastError,ENTER,,,0
2025-10-01 16:49:38.913,1875026,hipGetLastError,LEAVE,,NULL,0
2025-10-01 16:49:38.913,1875026,hipLaunchKernel,ENTER,const void*=0x7fe663154280; dim3=dim3(0x13600000136); dim3=dim3(0x1); void**=0x2000000020,,0
2025-10-01 16:49:38.913,1875026,hipLaunchKernel,LEAVE,const void*=0x7fe663154280; dim3=dim3(0x13600000136); dim3=dim3(0x1); void**=0x2000000020,NULL,0
2025-10-01 16:49:38.913,1875026,hipGetLastError,ENTER,,,0
2025-10-01 16:49:38.913,1875026,hipGetLastError,LEAVE,,NULL,0
2025-10-01 16:49:38.913,1875026,hipLaunchKernel,ENTER,const void*=0x7fe663154280; dim3=dim3(0x13600000136); dim3=dim3(0x1); void**=0x2000000020,,0
2025-10-01 16:49:38.913,1875026,hipLaunchKernel,LEAVE,const void*=0x7fe663154280; dim3=dim3(0x13600000136); dim3=dim3(0x1); void**=0x2000000020,NULL,0
2025-10-01 16:49:38.913,1875026,hipGetLastError,ENTER,,,0
2025-10-01 16:49:38.914,1875026,hipGetLastError,LEAVE,,NULL,0
2025-10-01 16:49:38.914,1875026,hipLaunchKernel,ENTER,const void*=0x7fe663154280; dim3=dim3(0x13600000136); dim3=dim3(0x1); void**=0x2000000020,,0
2025-10-01 16:49:38.914,1875026,hipLaunchKernel,LEAVE,const void*=0x7fe663154280; dim3=dim3(0x13600000136); dim3=dim3(0x1); void**=0x2000000020,NULL,0
2025-10-01 16:49:38.914,1875026,hipGetLastError,ENTER,,,0
2025-10-01 16:49:38.914,1875026,hipGetLastError,LEAVE,,NULL,0
2025-10-01 16:49:38.914,1875026,hipLaunchKernel,ENTER,const void*=0x7fe663154280; dim3=dim3(0x13600000136); dim3=dim3(0x1); void**=0x2000000020,,0
2025-10-01 16:49:38.914,1875026,hipLaunchKernel,LEAVE,const void*=0x7fe663154280; dim3=dim3(0x13600000136); dim3=dim3(0x1); void**=0x2000000020,NULL,0
2025-10-01 16:49:38.914,1875026,hipGetLastError,ENTER,,,0
2025-10-01 16:49:38.914,1875026,hipGetLastError,LEAVE,,NULL,0
2025-10-01 16:49:38.914,1875026,hipLaunchKernel,ENTER,const void*=0x7fe663154280; dim3=dim3(0x13600000136); dim3=dim3(0x1); void**=0x2000000020,,0
2025-10-01 16:49:38.915,1875026,hipLaunchKernel,LEAVE,const void*=0x7fe663154280; dim3=dim3(0x13600000136); dim3=dim3(0x1); void**=0x2000000020,NULL,0
2025-10-01 16:49:38.915,1875026,hipGetLastError,ENTER,,,0
2025-10-01 16:49:38.915,1875026,hipGetLastError,LEAVE,,NULL,0
2025-10-01 16:49:38.915,1875026,hipStreamSynchronize,ENTER,hipStream_t=0x7fa5dc001290,,0
2025-10-01 16:49:38.915,1875026,hipStreamSynchronize,LEAVE,hipStream_t=0x7fa5dc001290,NULL,0
2025-10-01 16:49:38.915,1875026,hipLaunchKernel,ENTER,const void*=0x7fe663154280; dim3=dim3(0x13600000136); dim3=dim3(0x1); void**=0x2000000020,,0
2025-10-01 16:49:38.915,1875026,hipLaunchKernel,LEAVE,const void*=0x7fe663154280; dim3=dim3(0x13600000136); dim3=dim3(0x1); void**=0x2000000020,NULL,0
2025-10-01 16:49:38.915,1875026,hipGetLastError,ENTER,,,0
2025-10-01 16:49:38.916,1875026,hipGetLastError,LEAVE,,NULL,0
2025-10-01 16:49:38.916,1875026,hipLaunchKernel,ENTER,const void*=0x7fe663154280; dim3=dim3(0x13600000136); dim3=dim3(0x1); void**=0x2000000020,,0
2025-10-01 16:49:38.916,1875026,hipLaunchKernel,LEAVE,const void*=0x7fe663154280; dim3=dim3(0x13600000136); dim3=dim3(0x1); void**=0x2000000020,NULL,0
2025-10-01 16:49:38.916,1875026,hipGetLastError,ENTER,,,0
2025-10-01 16:49:38.916,1875026,hipGetLastError,LEAVE,,NULL,0
2025-10-01 16:49:38.916,1875026,hipLaunchKernel,ENTER,const void*=0x7fe663154280; dim3=dim3(0x13600000136); dim3=dim3(0x1); void**=0x2000000020,,0
2025-10-01 16:49:38.916,1875026,hipLaunchKernel,LEAVE,const void*=0x7fe663154280; dim3=dim3(0x13600000136); dim3=dim3(0x1); void**=0x2000000020,NULL,0
2025-10-01 16:49:38.916,1875026,hipGetLastError,ENTER,,,0
2025-10-01 16:49:38.917,1875026,hipGetLastError,LEAVE,,NULL,0
2025-10-01 16:49:38.917,1875026,hipLaunchKernel,ENTER,const void*=0x7fe663154280; dim3=dim3(0x13600000136); dim3=dim3(0x1); void**=0x2000000020,,0
2025-10-01 16:49:38.917,1875026,hipLaunchKernel,LEAVE,const void*=0x7fe663154280; dim3=dim3(0x13600000136); dim3=dim3(0x1); void**=0x2000000020,NULL,0
2025-10-01 16:49:38.917,1875026,hipGetLastError,ENTER,,,0
2025-10-01 16:49:38.917,1875026,hipGetLastError,LEAVE,,NULL,0
2025-10-01 16:49:38.917,1875026,hipLaunchKernel,ENTER,const void*=0x7fe663154280; dim3=dim3(0x13600000136); dim3=dim3(0x1); void**=0x2000000020,,0
2025-10-01 16:49:38.918,1875026,hipLaunchKernel,LEAVE,const void*=0x7fe663154280; dim3=dim3(0x13600000136); dim3=dim3(0x1); void**=0x2000000020,NULL,0
2025-10-01 16:49:38.918,1875026,hipGetLastError,ENTER,,,0
2025-10-01 16:49:38.918,1875026,hipGetLastError,LEAVE,,NULL,0
2025-10-01 16:49:38.918,1875026,hipLaunchKernel,ENTER,const void*=0x7fe663154280; dim3=dim3(0x13600000136); dim3=dim3(0x1); void**=0x2000000020,,0
2025-10-01 16:49:38.918,1875026,hipLaunchKernel,LEAVE,const void*=0x7fe663154280; dim3=dim3(0x13600000136); dim3=dim3(0x1); void**=0x2000000020,NULL,0
2025-10-01 16:49:38.918,1875026,hipGetLastError,ENTER,,,0
2025-10-01 16:49:38.918,1875026,hipGetLastError,LEAVE,,NULL,0
2025-10-01 16:49:38.918,1875026,hipLaunchKernel,ENTER,const void*=0x7fe663154280; dim3=dim3(0x13600000136); dim3=dim3(0x1); void**=0x2000000020,,0
2025-10-01 16:49:38.918,1875026,hipLaunchKernel,LEAVE,const void*=0x7fe663154280; dim3=dim3(0x13600000136); dim3=dim3(0x1); void**=0x2000000020,NULL,0
2025-10-01 16:49:38.919,1875026,hipGetLastError,ENTER,,,0
2025-10-01 16:49:38.919,1875026,hipGetLastError,LEAVE,,NULL,0
2025-10-01 16:49:38.919,1875026,hipLaunchKernel,ENTER,const void*=0x7fe663154280; dim3=dim3(0x13600000136); dim3=dim3(0x1); void**=0x2000000020,,0
2025-10-01 16:49:38.919,1875026,hipLaunchKernel,LEAVE,const void*=0x7fe663154280; dim3=dim3(0x13600000136); dim3=dim3(0x1); void**=0x2000000020,NULL,0
2025-10-01 16:49:38.919,1875026,hipGetLastError,ENTER,,,0
2025-10-01 16:49:38.919,1875026,hipGetLastError,LEAVE,,NULL,0
2025-10-01 16:49:38.919,1875026,hipLaunchKernel,ENTER,const void*=0x7fe663154280; dim3=dim3(0x13600000136); dim3=dim3(0x1); void**=0x2000000020,,0
2025-10-01 16:49:38.919,1875026,hipLaunchKernel,LEAVE,const void*=0x7fe663154280; dim3=dim3(0x13600000136); dim3=dim3(0x1); void**=0x2000000020,NULL,0
2025-10-01 16:49:38.919,1875026,hipGetLastError,ENTER,,,0
2025-10-01 16:49:38.920,1875026,hipGetLastError,LEAVE,,NULL,0
2025-10-01 16:49:38.920,1875026,hipLaunchKernel,ENTER,const void*=0x7fe663154280; dim3=dim3(0x13600000136); dim3=dim3(0x1); void**=0x2000000020,,0
2025-10-01 16:49:38.920,1875026,hipLaunchKernel,LEAVE,const void*=0x7fe663154280; dim3=dim3(0x13600000136); dim3=dim3(0x1); void**=0x2000000020,NULL,0
2025-10-01 16:49:38.920,1875026,hipGetLastError,ENTER,,,0
2025-10-01 16:49:38.920,1875026,hipGetLastError,LEAVE,,NULL,0
2025-10-01 16:49:38.920,1875026,hipStreamSynchronize,ENTER,hipStream_t=0x7fa5dc001290,,0
2025-10-01 16:49:38.920,1875026,hipStreamSynchronize,LEAVE,hipStream_t=0x7fa5dc001290,NULL,0
2025-10-01 16:49:38.920,1875026,hipLaunchKernel,ENTER,const void*=0x7fe663154280; dim3=dim3(0x13600000136); dim3=dim3(0x1); void**=0x2000000020,,0
2025-10-01 16:49:38.921,1875026,hipLaunchKernel,LEAVE,const void*=0x7fe663154280; dim3=dim3(0x13600000136); dim3=dim3(0x1); void**=0x2000000020,NULL,1
2025-10-01 16:49:38.921,1875026,hipGetLastError,ENTER,,,0
2025-10-01 16:49:38.921,1875026,hipGetLastError,LEAVE,,NULL,0
2025-10-01 16:49:38.921,1875026,hipLaunchKernel,ENTER,const void*=0x7fe663154280; dim3=dim3(0x13600000136); dim3=dim3(0x1); void**=0x2000000020,,0
2025-10-01 16:49:38.921,1875026,hipLaunchKernel,LEAVE,const void*=0x7fe663154280; dim3=dim3(0x13600000136); dim3=dim3(0x1); void**=0x2000000020,NULL,0
2025-10-01 16:49:38.921,1875026,hipGetLastError,ENTER,,,0
2025-10-01 16:49:38.921,1875026,hipGetLastError,LEAVE,,NULL,0
2025-10-01 16:49:38.921,1875026,hipLaunchKernel,ENTER,const void*=0x7fe663154280; dim3=dim3(0x13600000136); dim3=dim3(0x1); void**=0x2000000020,,0
2025-10-01 16:49:38.921,1875026,hipLaunchKernel,LEAVE,const void*=0x7fe663154280; dim3=dim3(0x13600000136); dim3=dim3(0x1); void**=0x2000000020,NULL,0
2025-10-01 16:49:38.921,1875026,hipGetLastError,ENTER,,,0
2025-10-01 16:49:38.922,1875026,hipGetLastError,LEAVE,,NULL,0
2025-10-01 16:49:38.922,1875026,hipLaunchKernel,ENTER,const void*=0x7fe663154280; dim3=dim3(0x13600000136); dim3=dim3(0x1); void**=0x2000000020,,0
2025-10-01 16:49:38.922,1875026,hipLaunchKernel,LEAVE,const void*=0x7fe663154280; dim3=dim3(0x13600000136); dim3=dim3(0x1); void**=0x2000000020,NULL,0
2025-10-01 16:49:38.922,1875026,hipGetLastError,ENTER,,,0
2025-10-01 16:49:38.922,1875026,hipGetLastError,LEAVE,,NULL,0
2025-10-01 16:49:38.922,1875026,hipLaunchKernel,ENTER,const void*=0x7fe663154280; dim3=dim3(0x13600000136); dim3=dim3(0x1); void**=0x2000000020,,0
2025-10-01 16:49:38.922,1875026,hipLaunchKernel,LEAVE,const void*=0x7fe663154280; dim3=dim3(0x13600000136); dim3=dim3(0x1); void**=0x2000000020,NULL,0
2025-10-01 16:49:38.922,1875026,hipGetLastError,ENTER,,,0
2025-10-01 16:49:38.922,1875026,hipGetLastError,LEAVE,,NULL,0
2025-10-01 16:49:38.922,1875026,hipLaunchKernel,ENTER,const void*=0x7fe663154280; dim3=dim3(0x13600000136); dim3=dim3(0x1); void**=0x2000000020,,0
2025-10-01 16:49:38.923,1875026,hipLaunchKernel,LEAVE,const void*=0x7fe663154280; dim3=dim3(0x13600000136); dim3=dim3(0x1); void**=0x2000000020,NULL,0
2025-10-01 16:49:38.923,1875026,hipGetLastError,ENTER,,,0
2025-10-01 16:49:38.923,1875026,hipGetLastError,LEAVE,,NULL,0
2025-10-01 16:49:38.923,1875026,hipLaunchKernel,ENTER,const void*=0x7fe663154280; dim3=dim3(0x13600000136); dim3=dim3(0x1); void**=0x2000000020,,0
2025-10-01 16:49:38.923,1875026,hipLaunchKernel,LEAVE,const void*=0x7fe663154280; dim3=dim3(0x13600000136); dim3=dim3(0x1); void**=0x2000000020,NULL,0
2025-10-01 16:49:38.923,1875026,hipGetLastError,ENTER,,,0
2025-10-01 16:49:38.923,1875026,hipGetLastError,LEAVE,,NULL,0
2025-10-01 16:49:38.923,1875026,hipLaunchKernel,ENTER,const void*=0x7fe663154280; dim3=dim3(0x13600000136); dim3=dim3(0x1); void**=0x2000000020,,0
2025-10-01 16:49:38.923,1875026,hipLaunchKernel,LEAVE,const void*=0x7fe663154280; dim3=dim3(0x13600000136); dim3=dim3(0x1); void**=0x2000000020,NULL,0
2025-10-01 16:49:38.923,1875026,hipGetLastError,ENTER,,,0
2025-10-01 16:49:38.924,1875026,hipGetLastError,LEAVE,,NULL,0
2025-10-01 16:49:38.924,1875026,hipLaunchKernel,ENTER,const void*=0x7fe663154280; dim3=dim3(0x13600000136); dim3=dim3(0x1); void**=0x2000000020,,0
2025-10-01 16:49:38.924,1875026,hipLaunchKernel,LEAVE,const void*=0x7fe663154280; dim3=dim3(0x13600000136); dim3=dim3(0x1); void**=0x2000000020,NULL,0
2025-10-01 16:49:38.924,1875026,hipGetLastError,ENTER,,,0
2025-10-01 16:49:38.924,1875026,hipGetLastError,LEAVE,,NULL,0
2025-10-01 16:49:38.924,1875026,hipLaunchKernel,ENTER,const void*=0x7fe663154280; dim3=dim3(0x13600000136); dim3=dim3(0x1); void**=0x2000000020,,0
2025-10-01 16:49:38.924,1875026,hipLaunchKernel,LEAVE,const void*=0x7fe663154280; dim3=dim3(0x13600000136); dim3=dim3(0x1); void**=0x2000000020,NULL,0
2025-10-01 16:49:38.924,1875026,hipGetLastError,ENTER,,,0
2025-10-01 16:49:38.924,1875026,hipGetLastError,LEAVE,,NULL,0
2025-10-01 16:49:38.924,1875026,hipStreamSynchronize,ENTER,hipStream_t=0x7fa5dc001290,,0
2025-10-01 16:49:38.925,1875026,hipStreamSynchronize,LEAVE,hipStream_t=0x7fa5dc001290,NULL,0
2025-10-01 16:49:38.925,1875026,hipLaunchKernel,ENTER,const void*=0x7fe663154280; dim3=dim3(0x13600000136); dim3=dim3(0x1); void**=0x2000000020,,0
2025-10-01 16:49:38.925,1875026,hipLaunchKernel,LEAVE,const void*=0x7fe663154280; dim3=dim3(0x13600000136); dim3=dim3(0x1); void**=0x2000000020,NULL,0
2025-10-01 16:49:38.925,1875026,hipGetLastError,ENTER,,,0
2025-10-01 16:49:38.925,1875026,hipGetLastError,LEAVE,,NULL,0
2025-10-01 16:49:38.925,1875026,hipLaunchKernel,ENTER,const void*=0x7fe663154280; dim3=dim3(0x13600000136); dim3=dim3(0x1); void**=0x2000000020,,0
2025-10-01 16:49:38.925,1875026,hipLaunchKernel,LEAVE,const void*=0x7fe663154280; dim3=dim3(0x13600000136); dim3=dim3(0x1); void**=0x2000000020,NULL,0
2025-10-01 16:49:38.925,1875026,hipGetLastError,ENTER,,,0
2025-10-01 16:49:38.925,1875026,hipGetLastError,LEAVE,,NULL,0
2025-10-01 16:49:38.926,1875026,hipLaunchKernel,ENTER,const void*=0x7fe663154280; dim3=dim3(0x13600000136); dim3=dim3(0x1); void**=0x2000000020,,0
2025-10-01 16:49:38.926,1875026,hipLaunchKernel,LEAVE,const void*=0x7fe663154280; dim3=dim3(0x13600000136); dim3=dim3(0x1); void**=0x2000000020,NULL,0
2025-10-01 16:49:38.926,1875026,hipGetLastError,ENTER,,,0
2025-10-01 16:49:38.926,1875026,hipGetLastError,LEAVE,,NULL,0
2025-10-01 16:49:38.926,1875026,hipLaunchKernel,ENTER,const void*=0x7fe663154280; dim3=dim3(0x13600000136); dim3=dim3(0x1); void**=0x2000000020,,0
2025-10-01 16:49:38.926,1875026,hipLaunchKernel,LEAVE,const void*=0x7fe663154280; dim3=dim3(0x13600000136); dim3=dim3(0x1); void**=0x2000000020,NULL,0
2025-10-01 16:49:38.926,1875026,hipGetLastError,ENTER,,,0
2025-10-01 16:49:38.926,1875026,hipGetLastError,LEAVE,,NULL,0
2025-10-01 16:49:38.926,1875026,hipLaunchKernel,ENTER,const void*=0x7fe663154280; dim3=dim3(0x13600000136); dim3=dim3(0x1); void**=0x2000000020,,0
2025-10-01 16:49:38.926,1875026,hipLaunchKernel,LEAVE,const void*=0x7fe663154280; dim3=dim3(0x13600000136); dim3=dim3(0x1); void**=0x2000000020,NULL,0
2025-10-01 16:49:38.927,1875026,hipGetLastError,ENTER,,,0
2025-10-01 16:49:38.927,1875026,hipGetLastError,LEAVE,,NULL,0
2025-10-01 16:49:38.927,1875026,hipLaunchKernel,ENTER,const void*=0x7fe663154280; dim3=dim3(0x13600000136); dim3=dim3(0x1); void**=0x2000000020,,0
2025-10-01 16:49:38.927,1875026,hipLaunchKernel,LEAVE,const void*=0x7fe663154280; dim3=dim3(0x13600000136); dim3=dim3(0x1); void**=0x2000000020,NULL,0
2025-10-01 16:49:38.927,1875026,hipGetLastError,ENTER,,,0
2025-10-01 16:49:38.927,1875026,hipGetLastError,LEAVE,,NULL,0
2025-10-01 16:49:38.927,1875026,hipLaunchKernel,ENTER,const void*=0x7fe663154280; dim3=dim3(0x13600000136); dim3=dim3(0x1); void**=0x2000000020,,0
2025-10-01 16:49:38.927,1875026,hipLaunchKernel,LEAVE,const void*=0x7fe663154280; dim3=dim3(0x13600000136); dim3=dim3(0x1); void**=0x2000000020,NULL,0
2025-10-01 16:49:38.927,1875026,hipGetLastError,ENTER,,,0
2025-10-01 16:49:38.927,1875026,hipGetLastError,LEAVE,,NULL,0
2025-10-01 16:49:38.928,1875026,hipLaunchKernel,ENTER,const void*=0x7fe663154280; dim3=dim3(0x13600000136); dim3=dim3(0x1); void**=0x2000000020,,0
2025-10-01 16:49:38.928,1875026,hipLaunchKernel,LEAVE,const void*=0x7fe663154280; dim3=dim3(0x13600000136); dim3=dim3(0x1); void**=0x2000000020,NULL,0
2025-10-01 16:49:38.928,1875026,hipGetLastError,ENTER,,,0
2025-10-01 16:49:38.928,1875026,hipGetLastError,LEAVE,,NULL,0
2025-10-01 16:49:38.928,1875026,hipLaunchKernel,ENTER,const void*=0x7fe663154280; dim3=dim3(0x13600000136); dim3=dim3(0x1); void**=0x2000000020,,0
2025-10-01 16:49:38.928,1875026,hipLaunchKernel,LEAVE,const void*=0x7fe663154280; dim3=dim3(0x13600000136); dim3=dim3(0x1); void**=0x2000000020,NULL,0
2025-10-01 16:49:38.928,1875026,hipGetLastError,ENTER,,,0
2025-10-01 16:49:38.928,1875026,hipGetLastError,LEAVE,,NULL,0
2025-10-01 16:49:38.928,1875026,hipLaunchKernel,ENTER,const void*=0x7fe663154280; dim3=dim3(0x13600000136); dim3=dim3(0x1); void**=0x2000000020,,0
2025-10-01 16:49:38.928,1875026,hipLaunchKernel,LEAVE,const void*=0x7fe663154280; dim3=dim3(0x13600000136); dim3=dim3(0x1); void**=0x2000000020,NULL,0
2025-10-01 16:49:38.929,1875026,hipGetLastError,ENTER,,,0
2025-10-01 16:49:38.929,1875026,hipGetLastError,LEAVE,,NULL,0
2025-10-01 16:49:38.929,1875026,hipStreamSynchronize,ENTER,hipStream_t=0x7fa5dc001290,,0
2025-10-01 16:49:38.929,1875026,hipStreamSynchronize,LEAVE,hipStream_t=0x7fa5dc001290,NULL,0
2025-10-01 16:49:38.929,1875026,hipLaunchKernel,ENTER,const void*=0x7fe663154280; dim3=dim3(0x13600000136); dim3=dim3(0x1); void**=0x2000000020,,0
2025-10-01 16:49:38.929,1875026,hipLaunchKernel,LEAVE,const void*=0x7fe663154280; dim3=dim3(0x13600000136); dim3=dim3(0x1); void**=0x2000000020,NULL,0
2025-10-01 16:49:38.929,1875026,hipGetLastError,ENTER,,,0
2025-10-01 16:49:38.929,1875026,hipGetLastError,LEAVE,,NULL,0
2025-10-01 16:49:38.929,1875026,hipLaunchKernel,ENTER,const void*=0x7fe663154280; dim3=dim3(0x13600000136); dim3=dim3(0x1); void**=0x2000000020,,0
2025-10-01 16:49:38.929,1875026,hipLaunchKernel,LEAVE,const void*=0x7fe663154280; dim3=dim3(0x13600000136); dim3=dim3(0x1); void**=0x2000000020,NULL,0
2025-10-01 16:49:38.930,1875026,hipGetLastError,ENTER,,,0
2025-10-01 16:49:38.930,1875026,hipGetLastError,LEAVE,,NULL,0
2025-10-01 16:49:38.930,1875026,hipLaunchKernel,ENTER,const void*=0x7fe663154280; dim3=dim3(0x13600000136); dim3=dim3(0x1); void**=0x2000000020,,0
2025-10-01 16:49:38.930,1875026,hipLaunchKernel,LEAVE,const void*=0x7fe663154280; dim3=dim3(0x13600000136); dim3=dim3(0x1); void**=0x2000000020,NULL,0
2025-10-01 16:49:38.930,1875026,hipGetLastError,ENTER,,,0
2025-10-01 16:49:38.930,1875026,hipGetLastError,LEAVE,,NULL,0
2025-10-01 16:49:38.930,1875026,hipLaunchKernel,ENTER,const void*=0x7fe663154280; dim3=dim3(0x13600000136); dim3=dim3(0x1); void**=0x2000000020,,0
2025-10-01 16:49:38.930,1875026,hipLaunchKernel,LEAVE,const void*=0x7fe663154280; dim3=dim3(0x13600000136); dim3=dim3(0x1); void**=0x2000000020,NULL,0
2025-10-01 16:49:38.930,1875026,hipGetLastError,ENTER,,,0
2025-10-01 16:49:38.930,1875026,hipGetLastError,LEAVE,,NULL,0
2025-10-01 16:49:38.931,1875026,hipLaunchKernel,ENTER,const void*=0x7fe663154280; dim3=dim3(0x13600000136); dim3=dim3(0x1); void**=0x2000000020,,0
2025-10-01 16:49:38.931,1875026,hipLaunchKernel,LEAVE,const void*=0x7fe663154280; dim3=dim3(0x13600000136); dim3=dim3(0x1); void**=0x2000000020,NULL,0
2025-10-01 16:49:38.931,1875026,hipGetLastError,ENTER,,,0
2025-10-01 16:49:38.931,1875026,hipGetLastError,LEAVE,,NULL,0
2025-10-01 16:49:38.931,1875026,hipLaunchKernel,ENTER,const void*=0x7fe663154280; dim3=dim3(0x13600000136); dim3=dim3(0x1); void**=0x2000000020,,0
2025-10-01 16:49:38.931,1875026,hipLaunchKernel,LEAVE,const void*=0x7fe663154280; dim3=dim3(0x13600000136); dim3=dim3(0x1); void**=0x2000000020,NULL,0
2025-10-01 16:49:38.931,1875026,hipGetLastError,ENTER,,,0
2025-10-01 16:49:38.931,1875026,hipGetLastError,LEAVE,,NULL,0
2025-10-01 16:49:38.931,1875026,hipLaunchKernel,ENTER,const void*=0x7fe663154280; dim3=dim3(0x13600000136); dim3=dim3(0x1); void**=0x2000000020,,0
2025-10-01 16:49:38.931,1875026,hipLaunchKernel,LEAVE,const void*=0x7fe663154280; dim3=dim3(0x13600000136); dim3=dim3(0x1); void**=0x2000000020,NULL,0
2025-10-01 16:49:38.932,1875026,hipGetLastError,ENTER,,,0
2025-10-01 16:49:38.932,1875026,hipGetLastError,LEAVE,,NULL,0
2025-10-01 16:49:38.932,1875026,hipLaunchKernel,ENTER,const void*=0x7fe663154280; dim3=dim3(0x13600000136); dim3=dim3(0x1); void**=0x2000000020,,0
2025-10-01 16:49:38.932,1875026,hipLaunchKernel,LEAVE,const void*=0x7fe663154280; dim3=dim3(0x13600000136); dim3=dim3(0x1); void**=0x2000000020,NULL,0
2025-10-01 16:49:38.932,1875026,hipGetLastError,ENTER,,,0
2025-10-01 16:49:38.932,1875026,hipGetLastError,LEAVE,,NULL,0
2025-10-01 16:49:38.932,1875026,hipLaunchKernel,ENTER,const void*=0x7fe663154280; dim3=dim3(0x13600000136); dim3=dim3(0x1); void**=0x2000000020,,0
2025-10-01 16:49:38.932,1875026,hipLaunchKernel,LEAVE,const void*=0x7fe663154280; dim3=dim3(0x13600000136); dim3=dim3(0x1); void**=0x2000000020,NULL,0
2025-10-01 16:49:38.932,1875026,hipGetLastError,ENTER,,,0
2025-10-01 16:49:38.932,1875026,hipGetLastError,LEAVE,,NULL,0
2025-10-01 16:49:38.933,1875026,hipLaunchKernel,ENTER,const void*=0x7fe663154280; dim3=dim3(0x13600000136); dim3=dim3(0x1); void**=0x2000000020,,0
2025-10-01 16:49:38.933,1875026,hipLaunchKernel,LEAVE,const void*=0x7fe663154280; dim3=dim3(0x13600000136); dim3=dim3(0x1); void**=0x2000000020,NULL,0
2025-10-01 16:49:38.933,1875026,hipGetLastError,ENTER,,,0
2025-10-01 16:49:38.933,1875026,hipGetLastError,LEAVE,,NULL,0
2025-10-01 16:49:38.933,1875026,hipStreamSynchronize,ENTER,hipStream_t=0x7fa5dc001290,,0
2025-10-01 16:49:38.933,1875026,hipStreamSynchronize,LEAVE,hipStream_t=0x7fa5dc001290,NULL,0
2025-10-01 16:49:38.933,1875026,hipStreamSynchronize,ENTER,hipStream_t=0x7fa5dc001290,,0
2025-10-01 16:49:38.933,1875026,hipStreamSynchronize,LEAVE,hipStream_t=0x7fa5dc001290,NULL,0
2025-10-01 16:49:38.933,1875026,hipMemcpyAsync,ENTER,void*=0x7f9ed92de010; const void*=0x7f89be000000; size_t=0x17764000; hipMemcpyKind=hipMemcpyDeviceToHost,,0
2025-10-01 16:49:39.328,1875024,hipMemcpyAsync,LEAVE,void*=0x7f96ff0de010; const void*=0x7f8974a00000; size_t=0x17764000; hipMemcpyKind=hipMemcpyDeviceToHost,NULL,469
2025-10-01 16:49:39.328,1875024,hipStreamSynchronize,ENTER,hipStream_t=0x7fa5ec002730,,0
2025-10-01 16:49:39.337,1875024,hipStreamSynchronize,LEAVE,hipStream_t=0x7fa5ec002730,NULL,9
2025-10-01 16:49:39.337,1875024,hipStreamDestroy,ENTER,hipStream_t=0x7fa5ec002730,,0
2025-10-01 16:49:39.337,1875027,hipMemcpyAsync,LEAVE,void*=0x7f8931200000; const void*=0x7f969f26f010; size_t=0x17764000; hipMemcpyKind=hipMemcpyHostToDevice,NULL,511
2025-10-01 16:49:39.351,1875027,hipStreamSynchronize,ENTER,hipStream_t=0x7fa5e4001290,,0
2025-10-01 16:49:39.351,1875026,hipMemcpyAsync,LEAVE,void*=0x7f9ed92de010; const void*=0x7f89be000000; size_t=0x17764000; hipMemcpyKind=hipMemcpyDeviceToHost,NULL,418
2025-10-01 16:49:39.351,1875026,hipStreamSynchronize,ENTER,hipStream_t=0x7fa5dc001290,,0
2025-10-01 16:49:39.357,1875025,hipMemcpyAsync,LEAVE,void*=0x7f8919800000; const void*=0x7f9e1966f010; size_t=0x17764000; hipMemcpyKind=hipMemcpyHostToDevice,NULL,531
2025-10-01 16:49:39.357,1875025,hipStreamSynchronize,ENTER,hipStream_t=0x7fa5e8001290,,0
2025-10-01 16:49:39.394,1875022,hipMemcpyAsync,ENTER,void*=0x7f9032600400; const void*=0x7f88e1200000; size_t=0x2000000; hipMemcpyKind=hipMemcpyHostToDevice,,0
2025-10-01 16:49:39.394,1875027,hipStreamSynchronize,LEAVE,hipStream_t=0x7fa5e4001290,NULL,43
2025-10-01 16:49:39.394,1875022,hipMemcpyAsync,LEAVE,void*=0x7f9032600400; const void*=0x7f88e1200000; size_t=0x2000000; hipMemcpyKind=hipMemcpyHostToDevice,NULL,0
2025-10-01 16:49:39.394,1875022,hipMemcpyAsync,ENTER,void*=0x7f9034600500; const void*=0x7f88df000000; size_t=0x2000000; hipMemcpyKind=hipMemcpyHostToDevice,,0
2025-10-01 16:49:39.395,1875027,hipLaunchKernel,ENTER,const void*=0x7fe663154280; dim3=dim3(0x13600000136); dim3=dim3(0x1); void**=0x2000000020,,0
2025-10-01 16:49:39.395,1875024,hipStreamDestroy,LEAVE,hipStream_t=0x7fa5ec002730,NULL,58
2025-10-01 16:49:39.395,1875022,hipMemcpyAsync,LEAVE,void*=0x7f9034600500; const void*=0x7f88df000000; size_t=0x2000000; hipMemcpyKind=hipMemcpyHostToDevice,NULL,0
2025-10-01 16:49:39.395,1875020,hipMemcpyAsync,ENTER,void*=0x7f97c9200700; const void*=0x7f88ffc00000; size_t=0x2000000; hipMemcpyKind=hipMemcpyHostToDevice,,0
2025-10-01 16:49:39.396,1875025,hipStreamSynchronize,LEAVE,hipStream_t=0x7fa5e8001290,NULL,39
2025-10-01 16:49:39.396,1875024,hipFree,ENTER,void*=0x7f898c600000,,0
2025-10-01 16:49:39.396,1875020,hipMemcpyAsync,LEAVE,void*=0x7f97c9200700; const void*=0x7f88ffc00000; size_t=0x2000000; hipMemcpyKind=hipMemcpyHostToDevice,NULL,0
2025-10-01 16:49:39.396,1875020,hipMemcpyAsync,ENTER,void*=0x7f97cb200800; const void*=0x7f88e5600000; size_t=0x2000000; hipMemcpyKind=hipMemcpyHostToDevice,,0
2025-10-01 16:49:39.396,1875025,hipLaunchKernel,ENTER,const void*=0x7fe663154280; dim3=dim3(0x13600000136); dim3=dim3(0x1); void**=0x2000000020,,0
2025-10-01 16:49:39.397,1875020,hipMemcpyAsync,LEAVE,void*=0x7f97cb200800; const void*=0x7f88e5600000; size_t=0x2000000; hipMemcpyKind=hipMemcpyHostToDevice,NULL,1
2025-10-01 16:49:39.408,1875021,hipMemcpyAsync,ENTER,void*=0x7f9fc0e01600; const void*=0x7f88dac00000; size_t=0x2000000; hipMemcpyKind=hipMemcpyHostToDevice,,0
2025-10-01 16:49:39.408,1875026,hipStreamSynchronize,LEAVE,hipStream_t=0x7fa5dc001290,NULL,57
2025-10-01 16:49:39.408,1875026,hipStreamDestroy,ENTER,hipStream_t=0x7fa5dc001290,,0
2025-10-01 16:49:39.409,1875021,hipMemcpyAsync,LEAVE,void*=0x7f9fc0e01600; const void*=0x7f88dac00000; size_t=0x2000000; hipMemcpyKind=hipMemcpyHostToDevice,NULL,1
2025-10-01 16:49:39.409,1875021,hipMemcpyAsync,ENTER,void*=0x7f9fc2e01700; const void*=0x7f88d8a00000; size_t=0x2000000; hipMemcpyKind=hipMemcpyHostToDevice,,0
2025-10-01 16:49:39.409,1875021,hipMemcpyAsync,LEAVE,void*=0x7f9fc2e01700; const void*=0x7f88d8a00000; size_t=0x2000000; hipMemcpyKind=hipMemcpyHostToDevice,NULL,0
2025-10-01 16:49:39.409,1875021,hipStreamSynchronize,ENTER,hipStream_t=0x7fa6240014c0,,0
2025-10-01 16:49:39.409,1875021,hipStreamSynchronize,LEAVE,hipStream_t=0x7fa6240014c0,NULL,0
2025-10-01 16:49:39.409,1875021,hipStreamSynchronize,ENTER,hipStream_t=0x7fa624e7a5f0,,0
2025-10-01 16:49:39.410,1875021,hipStreamSynchronize,LEAVE,hipStream_t=0x7fa624e7a5f0,NULL,0
2025-10-01 16:49:39.410,1875021,hipStreamSynchronize,ENTER,hipStream_t=0x7fa62431e1b0,,0
2025-10-01 16:49:39.410,1875021,hipStreamSynchronize,LEAVE,hipStream_t=0x7fa62431e1b0,NULL,0
2025-10-01 16:49:39.410,1875021,hipStreamSynchronize,ENTER,hipStream_t=0x7fa624d16180,,0
2025-10-01 16:49:39.410,1875021,hipStreamSynchronize,LEAVE,hipStream_t=0x7fa624d16180,NULL,0
2025-10-01 16:49:39.410,1875021,hipStreamSynchronize,ENTER,hipStream_t=0x7fa624d45130,,0
2025-10-01 16:49:39.410,1875021,hipStreamSynchronize,LEAVE,hipStream_t=0x7fa624d45130,NULL,0
2025-10-01 16:49:39.410,1875021,hipStreamSynchronize,ENTER,hipStream_t=0x7fa62431a950,,0
2025-10-01 16:49:39.411,1875021,hipStreamSynchronize,LEAVE,hipStream_t=0x7fa62431a950,NULL,0
2025-10-01 16:49:39.411,1875021,hipStreamSynchronize,ENTER,hipStream_t=0x7fa624bfbdf0,,0
2025-10-01 16:49:39.411,1875021,hipStreamSynchronize,LEAVE,hipStream_t=0x7fa624bfbdf0,NULL,0
2025-10-01 16:49:39.411,1875021,hipStreamSynchronize,ENTER,hipStream_t=0x7fa624e90c60,,0
2025-10-01 16:49:39.411,1875021,hipStreamSynchronize,LEAVE,hipStream_t=0x7fa624e90c60,NULL,0
2025-10-01 16:49:39.411,1875021,hipLaunchKernel,ENTER,const void*=0x7fe663140fb0; dim3=dim3(0x80000000040); dim3=dim3(0x1); void**=0x100000040,,0
2025-10-01 16:49:39.480,1875024,hipFree,LEAVE,void*=0x7f898c600000,NULL,84
2025-10-01 16:49:39.481,1875024,hipFree,ENTER,void*=0x7f8974a00000,,0
2025-10-01 16:49:39.604,1875024,hipFree,LEAVE,void*=0x7f8974a00000,NULL,123
2025-10-01 16:49:39.777,1875026,hipStreamDestroy,LEAVE,hipStream_t=0x7fa5dc001290,NULL,368
2025-10-01 16:49:39.777,1875026,hipFree,ENTER,void*=0x7f89d6400000,,0
2025-10-01 16:49:39.808,1875026,hipFree,LEAVE,void*=0x7f89d6400000,NULL,31
2025-10-01 16:49:39.808,1875026,hipFree,ENTER,void*=0x7f89be000000,,0
2025-10-01 16:49:39.924,1875026,hipFree,LEAVE,void*=0x7f89be000000,NULL,116
2025-10-01 16:49:40.085,1875019,hipMemcpyAsync,ENTER,void*=0x7f8a18400700; const void*=0x7f88d4600000; size_t=0x2000000; hipMemcpyKind=hipMemcpyHostToDevice,,0
2025-10-01 16:49:40.085,1875019,hipMemcpyAsync,LEAVE,void*=0x7f8a18400700; const void*=0x7f88d4600000; size_t=0x2000000; hipMemcpyKind=hipMemcpyHostToDevice,NULL,0
2025-10-01 16:49:40.085,1875019,hipMemcpyAsync,ENTER,void*=0x7f8a1a400800; const void*=0x7f97b8a00000; size_t=0x2000000; hipMemcpyKind=hipMemcpyHostToDevice,,0
2025-10-01 16:49:40.085,1875019,hipMemcpyAsync,LEAVE,void*=0x7f8a1a400800; const void*=0x7f97b8a00000; size_t=0x2000000; hipMemcpyKind=hipMemcpyHostToDevice,NULL,0
2025-10-01 16:49:40.086,1875021,hipLaunchKernel,LEAVE,const void*=0x7fe663140fb0; dim3=dim3(0x80000000040); dim3=dim3(0x1); void**=0x100000040,NULL,675
2025-10-01 16:49:40.086,1875021,hipLaunchKernel,ENTER,const void*=0x7fe663140fb8; dim3=dim3(0x80000000040); dim3=dim3(0x1); void**=0x100000040,,0
2025-10-01 16:49:40.086,1875021,hipLaunchKernel,LEAVE,const void*=0x7fe663140fb8; dim3=dim3(0x80000000040); dim3=dim3(0x1); void**=0x100000040,NULL,0
2025-10-01 16:49:40.086,1875021,hipLaunchKernel,ENTER,const void*=0x7fe663140fc0; dim3=dim3(0x80000000040); dim3=dim3(0x1); void**=0x100000040,,0
2025-10-01 16:49:40.087,1875021,hipLaunchKernel,LEAVE,const void*=0x7fe663140fc0; dim3=dim3(0x80000000040); dim3=dim3(0x1); void**=0x100000040,NULL,0
2025-10-01 16:49:40.087,1875021,hipLaunchKernel,ENTER,const void*=0x7fe663140fc8; dim3=dim3(0x80000000040); dim3=dim3(0x1); void**=0x100000040,,0
2025-10-01 16:49:40.087,1875021,hipLaunchKernel,LEAVE,const void*=0x7fe663140fc8; dim3=dim3(0x80000000040); dim3=dim3(0x1); void**=0x100000040,NULL,0
2025-10-01 16:49:40.087,1875021,hipLaunchKernel,ENTER,const void*=0x7fe663140fb0; dim3=dim3(0x80000000040); dim3=dim3(0x1); void**=0x100000040,,0
2025-10-01 16:49:40.087,1875021,hipLaunchKernel,LEAVE,const void*=0x7fe663140fb0; dim3=dim3(0x80000000040); dim3=dim3(0x1); void**=0x100000040,NULL,0
2025-10-01 16:49:40.087,1875021,hipLaunchKernel,ENTER,const void*=0x7fe663140fb8; dim3=dim3(0x80000000040); dim3=dim3(0x1); void**=0x100000040,,0
2025-10-01 16:49:40.087,1875021,hipLaunchKernel,LEAVE,const void*=0x7fe663140fb8; dim3=dim3(0x80000000040); dim3=dim3(0x1); void**=0x100000040,NULL,0
2025-10-01 16:49:40.088,1875021,hipLaunchKernel,ENTER,const void*=0x7fe663140fc0; dim3=dim3(0x80000000040); dim3=dim3(0x1); void**=0x100000040,,0
2025-10-01 16:49:40.088,1875021,hipLaunchKernel,LEAVE,const void*=0x7fe663140fc0; dim3=dim3(0x80000000040); dim3=dim3(0x1); void**=0x100000040,NULL,0
2025-10-01 16:49:40.088,1875021,hipLaunchKernel,ENTER,const void*=0x7fe663140fc8; dim3=dim3(0x80000000040); dim3=dim3(0x1); void**=0x100000040,,0
2025-10-01 16:49:40.088,1875021,hipLaunchKernel,LEAVE,const void*=0x7fe663140fc8; dim3=dim3(0x80000000040); dim3=dim3(0x1); void**=0x100000040,NULL,0
2025-10-01 16:49:40.088,1875021,hipLaunchKernel,ENTER,const void*=0x7fe663140fb0; dim3=dim3(0x80000000040); dim3=dim3(0x1); void**=0x100000040,,0
2025-10-01 16:49:40.088,1875021,hipLaunchKernel,LEAVE,const void*=0x7fe663140fb0; dim3=dim3(0x80000000040); dim3=dim3(0x1); void**=0x100000040,NULL,0
2025-10-01 16:49:40.089,1875021,hipLaunchKernel,ENTER,const void*=0x7fe663140fb8; dim3=dim3(0x80000000040); dim3=dim3(0x1); void**=0x100000040,,0
2025-10-01 16:49:40.089,1875021,hipLaunchKernel,LEAVE,const void*=0x7fe663140fb8; dim3=dim3(0x80000000040); dim3=dim3(0x1); void**=0x100000040,NULL,0
2025-10-01 16:49:40.089,1875021,hipLaunchKernel,ENTER,const void*=0x7fe663140fc0; dim3=dim3(0x80000000040); dim3=dim3(0x1); void**=0x100000040,,0
2025-10-01 16:49:40.089,1875021,hipLaunchKernel,LEAVE,const void*=0x7fe663140fc0; dim3=dim3(0x80000000040); dim3=dim3(0x1); void**=0x100000040,NULL,0
2025-10-01 16:49:40.089,1875021,hipLaunchKernel,ENTER,const void*=0x7fe663140fc8; dim3=dim3(0x80000000040); dim3=dim3(0x1); void**=0x100000040,,0
2025-10-01 16:49:40.089,1875021,hipLaunchKernel,LEAVE,const void*=0x7fe663140fc8; dim3=dim3(0x80000000040); dim3=dim3(0x1); void**=0x100000040,NULL,0
2025-10-01 16:49:40.089,1875021,hipLaunchKernel,ENTER,const void*=0x7fe663140fb0; dim3=dim3(0x80000000040); dim3=dim3(0x1); void**=0x100000040,,0
2025-10-01 16:49:40.090,1875021,hipLaunchKernel,LEAVE,const void*=0x7fe663140fb0; dim3=dim3(0x80000000040); dim3=dim3(0x1); void**=0x100000040,NULL,0
2025-10-01 16:49:40.090,1875021,hipLaunchKernel,ENTER,const void*=0x7fe663140fb8; dim3=dim3(0x80000000040); dim3=dim3(0x1); void**=0x100000040,,0
2025-10-01 16:49:40.090,1875021,hipLaunchKernel,LEAVE,const void*=0x7fe663140fb8; dim3=dim3(0x80000000040); dim3=dim3(0x1); void**=0x100000040,NULL,0
2025-10-01 16:49:40.090,1875021,hipLaunchKernel,ENTER,const void*=0x7fe663140fc0; dim3=dim3(0x80000000040); dim3=dim3(0x1); void**=0x100000040,,0
2025-10-01 16:49:40.090,1875021,hipLaunchKernel,LEAVE,const void*=0x7fe663140fc0; dim3=dim3(0x80000000040); dim3=dim3(0x1); void**=0x100000040,NULL,0
2025-10-01 16:49:40.090,1875021,hipLaunchKernel,ENTER,const void*=0x7fe663140fc8; dim3=dim3(0x80000000040); dim3=dim3(0x1); void**=0x100000040,,0
2025-10-01 16:49:40.091,1875021,hipLaunchKernel,LEAVE,const void*=0x7fe663140fc8; dim3=dim3(0x80000000040); dim3=dim3(0x1); void**=0x100000040,NULL,0
2025-10-01 16:49:40.091,1875021,hipLaunchKernel,ENTER,const void*=0x7fe663140fb0; dim3=dim3(0x80000000040); dim3=dim3(0x1); void**=0x100000040,,0
2025-10-01 16:49:40.091,1875021,hipLaunchKernel,LEAVE,const void*=0x7fe663140fb0; dim3=dim3(0x80000000040); dim3=dim3(0x1); void**=0x100000040,NULL,0
2025-10-01 16:49:40.091,1875021,hipLaunchKernel,ENTER,const void*=0x7fe663140fb8; dim3=dim3(0x80000000040); dim3=dim3(0x1); void**=0x100000040,,0
2025-10-01 16:49:40.091,1875021,hipLaunchKernel,LEAVE,const void*=0x7fe663140fb8; dim3=dim3(0x80000000040); dim3=dim3(0x1); void**=0x100000040,NULL,0
2025-10-01 16:49:40.091,1875021,hipLaunchKernel,ENTER,const void*=0x7fe663140fc0; dim3=dim3(0x80000000040); dim3=dim3(0x1); void**=0x100000040,,0
2025-10-01 16:49:40.091,1875021,hipLaunchKernel,LEAVE,const void*=0x7fe663140fc0; dim3=dim3(0x80000000040); dim3=dim3(0x1); void**=0x100000040,NULL,0
2025-10-01 16:49:40.092,1875021,hipLaunchKernel,ENTER,const void*=0x7fe663140fc8; dim3=dim3(0x80000000040); dim3=dim3(0x1); void**=0x100000040,,0
2025-10-01 16:49:40.092,1875021,hipLaunchKernel,LEAVE,const void*=0x7fe663140fc8; dim3=dim3(0x80000000040); dim3=dim3(0x1); void**=0x100000040,NULL,0
2025-10-01 16:49:40.092,1875021,hipLaunchKernel,ENTER,const void*=0x7fe663140fb0; dim3=dim3(0x80000000040); dim3=dim3(0x1); void**=0x100000040,,0
2025-10-01 16:49:40.092,1875021,hipLaunchKernel,LEAVE,const void*=0x7fe663140fb0; dim3=dim3(0x80000000040); dim3=dim3(0x1); void**=0x100000040,NULL,0
2025-10-01 16:49:40.092,1875021,hipLaunchKernel,ENTER,const void*=0x7fe663140fb8; dim3=dim3(0x80000000040); dim3=dim3(0x1); void**=0x100000040,,0
2025-10-01 16:49:40.092,1875021,hipLaunchKernel,LEAVE,const void*=0x7fe663140fb8; dim3=dim3(0x80000000040); dim3=dim3(0x1); void**=0x100000040,NULL,0
2025-10-01 16:49:40.092,1875021,hipLaunchKernel,ENTER,const void*=0x7fe663140fc0; dim3=dim3(0x80000000040); dim3=dim3(0x1); void**=0x100000040,,0
2025-10-01 16:49:40.093,1875021,hipLaunchKernel,LEAVE,const void*=0x7fe663140fc0; dim3=dim3(0x80000000040); dim3=dim3(0x1); void**=0x100000040,NULL,0
2025-10-01 16:49:40.093,1875021,hipLaunchKernel,ENTER,const void*=0x7fe663140fc8; dim3=dim3(0x80000000040); dim3=dim3(0x1); void**=0x100000040,,0
2025-10-01 16:49:40.093,1875021,hipLaunchKernel,LEAVE,const void*=0x7fe663140fc8; dim3=dim3(0x80000000040); dim3=dim3(0x1); void**=0x100000040,NULL,0
2025-10-01 16:49:40.093,1875021,hipLaunchKernel,ENTER,const void*=0x7fe663140fb0; dim3=dim3(0x80000000040); dim3=dim3(0x1); void**=0x100000040,,0
2025-10-01 16:49:40.093,1875021,hipLaunchKernel,LEAVE,const void*=0x7fe663140fb0; dim3=dim3(0x80000000040); dim3=dim3(0x1); void**=0x100000040,NULL,0
2025-10-01 16:49:40.093,1875021,hipLaunchKernel,ENTER,const void*=0x7fe663140fb8; dim3=dim3(0x80000000040); dim3=dim3(0x1); void**=0x100000040,,0
2025-10-01 16:49:40.094,1875021,hipLaunchKernel,LEAVE,const void*=0x7fe663140fb8; dim3=dim3(0x80000000040); dim3=dim3(0x1); void**=0x100000040,NULL,0
2025-10-01 16:49:40.094,1875021,hipLaunchKernel,ENTER,const void*=0x7fe663140fc0; dim3=dim3(0x80000000040); dim3=dim3(0x1); void**=0x100000040,,0
2025-10-01 16:49:40.094,1875021,hipLaunchKernel,LEAVE,const void*=0x7fe663140fc0; dim3=dim3(0x80000000040); dim3=dim3(0x1); void**=0x100000040,NULL,0
2025-10-01 16:49:40.094,1875021,hipLaunchKernel,ENTER,const void*=0x7fe663140fc8; dim3=dim3(0x80000000040); dim3=dim3(0x1); void**=0x100000040,,0
2025-10-01 16:49:40.094,1875021,hipLaunchKernel,LEAVE,const void*=0x7fe663140fc8; dim3=dim3(0x80000000040); dim3=dim3(0x1); void**=0x100000040,NULL,0
2025-10-01 16:49:40.094,1875021,hipLaunchKernel,ENTER,const void*=0x7fe663140fb0; dim3=dim3(0x80000000040); dim3=dim3(0x1); void**=0x100000040,,0
2025-10-01 16:49:40.094,1875021,hipLaunchKernel,LEAVE,const void*=0x7fe663140fb0; dim3=dim3(0x80000000040); dim3=dim3(0x1); void**=0x100000040,NULL,0
2025-10-01 16:49:40.095,1875021,hipLaunchKernel,ENTER,const void*=0x7fe663140fb8; dim3=dim3(0x80000000040); dim3=dim3(0x1); void**=0x100000040,,0
2025-10-01 16:49:40.095,1875021,hipLaunchKernel,LEAVE,const void*=0x7fe663140fb8; dim3=dim3(0x80000000040); dim3=dim3(0x1); void**=0x100000040,NULL,0
2025-10-01 16:49:40.095,1875021,hipLaunchKernel,ENTER,const void*=0x7fe663140fc0; dim3=dim3(0x80000000040); dim3=dim3(0x1); void**=0x100000040,,0
2025-10-01 16:49:40.095,1875021,hipLaunchKernel,LEAVE,const void*=0x7fe663140fc0; dim3=dim3(0x80000000040); dim3=dim3(0x1); void**=0x100000040,NULL,0
2025-10-01 16:49:40.095,1875021,hipLaunchKernel,ENTER,const void*=0x7fe663140fc8; dim3=dim3(0x80000000040); dim3=dim3(0x1); void**=0x100000040,,0
2025-10-01 16:49:40.095,1875021,hipLaunchKernel,LEAVE,const void*=0x7fe663140fc8; dim3=dim3(0x80000000040); dim3=dim3(0x1); void**=0x100000040,NULL,0
2025-10-01 16:49:40.096,1875021,hipStreamSynchronize,ENTER,hipStream_t=0x7fa6240014c0,,0
2025-10-01 16:49:40.096,1875021,hipStreamSynchronize,LEAVE,hipStream_t=0x7fa6240014c0,NULL,0
2025-10-01 16:49:40.096,1875021,hipStreamSynchronize,ENTER,hipStream_t=0x7fa624e7a5f0,,0
2025-10-01 16:49:40.096,1875021,hipStreamSynchronize,LEAVE,hipStream_t=0x7fa624e7a5f0,NULL,0
2025-10-01 16:49:40.096,1875021,hipStreamSynchronize,ENTER,hipStream_t=0x7fa62431e1b0,,0
2025-10-01 16:49:40.096,1875021,hipStreamSynchronize,LEAVE,hipStream_t=0x7fa62431e1b0,NULL,0
2025-10-01 16:49:40.096,1875021,hipStreamSynchronize,ENTER,hipStream_t=0x7fa624d16180,,0
2025-10-01 16:49:40.096,1875021,hipStreamSynchronize,LEAVE,hipStream_t=0x7fa624d16180,NULL,0
2025-10-01 16:49:40.097,1875021,hipStreamSynchronize,ENTER,hipStream_t=0x7fa624d45130,,0
2025-10-01 16:49:40.097,1875021,hipStreamSynchronize,LEAVE,hipStream_t=0x7fa624d45130,NULL,0
2025-10-01 16:49:40.097,1875021,hipStreamSynchronize,ENTER,hipStream_t=0x7fa62431a950,,0
2025-10-01 16:49:40.097,1875021,hipStreamSynchronize,LEAVE,hipStream_t=0x7fa62431a950,NULL,0
2025-10-01 16:49:40.097,1875021,hipStreamSynchronize,ENTER,hipStream_t=0x7fa624bfbdf0,,0
2025-10-01 16:49:40.097,1875021,hipStreamSynchronize,LEAVE,hipStream_t=0x7fa624bfbdf0,NULL,0
2025-10-01 16:49:40.097,1875021,hipStreamSynchronize,ENTER,hipStream_t=0x7fa624e90c60,,0
2025-10-01 16:49:40.097,1875021,hipStreamSynchronize,LEAVE,hipStream_t=0x7fa624e90c60,NULL,0
2025-10-01 16:49:40.098,1875021,hipMemcpyAsync,ENTER,void*=0x7fa5e0c00000; const void*=0x7f9f94e00100; size_t=0x2000000; hipMemcpyKind=hipMemcpyDeviceToHost,,0
2025-10-01 16:49:40.098,1875021,hipMemcpyAsync,LEAVE,void*=0x7fa5e0c00000; const void*=0x7f9f94e00100; size_t=0x2000000; hipMemcpyKind=hipMemcpyDeviceToHost,NULL,0
2025-10-01 16:49:40.098,1875021,hipStreamSynchronize,ENTER,hipStream_t=0x7fa6240014c0,,0
2025-10-01 16:49:40.099,1875021,hipStreamSynchronize,LEAVE,hipStream_t=0x7fa6240014c0,NULL,1
2025-10-01 16:49:40.099,1875021,hipFree,ENTER,void*=0x7f9f94e00100,,0
2025-10-01 16:49:40.099,1875021,hipFree,LEAVE,void*=0x7f9f94e00100,NULL,0
2025-10-01 16:49:40.099,1875021,hipFree,ENTER,void*=0x7f9f96e00100,,0
2025-10-01 16:49:40.099,1875021,hipFree,LEAVE,void*=0x7f9f96e00100,NULL,0
2025-10-01 16:49:40.099,1875021,hipFree,ENTER,void*=0x7f9f98e00200,,0
2025-10-01 16:49:40.099,1875021,hipFree,LEAVE,void*=0x7f9f98e00200,NULL,0
2025-10-01 16:49:40.099,1875027,hipLaunchKernel,LEAVE,const void*=0x7fe663154280; dim3=dim3(0x13600000136); dim3=dim3(0x1); void**=0x2000000020,NULL,704
2025-10-01 16:49:40.100,1875027,hipGetLastError,ENTER,,,0
2025-10-01 16:49:40.100,1875027,hipGetLastError,LEAVE,,NULL,0
2025-10-01 16:49:40.100,1875027,hipLaunchKernel,ENTER,const void*=0x7fe663154280; dim3=dim3(0x13600000136); dim3=dim3(0x1); void**=0x2000000020,,0
2025-10-01 16:49:40.100,1875027,hipLaunchKernel,LEAVE,const void*=0x7fe663154280; dim3=dim3(0x13600000136); dim3=dim3(0x1); void**=0x2000000020,NULL,0
2025-10-01 16:49:40.100,1875027,hipGetLastError,ENTER,,,0
2025-10-01 16:49:40.101,1875027,hipGetLastError,LEAVE,,NULL,0
2025-10-01 16:49:40.101,1875027,hipLaunchKernel,ENTER,const void*=0x7fe663154280; dim3=dim3(0x13600000136); dim3=dim3(0x1); void**=0x2000000020,,0
2025-10-01 16:49:40.101,1875027,hipLaunchKernel,LEAVE,const void*=0x7fe663154280; dim3=dim3(0x13600000136); dim3=dim3(0x1); void**=0x2000000020,NULL,0
2025-10-01 16:49:40.101,1875027,hipGetLastError,ENTER,,,0
2025-10-01 16:49:40.101,1875027,hipGetLastError,LEAVE,,NULL,0
2025-10-01 16:49:40.101,1875027,hipLaunchKernel,ENTER,const void*=0x7fe663154280; dim3=dim3(0x13600000136); dim3=dim3(0x1); void**=0x2000000020,,0
2025-10-01 16:49:40.101,1875027,hipLaunchKernel,LEAVE,const void*=0x7fe663154280; dim3=dim3(0x13600000136); dim3=dim3(0x1); void**=0x2000000020,NULL,1
2025-10-01 16:49:40.102,1875027,hipGetLastError,ENTER,,,0
2025-10-01 16:49:40.102,1875027,hipGetLastError,LEAVE,,NULL,0
2025-10-01 16:49:40.102,1875027,hipLaunchKernel,ENTER,const void*=0x7fe663154280; dim3=dim3(0x13600000136); dim3=dim3(0x1); void**=0x2000000020,,0
2025-10-01 16:49:40.102,1875027,hipLaunchKernel,LEAVE,const void*=0x7fe663154280; dim3=dim3(0x13600000136); dim3=dim3(0x1); void**=0x2000000020,NULL,0
2025-10-01 16:49:40.102,1875027,hipGetLastError,ENTER,,,0
2025-10-01 16:49:40.102,1875027,hipGetLastError,LEAVE,,NULL,0
2025-10-01 16:49:40.103,1875027,hipLaunchKernel,ENTER,const void*=0x7fe663154280; dim3=dim3(0x13600000136); dim3=dim3(0x1); void**=0x2000000020,,0
2025-10-01 16:49:40.103,1875027,hipLaunchKernel,LEAVE,const void*=0x7fe663154280; dim3=dim3(0x13600000136); dim3=dim3(0x1); void**=0x2000000020,NULL,0
2025-10-01 16:49:40.103,1875027,hipGetLastError,ENTER,,,0
2025-10-01 16:49:40.103,1875027,hipGetLastError,LEAVE,,NULL,0
2025-10-01 16:49:40.103,1875027,hipLaunchKernel,ENTER,const void*=0x7fe663154280; dim3=dim3(0x13600000136); dim3=dim3(0x1); void**=0x2000000020,,0
2025-10-01 16:49:40.103,1875027,hipLaunchKernel,LEAVE,const void*=0x7fe663154280; dim3=dim3(0x13600000136); dim3=dim3(0x1); void**=0x2000000020,NULL,0
2025-10-01 16:49:40.104,1875027,hipGetLastError,ENTER,,,0
2025-10-01 16:49:40.104,1875027,hipGetLastError,LEAVE,,NULL,0
2025-10-01 16:49:40.104,1875027,hipLaunchKernel,ENTER,const void*=0x7fe663154280; dim3=dim3(0x13600000136); dim3=dim3(0x1); void**=0x2000000020,,0
2025-10-01 16:49:40.104,1875027,hipLaunchKernel,LEAVE,const void*=0x7fe663154280; dim3=dim3(0x13600000136); dim3=dim3(0x1); void**=0x2000000020,NULL,0
2025-10-01 16:49:40.104,1875027,hipGetLastError,ENTER,,,0
2025-10-01 16:49:40.104,1875027,hipGetLastError,LEAVE,,NULL,0
2025-10-01 16:49:40.104,1875027,hipLaunchKernel,ENTER,const void*=0x7fe663154280; dim3=dim3(0x13600000136); dim3=dim3(0x1); void**=0x2000000020,,0
2025-10-01 16:49:40.105,1875027,hipLaunchKernel,LEAVE,const void*=0x7fe663154280; dim3=dim3(0x13600000136); dim3=dim3(0x1); void**=0x2000000020,NULL,0
2025-10-01 16:49:40.105,1875027,hipGetLastError,ENTER,,,0
2025-10-01 16:49:40.105,1875027,hipGetLastError,LEAVE,,NULL,0
2025-10-01 16:49:40.105,1875027,hipLaunchKernel,ENTER,const void*=0x7fe663154280; dim3=dim3(0x13600000136); dim3=dim3(0x1); void**=0x2000000020,,0
2025-10-01 16:49:40.105,1875027,hipLaunchKernel,LEAVE,const void*=0x7fe663154280; dim3=dim3(0x13600000136); dim3=dim3(0x1); void**=0x2000000020,NULL,0
2025-10-01 16:49:40.105,1875027,hipGetLastError,ENTER,,,0
2025-10-01 16:49:40.105,1875027,hipGetLastError,LEAVE,,NULL,0
2025-10-01 16:49:40.106,1875027,hipStreamSynchronize,ENTER,hipStream_t=0x7fa5e4001290,,0
2025-10-01 16:49:40.106,1875027,hipStreamSynchronize,LEAVE,hipStream_t=0x7fa5e4001290,NULL,0
2025-10-01 16:49:40.106,1875027,hipLaunchKernel,ENTER,const void*=0x7fe663154280; dim3=dim3(0x13600000136); dim3=dim3(0x1); void**=0x2000000020,,0
2025-10-01 16:49:40.106,1875027,hipLaunchKernel,LEAVE,const void*=0x7fe663154280; dim3=dim3(0x13600000136); dim3=dim3(0x1); void**=0x2000000020,NULL,0
2025-10-01 16:49:40.106,1875027,hipGetLastError,ENTER,,,0
2025-10-01 16:49:40.106,1875027,hipGetLastError,LEAVE,,NULL,0
2025-10-01 16:49:40.107,1875027,hipLaunchKernel,ENTER,const void*=0x7fe663154280; dim3=dim3(0x13600000136); dim3=dim3(0x1); void**=0x2000000020,,0
2025-10-01 16:49:40.107,1875027,hipLaunchKernel,LEAVE,const void*=0x7fe663154280; dim3=dim3(0x13600000136); dim3=dim3(0x1); void**=0x2000000020,NULL,0
2025-10-01 16:49:40.107,1875027,hipGetLastError,ENTER,,,0
2025-10-01 16:49:40.107,1875027,hipGetLastError,LEAVE,,NULL,0
2025-10-01 16:49:40.107,1875027,hipLaunchKernel,ENTER,const void*=0x7fe663154280; dim3=dim3(0x13600000136); dim3=dim3(0x1); void**=0x2000000020,,0
2025-10-01 16:49:40.107,1875027,hipLaunchKernel,LEAVE,const void*=0x7fe663154280; dim3=dim3(0x13600000136); dim3=dim3(0x1); void**=0x2000000020,NULL,0
2025-10-01 16:49:40.107,1875027,hipGetLastError,ENTER,,,0
2025-10-01 16:49:40.108,1875027,hipGetLastError,LEAVE,,NULL,0
2025-10-01 16:49:40.108,1875027,hipLaunchKernel,ENTER,const void*=0x7fe663154280; dim3=dim3(0x13600000136); dim3=dim3(0x1); void**=0x2000000020,,0
2025-10-01 16:49:40.108,1875027,hipLaunchKernel,LEAVE,const void*=0x7fe663154280; dim3=dim3(0x13600000136); dim3=dim3(0x1); void**=0x2000000020,NULL,0
2025-10-01 16:49:40.108,1875027,hipGetLastError,ENTER,,,0
2025-10-01 16:49:40.108,1875027,hipGetLastError,LEAVE,,NULL,0
2025-10-01 16:49:40.108,1875027,hipLaunchKernel,ENTER,const void*=0x7fe663154280; dim3=dim3(0x13600000136); dim3=dim3(0x1); void**=0x2000000020,,0
2025-10-01 16:49:40.109,1875027,hipLaunchKernel,LEAVE,const void*=0x7fe663154280; dim3=dim3(0x13600000136); dim3=dim3(0x1); void**=0x2000000020,NULL,0
2025-10-01 16:49:40.109,1875027,hipGetLastError,ENTER,,,0
2025-10-01 16:49:40.109,1875027,hipGetLastError,LEAVE,,NULL,0
2025-10-01 16:49:40.109,1875027,hipLaunchKernel,ENTER,const void*=0x7fe663154280; dim3=dim3(0x13600000136); dim3=dim3(0x1); void**=0x2000000020,,0
2025-10-01 16:49:40.109,1875027,hipLaunchKernel,LEAVE,const void*=0x7fe663154280; dim3=dim3(0x13600000136); dim3=dim3(0x1); void**=0x2000000020,NULL,0
2025-10-01 16:49:40.109,1875027,hipGetLastError,ENTER,,,0
2025-10-01 16:49:40.109,1875027,hipGetLastError,LEAVE,,NULL,0
2025-10-01 16:49:40.110,1875027,hipLaunchKernel,ENTER,const void*=0x7fe663154280; dim3=dim3(0x13600000136); dim3=dim3(0x1); void**=0x2000000020,,0
2025-10-01 16:49:40.110,1875027,hipLaunchKernel,LEAVE,const void*=0x7fe663154280; dim3=dim3(0x13600000136); dim3=dim3(0x1); void**=0x2000000020,NULL,0
2025-10-01 16:49:40.110,1875027,hipGetLastError,ENTER,,,0
2025-10-01 16:49:40.110,1875027,hipGetLastError,LEAVE,,NULL,0
2025-10-01 16:49:40.110,1875027,hipLaunchKernel,ENTER,const void*=0x7fe663154280; dim3=dim3(0x13600000136); dim3=dim3(0x1); void**=0x2000000020,,0
2025-10-01 16:49:40.110,1875027,hipLaunchKernel,LEAVE,const void*=0x7fe663154280; dim3=dim3(0x13600000136); dim3=dim3(0x1); void**=0x2000000020,NULL,0
2025-10-01 16:49:40.111,1875027,hipGetLastError,ENTER,,,0
2025-10-01 16:49:40.111,1875027,hipGetLastError,LEAVE,,NULL,0
2025-10-01 16:49:40.111,1875027,hipLaunchKernel,ENTER,const void*=0x7fe663154280; dim3=dim3(0x13600000136); dim3=dim3(0x1); void**=0x2000000020,,0
2025-10-01 16:49:40.111,1875027,hipLaunchKernel,LEAVE,const void*=0x7fe663154280; dim3=dim3(0x13600000136); dim3=dim3(0x1); void**=0x2000000020,NULL,0
2025-10-01 16:49:40.111,1875027,hipGetLastError,ENTER,,,0
2025-10-01 16:49:40.111,1875027,hipGetLastError,LEAVE,,NULL,0
2025-10-01 16:49:40.111,1875027,hipLaunchKernel,ENTER,const void*=0x7fe663154280; dim3=dim3(0x13600000136); dim3=dim3(0x1); void**=0x2000000020,,0
2025-10-01 16:49:40.112,1875027,hipLaunchKernel,LEAVE,const void*=0x7fe663154280; dim3=dim3(0x13600000136); dim3=dim3(0x1); void**=0x2000000020,NULL,0
2025-10-01 16:49:40.112,1875027,hipGetLastError,ENTER,,,0
2025-10-01 16:49:40.112,1875027,hipGetLastError,LEAVE,,NULL,0
2025-10-01 16:49:40.112,1875027,hipStreamSynchronize,ENTER,hipStream_t=0x7fa5e4001290,,0
2025-10-01 16:49:40.112,1875027,hipStreamSynchronize,LEAVE,hipStream_t=0x7fa5e4001290,NULL,0
2025-10-01 16:49:40.112,1875027,hipLaunchKernel,ENTER,const void*=0x7fe663154280; dim3=dim3(0x13600000136); dim3=dim3(0x1); void**=0x2000000020,,0
2025-10-01 16:49:40.113,1875027,hipLaunchKernel,LEAVE,const void*=0x7fe663154280; dim3=dim3(0x13600000136); dim3=dim3(0x1); void**=0x2000000020,NULL,0
2025-10-01 16:49:40.113,1875027,hipGetLastError,ENTER,,,0
2025-10-01 16:49:40.113,1875027,hipGetLastError,LEAVE,,NULL,0
2025-10-01 16:49:40.113,1875027,hipLaunchKernel,ENTER,const void*=0x7fe663154280; dim3=dim3(0x13600000136); dim3=dim3(0x1); void**=0x2000000020,,0
2025-10-01 16:49:40.113,1875027,hipLaunchKernel,LEAVE,const void*=0x7fe663154280; dim3=dim3(0x13600000136); dim3=dim3(0x1); void**=0x2000000020,NULL,0
2025-10-01 16:49:40.113,1875027,hipGetLastError,ENTER,,,0
2025-10-01 16:49:40.113,1875027,hipGetLastError,LEAVE,,NULL,0
2025-10-01 16:49:40.114,1875027,hipLaunchKernel,ENTER,const void*=0x7fe663154280; dim3=dim3(0x13600000136); dim3=dim3(0x1); void**=0x2000000020,,0
2025-10-01 16:49:40.114,1875027,hipLaunchKernel,LEAVE,const void*=0x7fe663154280; dim3=dim3(0x13600000136); dim3=dim3(0x1); void**=0x2000000020,NULL,0
2025-10-01 16:49:40.114,1875027,hipGetLastError,ENTER,,,0
2025-10-01 16:49:40.114,1875027,hipGetLastError,LEAVE,,NULL,0
2025-10-01 16:49:40.114,1875027,hipLaunchKernel,ENTER,const void*=0x7fe663154280; dim3=dim3(0x13600000136); dim3=dim3(0x1); void**=0x2000000020,,0
2025-10-01 16:49:40.114,1875027,hipLaunchKernel,LEAVE,const void*=0x7fe663154280; dim3=dim3(0x13600000136); dim3=dim3(0x1); void**=0x2000000020,NULL,0
2025-10-01 16:49:40.115,1875027,hipGetLastError,ENTER,,,0
2025-10-01 16:49:40.115,1875027,hipGetLastError,LEAVE,,NULL,0
2025-10-01 16:49:40.115,1875027,hipLaunchKernel,ENTER,const void*=0x7fe663154280; dim3=dim3(0x13600000136); dim3=dim3(0x1); void**=0x2000000020,,0
2025-10-01 16:49:40.115,1875027,hipLaunchKernel,LEAVE,const void*=0x7fe663154280; dim3=dim3(0x13600000136); dim3=dim3(0x1); void**=0x2000000020,NULL,0
2025-10-01 16:49:40.115,1875027,hipGetLastError,ENTER,,,0
2025-10-01 16:49:40.115,1875027,hipGetLastError,LEAVE,,NULL,0
2025-10-01 16:49:40.115,1875027,hipLaunchKernel,ENTER,const void*=0x7fe663154280; dim3=dim3(0x13600000136); dim3=dim3(0x1); void**=0x2000000020,,0
2025-10-01 16:49:40.116,1875027,hipLaunchKernel,LEAVE,const void*=0x7fe663154280; dim3=dim3(0x13600000136); dim3=dim3(0x1); void**=0x2000000020,NULL,0
2025-10-01 16:49:40.116,1875027,hipGetLastError,ENTER,,,0
2025-10-01 16:49:40.116,1875027,hipGetLastError,LEAVE,,NULL,0
2025-10-01 16:49:40.116,1875027,hipLaunchKernel,ENTER,const void*=0x7fe663154280; dim3=dim3(0x13600000136); dim3=dim3(0x1); void**=0x2000000020,,0
2025-10-01 16:49:40.116,1875027,hipLaunchKernel,LEAVE,const void*=0x7fe663154280; dim3=dim3(0x13600000136); dim3=dim3(0x1); void**=0x2000000020,NULL,0
2025-10-01 16:49:40.116,1875027,hipGetLastError,ENTER,,,0
2025-10-01 16:49:40.117,1875027,hipGetLastError,LEAVE,,NULL,0
2025-10-01 16:49:40.117,1875027,hipLaunchKernel,ENTER,const void*=0x7fe663154280; dim3=dim3(0x13600000136); dim3=dim3(0x1); void**=0x2000000020,,0
2025-10-01 16:49:40.117,1875027,hipLaunchKernel,LEAVE,const void*=0x7fe663154280; dim3=dim3(0x13600000136); dim3=dim3(0x1); void**=0x2000000020,NULL,0
2025-10-01 16:49:40.117,1875027,hipGetLastError,ENTER,,,0
2025-10-01 16:49:40.117,1875027,hipGetLastError,LEAVE,,NULL,0
2025-10-01 16:49:40.117,1875027,hipLaunchKernel,ENTER,const void*=0x7fe663154280; dim3=dim3(0x13600000136); dim3=dim3(0x1); void**=0x2000000020,,0
2025-10-01 16:49:40.117,1875027,hipLaunchKernel,LEAVE,const void*=0x7fe663154280; dim3=dim3(0x13600000136); dim3=dim3(0x1); void**=0x2000000020,NULL,0
2025-10-01 16:49:40.118,1875027,hipGetLastError,ENTER,,,0
2025-10-01 16:49:40.118,1875027,hipGetLastError,LEAVE,,NULL,0
2025-10-01 16:49:40.118,1875027,hipLaunchKernel,ENTER,const void*=0x7fe663154280; dim3=dim3(0x13600000136); dim3=dim3(0x1); void**=0x2000000020,,0
2025-10-01 16:49:40.118,1875027,hipLaunchKernel,LEAVE,const void*=0x7fe663154280; dim3=dim3(0x13600000136); dim3=dim3(0x1); void**=0x2000000020,NULL,0
2025-10-01 16:49:40.118,1875027,hipGetLastError,ENTER,,,0
2025-10-01 16:49:40.118,1875027,hipGetLastError,LEAVE,,NULL,0
2025-10-01 16:49:40.118,1875027,hipStreamSynchronize,ENTER,hipStream_t=0x7fa5e4001290,,0
2025-10-01 16:49:40.119,1875027,hipStreamSynchronize,LEAVE,hipStream_t=0x7fa5e4001290,NULL,0
2025-10-01 16:49:40.119,1875027,hipLaunchKernel,ENTER,const void*=0x7fe663154280; dim3=dim3(0x13600000136); dim3=dim3(0x1); void**=0x2000000020,,0
2025-10-01 16:49:40.119,1875027,hipLaunchKernel,LEAVE,const void*=0x7fe663154280; dim3=dim3(0x13600000136); dim3=dim3(0x1); void**=0x2000000020,NULL,0
2025-10-01 16:49:40.119,1875027,hipGetLastError,ENTER,,,0
2025-10-01 16:49:40.119,1875027,hipGetLastError,LEAVE,,NULL,0
2025-10-01 16:49:40.119,1875027,hipLaunchKernel,ENTER,const void*=0x7fe663154280; dim3=dim3(0x13600000136); dim3=dim3(0x1); void**=0x2000000020,,0
2025-10-01 16:49:40.120,1875027,hipLaunchKernel,LEAVE,const void*=0x7fe663154280; dim3=dim3(0x13600000136); dim3=dim3(0x1); void**=0x2000000020,NULL,0
2025-10-01 16:49:40.120,1875027,hipGetLastError,ENTER,,,0
2025-10-01 16:49:40.120,1875027,hipGetLastError,LEAVE,,NULL,0
2025-10-01 16:49:40.120,1875027,hipLaunchKernel,ENTER,const void*=0x7fe663154280; dim3=dim3(0x13600000136); dim3=dim3(0x1); void**=0x2000000020,,0
2025-10-01 16:49:40.120,1875027,hipLaunchKernel,LEAVE,const void*=0x7fe663154280; dim3=dim3(0x13600000136); dim3=dim3(0x1); void**=0x2000000020,NULL,0
2025-10-01 16:49:40.120,1875027,hipGetLastError,ENTER,,,0
2025-10-01 16:49:40.121,1875027,hipGetLastError,LEAVE,,NULL,0
2025-10-01 16:49:40.121,1875027,hipLaunchKernel,ENTER,const void*=0x7fe663154280; dim3=dim3(0x13600000136); dim3=dim3(0x1); void**=0x2000000020,,0
2025-10-01 16:49:40.121,1875027,hipLaunchKernel,LEAVE,const void*=0x7fe663154280; dim3=dim3(0x13600000136); dim3=dim3(0x1); void**=0x2000000020,NULL,0
2025-10-01 16:49:40.121,1875027,hipGetLastError,ENTER,,,0
2025-10-01 16:49:40.121,1875027,hipGetLastError,LEAVE,,NULL,0
2025-10-01 16:49:40.121,1875027,hipLaunchKernel,ENTER,const void*=0x7fe663154280; dim3=dim3(0x13600000136); dim3=dim3(0x1); void**=0x2000000020,,0
2025-10-01 16:49:40.121,1875027,hipLaunchKernel,LEAVE,const void*=0x7fe663154280; dim3=dim3(0x13600000136); dim3=dim3(0x1); void**=0x2000000020,NULL,0
2025-10-01 16:49:40.122,1875027,hipGetLastError,ENTER,,,0
2025-10-01 16:49:40.122,1875027,hipGetLastError,LEAVE,,NULL,0
2025-10-01 16:49:40.122,1875027,hipLaunchKernel,ENTER,const void*=0x7fe663154280; dim3=dim3(0x13600000136); dim3=dim3(0x1); void**=0x2000000020,,0
2025-10-01 16:49:40.122,1875027,hipLaunchKernel,LEAVE,const void*=0x7fe663154280; dim3=dim3(0x13600000136); dim3=dim3(0x1); void**=0x2000000020,NULL,0
2025-10-01 16:49:40.122,1875027,hipGetLastError,ENTER,,,0
2025-10-01 16:49:40.122,1875027,hipGetLastError,LEAVE,,NULL,0
2025-10-01 16:49:40.123,1875027,hipLaunchKernel,ENTER,const void*=0x7fe663154280; dim3=dim3(0x13600000136); dim3=dim3(0x1); void**=0x2000000020,,0
2025-10-01 16:49:40.123,1875027,hipLaunchKernel,LEAVE,const void*=0x7fe663154280; dim3=dim3(0x13600000136); dim3=dim3(0x1); void**=0x2000000020,NULL,0
2025-10-01 16:49:40.123,1875027,hipGetLastError,ENTER,,,0
2025-10-01 16:49:40.123,1875027,hipGetLastError,LEAVE,,NULL,0
2025-10-01 16:49:40.123,1875027,hipLaunchKernel,ENTER,const void*=0x7fe663154280; dim3=dim3(0x13600000136); dim3=dim3(0x1); void**=0x2000000020,,0
2025-10-01 16:49:40.123,1875027,hipLaunchKernel,LEAVE,const void*=0x7fe663154280; dim3=dim3(0x13600000136); dim3=dim3(0x1); void**=0x2000000020,NULL,0
2025-10-01 16:49:40.123,1875027,hipGetLastError,ENTER,,,0
2025-10-01 16:49:40.124,1875027,hipGetLastError,LEAVE,,NULL,0
2025-10-01 16:49:40.124,1875027,hipLaunchKernel,ENTER,const void*=0x7fe663154280; dim3=dim3(0x13600000136); dim3=dim3(0x1); void**=0x2000000020,,0
2025-10-01 16:49:40.124,1875027,hipLaunchKernel,LEAVE,const void*=0x7fe663154280; dim3=dim3(0x13600000136); dim3=dim3(0x1); void**=0x2000000020,NULL,0
2025-10-01 16:49:40.124,1875027,hipGetLastError,ENTER,,,0
2025-10-01 16:49:40.124,1875027,hipGetLastError,LEAVE,,NULL,0
2025-10-01 16:49:40.124,1875027,hipLaunchKernel,ENTER,const void*=0x7fe663154280; dim3=dim3(0x13600000136); dim3=dim3(0x1); void**=0x2000000020,,0
2025-10-01 16:49:40.125,1875027,hipLaunchKernel,LEAVE,const void*=0x7fe663154280; dim3=dim3(0x13600000136); dim3=dim3(0x1); void**=0x2000000020,NULL,0
2025-10-01 16:49:40.125,1875027,hipGetLastError,ENTER,,,0
2025-10-01 16:49:40.125,1875027,hipGetLastError,LEAVE,,NULL,0
2025-10-01 16:49:40.125,1875027,hipStreamSynchronize,ENTER,hipStream_t=0x7fa5e4001290,,0
2025-10-01 16:49:40.125,1875027,hipStreamSynchronize,LEAVE,hipStream_t=0x7fa5e4001290,NULL,0
2025-10-01 16:49:40.125,1875027,hipLaunchKernel,ENTER,const void*=0x7fe663154280; dim3=dim3(0x13600000136); dim3=dim3(0x1); void**=0x2000000020,,0
2025-10-01 16:49:40.125,1875027,hipLaunchKernel,LEAVE,const void*=0x7fe663154280; dim3=dim3(0x13600000136); dim3=dim3(0x1); void**=0x2000000020,NULL,0
2025-10-01 16:49:40.126,1875027,hipGetLastError,ENTER,,,0
2025-10-01 16:49:40.126,1875027,hipGetLastError,LEAVE,,NULL,0
2025-10-01 16:49:40.126,1875027,hipLaunchKernel,ENTER,const void*=0x7fe663154280; dim3=dim3(0x13600000136); dim3=dim3(0x1); void**=0x2000000020,,0
2025-10-01 16:49:40.126,1875027,hipLaunchKernel,LEAVE,const void*=0x7fe663154280; dim3=dim3(0x13600000136); dim3=dim3(0x1); void**=0x2000000020,NULL,0
2025-10-01 16:49:40.126,1875027,hipGetLastError,ENTER,,,0
2025-10-01 16:49:40.126,1875027,hipGetLastError,LEAVE,,NULL,0
2025-10-01 16:49:40.126,1875027,hipLaunchKernel,ENTER,const void*=0x7fe663154280; dim3=dim3(0x13600000136); dim3=dim3(0x1); void**=0x2000000020,,0
2025-10-01 16:49:40.127,1875027,hipLaunchKernel,LEAVE,const void*=0x7fe663154280; dim3=dim3(0x13600000136); dim3=dim3(0x1); void**=0x2000000020,NULL,0
2025-10-01 16:49:40.127,1875027,hipGetLastError,ENTER,,,0
2025-10-01 16:49:40.127,1875027,hipGetLastError,LEAVE,,NULL,0
2025-10-01 16:49:40.127,1875027,hipLaunchKernel,ENTER,const void*=0x7fe663154280; dim3=dim3(0x13600000136); dim3=dim3(0x1); void**=0x2000000020,,0
2025-10-01 16:49:40.127,1875027,hipLaunchKernel,LEAVE,const void*=0x7fe663154280; dim3=dim3(0x13600000136); dim3=dim3(0x1); void**=0x2000000020,NULL,0
2025-10-01 16:49:40.127,1875027,hipGetLastError,ENTER,,,0
2025-10-01 16:49:40.128,1875027,hipGetLastError,LEAVE,,NULL,0
2025-10-01 16:49:40.128,1875027,hipLaunchKernel,ENTER,const void*=0x7fe663154280; dim3=dim3(0x13600000136); dim3=dim3(0x1); void**=0x2000000020,,0
2025-10-01 16:49:40.128,1875027,hipLaunchKernel,LEAVE,const void*=0x7fe663154280; dim3=dim3(0x13600000136); dim3=dim3(0x1); void**=0x2000000020,NULL,0
2025-10-01 16:49:40.128,1875027,hipGetLastError,ENTER,,,0
2025-10-01 16:49:40.128,1875027,hipGetLastError,LEAVE,,NULL,0
2025-10-01 16:49:40.128,1875027,hipLaunchKernel,ENTER,const void*=0x7fe663154280; dim3=dim3(0x13600000136); dim3=dim3(0x1); void**=0x2000000020,,0
2025-10-01 16:49:40.129,1875027,hipLaunchKernel,LEAVE,const void*=0x7fe663154280; dim3=dim3(0x13600000136); dim3=dim3(0x1); void**=0x2000000020,NULL,0
2025-10-01 16:49:40.129,1875027,hipGetLastError,ENTER,,,0
2025-10-01 16:49:40.129,1875027,hipGetLastError,LEAVE,,NULL,0
2025-10-01 16:49:40.129,1875027,hipLaunchKernel,ENTER,const void*=0x7fe663154280; dim3=dim3(0x13600000136); dim3=dim3(0x1); void**=0x2000000020,,0
2025-10-01 16:49:40.129,1875027,hipLaunchKernel,LEAVE,const void*=0x7fe663154280; dim3=dim3(0x13600000136); dim3=dim3(0x1); void**=0x2000000020,NULL,0
2025-10-01 16:49:40.129,1875027,hipGetLastError,ENTER,,,0
2025-10-01 16:49:40.129,1875027,hipGetLastError,LEAVE,,NULL,0
2025-10-01 16:49:40.130,1875027,hipLaunchKernel,ENTER,const void*=0x7fe663154280; dim3=dim3(0x13600000136); dim3=dim3(0x1); void**=0x2000000020,,0
2025-10-01 16:49:40.130,1875027,hipLaunchKernel,LEAVE,const void*=0x7fe663154280; dim3=dim3(0x13600000136); dim3=dim3(0x1); void**=0x2000000020,NULL,0
2025-10-01 16:49:40.130,1875027,hipGetLastError,ENTER,,,0
2025-10-01 16:49:40.130,1875027,hipGetLastError,LEAVE,,NULL,0
2025-10-01 16:49:40.130,1875027,hipLaunchKernel,ENTER,const void*=0x7fe663154280; dim3=dim3(0x13600000136); dim3=dim3(0x1); void**=0x2000000020,,0
2025-10-01 16:49:40.130,1875027,hipLaunchKernel,LEAVE,const void*=0x7fe663154280; dim3=dim3(0x13600000136); dim3=dim3(0x1); void**=0x2000000020,NULL,0
2025-10-01 16:49:40.131,1875027,hipGetLastError,ENTER,,,0
2025-10-01 16:49:40.131,1875027,hipGetLastError,LEAVE,,NULL,0
2025-10-01 16:49:40.131,1875027,hipLaunchKernel,ENTER,const void*=0x7fe663154280; dim3=dim3(0x13600000136); dim3=dim3(0x1); void**=0x2000000020,,0
2025-10-01 16:49:40.131,1875027,hipLaunchKernel,LEAVE,const void*=0x7fe663154280; dim3=dim3(0x13600000136); dim3=dim3(0x1); void**=0x2000000020,NULL,0
2025-10-01 16:49:40.131,1875027,hipGetLastError,ENTER,,,0
2025-10-01 16:49:40.131,1875027,hipGetLastError,LEAVE,,NULL,0
2025-10-01 16:49:40.131,1875027,hipStreamSynchronize,ENTER,hipStream_t=0x7fa5e4001290,,0
2025-10-01 16:49:40.132,1875027,hipStreamSynchronize,LEAVE,hipStream_t=0x7fa5e4001290,NULL,0
2025-10-01 16:49:40.132,1875027,hipLaunchKernel,ENTER,const void*=0x7fe663154280; dim3=dim3(0x13600000136); dim3=dim3(0x1); void**=0x2000000020,,0
2025-10-01 16:49:40.132,1875027,hipLaunchKernel,LEAVE,const void*=0x7fe663154280; dim3=dim3(0x13600000136); dim3=dim3(0x1); void**=0x2000000020,NULL,0
2025-10-01 16:49:40.132,1875027,hipGetLastError,ENTER,,,0
2025-10-01 16:49:40.132,1875027,hipGetLastError,LEAVE,,NULL,0
2025-10-01 16:49:40.132,1875027,hipLaunchKernel,ENTER,const void*=0x7fe663154280; dim3=dim3(0x13600000136); dim3=dim3(0x1); void**=0x2000000020,,0
2025-10-01 16:49:40.133,1875027,hipLaunchKernel,LEAVE,const void*=0x7fe663154280; dim3=dim3(0x13600000136); dim3=dim3(0x1); void**=0x2000000020,NULL,0
2025-10-01 16:49:40.133,1875027,hipGetLastError,ENTER,,,0
2025-10-01 16:49:40.133,1875027,hipGetLastError,LEAVE,,NULL,0
2025-10-01 16:49:40.133,1875027,hipLaunchKernel,ENTER,const void*=0x7fe663154280; dim3=dim3(0x13600000136); dim3=dim3(0x1); void**=0x2000000020,,0
2025-10-01 16:49:40.133,1875027,hipLaunchKernel,LEAVE,const void*=0x7fe663154280; dim3=dim3(0x13600000136); dim3=dim3(0x1); void**=0x2000000020,NULL,0
2025-10-01 16:49:40.133,1875027,hipGetLastError,ENTER,,,0
2025-10-01 16:49:40.133,1875027,hipGetLastError,LEAVE,,NULL,0
2025-10-01 16:49:40.134,1875027,hipLaunchKernel,ENTER,const void*=0x7fe663154280; dim3=dim3(0x13600000136); dim3=dim3(0x1); void**=0x2000000020,,0
2025-10-01 16:49:40.134,1875027,hipLaunchKernel,LEAVE,const void*=0x7fe663154280; dim3=dim3(0x13600000136); dim3=dim3(0x1); void**=0x2000000020,NULL,0
2025-10-01 16:49:40.134,1875027,hipGetLastError,ENTER,,,0
2025-10-01 16:49:40.134,1875027,hipGetLastError,LEAVE,,NULL,0
2025-10-01 16:49:40.134,1875027,hipLaunchKernel,ENTER,const void*=0x7fe663154280; dim3=dim3(0x13600000136); dim3=dim3(0x1); void**=0x2000000020,,0
2025-10-01 16:49:40.134,1875027,hipLaunchKernel,LEAVE,const void*=0x7fe663154280; dim3=dim3(0x13600000136); dim3=dim3(0x1); void**=0x2000000020,NULL,0
2025-10-01 16:49:40.135,1875027,hipGetLastError,ENTER,,,0
2025-10-01 16:49:40.135,1875027,hipGetLastError,LEAVE,,NULL,0
2025-10-01 16:49:40.135,1875027,hipLaunchKernel,ENTER,const void*=0x7fe663154280; dim3=dim3(0x13600000136); dim3=dim3(0x1); void**=0x2000000020,,0
2025-10-01 16:49:40.135,1875027,hipLaunchKernel,LEAVE,const void*=0x7fe663154280; dim3=dim3(0x13600000136); dim3=dim3(0x1); void**=0x2000000020,NULL,0
2025-10-01 16:49:40.135,1875027,hipGetLastError,ENTER,,,0
2025-10-01 16:49:40.135,1875027,hipGetLastError,LEAVE,,NULL,0
2025-10-01 16:49:40.135,1875027,hipLaunchKernel,ENTER,const void*=0x7fe663154280; dim3=dim3(0x13600000136); dim3=dim3(0x1); void**=0x2000000020,,0
2025-10-01 16:49:40.136,1875027,hipLaunchKernel,LEAVE,const void*=0x7fe663154280; dim3=dim3(0x13600000136); dim3=dim3(0x1); void**=0x2000000020,NULL,0
2025-10-01 16:49:40.136,1875027,hipGetLastError,ENTER,,,0
2025-10-01 16:49:40.136,1875027,hipGetLastError,LEAVE,,NULL,0
2025-10-01 16:49:40.136,1875027,hipLaunchKernel,ENTER,const void*=0x7fe663154280; dim3=dim3(0x13600000136); dim3=dim3(0x1); void**=0x2000000020,,0
2025-10-01 16:49:40.136,1875027,hipLaunchKernel,LEAVE,const void*=0x7fe663154280; dim3=dim3(0x13600000136); dim3=dim3(0x1); void**=0x2000000020,NULL,0
2025-10-01 16:49:40.136,1875027,hipGetLastError,ENTER,,,0
2025-10-01 16:49:40.137,1875027,hipGetLastError,LEAVE,,NULL,0
2025-10-01 16:49:40.137,1875027,hipLaunchKernel,ENTER,const void*=0x7fe663154280; dim3=dim3(0x13600000136); dim3=dim3(0x1); void**=0x2000000020,,0
2025-10-01 16:49:40.137,1875027,hipLaunchKernel,LEAVE,const void*=0x7fe663154280; dim3=dim3(0x13600000136); dim3=dim3(0x1); void**=0x2000000020,NULL,0
2025-10-01 16:49:40.137,1875027,hipGetLastError,ENTER,,,0
2025-10-01 16:49:40.137,1875027,hipGetLastError,LEAVE,,NULL,0
2025-10-01 16:49:40.137,1875027,hipLaunchKernel,ENTER,const void*=0x7fe663154280; dim3=dim3(0x13600000136); dim3=dim3(0x1); void**=0x2000000020,,0
2025-10-01 16:49:40.137,1875027,hipLaunchKernel,LEAVE,const void*=0x7fe663154280; dim3=dim3(0x13600000136); dim3=dim3(0x1); void**=0x2000000020,NULL,1
2025-10-01 16:49:40.138,1875027,hipGetLastError,ENTER,,,0
2025-10-01 16:49:40.138,1875027,hipGetLastError,LEAVE,,NULL,0
2025-10-01 16:49:40.138,1875027,hipStreamSynchronize,ENTER,hipStream_t=0x7fa5e4001290,,0
2025-10-01 16:49:40.138,1875027,hipStreamSynchronize,LEAVE,hipStream_t=0x7fa5e4001290,NULL,0
2025-10-01 16:49:40.138,1875027,hipLaunchKernel,ENTER,const void*=0x7fe663154280; dim3=dim3(0x13600000136); dim3=dim3(0x1); void**=0x2000000020,,0
2025-10-01 16:49:40.138,1875027,hipLaunchKernel,LEAVE,const void*=0x7fe663154280; dim3=dim3(0x13600000136); dim3=dim3(0x1); void**=0x2000000020,NULL,0
2025-10-01 16:49:40.139,1875027,hipGetLastError,ENTER,,,0
2025-10-01 16:49:40.139,1875027,hipGetLastError,LEAVE,,NULL,0
2025-10-01 16:49:40.139,1875027,hipLaunchKernel,ENTER,const void*=0x7fe663154280; dim3=dim3(0x13600000136); dim3=dim3(0x1); void**=0x2000000020,,0
2025-10-01 16:49:40.139,1875027,hipLaunchKernel,LEAVE,const void*=0x7fe663154280; dim3=dim3(0x13600000136); dim3=dim3(0x1); void**=0x2000000020,NULL,0
2025-10-01 16:49:40.139,1875027,hipGetLastError,ENTER,,,0
2025-10-01 16:49:40.139,1875027,hipGetLastError,LEAVE,,NULL,0
2025-10-01 16:49:40.139,1875027,hipLaunchKernel,ENTER,const void*=0x7fe663154280; dim3=dim3(0x13600000136); dim3=dim3(0x1); void**=0x2000000020,,0
2025-10-01 16:49:40.140,1875027,hipLaunchKernel,LEAVE,const void*=0x7fe663154280; dim3=dim3(0x13600000136); dim3=dim3(0x1); void**=0x2000000020,NULL,0
2025-10-01 16:49:40.140,1875027,hipGetLastError,ENTER,,,0
2025-10-01 16:49:40.140,1875027,hipGetLastError,LEAVE,,NULL,0
2025-10-01 16:49:40.140,1875027,hipLaunchKernel,ENTER,const void*=0x7fe663154280; dim3=dim3(0x13600000136); dim3=dim3(0x1); void**=0x2000000020,,0
2025-10-01 16:49:40.141,1875027,hipLaunchKernel,LEAVE,const void*=0x7fe663154280; dim3=dim3(0x13600000136); dim3=dim3(0x1); void**=0x2000000020,NULL,0
2025-10-01 16:49:40.142,1875027,hipGetLastError,ENTER,,,0
2025-10-01 16:49:40.142,1875027,hipGetLastError,LEAVE,,NULL,0
2025-10-01 16:49:40.142,1875027,hipLaunchKernel,ENTER,const void*=0x7fe663154280; dim3=dim3(0x13600000136); dim3=dim3(0x1); void**=0x2000000020,,0
2025-10-01 16:49:40.142,1875027,hipLaunchKernel,LEAVE,const void*=0x7fe663154280; dim3=dim3(0x13600000136); dim3=dim3(0x1); void**=0x2000000020,NULL,0
2025-10-01 16:49:40.142,1875027,hipGetLastError,ENTER,,,0
2025-10-01 16:49:40.142,1875027,hipGetLastError,LEAVE,,NULL,0
2025-10-01 16:49:40.142,1875027,hipLaunchKernel,ENTER,const void*=0x7fe663154280; dim3=dim3(0x13600000136); dim3=dim3(0x1); void**=0x2000000020,,0
2025-10-01 16:49:40.143,1875027,hipLaunchKernel,LEAVE,const void*=0x7fe663154280; dim3=dim3(0x13600000136); dim3=dim3(0x1); void**=0x2000000020,NULL,0
2025-10-01 16:49:40.143,1875027,hipGetLastError,ENTER,,,0
2025-10-01 16:49:40.143,1875027,hipGetLastError,LEAVE,,NULL,0
2025-10-01 16:49:40.143,1875027,hipLaunchKernel,ENTER,const void*=0x7fe663154280; dim3=dim3(0x13600000136); dim3=dim3(0x1); void**=0x2000000020,,0
2025-10-01 16:49:40.143,1875027,hipLaunchKernel,LEAVE,const void*=0x7fe663154280; dim3=dim3(0x13600000136); dim3=dim3(0x1); void**=0x2000000020,NULL,0
2025-10-01 16:49:40.143,1875027,hipGetLastError,ENTER,,,0
2025-10-01 16:49:40.144,1875027,hipGetLastError,LEAVE,,NULL,0
2025-10-01 16:49:40.144,1875027,hipLaunchKernel,ENTER,const void*=0x7fe663154280; dim3=dim3(0x13600000136); dim3=dim3(0x1); void**=0x2000000020,,0
2025-10-01 16:49:40.144,1875027,hipLaunchKernel,LEAVE,const void*=0x7fe663154280; dim3=dim3(0x13600000136); dim3=dim3(0x1); void**=0x2000000020,NULL,0
2025-10-01 16:49:40.144,1875027,hipGetLastError,ENTER,,,0
2025-10-01 16:49:40.144,1875027,hipGetLastError,LEAVE,,NULL,0
2025-10-01 16:49:40.144,1875027,hipLaunchKernel,ENTER,const void*=0x7fe663154280; dim3=dim3(0x13600000136); dim3=dim3(0x1); void**=0x2000000020,,0
2025-10-01 16:49:40.145,1875027,hipLaunchKernel,LEAVE,const void*=0x7fe663154280; dim3=dim3(0x13600000136); dim3=dim3(0x1); void**=0x2000000020,NULL,1
2025-10-01 16:49:40.145,1875027,hipGetLastError,ENTER,,,0
2025-10-01 16:49:40.145,1875027,hipGetLastError,LEAVE,,NULL,0
2025-10-01 16:49:40.145,1875027,hipLaunchKernel,ENTER,const void*=0x7fe663154280; dim3=dim3(0x13600000136); dim3=dim3(0x1); void**=0x2000000020,,0
2025-10-01 16:49:40.145,1875027,hipLaunchKernel,LEAVE,const void*=0x7fe663154280; dim3=dim3(0x13600000136); dim3=dim3(0x1); void**=0x2000000020,NULL,0
2025-10-01 16:49:40.145,1875027,hipGetLastError,ENTER,,,0
2025-10-01 16:49:40.145,1875027,hipGetLastError,LEAVE,,NULL,0
2025-10-01 16:49:40.146,1875027,hipStreamSynchronize,ENTER,hipStream_t=0x7fa5e4001290,,0
2025-10-01 16:49:40.146,1875027,hipStreamSynchronize,LEAVE,hipStream_t=0x7fa5e4001290,NULL,0
2025-10-01 16:49:40.146,1875027,hipLaunchKernel,ENTER,const void*=0x7fe663154280; dim3=dim3(0x13600000136); dim3=dim3(0x1); void**=0x2000000020,,0
2025-10-01 16:49:40.146,1875027,hipLaunchKernel,LEAVE,const void*=0x7fe663154280; dim3=dim3(0x13600000136); dim3=dim3(0x1); void**=0x2000000020,NULL,0
2025-10-01 16:49:40.146,1875027,hipGetLastError,ENTER,,,0
2025-10-01 16:49:40.146,1875027,hipGetLastError,LEAVE,,NULL,0
2025-10-01 16:49:40.146,1875027,hipLaunchKernel,ENTER,const void*=0x7fe663154280; dim3=dim3(0x13600000136); dim3=dim3(0x1); void**=0x2000000020,,0
2025-10-01 16:49:40.147,1875027,hipLaunchKernel,LEAVE,const void*=0x7fe663154280; dim3=dim3(0x13600000136); dim3=dim3(0x1); void**=0x2000000020,NULL,0
2025-10-01 16:49:40.147,1875027,hipGetLastError,ENTER,,,0
2025-10-01 16:49:40.147,1875027,hipGetLastError,LEAVE,,NULL,0
2025-10-01 16:49:40.147,1875027,hipLaunchKernel,ENTER,const void*=0x7fe663154280; dim3=dim3(0x13600000136); dim3=dim3(0x1); void**=0x2000000020,,0
2025-10-01 16:49:40.147,1875027,hipLaunchKernel,LEAVE,const void*=0x7fe663154280; dim3=dim3(0x13600000136); dim3=dim3(0x1); void**=0x2000000020,NULL,0
2025-10-01 16:49:40.147,1875027,hipGetLastError,ENTER,,,0
2025-10-01 16:49:40.148,1875027,hipGetLastError,LEAVE,,NULL,0
2025-10-01 16:49:40.148,1875027,hipLaunchKernel,ENTER,const void*=0x7fe663154280; dim3=dim3(0x13600000136); dim3=dim3(0x1); void**=0x2000000020,,0
2025-10-01 16:49:40.148,1875027,hipLaunchKernel,LEAVE,const void*=0x7fe663154280; dim3=dim3(0x13600000136); dim3=dim3(0x1); void**=0x2000000020,NULL,0
2025-10-01 16:49:40.148,1875027,hipGetLastError,ENTER,,,0
2025-10-01 16:49:40.148,1875027,hipGetLastError,LEAVE,,NULL,0
2025-10-01 16:49:40.148,1875027,hipLaunchKernel,ENTER,const void*=0x7fe663154280; dim3=dim3(0x13600000136); dim3=dim3(0x1); void**=0x2000000020,,0
2025-10-01 16:49:40.148,1875027,hipLaunchKernel,LEAVE,const void*=0x7fe663154280; dim3=dim3(0x13600000136); dim3=dim3(0x1); void**=0x2000000020,NULL,0
2025-10-01 16:49:40.149,1875027,hipGetLastError,ENTER,,,0
2025-10-01 16:49:40.149,1875027,hipGetLastError,LEAVE,,NULL,0
2025-10-01 16:49:40.149,1875027,hipLaunchKernel,ENTER,const void*=0x7fe663154280; dim3=dim3(0x13600000136); dim3=dim3(0x1); void**=0x2000000020,,0
2025-10-01 16:49:40.149,1875027,hipLaunchKernel,LEAVE,const void*=0x7fe663154280; dim3=dim3(0x13600000136); dim3=dim3(0x1); void**=0x2000000020,NULL,0
2025-10-01 16:49:40.149,1875027,hipGetLastError,ENTER,,,0
2025-10-01 16:49:40.149,1875027,hipGetLastError,LEAVE,,NULL,0
2025-10-01 16:49:40.149,1875027,hipLaunchKernel,ENTER,const void*=0x7fe663154280; dim3=dim3(0x13600000136); dim3=dim3(0x1); void**=0x2000000020,,0
2025-10-01 16:49:40.150,1875027,hipLaunchKernel,LEAVE,const void*=0x7fe663154280; dim3=dim3(0x13600000136); dim3=dim3(0x1); void**=0x2000000020,NULL,0
2025-10-01 16:49:40.150,1875027,hipGetLastError,ENTER,,,0
2025-10-01 16:49:40.150,1875027,hipGetLastError,LEAVE,,NULL,0
2025-10-01 16:49:40.150,1875027,hipLaunchKernel,ENTER,const void*=0x7fe663154280; dim3=dim3(0x13600000136); dim3=dim3(0x1); void**=0x2000000020,,0
2025-10-01 16:49:40.150,1875027,hipLaunchKernel,LEAVE,const void*=0x7fe663154280; dim3=dim3(0x13600000136); dim3=dim3(0x1); void**=0x2000000020,NULL,0
2025-10-01 16:49:40.150,1875027,hipGetLastError,ENTER,,,0
2025-10-01 16:49:40.151,1875027,hipGetLastError,LEAVE,,NULL,0
2025-10-01 16:49:40.151,1875027,hipLaunchKernel,ENTER,const void*=0x7fe663154280; dim3=dim3(0x13600000136); dim3=dim3(0x1); void**=0x2000000020,,0
2025-10-01 16:49:40.151,1875027,hipLaunchKernel,LEAVE,const void*=0x7fe663154280; dim3=dim3(0x13600000136); dim3=dim3(0x1); void**=0x2000000020,NULL,0
2025-10-01 16:49:40.151,1875027,hipGetLastError,ENTER,,,0
2025-10-01 16:49:40.151,1875027,hipGetLastError,LEAVE,,NULL,0
2025-10-01 16:49:40.151,1875027,hipLaunchKernel,ENTER,const void*=0x7fe663154280; dim3=dim3(0x13600000136); dim3=dim3(0x1); void**=0x2000000020,,0
2025-10-01 16:49:40.152,1875027,hipLaunchKernel,LEAVE,const void*=0x7fe663154280; dim3=dim3(0x13600000136); dim3=dim3(0x1); void**=0x2000000020,NULL,0
2025-10-01 16:49:40.152,1875027,hipGetLastError,ENTER,,,0
2025-10-01 16:49:40.152,1875027,hipGetLastError,LEAVE,,NULL,0
2025-10-01 16:49:40.152,1875027,hipStreamSynchronize,ENTER,hipStream_t=0x7fa5e4001290,,0
2025-10-01 16:49:40.152,1875027,hipStreamSynchronize,LEAVE,hipStream_t=0x7fa5e4001290,NULL,0
2025-10-01 16:49:40.152,1875027,hipLaunchKernel,ENTER,const void*=0x7fe663154280; dim3=dim3(0x13600000136); dim3=dim3(0x1); void**=0x2000000020,,0
2025-10-01 16:49:40.152,1875027,hipLaunchKernel,LEAVE,const void*=0x7fe663154280; dim3=dim3(0x13600000136); dim3=dim3(0x1); void**=0x2000000020,NULL,1
2025-10-01 16:49:40.153,1875027,hipGetLastError,ENTER,,,0
2025-10-01 16:49:40.153,1875027,hipGetLastError,LEAVE,,NULL,0
2025-10-01 16:49:40.153,1875027,hipLaunchKernel,ENTER,const void*=0x7fe663154280; dim3=dim3(0x13600000136); dim3=dim3(0x1); void**=0x2000000020,,0
2025-10-01 16:49:40.153,1875027,hipLaunchKernel,LEAVE,const void*=0x7fe663154280; dim3=dim3(0x13600000136); dim3=dim3(0x1); void**=0x2000000020,NULL,0
2025-10-01 16:49:40.153,1875027,hipGetLastError,ENTER,,,0
2025-10-01 16:49:40.153,1875027,hipGetLastError,LEAVE,,NULL,0
2025-10-01 16:49:40.153,1875027,hipLaunchKernel,ENTER,const void*=0x7fe663154280; dim3=dim3(0x13600000136); dim3=dim3(0x1); void**=0x2000000020,,0
2025-10-01 16:49:40.154,1875027,hipLaunchKernel,LEAVE,const void*=0x7fe663154280; dim3=dim3(0x13600000136); dim3=dim3(0x1); void**=0x2000000020,NULL,0
2025-10-01 16:49:40.154,1875027,hipGetLastError,ENTER,,,0
2025-10-01 16:49:40.154,1875027,hipGetLastError,LEAVE,,NULL,0
2025-10-01 16:49:40.154,1875027,hipLaunchKernel,ENTER,const void*=0x7fe663154280; dim3=dim3(0x13600000136); dim3=dim3(0x1); void**=0x2000000020,,0
2025-10-01 16:49:40.154,1875027,hipLaunchKernel,LEAVE,const void*=0x7fe663154280; dim3=dim3(0x13600000136); dim3=dim3(0x1); void**=0x2000000020,NULL,0
2025-10-01 16:49:40.154,1875027,hipGetLastError,ENTER,,,0
2025-10-01 16:49:40.155,1875027,hipGetLastError,LEAVE,,NULL,0
2025-10-01 16:49:40.155,1875027,hipLaunchKernel,ENTER,const void*=0x7fe663154280; dim3=dim3(0x13600000136); dim3=dim3(0x1); void**=0x2000000020,,0
2025-10-01 16:49:40.155,1875027,hipLaunchKernel,LEAVE,const void*=0x7fe663154280; dim3=dim3(0x13600000136); dim3=dim3(0x1); void**=0x2000000020,NULL,0
2025-10-01 16:49:40.155,1875027,hipGetLastError,ENTER,,,0
2025-10-01 16:49:40.155,1875027,hipGetLastError,LEAVE,,NULL,0
2025-10-01 16:49:40.155,1875027,hipLaunchKernel,ENTER,const void*=0x7fe663154280; dim3=dim3(0x13600000136); dim3=dim3(0x1); void**=0x2000000020,,0
2025-10-01 16:49:40.156,1875027,hipLaunchKernel,LEAVE,const void*=0x7fe663154280; dim3=dim3(0x13600000136); dim3=dim3(0x1); void**=0x2000000020,NULL,0
2025-10-01 16:49:40.156,1875027,hipGetLastError,ENTER,,,0
2025-10-01 16:49:40.156,1875027,hipGetLastError,LEAVE,,NULL,0
2025-10-01 16:49:40.156,1875027,hipLaunchKernel,ENTER,const void*=0x7fe663154280; dim3=dim3(0x13600000136); dim3=dim3(0x1); void**=0x2000000020,,0
2025-10-01 16:49:40.156,1875027,hipLaunchKernel,LEAVE,const void*=0x7fe663154280; dim3=dim3(0x13600000136); dim3=dim3(0x1); void**=0x2000000020,NULL,0
2025-10-01 16:49:40.156,1875027,hipGetLastError,ENTER,,,0
2025-10-01 16:49:40.156,1875027,hipGetLastError,LEAVE,,NULL,0
2025-10-01 16:49:40.157,1875027,hipLaunchKernel,ENTER,const void*=0x7fe663154280; dim3=dim3(0x13600000136); dim3=dim3(0x1); void**=0x2000000020,,0
2025-10-01 16:49:40.157,1875027,hipLaunchKernel,LEAVE,const void*=0x7fe663154280; dim3=dim3(0x13600000136); dim3=dim3(0x1); void**=0x2000000020,NULL,0
2025-10-01 16:49:40.157,1875027,hipGetLastError,ENTER,,,0
2025-10-01 16:49:40.157,1875027,hipGetLastError,LEAVE,,NULL,0
2025-10-01 16:49:40.157,1875027,hipLaunchKernel,ENTER,const void*=0x7fe663154280; dim3=dim3(0x13600000136); dim3=dim3(0x1); void**=0x2000000020,,0
2025-10-01 16:49:40.157,1875027,hipLaunchKernel,LEAVE,const void*=0x7fe663154280; dim3=dim3(0x13600000136); dim3=dim3(0x1); void**=0x2000000020,NULL,0
2025-10-01 16:49:40.157,1875027,hipGetLastError,ENTER,,,0
2025-10-01 16:49:40.158,1875027,hipGetLastError,LEAVE,,NULL,0
2025-10-01 16:49:40.158,1875027,hipLaunchKernel,ENTER,const void*=0x7fe663154280; dim3=dim3(0x13600000136); dim3=dim3(0x1); void**=0x2000000020,,0
2025-10-01 16:49:40.158,1875027,hipLaunchKernel,LEAVE,const void*=0x7fe663154280; dim3=dim3(0x13600000136); dim3=dim3(0x1); void**=0x2000000020,NULL,0
2025-10-01 16:49:40.158,1875027,hipGetLastError,ENTER,,,0
2025-10-01 16:49:40.158,1875027,hipGetLastError,LEAVE,,NULL,0
2025-10-01 16:49:40.158,1875027,hipStreamSynchronize,ENTER,hipStream_t=0x7fa5e4001290,,0
2025-10-01 16:49:40.159,1875027,hipStreamSynchronize,LEAVE,hipStream_t=0x7fa5e4001290,NULL,1
2025-10-01 16:49:40.159,1875027,hipLaunchKernel,ENTER,const void*=0x7fe663154280; dim3=dim3(0x13600000136); dim3=dim3(0x1); void**=0x2000000020,,0
2025-10-01 16:49:40.159,1875027,hipLaunchKernel,LEAVE,const void*=0x7fe663154280; dim3=dim3(0x13600000136); dim3=dim3(0x1); void**=0x2000000020,NULL,0
2025-10-01 16:49:40.159,1875027,hipGetLastError,ENTER,,,0
2025-10-01 16:49:40.159,1875027,hipGetLastError,LEAVE,,NULL,0
2025-10-01 16:49:40.159,1875027,hipLaunchKernel,ENTER,const void*=0x7fe663154280; dim3=dim3(0x13600000136); dim3=dim3(0x1); void**=0x2000000020,,0
2025-10-01 16:49:40.159,1875027,hipLaunchKernel,LEAVE,const void*=0x7fe663154280; dim3=dim3(0x13600000136); dim3=dim3(0x1); void**=0x2000000020,NULL,0
2025-10-01 16:49:40.160,1875027,hipGetLastError,ENTER,,,0
2025-10-01 16:49:40.160,1875027,hipGetLastError,LEAVE,,NULL,0
2025-10-01 16:49:40.160,1875027,hipLaunchKernel,ENTER,const void*=0x7fe663154280; dim3=dim3(0x13600000136); dim3=dim3(0x1); void**=0x2000000020,,0
2025-10-01 16:49:40.160,1875027,hipLaunchKernel,LEAVE,const void*=0x7fe663154280; dim3=dim3(0x13600000136); dim3=dim3(0x1); void**=0x2000000020,NULL,0
2025-10-01 16:49:40.160,1875027,hipGetLastError,ENTER,,,0
2025-10-01 16:49:40.160,1875027,hipGetLastError,LEAVE,,NULL,0
2025-10-01 16:49:40.160,1875027,hipLaunchKernel,ENTER,const void*=0x7fe663154280; dim3=dim3(0x13600000136); dim3=dim3(0x1); void**=0x2000000020,,0
2025-10-01 16:49:40.161,1875027,hipLaunchKernel,LEAVE,const void*=0x7fe663154280; dim3=dim3(0x13600000136); dim3=dim3(0x1); void**=0x2000000020,NULL,0
2025-10-01 16:49:40.161,1875027,hipGetLastError,ENTER,,,0
2025-10-01 16:49:40.161,1875027,hipGetLastError,LEAVE,,NULL,0
2025-10-01 16:49:40.161,1875027,hipLaunchKernel,ENTER,const void*=0x7fe663154280; dim3=dim3(0x13600000136); dim3=dim3(0x1); void**=0x2000000020,,0
2025-10-01 16:49:40.161,1875027,hipLaunchKernel,LEAVE,const void*=0x7fe663154280; dim3=dim3(0x13600000136); dim3=dim3(0x1); void**=0x2000000020,NULL,0
2025-10-01 16:49:40.161,1875027,hipGetLastError,ENTER,,,0
2025-10-01 16:49:40.162,1875027,hipGetLastError,LEAVE,,NULL,0
2025-10-01 16:49:40.162,1875027,hipLaunchKernel,ENTER,const void*=0x7fe663154280; dim3=dim3(0x13600000136); dim3=dim3(0x1); void**=0x2000000020,,0
2025-10-01 16:49:40.162,1875027,hipLaunchKernel,LEAVE,const void*=0x7fe663154280; dim3=dim3(0x13600000136); dim3=dim3(0x1); void**=0x2000000020,NULL,0
2025-10-01 16:49:40.162,1875027,hipGetLastError,ENTER,,,0
2025-10-01 16:49:40.162,1875027,hipGetLastError,LEAVE,,NULL,0
2025-10-01 16:49:40.162,1875027,hipLaunchKernel,ENTER,const void*=0x7fe663154280; dim3=dim3(0x13600000136); dim3=dim3(0x1); void**=0x2000000020,,0
2025-10-01 16:49:40.163,1875027,hipLaunchKernel,LEAVE,const void*=0x7fe663154280; dim3=dim3(0x13600000136); dim3=dim3(0x1); void**=0x2000000020,NULL,1
2025-10-01 16:49:40.163,1875027,hipGetLastError,ENTER,,,0
2025-10-01 16:49:40.163,1875027,hipGetLastError,LEAVE,,NULL,0
2025-10-01 16:49:40.163,1875027,hipLaunchKernel,ENTER,const void*=0x7fe663154280; dim3=dim3(0x13600000136); dim3=dim3(0x1); void**=0x2000000020,,0
2025-10-01 16:49:40.163,1875027,hipLaunchKernel,LEAVE,const void*=0x7fe663154280; dim3=dim3(0x13600000136); dim3=dim3(0x1); void**=0x2000000020,NULL,0
2025-10-01 16:49:40.163,1875027,hipGetLastError,ENTER,,,0
2025-10-01 16:49:40.163,1875027,hipGetLastError,LEAVE,,NULL,0
2025-10-01 16:49:40.164,1875027,hipLaunchKernel,ENTER,const void*=0x7fe663154280; dim3=dim3(0x13600000136); dim3=dim3(0x1); void**=0x2000000020,,0
2025-10-01 16:49:40.164,1875027,hipLaunchKernel,LEAVE,const void*=0x7fe663154280; dim3=dim3(0x13600000136); dim3=dim3(0x1); void**=0x2000000020,NULL,0
2025-10-01 16:49:40.164,1875027,hipGetLastError,ENTER,,,0
2025-10-01 16:49:40.164,1875027,hipGetLastError,LEAVE,,NULL,0
2025-10-01 16:49:40.164,1875027,hipLaunchKernel,ENTER,const void*=0x7fe663154280; dim3=dim3(0x13600000136); dim3=dim3(0x1); void**=0x2000000020,,0
2025-10-01 16:49:40.164,1875027,hipLaunchKernel,LEAVE,const void*=0x7fe663154280; dim3=dim3(0x13600000136); dim3=dim3(0x1); void**=0x2000000020,NULL,0
2025-10-01 16:49:40.164,1875027,hipGetLastError,ENTER,,,0
2025-10-01 16:49:40.165,1875027,hipGetLastError,LEAVE,,NULL,0
2025-10-01 16:49:40.165,1875027,hipStreamSynchronize,ENTER,hipStream_t=0x7fa5e4001290,,0
2025-10-01 16:49:40.165,1875027,hipStreamSynchronize,LEAVE,hipStream_t=0x7fa5e4001290,NULL,0
2025-10-01 16:49:40.165,1875027,hipLaunchKernel,ENTER,const void*=0x7fe663154280; dim3=dim3(0x13600000136); dim3=dim3(0x1); void**=0x2000000020,,0
2025-10-01 16:49:40.165,1875027,hipLaunchKernel,LEAVE,const void*=0x7fe663154280; dim3=dim3(0x13600000136); dim3=dim3(0x1); void**=0x2000000020,NULL,0
2025-10-01 16:49:40.165,1875027,hipGetLastError,ENTER,,,0
2025-10-01 16:49:40.166,1875027,hipGetLastError,LEAVE,,NULL,0
2025-10-01 16:49:40.166,1875027,hipLaunchKernel,ENTER,const void*=0x7fe663154280; dim3=dim3(0x13600000136); dim3=dim3(0x1); void**=0x2000000020,,0
2025-10-01 16:49:40.166,1875027,hipLaunchKernel,LEAVE,const void*=0x7fe663154280; dim3=dim3(0x13600000136); dim3=dim3(0x1); void**=0x2000000020,NULL,0
2025-10-01 16:49:40.166,1875027,hipGetLastError,ENTER,,,0
2025-10-01 16:49:40.166,1875027,hipGetLastError,LEAVE,,NULL,0
2025-10-01 16:49:40.166,1875027,hipLaunchKernel,ENTER,const void*=0x7fe663154280; dim3=dim3(0x13600000136); dim3=dim3(0x1); void**=0x2000000020,,0
2025-10-01 16:49:40.166,1875027,hipLaunchKernel,LEAVE,const void*=0x7fe663154280; dim3=dim3(0x13600000136); dim3=dim3(0x1); void**=0x2000000020,NULL,0
2025-10-01 16:49:40.167,1875027,hipGetLastError,ENTER,,,0
2025-10-01 16:49:40.167,1875027,hipGetLastError,LEAVE,,NULL,0
2025-10-01 16:49:40.167,1875027,hipLaunchKernel,ENTER,const void*=0x7fe663154280; dim3=dim3(0x13600000136); dim3=dim3(0x1); void**=0x2000000020,,0
2025-10-01 16:49:40.167,1875027,hipLaunchKernel,LEAVE,const void*=0x7fe663154280; dim3=dim3(0x13600000136); dim3=dim3(0x1); void**=0x2000000020,NULL,0
2025-10-01 16:49:40.167,1875027,hipGetLastError,ENTER,,,0
2025-10-01 16:49:40.167,1875027,hipGetLastError,LEAVE,,NULL,0
2025-10-01 16:49:40.167,1875027,hipLaunchKernel,ENTER,const void*=0x7fe663154280; dim3=dim3(0x13600000136); dim3=dim3(0x1); void**=0x2000000020,,0
2025-10-01 16:49:40.168,1875027,hipLaunchKernel,LEAVE,const void*=0x7fe663154280; dim3=dim3(0x13600000136); dim3=dim3(0x1); void**=0x2000000020,NULL,0
2025-10-01 16:49:40.168,1875027,hipGetLastError,ENTER,,,0
2025-10-01 16:49:40.168,1875027,hipGetLastError,LEAVE,,NULL,0
2025-10-01 16:49:40.168,1875027,hipLaunchKernel,ENTER,const void*=0x7fe663154280; dim3=dim3(0x13600000136); dim3=dim3(0x1); void**=0x2000000020,,0
2025-10-01 16:49:40.168,1875027,hipLaunchKernel,LEAVE,const void*=0x7fe663154280; dim3=dim3(0x13600000136); dim3=dim3(0x1); void**=0x2000000020,NULL,0
2025-10-01 16:49:40.168,1875027,hipGetLastError,ENTER,,,0
2025-10-01 16:49:40.169,1875027,hipGetLastError,LEAVE,,NULL,0
2025-10-01 16:49:40.169,1875027,hipLaunchKernel,ENTER,const void*=0x7fe663154280; dim3=dim3(0x13600000136); dim3=dim3(0x1); void**=0x2000000020,,0
2025-10-01 16:49:40.169,1875027,hipLaunchKernel,LEAVE,const void*=0x7fe663154280; dim3=dim3(0x13600000136); dim3=dim3(0x1); void**=0x2000000020,NULL,0
2025-10-01 16:49:40.169,1875027,hipGetLastError,ENTER,,,0
2025-10-01 16:49:40.169,1875027,hipGetLastError,LEAVE,,NULL,0
2025-10-01 16:49:40.169,1875027,hipLaunchKernel,ENTER,const void*=0x7fe663154280; dim3=dim3(0x13600000136); dim3=dim3(0x1); void**=0x2000000020,,0
2025-10-01 16:49:40.169,1875027,hipLaunchKernel,LEAVE,const void*=0x7fe663154280; dim3=dim3(0x13600000136); dim3=dim3(0x1); void**=0x2000000020,NULL,0
2025-10-01 16:49:40.170,1875027,hipGetLastError,ENTER,,,0
2025-10-01 16:49:40.170,1875027,hipGetLastError,LEAVE,,NULL,0
2025-10-01 16:49:40.170,1875027,hipLaunchKernel,ENTER,const void*=0x7fe663154280; dim3=dim3(0x13600000136); dim3=dim3(0x1); void**=0x2000000020,,0
2025-10-01 16:49:40.170,1875027,hipLaunchKernel,LEAVE,const void*=0x7fe663154280; dim3=dim3(0x13600000136); dim3=dim3(0x1); void**=0x2000000020,NULL,0
2025-10-01 16:49:40.170,1875027,hipGetLastError,ENTER,,,0
2025-10-01 16:49:40.170,1875027,hipGetLastError,LEAVE,,NULL,0
2025-10-01 16:49:40.170,1875027,hipLaunchKernel,ENTER,const void*=0x7fe663154280; dim3=dim3(0x13600000136); dim3=dim3(0x1); void**=0x2000000020,,0
2025-10-01 16:49:40.171,1875027,hipLaunchKernel,LEAVE,const void*=0x7fe663154280; dim3=dim3(0x13600000136); dim3=dim3(0x1); void**=0x2000000020,NULL,0
2025-10-01 16:49:40.171,1875027,hipGetLastError,ENTER,,,0
2025-10-01 16:49:40.171,1875027,hipGetLastError,LEAVE,,NULL,0
2025-10-01 16:49:40.171,1875027,hipStreamSynchronize,ENTER,hipStream_t=0x7fa5e4001290,,0
2025-10-01 16:49:40.171,1875027,hipStreamSynchronize,LEAVE,hipStream_t=0x7fa5e4001290,NULL,0
2025-10-01 16:49:40.171,1875027,hipLaunchKernel,ENTER,const void*=0x7fe663154280; dim3=dim3(0x13600000136); dim3=dim3(0x1); void**=0x2000000020,,0
2025-10-01 16:49:40.171,1875027,hipLaunchKernel,LEAVE,const void*=0x7fe663154280; dim3=dim3(0x13600000136); dim3=dim3(0x1); void**=0x2000000020,NULL,0
2025-10-01 16:49:40.172,1875027,hipGetLastError,ENTER,,,0
2025-10-01 16:49:40.172,1875027,hipGetLastError,LEAVE,,NULL,0
2025-10-01 16:49:40.172,1875027,hipLaunchKernel,ENTER,const void*=0x7fe663154280; dim3=dim3(0x13600000136); dim3=dim3(0x1); void**=0x2000000020,,0
2025-10-01 16:49:40.172,1875027,hipLaunchKernel,LEAVE,const void*=0x7fe663154280; dim3=dim3(0x13600000136); dim3=dim3(0x1); void**=0x2000000020,NULL,0
2025-10-01 16:49:40.172,1875027,hipGetLastError,ENTER,,,0
2025-10-01 16:49:40.172,1875027,hipGetLastError,LEAVE,,NULL,0
2025-10-01 16:49:40.172,1875027,hipLaunchKernel,ENTER,const void*=0x7fe663154280; dim3=dim3(0x13600000136); dim3=dim3(0x1); void**=0x2000000020,,0
2025-10-01 16:49:40.173,1875027,hipLaunchKernel,LEAVE,const void*=0x7fe663154280; dim3=dim3(0x13600000136); dim3=dim3(0x1); void**=0x2000000020,NULL,0
2025-10-01 16:49:40.173,1875027,hipGetLastError,ENTER,,,0
2025-10-01 16:49:40.173,1875027,hipGetLastError,LEAVE,,NULL,0
2025-10-01 16:49:40.173,1875027,hipLaunchKernel,ENTER,const void*=0x7fe663154280; dim3=dim3(0x13600000136); dim3=dim3(0x1); void**=0x2000000020,,0
2025-10-01 16:49:40.173,1875027,hipLaunchKernel,LEAVE,const void*=0x7fe663154280; dim3=dim3(0x13600000136); dim3=dim3(0x1); void**=0x2000000020,NULL,0
2025-10-01 16:49:40.173,1875027,hipGetLastError,ENTER,,,0
2025-10-01 16:49:40.173,1875027,hipGetLastError,LEAVE,,NULL,0
2025-10-01 16:49:40.174,1875027,hipLaunchKernel,ENTER,const void*=0x7fe663154280; dim3=dim3(0x13600000136); dim3=dim3(0x1); void**=0x2000000020,,0
2025-10-01 16:49:40.174,1875027,hipLaunchKernel,LEAVE,const void*=0x7fe663154280; dim3=dim3(0x13600000136); dim3=dim3(0x1); void**=0x2000000020,NULL,0
2025-10-01 16:49:40.174,1875027,hipGetLastError,ENTER,,,0
2025-10-01 16:49:40.174,1875027,hipGetLastError,LEAVE,,NULL,0
2025-10-01 16:49:40.174,1875027,hipLaunchKernel,ENTER,const void*=0x7fe663154280; dim3=dim3(0x13600000136); dim3=dim3(0x1); void**=0x2000000020,,0
2025-10-01 16:49:40.174,1875027,hipLaunchKernel,LEAVE,const void*=0x7fe663154280; dim3=dim3(0x13600000136); dim3=dim3(0x1); void**=0x2000000020,NULL,0
2025-10-01 16:49:40.174,1875027,hipGetLastError,ENTER,,,0
2025-10-01 16:49:40.174,1875027,hipGetLastError,LEAVE,,NULL,1
2025-10-01 16:49:40.175,1875027,hipLaunchKernel,ENTER,const void*=0x7fe663154280; dim3=dim3(0x13600000136); dim3=dim3(0x1); void**=0x2000000020,,0
2025-10-01 16:49:40.175,1875027,hipLaunchKernel,LEAVE,const void*=0x7fe663154280; dim3=dim3(0x13600000136); dim3=dim3(0x1); void**=0x2000000020,NULL,0
2025-10-01 16:49:40.175,1875027,hipGetLastError,ENTER,,,0
2025-10-01 16:49:40.175,1875027,hipGetLastError,LEAVE,,NULL,0
2025-10-01 16:49:40.175,1875027,hipLaunchKernel,ENTER,const void*=0x7fe663154280; dim3=dim3(0x13600000136); dim3=dim3(0x1); void**=0x2000000020,,0
2025-10-01 16:49:40.175,1875027,hipLaunchKernel,LEAVE,const void*=0x7fe663154280; dim3=dim3(0x13600000136); dim3=dim3(0x1); void**=0x2000000020,NULL,0
2025-10-01 16:49:40.176,1875027,hipGetLastError,ENTER,,,0
2025-10-01 16:49:40.176,1875027,hipGetLastError,LEAVE,,NULL,0
2025-10-01 16:49:40.176,1875027,hipLaunchKernel,ENTER,const void*=0x7fe663154280; dim3=dim3(0x13600000136); dim3=dim3(0x1); void**=0x2000000020,,0
2025-10-01 16:49:40.176,1875027,hipLaunchKernel,LEAVE,const void*=0x7fe663154280; dim3=dim3(0x13600000136); dim3=dim3(0x1); void**=0x2000000020,NULL,0
2025-10-01 16:49:40.176,1875027,hipGetLastError,ENTER,,,0
2025-10-01 16:49:40.176,1875027,hipGetLastError,LEAVE,,NULL,0
2025-10-01 16:49:40.176,1875027,hipLaunchKernel,ENTER,const void*=0x7fe663154280; dim3=dim3(0x13600000136); dim3=dim3(0x1); void**=0x2000000020,,0
2025-10-01 16:49:40.177,1875027,hipLaunchKernel,LEAVE,const void*=0x7fe663154280; dim3=dim3(0x13600000136); dim3=dim3(0x1); void**=0x2000000020,NULL,0
2025-10-01 16:49:40.177,1875027,hipGetLastError,ENTER,,,0
2025-10-01 16:49:40.177,1875027,hipGetLastError,LEAVE,,NULL,0
2025-10-01 16:49:40.177,1875027,hipStreamSynchronize,ENTER,hipStream_t=0x7fa5e4001290,,0
2025-10-01 16:49:40.177,1875027,hipStreamSynchronize,LEAVE,hipStream_t=0x7fa5e4001290,NULL,0
2025-10-01 16:49:40.177,1875027,hipLaunchKernel,ENTER,const void*=0x7fe663154280; dim3=dim3(0x13600000136); dim3=dim3(0x1); void**=0x2000000020,,0
2025-10-01 16:49:40.177,1875027,hipLaunchKernel,LEAVE,const void*=0x7fe663154280; dim3=dim3(0x13600000136); dim3=dim3(0x1); void**=0x2000000020,NULL,0
2025-10-01 16:49:40.178,1875027,hipGetLastError,ENTER,,,0
2025-10-01 16:49:40.178,1875027,hipGetLastError,LEAVE,,NULL,0
2025-10-01 16:49:40.178,1875027,hipLaunchKernel,ENTER,const void*=0x7fe663154280; dim3=dim3(0x13600000136); dim3=dim3(0x1); void**=0x2000000020,,0
2025-10-01 16:49:40.178,1875027,hipLaunchKernel,LEAVE,const void*=0x7fe663154280; dim3=dim3(0x13600000136); dim3=dim3(0x1); void**=0x2000000020,NULL,0
2025-10-01 16:49:40.178,1875027,hipGetLastError,ENTER,,,0
2025-10-01 16:49:40.178,1875027,hipGetLastError,LEAVE,,NULL,0
2025-10-01 16:49:40.178,1875027,hipLaunchKernel,ENTER,const void*=0x7fe663154280; dim3=dim3(0x13600000136); dim3=dim3(0x1); void**=0x2000000020,,0
2025-10-01 16:49:40.179,1875027,hipLaunchKernel,LEAVE,const void*=0x7fe663154280; dim3=dim3(0x13600000136); dim3=dim3(0x1); void**=0x2000000020,NULL,0
2025-10-01 16:49:40.179,1875027,hipGetLastError,ENTER,,,0
2025-10-01 16:49:40.179,1875027,hipGetLastError,LEAVE,,NULL,0
2025-10-01 16:49:40.179,1875027,hipLaunchKernel,ENTER,const void*=0x7fe663154280; dim3=dim3(0x13600000136); dim3=dim3(0x1); void**=0x2000000020,,0
2025-10-01 16:49:40.179,1875027,hipLaunchKernel,LEAVE,const void*=0x7fe663154280; dim3=dim3(0x13600000136); dim3=dim3(0x1); void**=0x2000000020,NULL,0
2025-10-01 16:49:40.179,1875027,hipGetLastError,ENTER,,,0
2025-10-01 16:49:40.179,1875027,hipGetLastError,LEAVE,,NULL,0
2025-10-01 16:49:40.179,1875027,hipLaunchKernel,ENTER,const void*=0x7fe663154280; dim3=dim3(0x13600000136); dim3=dim3(0x1); void**=0x2000000020,,0
2025-10-01 16:49:40.180,1875027,hipLaunchKernel,LEAVE,const void*=0x7fe663154280; dim3=dim3(0x13600000136); dim3=dim3(0x1); void**=0x2000000020,NULL,0
2025-10-01 16:49:40.180,1875027,hipGetLastError,ENTER,,,0
2025-10-01 16:49:40.180,1875027,hipGetLastError,LEAVE,,NULL,0
2025-10-01 16:49:40.180,1875027,hipLaunchKernel,ENTER,const void*=0x7fe663154280; dim3=dim3(0x13600000136); dim3=dim3(0x1); void**=0x2000000020,,0
2025-10-01 16:49:40.180,1875027,hipLaunchKernel,LEAVE,const void*=0x7fe663154280; dim3=dim3(0x13600000136); dim3=dim3(0x1); void**=0x2000000020,NULL,0
2025-10-01 16:49:40.180,1875027,hipGetLastError,ENTER,,,0
2025-10-01 16:49:40.180,1875027,hipGetLastError,LEAVE,,NULL,0
2025-10-01 16:49:40.181,1875027,hipLaunchKernel,ENTER,const void*=0x7fe663154280; dim3=dim3(0x13600000136); dim3=dim3(0x1); void**=0x2000000020,,0
2025-10-01 16:49:40.181,1875027,hipLaunchKernel,LEAVE,const void*=0x7fe663154280; dim3=dim3(0x13600000136); dim3=dim3(0x1); void**=0x2000000020,NULL,0
2025-10-01 16:49:40.181,1875027,hipGetLastError,ENTER,,,0
2025-10-01 16:49:40.181,1875027,hipGetLastError,LEAVE,,NULL,0
2025-10-01 16:49:40.181,1875027,hipLaunchKernel,ENTER,const void*=0x7fe663154280; dim3=dim3(0x13600000136); dim3=dim3(0x1); void**=0x2000000020,,0
2025-10-01 16:49:40.181,1875027,hipLaunchKernel,LEAVE,const void*=0x7fe663154280; dim3=dim3(0x13600000136); dim3=dim3(0x1); void**=0x2000000020,NULL,0
2025-10-01 16:49:40.182,1875027,hipGetLastError,ENTER,,,0
2025-10-01 16:49:40.182,1875027,hipGetLastError,LEAVE,,NULL,0
2025-10-01 16:49:40.182,1875027,hipLaunchKernel,ENTER,const void*=0x7fe663154280; dim3=dim3(0x13600000136); dim3=dim3(0x1); void**=0x2000000020,,0
2025-10-01 16:49:40.182,1875027,hipLaunchKernel,LEAVE,const void*=0x7fe663154280; dim3=dim3(0x13600000136); dim3=dim3(0x1); void**=0x2000000020,NULL,0
2025-10-01 16:49:40.182,1875027,hipGetLastError,ENTER,,,0
2025-10-01 16:49:40.182,1875027,hipGetLastError,LEAVE,,NULL,0
2025-10-01 16:49:40.182,1875027,hipLaunchKernel,ENTER,const void*=0x7fe663154280; dim3=dim3(0x13600000136); dim3=dim3(0x1); void**=0x2000000020,,0
2025-10-01 16:49:40.183,1875027,hipLaunchKernel,LEAVE,const void*=0x7fe663154280; dim3=dim3(0x13600000136); dim3=dim3(0x1); void**=0x2000000020,NULL,0
2025-10-01 16:49:40.183,1875027,hipGetLastError,ENTER,,,0
2025-10-01 16:49:40.183,1875027,hipGetLastError,LEAVE,,NULL,0
2025-10-01 16:49:40.183,1875027,hipStreamSynchronize,ENTER,hipStream_t=0x7fa5e4001290,,0
2025-10-01 16:49:40.183,1875027,hipStreamSynchronize,LEAVE,hipStream_t=0x7fa5e4001290,NULL,0
2025-10-01 16:49:40.183,1875027,hipLaunchKernel,ENTER,const void*=0x7fe663154280; dim3=dim3(0x13600000136); dim3=dim3(0x1); void**=0x2000000020,,0
2025-10-01 16:49:40.183,1875027,hipLaunchKernel,LEAVE,const void*=0x7fe663154280; dim3=dim3(0x13600000136); dim3=dim3(0x1); void**=0x2000000020,NULL,0
2025-10-01 16:49:40.183,1875027,hipGetLastError,ENTER,,,0
2025-10-01 16:49:40.184,1875027,hipGetLastError,LEAVE,,NULL,0
2025-10-01 16:49:40.184,1875027,hipLaunchKernel,ENTER,const void*=0x7fe663154280; dim3=dim3(0x13600000136); dim3=dim3(0x1); void**=0x2000000020,,0
2025-10-01 16:49:40.184,1875027,hipLaunchKernel,LEAVE,const void*=0x7fe663154280; dim3=dim3(0x13600000136); dim3=dim3(0x1); void**=0x2000000020,NULL,0
2025-10-01 16:49:40.184,1875027,hipGetLastError,ENTER,,,0
2025-10-01 16:49:40.184,1875027,hipGetLastError,LEAVE,,NULL,0
2025-10-01 16:49:40.184,1875027,hipLaunchKernel,ENTER,const void*=0x7fe663154280; dim3=dim3(0x13600000136); dim3=dim3(0x1); void**=0x2000000020,,0
2025-10-01 16:49:40.185,1875027,hipLaunchKernel,LEAVE,const void*=0x7fe663154280; dim3=dim3(0x13600000136); dim3=dim3(0x1); void**=0x2000000020,NULL,0
2025-10-01 16:49:40.185,1875027,hipGetLastError,ENTER,,,0
2025-10-01 16:49:40.185,1875027,hipGetLastError,LEAVE,,NULL,0
2025-10-01 16:49:40.185,1875027,hipLaunchKernel,ENTER,const void*=0x7fe663154280; dim3=dim3(0x13600000136); dim3=dim3(0x1); void**=0x2000000020,,0
2025-10-01 16:49:40.185,1875027,hipLaunchKernel,LEAVE,const void*=0x7fe663154280; dim3=dim3(0x13600000136); dim3=dim3(0x1); void**=0x2000000020,NULL,0
2025-10-01 16:49:40.185,1875027,hipGetLastError,ENTER,,,0
2025-10-01 16:49:40.185,1875027,hipGetLastError,LEAVE,,NULL,0
2025-10-01 16:49:40.186,1875027,hipLaunchKernel,ENTER,const void*=0x7fe663154280; dim3=dim3(0x13600000136); dim3=dim3(0x1); void**=0x2000000020,,0
2025-10-01 16:49:40.186,1875027,hipLaunchKernel,LEAVE,const void*=0x7fe663154280; dim3=dim3(0x13600000136); dim3=dim3(0x1); void**=0x2000000020,NULL,0
2025-10-01 16:49:40.186,1875027,hipGetLastError,ENTER,,,0
2025-10-01 16:49:40.186,1875027,hipGetLastError,LEAVE,,NULL,0
2025-10-01 16:49:40.186,1875027,hipLaunchKernel,ENTER,const void*=0x7fe663154280; dim3=dim3(0x13600000136); dim3=dim3(0x1); void**=0x2000000020,,0
2025-10-01 16:49:40.186,1875027,hipLaunchKernel,LEAVE,const void*=0x7fe663154280; dim3=dim3(0x13600000136); dim3=dim3(0x1); void**=0x2000000020,NULL,0
2025-10-01 16:49:40.187,1875027,hipGetLastError,ENTER,,,0
2025-10-01 16:49:40.187,1875027,hipGetLastError,LEAVE,,NULL,0
2025-10-01 16:49:40.187,1875027,hipLaunchKernel,ENTER,const void*=0x7fe663154280; dim3=dim3(0x13600000136); dim3=dim3(0x1); void**=0x2000000020,,0
2025-10-01 16:49:40.187,1875027,hipLaunchKernel,LEAVE,const void*=0x7fe663154280; dim3=dim3(0x13600000136); dim3=dim3(0x1); void**=0x2000000020,NULL,0
2025-10-01 16:49:40.187,1875027,hipGetLastError,ENTER,,,0
2025-10-01 16:49:40.187,1875027,hipGetLastError,LEAVE,,NULL,0
2025-10-01 16:49:40.187,1875027,hipLaunchKernel,ENTER,const void*=0x7fe663154280; dim3=dim3(0x13600000136); dim3=dim3(0x1); void**=0x2000000020,,0
2025-10-01 16:49:40.188,1875027,hipLaunchKernel,LEAVE,const void*=0x7fe663154280; dim3=dim3(0x13600000136); dim3=dim3(0x1); void**=0x2000000020,NULL,0
2025-10-01 16:49:40.188,1875027,hipGetLastError,ENTER,,,0
2025-10-01 16:49:40.188,1875027,hipGetLastError,LEAVE,,NULL,0
2025-10-01 16:49:40.188,1875027,hipLaunchKernel,ENTER,const void*=0x7fe663154280; dim3=dim3(0x13600000136); dim3=dim3(0x1); void**=0x2000000020,,0
2025-10-01 16:49:40.188,1875027,hipLaunchKernel,LEAVE,const void*=0x7fe663154280; dim3=dim3(0x13600000136); dim3=dim3(0x1); void**=0x2000000020,NULL,0
2025-10-01 16:49:40.188,1875027,hipGetLastError,ENTER,,,0
2025-10-01 16:49:40.188,1875027,hipGetLastError,LEAVE,,NULL,0
2025-10-01 16:49:40.189,1875027,hipLaunchKernel,ENTER,const void*=0x7fe663154280; dim3=dim3(0x13600000136); dim3=dim3(0x1); void**=0x2000000020,,0
2025-10-01 16:49:40.189,1875027,hipLaunchKernel,LEAVE,const void*=0x7fe663154280; dim3=dim3(0x13600000136); dim3=dim3(0x1); void**=0x2000000020,NULL,0
2025-10-01 16:49:40.189,1875027,hipGetLastError,ENTER,,,0
2025-10-01 16:49:40.189,1875027,hipGetLastError,LEAVE,,NULL,0
2025-10-01 16:49:40.189,1875027,hipStreamSynchronize,ENTER,hipStream_t=0x7fa5e4001290,,0
2025-10-01 16:49:40.189,1875027,hipStreamSynchronize,LEAVE,hipStream_t=0x7fa5e4001290,NULL,0
2025-10-01 16:49:40.190,1875027,hipLaunchKernel,ENTER,const void*=0x7fe663154280; dim3=dim3(0x13600000136); dim3=dim3(0x1); void**=0x2000000020,,0
2025-10-01 16:49:40.190,1875027,hipLaunchKernel,LEAVE,const void*=0x7fe663154280; dim3=dim3(0x13600000136); dim3=dim3(0x1); void**=0x2000000020,NULL,0
2025-10-01 16:49:40.190,1875027,hipGetLastError,ENTER,,,0
2025-10-01 16:49:40.190,1875027,hipGetLastError,LEAVE,,NULL,0
2025-10-01 16:49:40.190,1875027,hipLaunchKernel,ENTER,const void*=0x7fe663154280; dim3=dim3(0x13600000136); dim3=dim3(0x1); void**=0x2000000020,,0
2025-10-01 16:49:40.190,1875027,hipLaunchKernel,LEAVE,const void*=0x7fe663154280; dim3=dim3(0x13600000136); dim3=dim3(0x1); void**=0x2000000020,NULL,0
2025-10-01 16:49:40.190,1875027,hipGetLastError,ENTER,,,0
2025-10-01 16:49:40.191,1875027,hipGetLastError,LEAVE,,NULL,0
2025-10-01 16:49:40.191,1875027,hipLaunchKernel,ENTER,const void*=0x7fe663154280; dim3=dim3(0x13600000136); dim3=dim3(0x1); void**=0x2000000020,,0
2025-10-01 16:49:40.191,1875027,hipLaunchKernel,LEAVE,const void*=0x7fe663154280; dim3=dim3(0x13600000136); dim3=dim3(0x1); void**=0x2000000020,NULL,0
2025-10-01 16:49:40.191,1875027,hipGetLastError,ENTER,,,0
2025-10-01 16:49:40.191,1875027,hipGetLastError,LEAVE,,NULL,0
2025-10-01 16:49:40.191,1875027,hipLaunchKernel,ENTER,const void*=0x7fe663154280; dim3=dim3(0x13600000136); dim3=dim3(0x1); void**=0x2000000020,,0
2025-10-01 16:49:40.191,1875027,hipLaunchKernel,LEAVE,const void*=0x7fe663154280; dim3=dim3(0x13600000136); dim3=dim3(0x1); void**=0x2000000020,NULL,0
2025-10-01 16:49:40.192,1875027,hipGetLastError,ENTER,,,0
2025-10-01 16:49:40.192,1875027,hipGetLastError,LEAVE,,NULL,0
2025-10-01 16:49:40.192,1875027,hipLaunchKernel,ENTER,const void*=0x7fe663154280; dim3=dim3(0x13600000136); dim3=dim3(0x1); void**=0x2000000020,,0
2025-10-01 16:49:40.192,1875025,hipLaunchKernel,LEAVE,const void*=0x7fe663154280; dim3=dim3(0x13600000136); dim3=dim3(0x1); void**=0x2000000020,NULL,795
2025-10-01 16:49:40.192,1875027,hipLaunchKernel,LEAVE,const void*=0x7fe663154280; dim3=dim3(0x13600000136); dim3=dim3(0x1); void**=0x2000000020,NULL,0
2025-10-01 16:49:40.193,1875027,hipGetLastError,ENTER,,,0
2025-10-01 16:49:40.193,1875027,hipGetLastError,LEAVE,,NULL,0
2025-10-01 16:49:40.193,1875027,hipLaunchKernel,ENTER,const void*=0x7fe663154280; dim3=dim3(0x13600000136); dim3=dim3(0x1); void**=0x2000000020,,0
2025-10-01 16:49:40.193,1875027,hipLaunchKernel,LEAVE,const void*=0x7fe663154280; dim3=dim3(0x13600000136); dim3=dim3(0x1); void**=0x2000000020,NULL,0
2025-10-01 16:49:40.193,1875027,hipGetLastError,ENTER,,,0
2025-10-01 16:49:40.193,1875027,hipGetLastError,LEAVE,,NULL,0
2025-10-01 16:49:40.193,1875027,hipLaunchKernel,ENTER,const void*=0x7fe663154280; dim3=dim3(0x13600000136); dim3=dim3(0x1); void**=0x2000000020,,0
2025-10-01 16:49:40.193,1875027,hipLaunchKernel,LEAVE,const void*=0x7fe663154280; dim3=dim3(0x13600000136); dim3=dim3(0x1); void**=0x2000000020,NULL,0
2025-10-01 16:49:40.193,1875027,hipGetLastError,ENTER,,,0
2025-10-01 16:49:40.194,1875027,hipGetLastError,LEAVE,,NULL,0
2025-10-01 16:49:40.194,1875027,hipLaunchKernel,ENTER,const void*=0x7fe663154280; dim3=dim3(0x13600000136); dim3=dim3(0x1); void**=0x2000000020,,0
2025-10-01 16:49:40.194,1875027,hipLaunchKernel,LEAVE,const void*=0x7fe663154280; dim3=dim3(0x13600000136); dim3=dim3(0x1); void**=0x2000000020,NULL,0
2025-10-01 16:49:40.194,1875027,hipGetLastError,ENTER,,,0
2025-10-01 16:49:40.194,1875027,hipGetLastError,LEAVE,,NULL,0
2025-10-01 16:49:40.194,1875027,hipLaunchKernel,ENTER,const void*=0x7fe663154280; dim3=dim3(0x13600000136); dim3=dim3(0x1); void**=0x2000000020,,0
2025-10-01 16:49:40.194,1875027,hipLaunchKernel,LEAVE,const void*=0x7fe663154280; dim3=dim3(0x13600000136); dim3=dim3(0x1); void**=0x2000000020,NULL,0
2025-10-01 16:49:40.194,1875027,hipGetLastError,ENTER,,,0
2025-10-01 16:49:40.195,1875027,hipGetLastError,LEAVE,,NULL,0
2025-10-01 16:49:40.195,1875027,hipLaunchKernel,ENTER,const void*=0x7fe663154280; dim3=dim3(0x13600000136); dim3=dim3(0x1); void**=0x2000000020,,0
2025-10-01 16:49:40.195,1875027,hipLaunchKernel,LEAVE,const void*=0x7fe663154280; dim3=dim3(0x13600000136); dim3=dim3(0x1); void**=0x2000000020,NULL,0
2025-10-01 16:49:40.195,1875027,hipGetLastError,ENTER,,,0
2025-10-01 16:49:40.195,1875027,hipGetLastError,LEAVE,,NULL,0
2025-10-01 16:49:40.195,1875027,hipStreamSynchronize,ENTER,hipStream_t=0x7fa5e4001290,,0
2025-10-01 16:49:40.195,1875025,hipGetLastError,ENTER,,,0
2025-10-01 16:49:40.195,1875025,hipGetLastError,LEAVE,,NULL,0
2025-10-01 16:49:40.196,1875027,hipStreamSynchronize,LEAVE,hipStream_t=0x7fa5e4001290,NULL,1
2025-10-01 16:49:40.196,1875027,hipLaunchKernel,ENTER,const void*=0x7fe663154280; dim3=dim3(0x13600000136); dim3=dim3(0x1); void**=0x2000000020,,0
2025-10-01 16:49:40.196,1875025,hipLaunchKernel,ENTER,const void*=0x7fe663154280; dim3=dim3(0x13600000136); dim3=dim3(0x1); void**=0x2000000020,,0
2025-10-01 16:49:40.196,1875027,hipLaunchKernel,LEAVE,const void*=0x7fe663154280; dim3=dim3(0x13600000136); dim3=dim3(0x1); void**=0x2000000020,NULL,0
2025-10-01 16:49:40.196,1875027,hipGetLastError,ENTER,,,0
2025-10-01 16:49:40.196,1875027,hipGetLastError,LEAVE,,NULL,0
2025-10-01 16:49:40.196,1875027,hipLaunchKernel,ENTER,const void*=0x7fe663154280; dim3=dim3(0x13600000136); dim3=dim3(0x1); void**=0x2000000020,,0
2025-10-01 16:49:40.197,1875027,hipLaunchKernel,LEAVE,const void*=0x7fe663154280; dim3=dim3(0x13600000136); dim3=dim3(0x1); void**=0x2000000020,NULL,0
2025-10-01 16:49:40.197,1875027,hipGetLastError,ENTER,,,0
2025-10-01 16:49:40.197,1875027,hipGetLastError,LEAVE,,NULL,0
2025-10-01 16:49:40.197,1875027,hipLaunchKernel,ENTER,const void*=0x7fe663154280; dim3=dim3(0x13600000136); dim3=dim3(0x1); void**=0x2000000020,,0
2025-10-01 16:49:40.197,1875027,hipLaunchKernel,LEAVE,const void*=0x7fe663154280; dim3=dim3(0x13600000136); dim3=dim3(0x1); void**=0x2000000020,NULL,0
2025-10-01 16:49:40.197,1875027,hipGetLastError,ENTER,,,0
2025-10-01 16:49:40.197,1875027,hipGetLastError,LEAVE,,NULL,0
2025-10-01 16:49:40.197,1875027,hipLaunchKernel,ENTER,const void*=0x7fe663154280; dim3=dim3(0x13600000136); dim3=dim3(0x1); void**=0x2000000020,,0
2025-10-01 16:49:40.198,1875027,hipLaunchKernel,LEAVE,const void*=0x7fe663154280; dim3=dim3(0x13600000136); dim3=dim3(0x1); void**=0x2000000020,NULL,0
2025-10-01 16:49:40.198,1875027,hipGetLastError,ENTER,,,0
2025-10-01 16:49:40.198,1875027,hipGetLastError,LEAVE,,NULL,0
2025-10-01 16:49:40.198,1875027,hipLaunchKernel,ENTER,const void*=0x7fe663154280; dim3=dim3(0x13600000136); dim3=dim3(0x1); void**=0x2000000020,,0
2025-10-01 16:49:40.198,1875027,hipLaunchKernel,LEAVE,const void*=0x7fe663154280; dim3=dim3(0x13600000136); dim3=dim3(0x1); void**=0x2000000020,NULL,0
2025-10-01 16:49:40.198,1875027,hipGetLastError,ENTER,,,0
2025-10-01 16:49:40.198,1875027,hipGetLastError,LEAVE,,NULL,0
2025-10-01 16:49:40.198,1875027,hipLaunchKernel,ENTER,const void*=0x7fe663154280; dim3=dim3(0x13600000136); dim3=dim3(0x1); void**=0x2000000020,,0
2025-10-01 16:49:40.198,1875027,hipLaunchKernel,LEAVE,const void*=0x7fe663154280; dim3=dim3(0x13600000136); dim3=dim3(0x1); void**=0x2000000020,NULL,0
2025-10-01 16:49:40.199,1875027,hipGetLastError,ENTER,,,0
2025-10-01 16:49:40.199,1875027,hipGetLastError,LEAVE,,NULL,0
2025-10-01 16:49:40.199,1875027,hipLaunchKernel,ENTER,const void*=0x7fe663154280; dim3=dim3(0x13600000136); dim3=dim3(0x1); void**=0x2000000020,,0
2025-10-01 16:49:40.199,1875027,hipLaunchKernel,LEAVE,const void*=0x7fe663154280; dim3=dim3(0x13600000136); dim3=dim3(0x1); void**=0x2000000020,NULL,0
2025-10-01 16:49:40.199,1875027,hipGetLastError,ENTER,,,0
2025-10-01 16:49:40.199,1875027,hipGetLastError,LEAVE,,NULL,0
2025-10-01 16:49:40.199,1875027,hipLaunchKernel,ENTER,const void*=0x7fe663154280; dim3=dim3(0x13600000136); dim3=dim3(0x1); void**=0x2000000020,,0
2025-10-01 16:49:40.199,1875027,hipLaunchKernel,LEAVE,const void*=0x7fe663154280; dim3=dim3(0x13600000136); dim3=dim3(0x1); void**=0x2000000020,NULL,0
2025-10-01 16:49:40.199,1875027,hipGetLastError,ENTER,,,0
2025-10-01 16:49:40.199,1875027,hipGetLastError,LEAVE,,NULL,0
2025-10-01 16:49:40.200,1875027,hipLaunchKernel,ENTER,const void*=0x7fe663154280; dim3=dim3(0x13600000136); dim3=dim3(0x1); void**=0x2000000020,,0
2025-10-01 16:49:40.200,1875027,hipLaunchKernel,LEAVE,const void*=0x7fe663154280; dim3=dim3(0x13600000136); dim3=dim3(0x1); void**=0x2000000020,NULL,0
2025-10-01 16:49:40.200,1875027,hipGetLastError,ENTER,,,0
2025-10-01 16:49:40.200,1875027,hipGetLastError,LEAVE,,NULL,0
2025-10-01 16:49:40.200,1875027,hipLaunchKernel,ENTER,const void*=0x7fe663154280; dim3=dim3(0x13600000136); dim3=dim3(0x1); void**=0x2000000020,,0
2025-10-01 16:49:40.200,1875027,hipLaunchKernel,LEAVE,const void*=0x7fe663154280; dim3=dim3(0x13600000136); dim3=dim3(0x1); void**=0x2000000020,NULL,0
2025-10-01 16:49:40.200,1875027,hipGetLastError,ENTER,,,0
2025-10-01 16:49:40.200,1875027,hipGetLastError,LEAVE,,NULL,1
2025-10-01 16:49:40.201,1875027,hipStreamSynchronize,ENTER,hipStream_t=0x7fa5e4001290,,0
2025-10-01 16:49:40.201,1875025,hipLaunchKernel,LEAVE,const void*=0x7fe663154280; dim3=dim3(0x13600000136); dim3=dim3(0x1); void**=0x2000000020,NULL,5
2025-10-01 16:49:40.201,1875025,hipGetLastError,ENTER,,,0
2025-10-01 16:49:40.201,1875025,hipGetLastError,LEAVE,,NULL,0
2025-10-01 16:49:40.201,1875025,hipLaunchKernel,ENTER,const void*=0x7fe663154280; dim3=dim3(0x13600000136); dim3=dim3(0x1); void**=0x2000000020,,0
2025-10-01 16:49:40.202,1875027,hipStreamSynchronize,LEAVE,hipStream_t=0x7fa5e4001290,NULL,1
2025-10-01 16:49:40.202,1875027,hipLaunchKernel,ENTER,const void*=0x7fe663154280; dim3=dim3(0x13600000136); dim3=dim3(0x1); void**=0x2000000020,,0
2025-10-01 16:49:40.202,1875025,hipLaunchKernel,LEAVE,const void*=0x7fe663154280; dim3=dim3(0x13600000136); dim3=dim3(0x1); void**=0x2000000020,NULL,0
2025-10-01 16:49:40.202,1875025,hipGetLastError,ENTER,,,0
2025-10-01 16:49:40.202,1875025,hipGetLastError,LEAVE,,NULL,0
2025-10-01 16:49:40.202,1875025,hipLaunchKernel,ENTER,const void*=0x7fe663154280; dim3=dim3(0x13600000136); dim3=dim3(0x1); void**=0x2000000020,,0
2025-10-01 16:49:40.203,1875027,hipLaunchKernel,LEAVE,const void*=0x7fe663154280; dim3=dim3(0x13600000136); dim3=dim3(0x1); void**=0x2000000020,NULL,1
2025-10-01 16:49:40.203,1875027,hipGetLastError,ENTER,,,0
2025-10-01 16:49:40.203,1875027,hipGetLastError,LEAVE,,NULL,0
2025-10-01 16:49:40.203,1875027,hipLaunchKernel,ENTER,const void*=0x7fe663154280; dim3=dim3(0x13600000136); dim3=dim3(0x1); void**=0x2000000020,,0
2025-10-01 16:49:40.203,1875027,hipLaunchKernel,LEAVE,const void*=0x7fe663154280; dim3=dim3(0x13600000136); dim3=dim3(0x1); void**=0x2000000020,NULL,0
2025-10-01 16:49:40.203,1875027,hipGetLastError,ENTER,,,0
2025-10-01 16:49:40.203,1875027,hipGetLastError,LEAVE,,NULL,0
2025-10-01 16:49:40.203,1875027,hipLaunchKernel,ENTER,const void*=0x7fe663154280; dim3=dim3(0x13600000136); dim3=dim3(0x1); void**=0x2000000020,,0
2025-10-01 16:49:40.204,1875027,hipLaunchKernel,LEAVE,const void*=0x7fe663154280; dim3=dim3(0x13600000136); dim3=dim3(0x1); void**=0x2000000020,NULL,0
2025-10-01 16:49:40.204,1875027,hipGetLastError,ENTER,,,0
2025-10-01 16:49:40.204,1875027,hipGetLastError,LEAVE,,NULL,0
2025-10-01 16:49:40.204,1875027,hipLaunchKernel,ENTER,const void*=0x7fe663154280; dim3=dim3(0x13600000136); dim3=dim3(0x1); void**=0x2000000020,,0
2025-10-01 16:49:40.204,1875027,hipLaunchKernel,LEAVE,const void*=0x7fe663154280; dim3=dim3(0x13600000136); dim3=dim3(0x1); void**=0x2000000020,NULL,0
2025-10-01 16:49:40.204,1875027,hipGetLastError,ENTER,,,0
2025-10-01 16:49:40.204,1875027,hipGetLastError,LEAVE,,NULL,0
2025-10-01 16:49:40.204,1875027,hipLaunchKernel,ENTER,const void*=0x7fe663154280; dim3=dim3(0x13600000136); dim3=dim3(0x1); void**=0x2000000020,,0
2025-10-01 16:49:40.204,1875027,hipLaunchKernel,LEAVE,const void*=0x7fe663154280; dim3=dim3(0x13600000136); dim3=dim3(0x1); void**=0x2000000020,NULL,0
2025-10-01 16:49:40.205,1875027,hipGetLastError,ENTER,,,0
2025-10-01 16:49:40.205,1875027,hipGetLastError,LEAVE,,NULL,0
2025-10-01 16:49:40.205,1875027,hipLaunchKernel,ENTER,const void*=0x7fe663154280; dim3=dim3(0x13600000136); dim3=dim3(0x1); void**=0x2000000020,,0
2025-10-01 16:49:40.205,1875027,hipLaunchKernel,LEAVE,const void*=0x7fe663154280; dim3=dim3(0x13600000136); dim3=dim3(0x1); void**=0x2000000020,NULL,0
2025-10-01 16:49:40.205,1875027,hipGetLastError,ENTER,,,0
2025-10-01 16:49:40.205,1875027,hipGetLastError,LEAVE,,NULL,0
2025-10-01 16:49:40.205,1875027,hipLaunchKernel,ENTER,const void*=0x7fe663154280; dim3=dim3(0x13600000136); dim3=dim3(0x1); void**=0x2000000020,,0
2025-10-01 16:49:40.205,1875027,hipLaunchKernel,LEAVE,const void*=0x7fe663154280; dim3=dim3(0x13600000136); dim3=dim3(0x1); void**=0x2000000020,NULL,0
2025-10-01 16:49:40.206,1875027,hipGetLastError,ENTER,,,0
2025-10-01 16:49:40.206,1875027,hipGetLastError,LEAVE,,NULL,0
2025-10-01 16:49:40.206,1875027,hipLaunchKernel,ENTER,const void*=0x7fe663154280; dim3=dim3(0x13600000136); dim3=dim3(0x1); void**=0x2000000020,,0
2025-10-01 16:49:40.206,1875027,hipLaunchKernel,LEAVE,const void*=0x7fe663154280; dim3=dim3(0x13600000136); dim3=dim3(0x1); void**=0x2000000020,NULL,0
2025-10-01 16:49:40.206,1875027,hipGetLastError,ENTER,,,0
2025-10-01 16:49:40.206,1875027,hipGetLastError,LEAVE,,NULL,0
2025-10-01 16:49:40.206,1875027,hipLaunchKernel,ENTER,const void*=0x7fe663154280; dim3=dim3(0x13600000136); dim3=dim3(0x1); void**=0x2000000020,,0
2025-10-01 16:49:40.206,1875027,hipLaunchKernel,LEAVE,const void*=0x7fe663154280; dim3=dim3(0x13600000136); dim3=dim3(0x1); void**=0x2000000020,NULL,0
2025-10-01 16:49:40.207,1875027,hipGetLastError,ENTER,,,0
2025-10-01 16:49:40.207,1875027,hipGetLastError,LEAVE,,NULL,0
2025-10-01 16:49:40.207,1875027,hipLaunchKernel,ENTER,const void*=0x7fe663154280; dim3=dim3(0x13600000136); dim3=dim3(0x1); void**=0x2000000020,,0
2025-10-01 16:49:40.207,1875027,hipLaunchKernel,LEAVE,const void*=0x7fe663154280; dim3=dim3(0x13600000136); dim3=dim3(0x1); void**=0x2000000020,NULL,0
2025-10-01 16:49:40.207,1875027,hipGetLastError,ENTER,,,0
2025-10-01 16:49:40.207,1875027,hipGetLastError,LEAVE,,NULL,0
2025-10-01 16:49:40.207,1875027,hipStreamSynchronize,ENTER,hipStream_t=0x7fa5e4001290,,0
2025-10-01 16:49:40.207,1875025,hipLaunchKernel,LEAVE,const void*=0x7fe663154280; dim3=dim3(0x13600000136); dim3=dim3(0x1); void**=0x2000000020,NULL,4
2025-10-01 16:49:40.207,1875025,hipGetLastError,ENTER,,,0
2025-10-01 16:49:40.208,1875025,hipGetLastError,LEAVE,,NULL,0
2025-10-01 16:49:40.208,1875025,hipLaunchKernel,ENTER,const void*=0x7fe663154280; dim3=dim3(0x13600000136); dim3=dim3(0x1); void**=0x2000000020,,0
2025-10-01 16:49:40.208,1875027,hipStreamSynchronize,LEAVE,hipStream_t=0x7fa5e4001290,NULL,1
2025-10-01 16:49:40.208,1875027,hipLaunchKernel,ENTER,const void*=0x7fe663154280; dim3=dim3(0x13600000136); dim3=dim3(0x1); void**=0x2000000020,,0
2025-10-01 16:49:40.208,1875025,hipLaunchKernel,LEAVE,const void*=0x7fe663154280; dim3=dim3(0x13600000136); dim3=dim3(0x1); void**=0x2000000020,NULL,0
2025-10-01 16:49:40.209,1875025,hipGetLastError,ENTER,,,0
2025-10-01 16:49:40.209,1875025,hipGetLastError,LEAVE,,NULL,0
2025-10-01 16:49:40.209,1875025,hipLaunchKernel,ENTER,const void*=0x7fe663154280; dim3=dim3(0x13600000136); dim3=dim3(0x1); void**=0x2000000020,,0
2025-10-01 16:49:40.209,1875027,hipLaunchKernel,LEAVE,const void*=0x7fe663154280; dim3=dim3(0x13600000136); dim3=dim3(0x1); void**=0x2000000020,NULL,1
2025-10-01 16:49:40.209,1875027,hipGetLastError,ENTER,,,0
2025-10-01 16:49:40.209,1875027,hipGetLastError,LEAVE,,NULL,0
2025-10-01 16:49:40.209,1875027,hipLaunchKernel,ENTER,const void*=0x7fe663154280; dim3=dim3(0x13600000136); dim3=dim3(0x1); void**=0x2000000020,,0
2025-10-01 16:49:40.210,1875025,hipLaunchKernel,LEAVE,const void*=0x7fe663154280; dim3=dim3(0x13600000136); dim3=dim3(0x1); void**=0x2000000020,NULL,1
2025-10-01 16:49:40.210,1875025,hipGetLastError,ENTER,,,0
2025-10-01 16:49:40.210,1875025,hipGetLastError,LEAVE,,NULL,0
2025-10-01 16:49:40.210,1875025,hipLaunchKernel,ENTER,const void*=0x7fe663154280; dim3=dim3(0x13600000136); dim3=dim3(0x1); void**=0x2000000020,,0
2025-10-01 16:49:40.210,1875027,hipLaunchKernel,LEAVE,const void*=0x7fe663154280; dim3=dim3(0x13600000136); dim3=dim3(0x1); void**=0x2000000020,NULL,0
2025-10-01 16:49:40.210,1875027,hipGetLastError,ENTER,,,0
2025-10-01 16:49:40.210,1875027,hipGetLastError,LEAVE,,NULL,0
2025-10-01 16:49:40.210,1875027,hipLaunchKernel,ENTER,const void*=0x7fe663154280; dim3=dim3(0x13600000136); dim3=dim3(0x1); void**=0x2000000020,,0
2025-10-01 16:49:40.211,1875027,hipLaunchKernel,LEAVE,const void*=0x7fe663154280; dim3=dim3(0x13600000136); dim3=dim3(0x1); void**=0x2000000020,NULL,0
2025-10-01 16:49:40.211,1875027,hipGetLastError,ENTER,,,0
2025-10-01 16:49:40.211,1875027,hipGetLastError,LEAVE,,NULL,0
2025-10-01 16:49:40.211,1875027,hipLaunchKernel,ENTER,const void*=0x7fe663154280; dim3=dim3(0x13600000136); dim3=dim3(0x1); void**=0x2000000020,,0
2025-10-01 16:49:40.211,1875027,hipLaunchKernel,LEAVE,const void*=0x7fe663154280; dim3=dim3(0x13600000136); dim3=dim3(0x1); void**=0x2000000020,NULL,0
2025-10-01 16:49:40.211,1875027,hipGetLastError,ENTER,,,0
2025-10-01 16:49:40.211,1875027,hipGetLastError,LEAVE,,NULL,0
2025-10-01 16:49:40.211,1875027,hipLaunchKernel,ENTER,const void*=0x7fe663154280; dim3=dim3(0x13600000136); dim3=dim3(0x1); void**=0x2000000020,,0
2025-10-01 16:49:40.212,1875027,hipLaunchKernel,LEAVE,const void*=0x7fe663154280; dim3=dim3(0x13600000136); dim3=dim3(0x1); void**=0x2000000020,NULL,1
2025-10-01 16:49:40.212,1875027,hipGetLastError,ENTER,,,0
2025-10-01 16:49:40.212,1875027,hipGetLastError,LEAVE,,NULL,0
2025-10-01 16:49:40.212,1875027,hipLaunchKernel,ENTER,const void*=0x7fe663154280; dim3=dim3(0x13600000136); dim3=dim3(0x1); void**=0x2000000020,,0
2025-10-01 16:49:40.212,1875027,hipLaunchKernel,LEAVE,const void*=0x7fe663154280; dim3=dim3(0x13600000136); dim3=dim3(0x1); void**=0x2000000020,NULL,0
2025-10-01 16:49:40.212,1875027,hipGetLastError,ENTER,,,0
2025-10-01 16:49:40.212,1875027,hipGetLastError,LEAVE,,NULL,0
2025-10-01 16:49:40.212,1875027,hipLaunchKernel,ENTER,const void*=0x7fe663154280; dim3=dim3(0x13600000136); dim3=dim3(0x1); void**=0x2000000020,,0
2025-10-01 16:49:40.212,1875027,hipLaunchKernel,LEAVE,const void*=0x7fe663154280; dim3=dim3(0x13600000136); dim3=dim3(0x1); void**=0x2000000020,NULL,0
2025-10-01 16:49:40.213,1875027,hipGetLastError,ENTER,,,0
2025-10-01 16:49:40.213,1875027,hipGetLastError,LEAVE,,NULL,0
2025-10-01 16:49:40.213,1875027,hipLaunchKernel,ENTER,const void*=0x7fe663154280; dim3=dim3(0x13600000136); dim3=dim3(0x1); void**=0x2000000020,,0
2025-10-01 16:49:40.213,1875027,hipLaunchKernel,LEAVE,const void*=0x7fe663154280; dim3=dim3(0x13600000136); dim3=dim3(0x1); void**=0x2000000020,NULL,0
2025-10-01 16:49:40.213,1875027,hipGetLastError,ENTER,,,0
2025-10-01 16:49:40.213,1875027,hipGetLastError,LEAVE,,NULL,0
2025-10-01 16:49:40.213,1875027,hipLaunchKernel,ENTER,const void*=0x7fe663154280; dim3=dim3(0x13600000136); dim3=dim3(0x1); void**=0x2000000020,,0
2025-10-01 16:49:40.213,1875027,hipLaunchKernel,LEAVE,const void*=0x7fe663154280; dim3=dim3(0x13600000136); dim3=dim3(0x1); void**=0x2000000020,NULL,0
2025-10-01 16:49:40.213,1875027,hipGetLastError,ENTER,,,0
2025-10-01 16:49:40.214,1875027,hipGetLastError,LEAVE,,NULL,0
2025-10-01 16:49:40.214,1875027,hipLaunchKernel,ENTER,const void*=0x7fe663154280; dim3=dim3(0x13600000136); dim3=dim3(0x1); void**=0x2000000020,,0
2025-10-01 16:49:40.214,1875027,hipLaunchKernel,LEAVE,const void*=0x7fe663154280; dim3=dim3(0x13600000136); dim3=dim3(0x1); void**=0x2000000020,NULL,0
2025-10-01 16:49:40.214,1875027,hipGetLastError,ENTER,,,0
2025-10-01 16:49:40.214,1875027,hipGetLastError,LEAVE,,NULL,0
2025-10-01 16:49:40.214,1875027,hipStreamSynchronize,ENTER,hipStream_t=0x7fa5e4001290,,0
2025-10-01 16:49:40.214,1875025,hipLaunchKernel,LEAVE,const void*=0x7fe663154280; dim3=dim3(0x13600000136); dim3=dim3(0x1); void**=0x2000000020,NULL,4
2025-10-01 16:49:40.214,1875025,hipGetLastError,ENTER,,,0
2025-10-01 16:49:40.215,1875025,hipGetLastError,LEAVE,,NULL,0
2025-10-01 16:49:40.215,1875025,hipLaunchKernel,ENTER,const void*=0x7fe663154280; dim3=dim3(0x13600000136); dim3=dim3(0x1); void**=0x2000000020,,0
2025-10-01 16:49:40.215,1875027,hipStreamSynchronize,LEAVE,hipStream_t=0x7fa5e4001290,NULL,1
2025-10-01 16:49:40.215,1875027,hipLaunchKernel,ENTER,const void*=0x7fe663154280; dim3=dim3(0x13600000136); dim3=dim3(0x1); void**=0x2000000020,,0
2025-10-01 16:49:40.215,1875027,hipLaunchKernel,LEAVE,const void*=0x7fe663154280; dim3=dim3(0x13600000136); dim3=dim3(0x1); void**=0x2000000020,NULL,0
2025-10-01 16:49:40.215,1875027,hipGetLastError,ENTER,,,0
2025-10-01 16:49:40.215,1875027,hipGetLastError,LEAVE,,NULL,0
2025-10-01 16:49:40.216,1875027,hipLaunchKernel,ENTER,const void*=0x7fe663154280; dim3=dim3(0x13600000136); dim3=dim3(0x1); void**=0x2000000020,,0
2025-10-01 16:49:40.216,1875027,hipLaunchKernel,LEAVE,const void*=0x7fe663154280; dim3=dim3(0x13600000136); dim3=dim3(0x1); void**=0x2000000020,NULL,0
2025-10-01 16:49:40.216,1875027,hipGetLastError,ENTER,,,0
2025-10-01 16:49:40.216,1875027,hipGetLastError,LEAVE,,NULL,0
2025-10-01 16:49:40.216,1875027,hipLaunchKernel,ENTER,const void*=0x7fe663154280; dim3=dim3(0x13600000136); dim3=dim3(0x1); void**=0x2000000020,,0
2025-10-01 16:49:40.216,1875027,hipLaunchKernel,LEAVE,const void*=0x7fe663154280; dim3=dim3(0x13600000136); dim3=dim3(0x1); void**=0x2000000020,NULL,0
2025-10-01 16:49:40.216,1875027,hipGetLastError,ENTER,,,0
2025-10-01 16:49:40.216,1875027,hipGetLastError,LEAVE,,NULL,0
2025-10-01 16:49:40.217,1875027,hipLaunchKernel,ENTER,const void*=0x7fe663154280; dim3=dim3(0x13600000136); dim3=dim3(0x1); void**=0x2000000020,,0
2025-10-01 16:49:40.217,1875027,hipLaunchKernel,LEAVE,const void*=0x7fe663154280; dim3=dim3(0x13600000136); dim3=dim3(0x1); void**=0x2000000020,NULL,0
2025-10-01 16:49:40.217,1875027,hipGetLastError,ENTER,,,0
2025-10-01 16:49:40.217,1875027,hipGetLastError,LEAVE,,NULL,0
2025-10-01 16:49:40.217,1875027,hipLaunchKernel,ENTER,const void*=0x7fe663154280; dim3=dim3(0x13600000136); dim3=dim3(0x1); void**=0x2000000020,,0
2025-10-01 16:49:40.217,1875027,hipLaunchKernel,LEAVE,const void*=0x7fe663154280; dim3=dim3(0x13600000136); dim3=dim3(0x1); void**=0x2000000020,NULL,0
2025-10-01 16:49:40.217,1875027,hipGetLastError,ENTER,,,0
2025-10-01 16:49:40.217,1875027,hipGetLastError,LEAVE,,NULL,0
2025-10-01 16:49:40.217,1875027,hipLaunchKernel,ENTER,const void*=0x7fe663154280; dim3=dim3(0x13600000136); dim3=dim3(0x1); void**=0x2000000020,,0
2025-10-01 16:49:40.218,1875027,hipLaunchKernel,LEAVE,const void*=0x7fe663154280; dim3=dim3(0x13600000136); dim3=dim3(0x1); void**=0x2000000020,NULL,0
2025-10-01 16:49:40.218,1875027,hipGetLastError,ENTER,,,0
2025-10-01 16:49:40.218,1875027,hipGetLastError,LEAVE,,NULL,0
2025-10-01 16:49:40.218,1875027,hipLaunchKernel,ENTER,const void*=0x7fe663154280; dim3=dim3(0x13600000136); dim3=dim3(0x1); void**=0x2000000020,,0
2025-10-01 16:49:40.218,1875027,hipLaunchKernel,LEAVE,const void*=0x7fe663154280; dim3=dim3(0x13600000136); dim3=dim3(0x1); void**=0x2000000020,NULL,0
2025-10-01 16:49:40.218,1875027,hipGetLastError,ENTER,,,0
2025-10-01 16:49:40.218,1875027,hipGetLastError,LEAVE,,NULL,0
2025-10-01 16:49:40.218,1875027,hipLaunchKernel,ENTER,const void*=0x7fe663154280; dim3=dim3(0x13600000136); dim3=dim3(0x1); void**=0x2000000020,,0
2025-10-01 16:49:40.218,1875027,hipLaunchKernel,LEAVE,const void*=0x7fe663154280; dim3=dim3(0x13600000136); dim3=dim3(0x1); void**=0x2000000020,NULL,0
2025-10-01 16:49:40.219,1875027,hipGetLastError,ENTER,,,0
2025-10-01 16:49:40.219,1875027,hipGetLastError,LEAVE,,NULL,0
2025-10-01 16:49:40.219,1875027,hipLaunchKernel,ENTER,const void*=0x7fe663154280; dim3=dim3(0x13600000136); dim3=dim3(0x1); void**=0x2000000020,,0
2025-10-01 16:49:40.219,1875027,hipLaunchKernel,LEAVE,const void*=0x7fe663154280; dim3=dim3(0x13600000136); dim3=dim3(0x1); void**=0x2000000020,NULL,0
2025-10-01 16:49:40.219,1875027,hipGetLastError,ENTER,,,0
2025-10-01 16:49:40.219,1875027,hipGetLastError,LEAVE,,NULL,0
2025-10-01 16:49:40.219,1875027,hipLaunchKernel,ENTER,const void*=0x7fe663154280; dim3=dim3(0x13600000136); dim3=dim3(0x1); void**=0x2000000020,,0
2025-10-01 16:49:40.219,1875027,hipLaunchKernel,LEAVE,const void*=0x7fe663154280; dim3=dim3(0x13600000136); dim3=dim3(0x1); void**=0x2000000020,NULL,0
2025-10-01 16:49:40.219,1875027,hipGetLastError,ENTER,,,0
2025-10-01 16:49:40.220,1875027,hipGetLastError,LEAVE,,NULL,0
2025-10-01 16:49:40.220,1875027,hipStreamSynchronize,ENTER,hipStream_t=0x7fa5e4001290,,0
2025-10-01 16:49:40.220,1875025,hipLaunchKernel,LEAVE,const void*=0x7fe663154280; dim3=dim3(0x13600000136); dim3=dim3(0x1); void**=0x2000000020,NULL,5
2025-10-01 16:49:40.220,1875025,hipGetLastError,ENTER,,,0
2025-10-01 16:49:40.220,1875025,hipGetLastError,LEAVE,,NULL,0
2025-10-01 16:49:40.220,1875025,hipLaunchKernel,ENTER,const void*=0x7fe663154280; dim3=dim3(0x13600000136); dim3=dim3(0x1); void**=0x2000000020,,0
2025-10-01 16:49:40.221,1875027,hipStreamSynchronize,LEAVE,hipStream_t=0x7fa5e4001290,NULL,1
2025-10-01 16:49:40.221,1875027,hipLaunchKernel,ENTER,const void*=0x7fe663154280; dim3=dim3(0x13600000136); dim3=dim3(0x1); void**=0x2000000020,,0
2025-10-01 16:49:40.221,1875025,hipLaunchKernel,LEAVE,const void*=0x7fe663154280; dim3=dim3(0x13600000136); dim3=dim3(0x1); void**=0x2000000020,NULL,0
2025-10-01 16:49:40.221,1875025,hipGetLastError,ENTER,,,0
2025-10-01 16:49:40.221,1875025,hipGetLastError,LEAVE,,NULL,0
2025-10-01 16:49:40.221,1875025,hipLaunchKernel,ENTER,const void*=0x7fe663154280; dim3=dim3(0x13600000136); dim3=dim3(0x1); void**=0x2000000020,,0
2025-10-01 16:49:40.222,1875027,hipLaunchKernel,LEAVE,const void*=0x7fe663154280; dim3=dim3(0x13600000136); dim3=dim3(0x1); void**=0x2000000020,NULL,1
2025-10-01 16:49:40.222,1875027,hipGetLastError,ENTER,,,0
2025-10-01 16:49:40.222,1875027,hipGetLastError,LEAVE,,NULL,0
2025-10-01 16:49:40.222,1875027,hipLaunchKernel,ENTER,const void*=0x7fe663154280; dim3=dim3(0x13600000136); dim3=dim3(0x1); void**=0x2000000020,,0
2025-10-01 16:49:40.222,1875027,hipLaunchKernel,LEAVE,const void*=0x7fe663154280; dim3=dim3(0x13600000136); dim3=dim3(0x1); void**=0x2000000020,NULL,0
2025-10-01 16:49:40.222,1875027,hipGetLastError,ENTER,,,0
2025-10-01 16:49:40.222,1875027,hipGetLastError,LEAVE,,NULL,0
2025-10-01 16:49:40.222,1875027,hipLaunchKernel,ENTER,const void*=0x7fe663154280; dim3=dim3(0x13600000136); dim3=dim3(0x1); void**=0x2000000020,,0
2025-10-01 16:49:40.223,1875027,hipLaunchKernel,LEAVE,const void*=0x7fe663154280; dim3=dim3(0x13600000136); dim3=dim3(0x1); void**=0x2000000020,NULL,0
2025-10-01 16:49:40.223,1875027,hipGetLastError,ENTER,,,0
2025-10-01 16:49:40.223,1875027,hipGetLastError,LEAVE,,NULL,0
2025-10-01 16:49:40.223,1875027,hipLaunchKernel,ENTER,const void*=0x7fe663154280; dim3=dim3(0x13600000136); dim3=dim3(0x1); void**=0x2000000020,,0
2025-10-01 16:49:40.223,1875027,hipLaunchKernel,LEAVE,const void*=0x7fe663154280; dim3=dim3(0x13600000136); dim3=dim3(0x1); void**=0x2000000020,NULL,0
2025-10-01 16:49:40.223,1875027,hipGetLastError,ENTER,,,0
2025-10-01 16:49:40.223,1875027,hipGetLastError,LEAVE,,NULL,0
2025-10-01 16:49:40.223,1875027,hipLaunchKernel,ENTER,const void*=0x7fe663154280; dim3=dim3(0x13600000136); dim3=dim3(0x1); void**=0x2000000020,,0
2025-10-01 16:49:40.224,1875027,hipLaunchKernel,LEAVE,const void*=0x7fe663154280; dim3=dim3(0x13600000136); dim3=dim3(0x1); void**=0x2000000020,NULL,0
2025-10-01 16:49:40.224,1875027,hipGetLastError,ENTER,,,0
2025-10-01 16:49:40.224,1875027,hipGetLastError,LEAVE,,NULL,0
2025-10-01 16:49:40.224,1875027,hipLaunchKernel,ENTER,const void*=0x7fe663154280; dim3=dim3(0x13600000136); dim3=dim3(0x1); void**=0x2000000020,,0
2025-10-01 16:49:40.224,1875027,hipLaunchKernel,LEAVE,const void*=0x7fe663154280; dim3=dim3(0x13600000136); dim3=dim3(0x1); void**=0x2000000020,NULL,0
2025-10-01 16:49:40.224,1875027,hipGetLastError,ENTER,,,0
2025-10-01 16:49:40.224,1875027,hipGetLastError,LEAVE,,NULL,0
2025-10-01 16:49:40.224,1875027,hipLaunchKernel,ENTER,const void*=0x7fe663154280; dim3=dim3(0x13600000136); dim3=dim3(0x1); void**=0x2000000020,,0
2025-10-01 16:49:40.224,1875027,hipLaunchKernel,LEAVE,const void*=0x7fe663154280; dim3=dim3(0x13600000136); dim3=dim3(0x1); void**=0x2000000020,NULL,0
2025-10-01 16:49:40.225,1875027,hipGetLastError,ENTER,,,0
2025-10-01 16:49:40.225,1875027,hipGetLastError,LEAVE,,NULL,0
2025-10-01 16:49:40.225,1875027,hipLaunchKernel,ENTER,const void*=0x7fe663154280; dim3=dim3(0x13600000136); dim3=dim3(0x1); void**=0x2000000020,,0
2025-10-01 16:49:40.225,1875027,hipLaunchKernel,LEAVE,const void*=0x7fe663154280; dim3=dim3(0x13600000136); dim3=dim3(0x1); void**=0x2000000020,NULL,0
2025-10-01 16:49:40.225,1875027,hipGetLastError,ENTER,,,0
2025-10-01 16:49:40.225,1875027,hipGetLastError,LEAVE,,NULL,0
2025-10-01 16:49:40.225,1875027,hipLaunchKernel,ENTER,const void*=0x7fe663154280; dim3=dim3(0x13600000136); dim3=dim3(0x1); void**=0x2000000020,,0
2025-10-01 16:49:40.225,1875027,hipLaunchKernel,LEAVE,const void*=0x7fe663154280; dim3=dim3(0x13600000136); dim3=dim3(0x1); void**=0x2000000020,NULL,0
2025-10-01 16:49:40.226,1875027,hipGetLastError,ENTER,,,0
2025-10-01 16:49:40.226,1875027,hipGetLastError,LEAVE,,NULL,0
2025-10-01 16:49:40.226,1875027,hipLaunchKernel,ENTER,const void*=0x7fe663154280; dim3=dim3(0x13600000136); dim3=dim3(0x1); void**=0x2000000020,,0
2025-10-01 16:49:40.226,1875027,hipLaunchKernel,LEAVE,const void*=0x7fe663154280; dim3=dim3(0x13600000136); dim3=dim3(0x1); void**=0x2000000020,NULL,0
2025-10-01 16:49:40.226,1875027,hipGetLastError,ENTER,,,0
2025-10-01 16:49:40.226,1875027,hipGetLastError,LEAVE,,NULL,0
2025-10-01 16:49:40.226,1875027,hipStreamSynchronize,ENTER,hipStream_t=0x7fa5e4001290,,0
2025-10-01 16:49:40.226,1875025,hipLaunchKernel,LEAVE,const void*=0x7fe663154280; dim3=dim3(0x13600000136); dim3=dim3(0x1); void**=0x2000000020,NULL,4
2025-10-01 16:49:40.227,1875025,hipGetLastError,ENTER,,,0
2025-10-01 16:49:40.227,1875025,hipGetLastError,LEAVE,,NULL,0
2025-10-01 16:49:40.227,1875025,hipStreamSynchronize,ENTER,hipStream_t=0x7fa5e8001290,,0
2025-10-01 16:49:40.227,1875027,hipStreamSynchronize,LEAVE,hipStream_t=0x7fa5e4001290,NULL,1
2025-10-01 16:49:40.227,1875027,hipLaunchKernel,ENTER,const void*=0x7fe663154280; dim3=dim3(0x13600000136); dim3=dim3(0x1); void**=0x2000000020,,0
2025-10-01 16:49:40.227,1875025,hipStreamSynchronize,LEAVE,hipStream_t=0x7fa5e8001290,NULL,0
2025-10-01 16:49:40.228,1875025,hipLaunchKernel,ENTER,const void*=0x7fe663154280; dim3=dim3(0x13600000136); dim3=dim3(0x1); void**=0x2000000020,,0
2025-10-01 16:49:40.228,1875027,hipLaunchKernel,LEAVE,const void*=0x7fe663154280; dim3=dim3(0x13600000136); dim3=dim3(0x1); void**=0x2000000020,NULL,1
2025-10-01 16:49:40.228,1875027,hipGetLastError,ENTER,,,0
2025-10-01 16:49:40.228,1875027,hipGetLastError,LEAVE,,NULL,0
2025-10-01 16:49:40.228,1875027,hipLaunchKernel,ENTER,const void*=0x7fe663154280; dim3=dim3(0x13600000136); dim3=dim3(0x1); void**=0x2000000020,,0
2025-10-01 16:49:40.228,1875027,hipLaunchKernel,LEAVE,const void*=0x7fe663154280; dim3=dim3(0x13600000136); dim3=dim3(0x1); void**=0x2000000020,NULL,0
2025-10-01 16:49:40.229,1875027,hipGetLastError,ENTER,,,0
2025-10-01 16:49:40.229,1875027,hipGetLastError,LEAVE,,NULL,0
2025-10-01 16:49:40.229,1875027,hipLaunchKernel,ENTER,const void*=0x7fe663154280; dim3=dim3(0x13600000136); dim3=dim3(0x1); void**=0x2000000020,,0
2025-10-01 16:49:40.229,1875027,hipLaunchKernel,LEAVE,const void*=0x7fe663154280; dim3=dim3(0x13600000136); dim3=dim3(0x1); void**=0x2000000020,NULL,0
2025-10-01 16:49:40.229,1875027,hipGetLastError,ENTER,,,0
2025-10-01 16:49:40.229,1875027,hipGetLastError,LEAVE,,NULL,0
2025-10-01 16:49:40.229,1875027,hipLaunchKernel,ENTER,const void*=0x7fe663154280; dim3=dim3(0x13600000136); dim3=dim3(0x1); void**=0x2000000020,,0
2025-10-01 16:49:40.229,1875027,hipLaunchKernel,LEAVE,const void*=0x7fe663154280; dim3=dim3(0x13600000136); dim3=dim3(0x1); void**=0x2000000020,NULL,0
2025-10-01 16:49:40.229,1875027,hipGetLastError,ENTER,,,0
2025-10-01 16:49:40.230,1875027,hipGetLastError,LEAVE,,NULL,0
2025-10-01 16:49:40.230,1875027,hipLaunchKernel,ENTER,const void*=0x7fe663154280; dim3=dim3(0x13600000136); dim3=dim3(0x1); void**=0x2000000020,,0
2025-10-01 16:49:40.230,1875027,hipLaunchKernel,LEAVE,const void*=0x7fe663154280; dim3=dim3(0x13600000136); dim3=dim3(0x1); void**=0x2000000020,NULL,0
2025-10-01 16:49:40.230,1875027,hipGetLastError,ENTER,,,0
2025-10-01 16:49:40.230,1875027,hipGetLastError,LEAVE,,NULL,0
2025-10-01 16:49:40.230,1875027,hipLaunchKernel,ENTER,const void*=0x7fe663154280; dim3=dim3(0x13600000136); dim3=dim3(0x1); void**=0x2000000020,,0
2025-10-01 16:49:40.230,1875027,hipLaunchKernel,LEAVE,const void*=0x7fe663154280; dim3=dim3(0x13600000136); dim3=dim3(0x1); void**=0x2000000020,NULL,0
2025-10-01 16:49:40.230,1875027,hipGetLastError,ENTER,,,0
2025-10-01 16:49:40.230,1875027,hipGetLastError,LEAVE,,NULL,0
2025-10-01 16:49:40.231,1875027,hipLaunchKernel,ENTER,const void*=0x7fe663154280; dim3=dim3(0x13600000136); dim3=dim3(0x1); void**=0x2000000020,,0
2025-10-01 16:49:40.231,1875027,hipLaunchKernel,LEAVE,const void*=0x7fe663154280; dim3=dim3(0x13600000136); dim3=dim3(0x1); void**=0x2000000020,NULL,0
2025-10-01 16:49:40.231,1875027,hipGetLastError,ENTER,,,0
2025-10-01 16:49:40.231,1875027,hipGetLastError,LEAVE,,NULL,0
2025-10-01 16:49:40.231,1875027,hipLaunchKernel,ENTER,const void*=0x7fe663154280; dim3=dim3(0x13600000136); dim3=dim3(0x1); void**=0x2000000020,,0
2025-10-01 16:49:40.231,1875027,hipLaunchKernel,LEAVE,const void*=0x7fe663154280; dim3=dim3(0x13600000136); dim3=dim3(0x1); void**=0x2000000020,NULL,0
2025-10-01 16:49:40.231,1875027,hipGetLastError,ENTER,,,0
2025-10-01 16:49:40.231,1875027,hipGetLastError,LEAVE,,NULL,0
2025-10-01 16:49:40.231,1875027,hipLaunchKernel,ENTER,const void*=0x7fe663154280; dim3=dim3(0x13600000136); dim3=dim3(0x1); void**=0x2000000020,,0
2025-10-01 16:49:40.232,1875027,hipLaunchKernel,LEAVE,const void*=0x7fe663154280; dim3=dim3(0x13600000136); dim3=dim3(0x1); void**=0x2000000020,NULL,0
2025-10-01 16:49:40.232,1875027,hipGetLastError,ENTER,,,0
2025-10-01 16:49:40.232,1875027,hipGetLastError,LEAVE,,NULL,0
2025-10-01 16:49:40.232,1875027,hipLaunchKernel,ENTER,const void*=0x7fe663154280; dim3=dim3(0x13600000136); dim3=dim3(0x1); void**=0x2000000020,,0
2025-10-01 16:49:40.232,1875027,hipLaunchKernel,LEAVE,const void*=0x7fe663154280; dim3=dim3(0x13600000136); dim3=dim3(0x1); void**=0x2000000020,NULL,0
2025-10-01 16:49:40.232,1875027,hipGetLastError,ENTER,,,0
2025-10-01 16:49:40.232,1875027,hipGetLastError,LEAVE,,NULL,0
2025-10-01 16:49:40.232,1875027,hipStreamSynchronize,ENTER,hipStream_t=0x7fa5e4001290,,0
2025-10-01 16:49:40.232,1875025,hipLaunchKernel,LEAVE,const void*=0x7fe663154280; dim3=dim3(0x13600000136); dim3=dim3(0x1); void**=0x2000000020,NULL,4
2025-10-01 16:49:40.233,1875025,hipGetLastError,ENTER,,,0
2025-10-01 16:49:40.233,1875025,hipGetLastError,LEAVE,,NULL,0
2025-10-01 16:49:40.233,1875025,hipLaunchKernel,ENTER,const void*=0x7fe663154280; dim3=dim3(0x13600000136); dim3=dim3(0x1); void**=0x2000000020,,0
2025-10-01 16:49:40.233,1875027,hipStreamSynchronize,LEAVE,hipStream_t=0x7fa5e4001290,NULL,1
2025-10-01 16:49:40.233,1875027,hipLaunchKernel,ENTER,const void*=0x7fe663154280; dim3=dim3(0x13600000136); dim3=dim3(0x1); void**=0x2000000020,,0
2025-10-01 16:49:40.233,1875027,hipLaunchKernel,LEAVE,const void*=0x7fe663154280; dim3=dim3(0x13600000136); dim3=dim3(0x1); void**=0x2000000020,NULL,0
2025-10-01 16:49:40.233,1875027,hipGetLastError,ENTER,,,0
2025-10-01 16:49:40.234,1875027,hipGetLastError,LEAVE,,NULL,0
2025-10-01 16:49:40.234,1875027,hipLaunchKernel,ENTER,const void*=0x7fe663154280; dim3=dim3(0x13600000136); dim3=dim3(0x1); void**=0x2000000020,,0
2025-10-01 16:49:40.234,1875027,hipLaunchKernel,LEAVE,const void*=0x7fe663154280; dim3=dim3(0x13600000136); dim3=dim3(0x1); void**=0x2000000020,NULL,0
2025-10-01 16:49:40.234,1875027,hipGetLastError,ENTER,,,0
2025-10-01 16:49:40.234,1875027,hipGetLastError,LEAVE,,NULL,0
2025-10-01 16:49:40.234,1875027,hipLaunchKernel,ENTER,const void*=0x7fe663154280; dim3=dim3(0x13600000136); dim3=dim3(0x1); void**=0x2000000020,,0
2025-10-01 16:49:40.234,1875027,hipLaunchKernel,LEAVE,const void*=0x7fe663154280; dim3=dim3(0x13600000136); dim3=dim3(0x1); void**=0x2000000020,NULL,0
2025-10-01 16:49:40.234,1875027,hipGetLastError,ENTER,,,0
2025-10-01 16:49:40.235,1875027,hipGetLastError,LEAVE,,NULL,0
2025-10-01 16:49:40.235,1875027,hipLaunchKernel,ENTER,const void*=0x7fe663154280; dim3=dim3(0x13600000136); dim3=dim3(0x1); void**=0x2000000020,,0
2025-10-01 16:49:40.235,1875027,hipLaunchKernel,LEAVE,const void*=0x7fe663154280; dim3=dim3(0x13600000136); dim3=dim3(0x1); void**=0x2000000020,NULL,0
2025-10-01 16:49:40.235,1875027,hipGetLastError,ENTER,,,0
2025-10-01 16:49:40.235,1875027,hipGetLastError,LEAVE,,NULL,0
2025-10-01 16:49:40.235,1875027,hipLaunchKernel,ENTER,const void*=0x7fe663154280; dim3=dim3(0x13600000136); dim3=dim3(0x1); void**=0x2000000020,,0
2025-10-01 16:49:40.235,1875027,hipLaunchKernel,LEAVE,const void*=0x7fe663154280; dim3=dim3(0x13600000136); dim3=dim3(0x1); void**=0x2000000020,NULL,0
2025-10-01 16:49:40.235,1875027,hipGetLastError,ENTER,,,0
2025-10-01 16:49:40.235,1875027,hipGetLastError,LEAVE,,NULL,0
2025-10-01 16:49:40.236,1875027,hipLaunchKernel,ENTER,const void*=0x7fe663154280; dim3=dim3(0x13600000136); dim3=dim3(0x1); void**=0x2000000020,,0
2025-10-01 16:49:40.236,1875027,hipLaunchKernel,LEAVE,const void*=0x7fe663154280; dim3=dim3(0x13600000136); dim3=dim3(0x1); void**=0x2000000020,NULL,0
2025-10-01 16:49:40.236,1875027,hipGetLastError,ENTER,,,0
2025-10-01 16:49:40.236,1875027,hipGetLastError,LEAVE,,NULL,0
2025-10-01 16:49:40.236,1875027,hipLaunchKernel,ENTER,const void*=0x7fe663154280; dim3=dim3(0x13600000136); dim3=dim3(0x1); void**=0x2000000020,,0
2025-10-01 16:49:40.236,1875027,hipLaunchKernel,LEAVE,const void*=0x7fe663154280; dim3=dim3(0x13600000136); dim3=dim3(0x1); void**=0x2000000020,NULL,0
2025-10-01 16:49:40.236,1875027,hipGetLastError,ENTER,,,0
2025-10-01 16:49:40.236,1875027,hipGetLastError,LEAVE,,NULL,0
2025-10-01 16:49:40.236,1875027,hipLaunchKernel,ENTER,const void*=0x7fe663154280; dim3=dim3(0x13600000136); dim3=dim3(0x1); void**=0x2000000020,,0
2025-10-01 16:49:40.237,1875027,hipLaunchKernel,LEAVE,const void*=0x7fe663154280; dim3=dim3(0x13600000136); dim3=dim3(0x1); void**=0x2000000020,NULL,0
2025-10-01 16:49:40.237,1875027,hipGetLastError,ENTER,,,0
2025-10-01 16:49:40.237,1875027,hipGetLastError,LEAVE,,NULL,0
2025-10-01 16:49:40.237,1875027,hipLaunchKernel,ENTER,const void*=0x7fe663154280; dim3=dim3(0x13600000136); dim3=dim3(0x1); void**=0x2000000020,,0
2025-10-01 16:49:40.237,1875027,hipLaunchKernel,LEAVE,const void*=0x7fe663154280; dim3=dim3(0x13600000136); dim3=dim3(0x1); void**=0x2000000020,NULL,0
2025-10-01 16:49:40.237,1875027,hipGetLastError,ENTER,,,0
2025-10-01 16:49:40.237,1875027,hipGetLastError,LEAVE,,NULL,0
2025-10-01 16:49:40.237,1875027,hipLaunchKernel,ENTER,const void*=0x7fe663154280; dim3=dim3(0x13600000136); dim3=dim3(0x1); void**=0x2000000020,,0
2025-10-01 16:49:40.238,1875027,hipLaunchKernel,LEAVE,const void*=0x7fe663154280; dim3=dim3(0x13600000136); dim3=dim3(0x1); void**=0x2000000020,NULL,0
2025-10-01 16:49:40.238,1875027,hipGetLastError,ENTER,,,0
2025-10-01 16:49:40.238,1875027,hipGetLastError,LEAVE,,NULL,0
2025-10-01 16:49:40.238,1875027,hipStreamSynchronize,ENTER,hipStream_t=0x7fa5e4001290,,0
2025-10-01 16:49:40.238,1875025,hipLaunchKernel,LEAVE,const void*=0x7fe663154280; dim3=dim3(0x13600000136); dim3=dim3(0x1); void**=0x2000000020,NULL,5
2025-10-01 16:49:40.238,1875025,hipGetLastError,ENTER,,,0
2025-10-01 16:49:40.238,1875025,hipGetLastError,LEAVE,,NULL,0
2025-10-01 16:49:40.239,1875025,hipLaunchKernel,ENTER,const void*=0x7fe663154280; dim3=dim3(0x13600000136); dim3=dim3(0x1); void**=0x2000000020,,0
2025-10-01 16:49:40.239,1875027,hipStreamSynchronize,LEAVE,hipStream_t=0x7fa5e4001290,NULL,1
2025-10-01 16:49:40.239,1875027,hipLaunchKernel,ENTER,const void*=0x7fe663154280; dim3=dim3(0x13600000136); dim3=dim3(0x1); void**=0x2000000020,,0
2025-10-01 16:49:40.239,1875025,hipLaunchKernel,LEAVE,const void*=0x7fe663154280; dim3=dim3(0x13600000136); dim3=dim3(0x1); void**=0x2000000020,NULL,0
2025-10-01 16:49:40.239,1875025,hipGetLastError,ENTER,,,0
2025-10-01 16:49:40.240,1875025,hipGetLastError,LEAVE,,NULL,0
2025-10-01 16:49:40.240,1875025,hipLaunchKernel,ENTER,const void*=0x7fe663154280; dim3=dim3(0x13600000136); dim3=dim3(0x1); void**=0x2000000020,,0
2025-10-01 16:49:40.240,1875027,hipLaunchKernel,LEAVE,const void*=0x7fe663154280; dim3=dim3(0x13600000136); dim3=dim3(0x1); void**=0x2000000020,NULL,1
2025-10-01 16:49:40.240,1875027,hipGetLastError,ENTER,,,0
2025-10-01 16:49:40.240,1875027,hipGetLastError,LEAVE,,NULL,0
2025-10-01 16:49:40.240,1875027,hipLaunchKernel,ENTER,const void*=0x7fe663154280; dim3=dim3(0x13600000136); dim3=dim3(0x1); void**=0x2000000020,,0
2025-10-01 16:49:40.240,1875027,hipLaunchKernel,LEAVE,const void*=0x7fe663154280; dim3=dim3(0x13600000136); dim3=dim3(0x1); void**=0x2000000020,NULL,0
2025-10-01 16:49:40.241,1875027,hipGetLastError,ENTER,,,0
2025-10-01 16:49:40.241,1875027,hipGetLastError,LEAVE,,NULL,0
2025-10-01 16:49:40.241,1875027,hipLaunchKernel,ENTER,const void*=0x7fe663154280; dim3=dim3(0x13600000136); dim3=dim3(0x1); void**=0x2000000020,,0
2025-10-01 16:49:40.241,1875027,hipLaunchKernel,LEAVE,const void*=0x7fe663154280; dim3=dim3(0x13600000136); dim3=dim3(0x1); void**=0x2000000020,NULL,0
2025-10-01 16:49:40.241,1875027,hipGetLastError,ENTER,,,0
2025-10-01 16:49:40.241,1875027,hipGetLastError,LEAVE,,NULL,0
2025-10-01 16:49:40.241,1875027,hipLaunchKernel,ENTER,const void*=0x7fe663154280; dim3=dim3(0x13600000136); dim3=dim3(0x1); void**=0x2000000020,,0
2025-10-01 16:49:40.241,1875027,hipLaunchKernel,LEAVE,const void*=0x7fe663154280; dim3=dim3(0x13600000136); dim3=dim3(0x1); void**=0x2000000020,NULL,0
2025-10-01 16:49:40.241,1875027,hipGetLastError,ENTER,,,0
2025-10-01 16:49:40.241,1875027,hipGetLastError,LEAVE,,NULL,1
2025-10-01 16:49:40.242,1875027,hipLaunchKernel,ENTER,const void*=0x7fe663154280; dim3=dim3(0x13600000136); dim3=dim3(0x1); void**=0x2000000020,,0
2025-10-01 16:49:40.242,1875027,hipLaunchKernel,LEAVE,const void*=0x7fe663154280; dim3=dim3(0x13600000136); dim3=dim3(0x1); void**=0x2000000020,NULL,0
2025-10-01 16:49:40.242,1875027,hipGetLastError,ENTER,,,0
2025-10-01 16:49:40.242,1875027,hipGetLastError,LEAVE,,NULL,0
2025-10-01 16:49:40.242,1875027,hipLaunchKernel,ENTER,const void*=0x7fe663154280; dim3=dim3(0x13600000136); dim3=dim3(0x1); void**=0x2000000020,,0
2025-10-01 16:49:40.242,1875027,hipLaunchKernel,LEAVE,const void*=0x7fe663154280; dim3=dim3(0x13600000136); dim3=dim3(0x1); void**=0x2000000020,NULL,0
2025-10-01 16:49:40.242,1875027,hipGetLastError,ENTER,,,0
2025-10-01 16:49:40.242,1875027,hipGetLastError,LEAVE,,NULL,0
2025-10-01 16:49:40.243,1875027,hipLaunchKernel,ENTER,const void*=0x7fe663154280; dim3=dim3(0x13600000136); dim3=dim3(0x1); void**=0x2000000020,,0
2025-10-01 16:49:40.243,1875027,hipLaunchKernel,LEAVE,const void*=0x7fe663154280; dim3=dim3(0x13600000136); dim3=dim3(0x1); void**=0x2000000020,NULL,0
2025-10-01 16:49:40.243,1875027,hipGetLastError,ENTER,,,0
2025-10-01 16:49:40.243,1875027,hipGetLastError,LEAVE,,NULL,0
2025-10-01 16:49:40.243,1875027,hipLaunchKernel,ENTER,const void*=0x7fe663154280; dim3=dim3(0x13600000136); dim3=dim3(0x1); void**=0x2000000020,,0
2025-10-01 16:49:40.243,1875027,hipLaunchKernel,LEAVE,const void*=0x7fe663154280; dim3=dim3(0x13600000136); dim3=dim3(0x1); void**=0x2000000020,NULL,0
2025-10-01 16:49:40.243,1875027,hipGetLastError,ENTER,,,0
2025-10-01 16:49:40.243,1875027,hipGetLastError,LEAVE,,NULL,0
2025-10-01 16:49:40.243,1875027,hipLaunchKernel,ENTER,const void*=0x7fe663154280; dim3=dim3(0x13600000136); dim3=dim3(0x1); void**=0x2000000020,,0
2025-10-01 16:49:40.244,1875027,hipLaunchKernel,LEAVE,const void*=0x7fe663154280; dim3=dim3(0x13600000136); dim3=dim3(0x1); void**=0x2000000020,NULL,0
2025-10-01 16:49:40.244,1875027,hipGetLastError,ENTER,,,0
2025-10-01 16:49:40.244,1875027,hipGetLastError,LEAVE,,NULL,0
2025-10-01 16:49:40.244,1875027,hipLaunchKernel,ENTER,const void*=0x7fe663154280; dim3=dim3(0x13600000136); dim3=dim3(0x1); void**=0x2000000020,,0
2025-10-01 16:49:40.244,1875027,hipLaunchKernel,LEAVE,const void*=0x7fe663154280; dim3=dim3(0x13600000136); dim3=dim3(0x1); void**=0x2000000020,NULL,0
2025-10-01 16:49:40.244,1875027,hipGetLastError,ENTER,,,0
2025-10-01 16:49:40.244,1875027,hipGetLastError,LEAVE,,NULL,0
2025-10-01 16:49:40.244,1875027,hipStreamSynchronize,ENTER,hipStream_t=0x7fa5e4001290,,0
2025-10-01 16:49:40.245,1875025,hipLaunchKernel,LEAVE,const void*=0x7fe663154280; dim3=dim3(0x13600000136); dim3=dim3(0x1); void**=0x2000000020,NULL,5
2025-10-01 16:49:40.245,1875025,hipGetLastError,ENTER,,,0
2025-10-01 16:49:40.245,1875025,hipGetLastError,LEAVE,,NULL,0
2025-10-01 16:49:40.245,1875025,hipLaunchKernel,ENTER,const void*=0x7fe663154280; dim3=dim3(0x13600000136); dim3=dim3(0x1); void**=0x2000000020,,0
2025-10-01 16:49:40.245,1875027,hipStreamSynchronize,LEAVE,hipStream_t=0x7fa5e4001290,NULL,1
2025-10-01 16:49:40.245,1875027,hipLaunchKernel,ENTER,const void*=0x7fe663154280; dim3=dim3(0x13600000136); dim3=dim3(0x1); void**=0x2000000020,,0
2025-10-01 16:49:40.246,1875027,hipLaunchKernel,LEAVE,const void*=0x7fe663154280; dim3=dim3(0x13600000136); dim3=dim3(0x1); void**=0x2000000020,NULL,0
2025-10-01 16:49:40.246,1875027,hipGetLastError,ENTER,,,0
2025-10-01 16:49:40.246,1875027,hipGetLastError,LEAVE,,NULL,0
2025-10-01 16:49:40.246,1875027,hipLaunchKernel,ENTER,const void*=0x7fe663154280; dim3=dim3(0x13600000136); dim3=dim3(0x1); void**=0x2000000020,,0
2025-10-01 16:49:40.246,1875027,hipLaunchKernel,LEAVE,const void*=0x7fe663154280; dim3=dim3(0x13600000136); dim3=dim3(0x1); void**=0x2000000020,NULL,0
2025-10-01 16:49:40.246,1875027,hipGetLastError,ENTER,,,0
2025-10-01 16:49:40.246,1875027,hipGetLastError,LEAVE,,NULL,0
2025-10-01 16:49:40.246,1875027,hipLaunchKernel,ENTER,const void*=0x7fe663154280; dim3=dim3(0x13600000136); dim3=dim3(0x1); void**=0x2000000020,,0
2025-10-01 16:49:40.247,1875027,hipLaunchKernel,LEAVE,const void*=0x7fe663154280; dim3=dim3(0x13600000136); dim3=dim3(0x1); void**=0x2000000020,NULL,0
2025-10-01 16:49:40.247,1875027,hipGetLastError,ENTER,,,0
2025-10-01 16:49:40.247,1875027,hipGetLastError,LEAVE,,NULL,0
2025-10-01 16:49:40.247,1875027,hipLaunchKernel,ENTER,const void*=0x7fe663154280; dim3=dim3(0x13600000136); dim3=dim3(0x1); void**=0x2000000020,,0
2025-10-01 16:49:40.247,1875027,hipLaunchKernel,LEAVE,const void*=0x7fe663154280; dim3=dim3(0x13600000136); dim3=dim3(0x1); void**=0x2000000020,NULL,0
2025-10-01 16:49:40.247,1875027,hipGetLastError,ENTER,,,0
2025-10-01 16:49:40.247,1875027,hipGetLastError,LEAVE,,NULL,0
2025-10-01 16:49:40.247,1875027,hipLaunchKernel,ENTER,const void*=0x7fe663154280; dim3=dim3(0x13600000136); dim3=dim3(0x1); void**=0x2000000020,,0
2025-10-01 16:49:40.247,1875027,hipLaunchKernel,LEAVE,const void*=0x7fe663154280; dim3=dim3(0x13600000136); dim3=dim3(0x1); void**=0x2000000020,NULL,0
2025-10-01 16:49:40.248,1875027,hipGetLastError,ENTER,,,0
2025-10-01 16:49:40.248,1875027,hipGetLastError,LEAVE,,NULL,0
2025-10-01 16:49:40.248,1875027,hipLaunchKernel,ENTER,const void*=0x7fe663154280; dim3=dim3(0x13600000136); dim3=dim3(0x1); void**=0x2000000020,,0
2025-10-01 16:49:40.248,1875027,hipLaunchKernel,LEAVE,const void*=0x7fe663154280; dim3=dim3(0x13600000136); dim3=dim3(0x1); void**=0x2000000020,NULL,0
2025-10-01 16:49:40.248,1875027,hipGetLastError,ENTER,,,0
2025-10-01 16:49:40.248,1875027,hipGetLastError,LEAVE,,NULL,0
2025-10-01 16:49:40.248,1875027,hipLaunchKernel,ENTER,const void*=0x7fe663154280; dim3=dim3(0x13600000136); dim3=dim3(0x1); void**=0x2000000020,,0
2025-10-01 16:49:40.248,1875027,hipLaunchKernel,LEAVE,const void*=0x7fe663154280; dim3=dim3(0x13600000136); dim3=dim3(0x1); void**=0x2000000020,NULL,0
2025-10-01 16:49:40.248,1875027,hipGetLastError,ENTER,,,0
2025-10-01 16:49:40.249,1875027,hipGetLastError,LEAVE,,NULL,0
2025-10-01 16:49:40.249,1875027,hipLaunchKernel,ENTER,const void*=0x7fe663154280; dim3=dim3(0x13600000136); dim3=dim3(0x1); void**=0x2000000020,,0
2025-10-01 16:49:40.249,1875027,hipLaunchKernel,LEAVE,const void*=0x7fe663154280; dim3=dim3(0x13600000136); dim3=dim3(0x1); void**=0x2000000020,NULL,0
2025-10-01 16:49:40.249,1875027,hipGetLastError,ENTER,,,0
2025-10-01 16:49:40.249,1875027,hipGetLastError,LEAVE,,NULL,0
2025-10-01 16:49:40.249,1875027,hipLaunchKernel,ENTER,const void*=0x7fe663154280; dim3=dim3(0x13600000136); dim3=dim3(0x1); void**=0x2000000020,,0
2025-10-01 16:49:40.249,1875027,hipLaunchKernel,LEAVE,const void*=0x7fe663154280; dim3=dim3(0x13600000136); dim3=dim3(0x1); void**=0x2000000020,NULL,0
2025-10-01 16:49:40.249,1875027,hipGetLastError,ENTER,,,0
2025-10-01 16:49:40.249,1875027,hipGetLastError,LEAVE,,NULL,0
2025-10-01 16:49:40.250,1875027,hipLaunchKernel,ENTER,const void*=0x7fe663154280; dim3=dim3(0x13600000136); dim3=dim3(0x1); void**=0x2000000020,,0
2025-10-01 16:49:40.250,1875027,hipLaunchKernel,LEAVE,const void*=0x7fe663154280; dim3=dim3(0x13600000136); dim3=dim3(0x1); void**=0x2000000020,NULL,0
2025-10-01 16:49:40.250,1875027,hipGetLastError,ENTER,,,0
2025-10-01 16:49:40.250,1875027,hipGetLastError,LEAVE,,NULL,0
2025-10-01 16:49:40.250,1875027,hipStreamSynchronize,ENTER,hipStream_t=0x7fa5e4001290,,0
2025-10-01 16:49:40.250,1875025,hipLaunchKernel,LEAVE,const void*=0x7fe663154280; dim3=dim3(0x13600000136); dim3=dim3(0x1); void**=0x2000000020,NULL,5
2025-10-01 16:49:40.250,1875025,hipGetLastError,ENTER,,,0
2025-10-01 16:49:40.251,1875025,hipGetLastError,LEAVE,,NULL,0
2025-10-01 16:49:40.251,1875025,hipLaunchKernel,ENTER,const void*=0x7fe663154280; dim3=dim3(0x13600000136); dim3=dim3(0x1); void**=0x2000000020,,0
2025-10-01 16:49:40.251,1875027,hipStreamSynchronize,LEAVE,hipStream_t=0x7fa5e4001290,NULL,1
2025-10-01 16:49:40.251,1875027,hipLaunchKernel,ENTER,const void*=0x7fe663154280; dim3=dim3(0x13600000136); dim3=dim3(0x1); void**=0x2000000020,,0
2025-10-01 16:49:40.251,1875025,hipLaunchKernel,LEAVE,const void*=0x7fe663154280; dim3=dim3(0x13600000136); dim3=dim3(0x1); void**=0x2000000020,NULL,0
2025-10-01 16:49:40.251,1875025,hipGetLastError,ENTER,,,0
2025-10-01 16:49:40.252,1875025,hipGetLastError,LEAVE,,NULL,0
2025-10-01 16:49:40.252,1875025,hipLaunchKernel,ENTER,const void*=0x7fe663154280; dim3=dim3(0x13600000136); dim3=dim3(0x1); void**=0x2000000020,,0
2025-10-01 16:49:40.252,1875027,hipLaunchKernel,LEAVE,const void*=0x7fe663154280; dim3=dim3(0x13600000136); dim3=dim3(0x1); void**=0x2000000020,NULL,1
2025-10-01 16:49:40.252,1875027,hipGetLastError,ENTER,,,0
2025-10-01 16:49:40.252,1875027,hipGetLastError,LEAVE,,NULL,0
2025-10-01 16:49:40.252,1875027,hipLaunchKernel,ENTER,const void*=0x7fe663154280; dim3=dim3(0x13600000136); dim3=dim3(0x1); void**=0x2000000020,,0
2025-10-01 16:49:40.253,1875027,hipLaunchKernel,LEAVE,const void*=0x7fe663154280; dim3=dim3(0x13600000136); dim3=dim3(0x1); void**=0x2000000020,NULL,0
2025-10-01 16:49:40.253,1875027,hipGetLastError,ENTER,,,0
2025-10-01 16:49:40.253,1875027,hipGetLastError,LEAVE,,NULL,0
2025-10-01 16:49:40.253,1875027,hipLaunchKernel,ENTER,const void*=0x7fe663154280; dim3=dim3(0x13600000136); dim3=dim3(0x1); void**=0x2000000020,,0
2025-10-01 16:49:40.253,1875027,hipLaunchKernel,LEAVE,const void*=0x7fe663154280; dim3=dim3(0x13600000136); dim3=dim3(0x1); void**=0x2000000020,NULL,0
2025-10-01 16:49:40.253,1875027,hipGetLastError,ENTER,,,0
2025-10-01 16:49:40.253,1875027,hipGetLastError,LEAVE,,NULL,0
2025-10-01 16:49:40.253,1875027,hipLaunchKernel,ENTER,const void*=0x7fe663154280; dim3=dim3(0x13600000136); dim3=dim3(0x1); void**=0x2000000020,,0
2025-10-01 16:49:40.253,1875027,hipLaunchKernel,LEAVE,const void*=0x7fe663154280; dim3=dim3(0x13600000136); dim3=dim3(0x1); void**=0x2000000020,NULL,0
2025-10-01 16:49:40.254,1875027,hipGetLastError,ENTER,,,0
2025-10-01 16:49:40.254,1875027,hipGetLastError,LEAVE,,NULL,0
2025-10-01 16:49:40.254,1875027,hipLaunchKernel,ENTER,const void*=0x7fe663154280; dim3=dim3(0x13600000136); dim3=dim3(0x1); void**=0x2000000020,,0
2025-10-01 16:49:40.254,1875027,hipLaunchKernel,LEAVE,const void*=0x7fe663154280; dim3=dim3(0x13600000136); dim3=dim3(0x1); void**=0x2000000020,NULL,0
2025-10-01 16:49:40.254,1875027,hipGetLastError,ENTER,,,0
2025-10-01 16:49:40.254,1875027,hipGetLastError,LEAVE,,NULL,0
2025-10-01 16:49:40.254,1875027,hipLaunchKernel,ENTER,const void*=0x7fe663154280; dim3=dim3(0x13600000136); dim3=dim3(0x1); void**=0x2000000020,,0
2025-10-01 16:49:40.254,1875027,hipLaunchKernel,LEAVE,const void*=0x7fe663154280; dim3=dim3(0x13600000136); dim3=dim3(0x1); void**=0x2000000020,NULL,0
2025-10-01 16:49:40.254,1875027,hipGetLastError,ENTER,,,0
2025-10-01 16:49:40.255,1875027,hipGetLastError,LEAVE,,NULL,0
2025-10-01 16:49:40.255,1875027,hipLaunchKernel,ENTER,const void*=0x7fe663154280; dim3=dim3(0x13600000136); dim3=dim3(0x1); void**=0x2000000020,,0
2025-10-01 16:49:40.255,1875027,hipLaunchKernel,LEAVE,const void*=0x7fe663154280; dim3=dim3(0x13600000136); dim3=dim3(0x1); void**=0x2000000020,NULL,0
2025-10-01 16:49:40.255,1875027,hipGetLastError,ENTER,,,0
2025-10-01 16:49:40.255,1875027,hipGetLastError,LEAVE,,NULL,0
2025-10-01 16:49:40.255,1875027,hipLaunchKernel,ENTER,const void*=0x7fe663154280; dim3=dim3(0x13600000136); dim3=dim3(0x1); void**=0x2000000020,,0
2025-10-01 16:49:40.255,1875027,hipLaunchKernel,LEAVE,const void*=0x7fe663154280; dim3=dim3(0x13600000136); dim3=dim3(0x1); void**=0x2000000020,NULL,0
2025-10-01 16:49:40.255,1875027,hipGetLastError,ENTER,,,0
2025-10-01 16:49:40.255,1875027,hipGetLastError,LEAVE,,NULL,0
2025-10-01 16:49:40.256,1875027,hipLaunchKernel,ENTER,const void*=0x7fe663154280; dim3=dim3(0x13600000136); dim3=dim3(0x1); void**=0x2000000020,,0
2025-10-01 16:49:40.256,1875027,hipLaunchKernel,LEAVE,const void*=0x7fe663154280; dim3=dim3(0x13600000136); dim3=dim3(0x1); void**=0x2000000020,NULL,0
2025-10-01 16:49:40.256,1875027,hipGetLastError,ENTER,,,0
2025-10-01 16:49:40.256,1875027,hipGetLastError,LEAVE,,NULL,0
2025-10-01 16:49:40.256,1875027,hipLaunchKernel,ENTER,const void*=0x7fe663154280; dim3=dim3(0x13600000136); dim3=dim3(0x1); void**=0x2000000020,,0
2025-10-01 16:49:40.256,1875027,hipLaunchKernel,LEAVE,const void*=0x7fe663154280; dim3=dim3(0x13600000136); dim3=dim3(0x1); void**=0x2000000020,NULL,0
2025-10-01 16:49:40.256,1875027,hipGetLastError,ENTER,,,0
2025-10-01 16:49:40.256,1875027,hipGetLastError,LEAVE,,NULL,0
2025-10-01 16:49:40.256,1875027,hipStreamSynchronize,ENTER,hipStream_t=0x7fa5e4001290,,0
2025-10-01 16:49:40.257,1875025,hipLaunchKernel,LEAVE,const void*=0x7fe663154280; dim3=dim3(0x13600000136); dim3=dim3(0x1); void**=0x2000000020,NULL,5
2025-10-01 16:49:40.257,1875025,hipGetLastError,ENTER,,,0
2025-10-01 16:49:40.257,1875025,hipGetLastError,LEAVE,,NULL,0
2025-10-01 16:49:40.257,1875025,hipLaunchKernel,ENTER,const void*=0x7fe663154280; dim3=dim3(0x13600000136); dim3=dim3(0x1); void**=0x2000000020,,0
2025-10-01 16:49:40.257,1875027,hipStreamSynchronize,LEAVE,hipStream_t=0x7fa5e4001290,NULL,0
2025-10-01 16:49:40.257,1875027,hipLaunchKernel,ENTER,const void*=0x7fe663154280; dim3=dim3(0x13600000136); dim3=dim3(0x1); void**=0x2000000020,,0
2025-10-01 16:49:40.258,1875025,hipLaunchKernel,LEAVE,const void*=0x7fe663154280; dim3=dim3(0x13600000136); dim3=dim3(0x1); void**=0x2000000020,NULL,1
2025-10-01 16:49:40.258,1875025,hipGetLastError,ENTER,,,0
2025-10-01 16:49:40.258,1875025,hipGetLastError,LEAVE,,NULL,0
2025-10-01 16:49:40.258,1875025,hipLaunchKernel,ENTER,const void*=0x7fe663154280; dim3=dim3(0x13600000136); dim3=dim3(0x1); void**=0x2000000020,,0
2025-10-01 16:49:40.258,1875027,hipLaunchKernel,LEAVE,const void*=0x7fe663154280; dim3=dim3(0x13600000136); dim3=dim3(0x1); void**=0x2000000020,NULL,0
2025-10-01 16:49:40.258,1875027,hipGetLastError,ENTER,,,0
2025-10-01 16:49:40.259,1875027,hipGetLastError,LEAVE,,NULL,0
2025-10-01 16:49:40.259,1875027,hipLaunchKernel,ENTER,const void*=0x7fe663154280; dim3=dim3(0x13600000136); dim3=dim3(0x1); void**=0x2000000020,,0
2025-10-01 16:49:40.259,1875027,hipLaunchKernel,LEAVE,const void*=0x7fe663154280; dim3=dim3(0x13600000136); dim3=dim3(0x1); void**=0x2000000020,NULL,0
2025-10-01 16:49:40.259,1875027,hipGetLastError,ENTER,,,0
2025-10-01 16:49:40.259,1875027,hipGetLastError,LEAVE,,NULL,0
2025-10-01 16:49:40.259,1875027,hipLaunchKernel,ENTER,const void*=0x7fe663154280; dim3=dim3(0x13600000136); dim3=dim3(0x1); void**=0x2000000020,,0
2025-10-01 16:49:40.259,1875027,hipLaunchKernel,LEAVE,const void*=0x7fe663154280; dim3=dim3(0x13600000136); dim3=dim3(0x1); void**=0x2000000020,NULL,0
2025-10-01 16:49:40.259,1875027,hipGetLastError,ENTER,,,0
2025-10-01 16:49:40.259,1875027,hipGetLastError,LEAVE,,NULL,1
2025-10-01 16:49:40.260,1875027,hipLaunchKernel,ENTER,const void*=0x7fe663154280; dim3=dim3(0x13600000136); dim3=dim3(0x1); void**=0x2000000020,,0
2025-10-01 16:49:40.260,1875027,hipLaunchKernel,LEAVE,const void*=0x7fe663154280; dim3=dim3(0x13600000136); dim3=dim3(0x1); void**=0x2000000020,NULL,0
2025-10-01 16:49:40.260,1875027,hipGetLastError,ENTER,,,0
2025-10-01 16:49:40.260,1875027,hipGetLastError,LEAVE,,NULL,0
2025-10-01 16:49:40.260,1875027,hipLaunchKernel,ENTER,const void*=0x7fe663154280; dim3=dim3(0x13600000136); dim3=dim3(0x1); void**=0x2000000020,,0
2025-10-01 16:49:40.260,1875027,hipLaunchKernel,LEAVE,const void*=0x7fe663154280; dim3=dim3(0x13600000136); dim3=dim3(0x1); void**=0x2000000020,NULL,0
2025-10-01 16:49:40.260,1875027,hipGetLastError,ENTER,,,0
2025-10-01 16:49:40.260,1875027,hipGetLastError,LEAVE,,NULL,0
2025-10-01 16:49:40.261,1875027,hipLaunchKernel,ENTER,const void*=0x7fe663154280; dim3=dim3(0x13600000136); dim3=dim3(0x1); void**=0x2000000020,,0
2025-10-01 16:49:40.261,1875027,hipLaunchKernel,LEAVE,const void*=0x7fe663154280; dim3=dim3(0x13600000136); dim3=dim3(0x1); void**=0x2000000020,NULL,0
2025-10-01 16:49:40.261,1875027,hipGetLastError,ENTER,,,0
2025-10-01 16:49:40.261,1875027,hipGetLastError,LEAVE,,NULL,0
2025-10-01 16:49:40.261,1875027,hipLaunchKernel,ENTER,const void*=0x7fe663154280; dim3=dim3(0x13600000136); dim3=dim3(0x1); void**=0x2000000020,,0
2025-10-01 16:49:40.261,1875027,hipLaunchKernel,LEAVE,const void*=0x7fe663154280; dim3=dim3(0x13600000136); dim3=dim3(0x1); void**=0x2000000020,NULL,0
2025-10-01 16:49:40.261,1875027,hipGetLastError,ENTER,,,0
2025-10-01 16:49:40.261,1875027,hipGetLastError,LEAVE,,NULL,0
2025-10-01 16:49:40.261,1875027,hipLaunchKernel,ENTER,const void*=0x7fe663154280; dim3=dim3(0x13600000136); dim3=dim3(0x1); void**=0x2000000020,,0
2025-10-01 16:49:40.262,1875027,hipLaunchKernel,LEAVE,const void*=0x7fe663154280; dim3=dim3(0x13600000136); dim3=dim3(0x1); void**=0x2000000020,NULL,0
2025-10-01 16:49:40.262,1875027,hipGetLastError,ENTER,,,0
2025-10-01 16:49:40.262,1875027,hipGetLastError,LEAVE,,NULL,0
2025-10-01 16:49:40.262,1875027,hipLaunchKernel,ENTER,const void*=0x7fe663154280; dim3=dim3(0x13600000136); dim3=dim3(0x1); void**=0x2000000020,,0
2025-10-01 16:49:40.262,1875027,hipLaunchKernel,LEAVE,const void*=0x7fe663154280; dim3=dim3(0x13600000136); dim3=dim3(0x1); void**=0x2000000020,NULL,0
2025-10-01 16:49:40.262,1875027,hipGetLastError,ENTER,,,0
2025-10-01 16:49:40.262,1875027,hipGetLastError,LEAVE,,NULL,0
2025-10-01 16:49:40.262,1875027,hipLaunchKernel,ENTER,const void*=0x7fe663154280; dim3=dim3(0x13600000136); dim3=dim3(0x1); void**=0x2000000020,,0
2025-10-01 16:49:40.262,1875027,hipLaunchKernel,LEAVE,const void*=0x7fe663154280; dim3=dim3(0x13600000136); dim3=dim3(0x1); void**=0x2000000020,NULL,0
2025-10-01 16:49:40.263,1875027,hipGetLastError,ENTER,,,0
2025-10-01 16:49:40.263,1875027,hipGetLastError,LEAVE,,NULL,0
2025-10-01 16:49:40.263,1875027,hipStreamSynchronize,ENTER,hipStream_t=0x7fa5e4001290,,0
2025-10-01 16:49:40.263,1875025,hipLaunchKernel,LEAVE,const void*=0x7fe663154280; dim3=dim3(0x13600000136); dim3=dim3(0x1); void**=0x2000000020,NULL,5
2025-10-01 16:49:40.263,1875025,hipGetLastError,ENTER,,,0
2025-10-01 16:49:40.263,1875025,hipGetLastError,LEAVE,,NULL,0
2025-10-01 16:49:40.263,1875025,hipLaunchKernel,ENTER,const void*=0x7fe663154280; dim3=dim3(0x13600000136); dim3=dim3(0x1); void**=0x2000000020,,0
2025-10-01 16:49:40.264,1875027,hipStreamSynchronize,LEAVE,hipStream_t=0x7fa5e4001290,NULL,1
2025-10-01 16:49:40.264,1875027,hipLaunchKernel,ENTER,const void*=0x7fe663154280; dim3=dim3(0x13600000136); dim3=dim3(0x1); void**=0x2000000020,,0
2025-10-01 16:49:40.264,1875025,hipLaunchKernel,LEAVE,const void*=0x7fe663154280; dim3=dim3(0x13600000136); dim3=dim3(0x1); void**=0x2000000020,NULL,0
2025-10-01 16:49:40.264,1875025,hipGetLastError,ENTER,,,0
2025-10-01 16:49:40.264,1875025,hipGetLastError,LEAVE,,NULL,0
2025-10-01 16:49:40.264,1875025,hipStreamSynchronize,ENTER,hipStream_t=0x7fa5e8001290,,0
2025-10-01 16:49:40.265,1875027,hipLaunchKernel,LEAVE,const void*=0x7fe663154280; dim3=dim3(0x13600000136); dim3=dim3(0x1); void**=0x2000000020,NULL,1
2025-10-01 16:49:40.265,1875027,hipGetLastError,ENTER,,,0
2025-10-01 16:49:40.265,1875027,hipGetLastError,LEAVE,,NULL,0
2025-10-01 16:49:40.265,1875027,hipLaunchKernel,ENTER,const void*=0x7fe663154280; dim3=dim3(0x13600000136); dim3=dim3(0x1); void**=0x2000000020,,0
2025-10-01 16:49:40.265,1875027,hipLaunchKernel,LEAVE,const void*=0x7fe663154280; dim3=dim3(0x13600000136); dim3=dim3(0x1); void**=0x2000000020,NULL,0
2025-10-01 16:49:40.265,1875027,hipGetLastError,ENTER,,,0
2025-10-01 16:49:40.265,1875027,hipGetLastError,LEAVE,,NULL,0
2025-10-01 16:49:40.265,1875027,hipLaunchKernel,ENTER,const void*=0x7fe663154280; dim3=dim3(0x13600000136); dim3=dim3(0x1); void**=0x2000000020,,0
2025-10-01 16:49:40.265,1875027,hipLaunchKernel,LEAVE,const void*=0x7fe663154280; dim3=dim3(0x13600000136); dim3=dim3(0x1); void**=0x2000000020,NULL,1
2025-10-01 16:49:40.266,1875027,hipGetLastError,ENTER,,,0
2025-10-01 16:49:40.266,1875027,hipGetLastError,LEAVE,,NULL,0
2025-10-01 16:49:40.266,1875027,hipLaunchKernel,ENTER,const void*=0x7fe663154280; dim3=dim3(0x13600000136); dim3=dim3(0x1); void**=0x2000000020,,0
2025-10-01 16:49:40.266,1875027,hipLaunchKernel,LEAVE,const void*=0x7fe663154280; dim3=dim3(0x13600000136); dim3=dim3(0x1); void**=0x2000000020,NULL,0
2025-10-01 16:49:40.266,1875027,hipGetLastError,ENTER,,,0
2025-10-01 16:49:40.266,1875027,hipGetLastError,LEAVE,,NULL,0
2025-10-01 16:49:40.266,1875027,hipLaunchKernel,ENTER,const void*=0x7fe663154280; dim3=dim3(0x13600000136); dim3=dim3(0x1); void**=0x2000000020,,0
2025-10-01 16:49:40.266,1875027,hipLaunchKernel,LEAVE,const void*=0x7fe663154280; dim3=dim3(0x13600000136); dim3=dim3(0x1); void**=0x2000000020,NULL,0
2025-10-01 16:49:40.266,1875027,hipGetLastError,ENTER,,,0
2025-10-01 16:49:40.267,1875027,hipGetLastError,LEAVE,,NULL,0
2025-10-01 16:49:40.267,1875027,hipLaunchKernel,ENTER,const void*=0x7fe663154280; dim3=dim3(0x13600000136); dim3=dim3(0x1); void**=0x2000000020,,0
2025-10-01 16:49:40.267,1875027,hipLaunchKernel,LEAVE,const void*=0x7fe663154280; dim3=dim3(0x13600000136); dim3=dim3(0x1); void**=0x2000000020,NULL,0
2025-10-01 16:49:40.267,1875027,hipGetLastError,ENTER,,,0
2025-10-01 16:49:40.267,1875027,hipGetLastError,LEAVE,,NULL,0
2025-10-01 16:49:40.267,1875027,hipLaunchKernel,ENTER,const void*=0x7fe663154280; dim3=dim3(0x13600000136); dim3=dim3(0x1); void**=0x2000000020,,0
2025-10-01 16:49:40.267,1875027,hipLaunchKernel,LEAVE,const void*=0x7fe663154280; dim3=dim3(0x13600000136); dim3=dim3(0x1); void**=0x2000000020,NULL,0
2025-10-01 16:49:40.267,1875027,hipGetLastError,ENTER,,,0
2025-10-01 16:49:40.268,1875027,hipGetLastError,LEAVE,,NULL,0
2025-10-01 16:49:40.268,1875027,hipLaunchKernel,ENTER,const void*=0x7fe663154280; dim3=dim3(0x13600000136); dim3=dim3(0x1); void**=0x2000000020,,0
2025-10-01 16:49:40.268,1875027,hipLaunchKernel,LEAVE,const void*=0x7fe663154280; dim3=dim3(0x13600000136); dim3=dim3(0x1); void**=0x2000000020,NULL,0
2025-10-01 16:49:40.268,1875027,hipGetLastError,ENTER,,,0
2025-10-01 16:49:40.268,1875027,hipGetLastError,LEAVE,,NULL,0
2025-10-01 16:49:40.268,1875027,hipLaunchKernel,ENTER,const void*=0x7fe663154280; dim3=dim3(0x13600000136); dim3=dim3(0x1); void**=0x2000000020,,0
2025-10-01 16:49:40.268,1875027,hipLaunchKernel,LEAVE,const void*=0x7fe663154280; dim3=dim3(0x13600000136); dim3=dim3(0x1); void**=0x2000000020,NULL,0
2025-10-01 16:49:40.268,1875027,hipGetLastError,ENTER,,,0
2025-10-01 16:49:40.268,1875027,hipGetLastError,LEAVE,,NULL,0
2025-10-01 16:49:40.269,1875027,hipLaunchKernel,ENTER,const void*=0x7fe663154280; dim3=dim3(0x13600000136); dim3=dim3(0x1); void**=0x2000000020,,0
2025-10-01 16:49:40.269,1875027,hipLaunchKernel,LEAVE,const void*=0x7fe663154280; dim3=dim3(0x13600000136); dim3=dim3(0x1); void**=0x2000000020,NULL,0
2025-10-01 16:49:40.269,1875027,hipGetLastError,ENTER,,,0
2025-10-01 16:49:40.269,1875027,hipGetLastError,LEAVE,,NULL,0
2025-10-01 16:49:40.269,1875027,hipStreamSynchronize,ENTER,hipStream_t=0x7fa5e4001290,,0
2025-10-01 16:49:40.269,1875025,hipStreamSynchronize,LEAVE,hipStream_t=0x7fa5e8001290,NULL,4
2025-10-01 16:49:40.269,1875025,hipLaunchKernel,ENTER,const void*=0x7fe663154280; dim3=dim3(0x13600000136); dim3=dim3(0x1); void**=0x2000000020,,0
2025-10-01 16:49:40.270,1875027,hipStreamSynchronize,LEAVE,hipStream_t=0x7fa5e4001290,NULL,1
2025-10-01 16:49:40.270,1875027,hipLaunchKernel,ENTER,const void*=0x7fe663154280; dim3=dim3(0x13600000136); dim3=dim3(0x1); void**=0x2000000020,,0
2025-10-01 16:49:40.270,1875025,hipLaunchKernel,LEAVE,const void*=0x7fe663154280; dim3=dim3(0x13600000136); dim3=dim3(0x1); void**=0x2000000020,NULL,0
2025-10-01 16:49:40.270,1875025,hipGetLastError,ENTER,,,0
2025-10-01 16:49:40.270,1875025,hipGetLastError,LEAVE,,NULL,0
2025-10-01 16:49:40.270,1875025,hipLaunchKernel,ENTER,const void*=0x7fe663154280; dim3=dim3(0x13600000136); dim3=dim3(0x1); void**=0x2000000020,,0
2025-10-01 16:49:40.271,1875027,hipLaunchKernel,LEAVE,const void*=0x7fe663154280; dim3=dim3(0x13600000136); dim3=dim3(0x1); void**=0x2000000020,NULL,1
2025-10-01 16:49:40.271,1875027,hipGetLastError,ENTER,,,0
2025-10-01 16:49:40.271,1875027,hipGetLastError,LEAVE,,NULL,0
2025-10-01 16:49:40.271,1875027,hipLaunchKernel,ENTER,const void*=0x7fe663154280; dim3=dim3(0x13600000136); dim3=dim3(0x1); void**=0x2000000020,,0
2025-10-01 16:49:40.271,1875027,hipLaunchKernel,LEAVE,const void*=0x7fe663154280; dim3=dim3(0x13600000136); dim3=dim3(0x1); void**=0x2000000020,NULL,0
2025-10-01 16:49:40.271,1875027,hipGetLastError,ENTER,,,0
2025-10-01 16:49:40.271,1875027,hipGetLastError,LEAVE,,NULL,0
2025-10-01 16:49:40.271,1875027,hipLaunchKernel,ENTER,const void*=0x7fe663154280; dim3=dim3(0x13600000136); dim3=dim3(0x1); void**=0x2000000020,,0
2025-10-01 16:49:40.272,1875027,hipLaunchKernel,LEAVE,const void*=0x7fe663154280; dim3=dim3(0x13600000136); dim3=dim3(0x1); void**=0x2000000020,NULL,1
2025-10-01 16:49:40.272,1875027,hipGetLastError,ENTER,,,0
2025-10-01 16:49:40.272,1875027,hipGetLastError,LEAVE,,NULL,0
2025-10-01 16:49:40.272,1875027,hipLaunchKernel,ENTER,const void*=0x7fe663154280; dim3=dim3(0x13600000136); dim3=dim3(0x1); void**=0x2000000020,,0
2025-10-01 16:49:40.272,1875027,hipLaunchKernel,LEAVE,const void*=0x7fe663154280; dim3=dim3(0x13600000136); dim3=dim3(0x1); void**=0x2000000020,NULL,0
2025-10-01 16:49:40.272,1875027,hipGetLastError,ENTER,,,0
2025-10-01 16:49:40.272,1875027,hipGetLastError,LEAVE,,NULL,0
2025-10-01 16:49:40.272,1875027,hipLaunchKernel,ENTER,const void*=0x7fe663154280; dim3=dim3(0x13600000136); dim3=dim3(0x1); void**=0x2000000020,,0
2025-10-01 16:49:40.272,1875027,hipLaunchKernel,LEAVE,const void*=0x7fe663154280; dim3=dim3(0x13600000136); dim3=dim3(0x1); void**=0x2000000020,NULL,0
2025-10-01 16:49:40.272,1875027,hipGetLastError,ENTER,,,0
2025-10-01 16:49:40.273,1875027,hipGetLastError,LEAVE,,NULL,0
2025-10-01 16:49:40.273,1875027,hipLaunchKernel,ENTER,const void*=0x7fe663154280; dim3=dim3(0x13600000136); dim3=dim3(0x1); void**=0x2000000020,,0
2025-10-01 16:49:40.273,1875027,hipLaunchKernel,LEAVE,const void*=0x7fe663154280; dim3=dim3(0x13600000136); dim3=dim3(0x1); void**=0x2000000020,NULL,0
2025-10-01 16:49:40.273,1875027,hipGetLastError,ENTER,,,0
2025-10-01 16:49:40.273,1875027,hipGetLastError,LEAVE,,NULL,0
2025-10-01 16:49:40.273,1875027,hipLaunchKernel,ENTER,const void*=0x7fe663154280; dim3=dim3(0x13600000136); dim3=dim3(0x1); void**=0x2000000020,,0
2025-10-01 16:49:40.273,1875027,hipLaunchKernel,LEAVE,const void*=0x7fe663154280; dim3=dim3(0x13600000136); dim3=dim3(0x1); void**=0x2000000020,NULL,0
2025-10-01 16:49:40.273,1875027,hipGetLastError,ENTER,,,0
2025-10-01 16:49:40.274,1875027,hipGetLastError,LEAVE,,NULL,1
2025-10-01 16:49:40.274,1875027,hipLaunchKernel,ENTER,const void*=0x7fe663154280; dim3=dim3(0x13600000136); dim3=dim3(0x1); void**=0x2000000020,,0
2025-10-01 16:49:40.274,1875027,hipLaunchKernel,LEAVE,const void*=0x7fe663154280; dim3=dim3(0x13600000136); dim3=dim3(0x1); void**=0x2000000020,NULL,0
2025-10-01 16:49:40.274,1875027,hipGetLastError,ENTER,,,0
2025-10-01 16:49:40.274,1875027,hipGetLastError,LEAVE,,NULL,0
2025-10-01 16:49:40.274,1875027,hipLaunchKernel,ENTER,const void*=0x7fe663154280; dim3=dim3(0x13600000136); dim3=dim3(0x1); void**=0x2000000020,,0
2025-10-01 16:49:40.274,1875027,hipLaunchKernel,LEAVE,const void*=0x7fe663154280; dim3=dim3(0x13600000136); dim3=dim3(0x1); void**=0x2000000020,NULL,0
2025-10-01 16:49:40.274,1875027,hipGetLastError,ENTER,,,0
2025-10-01 16:49:40.274,1875027,hipGetLastError,LEAVE,,NULL,0
2025-10-01 16:49:40.275,1875027,hipLaunchKernel,ENTER,const void*=0x7fe663154280; dim3=dim3(0x13600000136); dim3=dim3(0x1); void**=0x2000000020,,0
2025-10-01 16:49:40.275,1875027,hipLaunchKernel,LEAVE,const void*=0x7fe663154280; dim3=dim3(0x13600000136); dim3=dim3(0x1); void**=0x2000000020,NULL,0
2025-10-01 16:49:40.275,1875027,hipGetLastError,ENTER,,,0
2025-10-01 16:49:40.275,1875027,hipGetLastError,LEAVE,,NULL,0
2025-10-01 16:49:40.275,1875027,hipStreamSynchronize,ENTER,hipStream_t=0x7fa5e4001290,,0
2025-10-01 16:49:40.275,1875025,hipLaunchKernel,LEAVE,const void*=0x7fe663154280; dim3=dim3(0x13600000136); dim3=dim3(0x1); void**=0x2000000020,NULL,4
2025-10-01 16:49:40.275,1875025,hipGetLastError,ENTER,,,0
2025-10-01 16:49:40.275,1875025,hipGetLastError,LEAVE,,NULL,0
2025-10-01 16:49:40.276,1875025,hipLaunchKernel,ENTER,const void*=0x7fe663154280; dim3=dim3(0x13600000136); dim3=dim3(0x1); void**=0x2000000020,,0
2025-10-01 16:49:40.276,1875027,hipStreamSynchronize,LEAVE,hipStream_t=0x7fa5e4001290,NULL,1
2025-10-01 16:49:40.276,1875027,hipLaunchKernel,ENTER,const void*=0x7fe663154280; dim3=dim3(0x13600000136); dim3=dim3(0x1); void**=0x2000000020,,0
2025-10-01 16:49:40.276,1875025,hipLaunchKernel,LEAVE,const void*=0x7fe663154280; dim3=dim3(0x13600000136); dim3=dim3(0x1); void**=0x2000000020,NULL,0
2025-10-01 16:49:40.276,1875025,hipGetLastError,ENTER,,,0
2025-10-01 16:49:40.277,1875025,hipGetLastError,LEAVE,,NULL,0
2025-10-01 16:49:40.277,1875025,hipLaunchKernel,ENTER,const void*=0x7fe663154280; dim3=dim3(0x13600000136); dim3=dim3(0x1); void**=0x2000000020,,0
2025-10-01 16:49:40.277,1875027,hipLaunchKernel,LEAVE,const void*=0x7fe663154280; dim3=dim3(0x13600000136); dim3=dim3(0x1); void**=0x2000000020,NULL,1
2025-10-01 16:49:40.277,1875027,hipGetLastError,ENTER,,,0
2025-10-01 16:49:40.277,1875027,hipGetLastError,LEAVE,,NULL,0
2025-10-01 16:49:40.277,1875027,hipLaunchKernel,ENTER,const void*=0x7fe663154280; dim3=dim3(0x13600000136); dim3=dim3(0x1); void**=0x2000000020,,0
2025-10-01 16:49:40.277,1875027,hipLaunchKernel,LEAVE,const void*=0x7fe663154280; dim3=dim3(0x13600000136); dim3=dim3(0x1); void**=0x2000000020,NULL,1
2025-10-01 16:49:40.278,1875027,hipGetLastError,ENTER,,,0
2025-10-01 16:49:40.278,1875027,hipGetLastError,LEAVE,,NULL,0
2025-10-01 16:49:40.278,1875027,hipLaunchKernel,ENTER,const void*=0x7fe663154280; dim3=dim3(0x13600000136); dim3=dim3(0x1); void**=0x2000000020,,0
2025-10-01 16:49:40.278,1875027,hipLaunchKernel,LEAVE,const void*=0x7fe663154280; dim3=dim3(0x13600000136); dim3=dim3(0x1); void**=0x2000000020,NULL,0
2025-10-01 16:49:40.278,1875027,hipGetLastError,ENTER,,,0
2025-10-01 16:49:40.278,1875027,hipGetLastError,LEAVE,,NULL,0
2025-10-01 16:49:40.278,1875027,hipLaunchKernel,ENTER,const void*=0x7fe663154280; dim3=dim3(0x13600000136); dim3=dim3(0x1); void**=0x2000000020,,0
2025-10-01 16:49:40.278,1875027,hipLaunchKernel,LEAVE,const void*=0x7fe663154280; dim3=dim3(0x13600000136); dim3=dim3(0x1); void**=0x2000000020,NULL,0
2025-10-01 16:49:40.279,1875027,hipGetLastError,ENTER,,,0
2025-10-01 16:49:40.279,1875027,hipGetLastError,LEAVE,,NULL,0
2025-10-01 16:49:40.279,1875027,hipLaunchKernel,ENTER,const void*=0x7fe663154280; dim3=dim3(0x13600000136); dim3=dim3(0x1); void**=0x2000000020,,0
2025-10-01 16:49:40.279,1875027,hipLaunchKernel,LEAVE,const void*=0x7fe663154280; dim3=dim3(0x13600000136); dim3=dim3(0x1); void**=0x2000000020,NULL,0
2025-10-01 16:49:40.279,1875027,hipGetLastError,ENTER,,,0
2025-10-01 16:49:40.279,1875027,hipGetLastError,LEAVE,,NULL,0
2025-10-01 16:49:40.279,1875027,hipLaunchKernel,ENTER,const void*=0x7fe663154280; dim3=dim3(0x13600000136); dim3=dim3(0x1); void**=0x2000000020,,0
2025-10-01 16:49:40.279,1875027,hipLaunchKernel,LEAVE,const void*=0x7fe663154280; dim3=dim3(0x13600000136); dim3=dim3(0x1); void**=0x2000000020,NULL,0
2025-10-01 16:49:40.279,1875027,hipGetLastError,ENTER,,,0
2025-10-01 16:49:40.279,1875027,hipGetLastError,LEAVE,,NULL,0
2025-10-01 16:49:40.280,1875027,hipLaunchKernel,ENTER,const void*=0x7fe663154280; dim3=dim3(0x13600000136); dim3=dim3(0x1); void**=0x2000000020,,0
2025-10-01 16:49:40.280,1875027,hipLaunchKernel,LEAVE,const void*=0x7fe663154280; dim3=dim3(0x13600000136); dim3=dim3(0x1); void**=0x2000000020,NULL,0
2025-10-01 16:49:40.280,1875027,hipGetLastError,ENTER,,,0
2025-10-01 16:49:40.280,1875027,hipGetLastError,LEAVE,,NULL,0
2025-10-01 16:49:40.280,1875027,hipLaunchKernel,ENTER,const void*=0x7fe663154280; dim3=dim3(0x13600000136); dim3=dim3(0x1); void**=0x2000000020,,0
2025-10-01 16:49:40.280,1875027,hipLaunchKernel,LEAVE,const void*=0x7fe663154280; dim3=dim3(0x13600000136); dim3=dim3(0x1); void**=0x2000000020,NULL,0
2025-10-01 16:49:40.280,1875027,hipGetLastError,ENTER,,,0
2025-10-01 16:49:40.280,1875027,hipGetLastError,LEAVE,,NULL,0
2025-10-01 16:49:40.280,1875027,hipLaunchKernel,ENTER,const void*=0x7fe663154280; dim3=dim3(0x13600000136); dim3=dim3(0x1); void**=0x2000000020,,0
2025-10-01 16:49:40.281,1875027,hipLaunchKernel,LEAVE,const void*=0x7fe663154280; dim3=dim3(0x13600000136); dim3=dim3(0x1); void**=0x2000000020,NULL,0
2025-10-01 16:49:40.281,1875027,hipGetLastError,ENTER,,,0
2025-10-01 16:49:40.281,1875027,hipGetLastError,LEAVE,,NULL,0
2025-10-01 16:49:40.281,1875027,hipLaunchKernel,ENTER,const void*=0x7fe663154280; dim3=dim3(0x13600000136); dim3=dim3(0x1); void**=0x2000000020,,0
2025-10-01 16:49:40.281,1875027,hipLaunchKernel,LEAVE,const void*=0x7fe663154280; dim3=dim3(0x13600000136); dim3=dim3(0x1); void**=0x2000000020,NULL,0
2025-10-01 16:49:40.281,1875027,hipGetLastError,ENTER,,,0
2025-10-01 16:49:40.281,1875027,hipGetLastError,LEAVE,,NULL,0
2025-10-01 16:49:40.281,1875027,hipStreamSynchronize,ENTER,hipStream_t=0x7fa5e4001290,,0
2025-10-01 16:49:40.281,1875025,hipLaunchKernel,LEAVE,const void*=0x7fe663154280; dim3=dim3(0x13600000136); dim3=dim3(0x1); void**=0x2000000020,NULL,4
2025-10-01 16:49:40.282,1875025,hipGetLastError,ENTER,,,0
2025-10-01 16:49:40.282,1875025,hipGetLastError,LEAVE,,NULL,0
2025-10-01 16:49:40.282,1875025,hipLaunchKernel,ENTER,const void*=0x7fe663154280; dim3=dim3(0x13600000136); dim3=dim3(0x1); void**=0x2000000020,,0
2025-10-01 16:49:40.282,1875027,hipStreamSynchronize,LEAVE,hipStream_t=0x7fa5e4001290,NULL,1
2025-10-01 16:49:40.282,1875027,hipLaunchKernel,ENTER,const void*=0x7fe663154280; dim3=dim3(0x13600000136); dim3=dim3(0x1); void**=0x2000000020,,0
2025-10-01 16:49:40.282,1875025,hipLaunchKernel,LEAVE,const void*=0x7fe663154280; dim3=dim3(0x13600000136); dim3=dim3(0x1); void**=0x2000000020,NULL,0
2025-10-01 16:49:40.283,1875025,hipGetLastError,ENTER,,,0
2025-10-01 16:49:40.283,1875025,hipGetLastError,LEAVE,,NULL,0
2025-10-01 16:49:40.283,1875025,hipLaunchKernel,ENTER,const void*=0x7fe663154280; dim3=dim3(0x13600000136); dim3=dim3(0x1); void**=0x2000000020,,0
2025-10-01 16:49:40.283,1875027,hipLaunchKernel,LEAVE,const void*=0x7fe663154280; dim3=dim3(0x13600000136); dim3=dim3(0x1); void**=0x2000000020,NULL,1
2025-10-01 16:49:40.283,1875027,hipGetLastError,ENTER,,,0
2025-10-01 16:49:40.283,1875027,hipGetLastError,LEAVE,,NULL,0
2025-10-01 16:49:40.284,1875027,hipLaunchKernel,ENTER,const void*=0x7fe663154280; dim3=dim3(0x13600000136); dim3=dim3(0x1); void**=0x2000000020,,0
2025-10-01 16:49:40.284,1875027,hipLaunchKernel,LEAVE,const void*=0x7fe663154280; dim3=dim3(0x13600000136); dim3=dim3(0x1); void**=0x2000000020,NULL,0
2025-10-01 16:49:40.284,1875027,hipGetLastError,ENTER,,,0
2025-10-01 16:49:40.284,1875027,hipGetLastError,LEAVE,,NULL,0
2025-10-01 16:49:40.284,1875027,hipLaunchKernel,ENTER,const void*=0x7fe663154280; dim3=dim3(0x13600000136); dim3=dim3(0x1); void**=0x2000000020,,0
2025-10-01 16:49:40.284,1875027,hipLaunchKernel,LEAVE,const void*=0x7fe663154280; dim3=dim3(0x13600000136); dim3=dim3(0x1); void**=0x2000000020,NULL,0
2025-10-01 16:49:40.284,1875027,hipGetLastError,ENTER,,,0
2025-10-01 16:49:40.284,1875027,hipGetLastError,LEAVE,,NULL,0
2025-10-01 16:49:40.284,1875027,hipLaunchKernel,ENTER,const void*=0x7fe663154280; dim3=dim3(0x13600000136); dim3=dim3(0x1); void**=0x2000000020,,0
2025-10-01 16:49:40.285,1875027,hipLaunchKernel,LEAVE,const void*=0x7fe663154280; dim3=dim3(0x13600000136); dim3=dim3(0x1); void**=0x2000000020,NULL,0
2025-10-01 16:49:40.285,1875027,hipGetLastError,ENTER,,,0
2025-10-01 16:49:40.285,1875027,hipGetLastError,LEAVE,,NULL,0
2025-10-01 16:49:40.285,1875027,hipLaunchKernel,ENTER,const void*=0x7fe663154280; dim3=dim3(0x13600000136); dim3=dim3(0x1); void**=0x2000000020,,0
2025-10-01 16:49:40.285,1875027,hipLaunchKernel,LEAVE,const void*=0x7fe663154280; dim3=dim3(0x13600000136); dim3=dim3(0x1); void**=0x2000000020,NULL,0
2025-10-01 16:49:40.285,1875027,hipGetLastError,ENTER,,,0
2025-10-01 16:49:40.285,1875027,hipGetLastError,LEAVE,,NULL,0
2025-10-01 16:49:40.285,1875027,hipLaunchKernel,ENTER,const void*=0x7fe663154280; dim3=dim3(0x13600000136); dim3=dim3(0x1); void**=0x2000000020,,0
2025-10-01 16:49:40.285,1875027,hipLaunchKernel,LEAVE,const void*=0x7fe663154280; dim3=dim3(0x13600000136); dim3=dim3(0x1); void**=0x2000000020,NULL,0
2025-10-01 16:49:40.286,1875027,hipGetLastError,ENTER,,,0
2025-10-01 16:49:40.286,1875027,hipGetLastError,LEAVE,,NULL,0
2025-10-01 16:49:40.286,1875027,hipLaunchKernel,ENTER,const void*=0x7fe663154280; dim3=dim3(0x13600000136); dim3=dim3(0x1); void**=0x2000000020,,0
2025-10-01 16:49:40.286,1875025,hipLaunchKernel,LEAVE,const void*=0x7fe663154280; dim3=dim3(0x13600000136); dim3=dim3(0x1); void**=0x2000000020,NULL,3
2025-10-01 16:49:40.286,1875025,hipGetLastError,ENTER,,,0
2025-10-01 16:49:40.287,1875025,hipGetLastError,LEAVE,,NULL,0
2025-10-01 16:49:40.287,1875025,hipLaunchKernel,ENTER,const void*=0x7fe663154280; dim3=dim3(0x13600000136); dim3=dim3(0x1); void**=0x2000000020,,0
2025-10-01 16:49:40.287,1875027,hipLaunchKernel,LEAVE,const void*=0x7fe663154280; dim3=dim3(0x13600000136); dim3=dim3(0x1); void**=0x2000000020,NULL,1
2025-10-01 16:49:40.287,1875027,hipGetLastError,ENTER,,,0
2025-10-01 16:49:40.287,1875027,hipGetLastError,LEAVE,,NULL,0
2025-10-01 16:49:40.287,1875027,hipLaunchKernel,ENTER,const void*=0x7fe663154280; dim3=dim3(0x13600000136); dim3=dim3(0x1); void**=0x2000000020,,0
2025-10-01 16:49:40.287,1875027,hipLaunchKernel,LEAVE,const void*=0x7fe663154280; dim3=dim3(0x13600000136); dim3=dim3(0x1); void**=0x2000000020,NULL,0
2025-10-01 16:49:40.287,1875027,hipGetLastError,ENTER,,,0
2025-10-01 16:49:40.288,1875027,hipGetLastError,LEAVE,,NULL,0
2025-10-01 16:49:40.288,1875027,hipLaunchKernel,ENTER,const void*=0x7fe663154280; dim3=dim3(0x13600000136); dim3=dim3(0x1); void**=0x2000000020,,0
2025-10-01 16:49:40.288,1875027,hipLaunchKernel,LEAVE,const void*=0x7fe663154280; dim3=dim3(0x13600000136); dim3=dim3(0x1); void**=0x2000000020,NULL,0
2025-10-01 16:49:40.288,1875027,hipGetLastError,ENTER,,,0
2025-10-01 16:49:40.288,1875027,hipGetLastError,LEAVE,,NULL,0
2025-10-01 16:49:40.288,1875027,hipLaunchKernel,ENTER,const void*=0x7fe663154280; dim3=dim3(0x13600000136); dim3=dim3(0x1); void**=0x2000000020,,0
2025-10-01 16:49:40.288,1875027,hipLaunchKernel,LEAVE,const void*=0x7fe663154280; dim3=dim3(0x13600000136); dim3=dim3(0x1); void**=0x2000000020,NULL,0
2025-10-01 16:49:40.288,1875027,hipGetLastError,ENTER,,,0
2025-10-01 16:49:40.288,1875027,hipGetLastError,LEAVE,,NULL,1
2025-10-01 16:49:40.289,1875027,hipStreamSynchronize,ENTER,hipStream_t=0x7fa5e4001290,,0
2025-10-01 16:49:40.289,1875025,hipLaunchKernel,LEAVE,const void*=0x7fe663154280; dim3=dim3(0x13600000136); dim3=dim3(0x1); void**=0x2000000020,NULL,2
2025-10-01 16:49:40.289,1875025,hipGetLastError,ENTER,,,0
2025-10-01 16:49:40.289,1875025,hipGetLastError,LEAVE,,NULL,0
2025-10-01 16:49:40.289,1875025,hipLaunchKernel,ENTER,const void*=0x7fe663154280; dim3=dim3(0x13600000136); dim3=dim3(0x1); void**=0x2000000020,,0
2025-10-01 16:49:40.289,1875027,hipStreamSynchronize,LEAVE,hipStream_t=0x7fa5e4001290,NULL,0
2025-10-01 16:49:40.290,1875027,hipLaunchKernel,ENTER,const void*=0x7fe663154280; dim3=dim3(0x13600000136); dim3=dim3(0x1); void**=0x2000000020,,0
2025-10-01 16:49:40.290,1875027,hipLaunchKernel,LEAVE,const void*=0x7fe663154280; dim3=dim3(0x13600000136); dim3=dim3(0x1); void**=0x2000000020,NULL,0
2025-10-01 16:49:40.290,1875027,hipGetLastError,ENTER,,,0
2025-10-01 16:49:40.290,1875027,hipGetLastError,LEAVE,,NULL,0
2025-10-01 16:49:40.290,1875027,hipLaunchKernel,ENTER,const void*=0x7fe663154280; dim3=dim3(0x13600000136); dim3=dim3(0x1); void**=0x2000000020,,0
2025-10-01 16:49:40.290,1875027,hipLaunchKernel,LEAVE,const void*=0x7fe663154280; dim3=dim3(0x13600000136); dim3=dim3(0x1); void**=0x2000000020,NULL,0
2025-10-01 16:49:40.290,1875027,hipGetLastError,ENTER,,,0
2025-10-01 16:49:40.290,1875027,hipGetLastError,LEAVE,,NULL,0
2025-10-01 16:49:40.290,1875027,hipLaunchKernel,ENTER,const void*=0x7fe663154280; dim3=dim3(0x13600000136); dim3=dim3(0x1); void**=0x2000000020,,0
2025-10-01 16:49:40.291,1875027,hipLaunchKernel,LEAVE,const void*=0x7fe663154280; dim3=dim3(0x13600000136); dim3=dim3(0x1); void**=0x2000000020,NULL,0
2025-10-01 16:49:40.291,1875027,hipGetLastError,ENTER,,,0
2025-10-01 16:49:40.291,1875027,hipGetLastError,LEAVE,,NULL,0
2025-10-01 16:49:40.291,1875027,hipLaunchKernel,ENTER,const void*=0x7fe663154280; dim3=dim3(0x13600000136); dim3=dim3(0x1); void**=0x2000000020,,0
2025-10-01 16:49:40.291,1875027,hipLaunchKernel,LEAVE,const void*=0x7fe663154280; dim3=dim3(0x13600000136); dim3=dim3(0x1); void**=0x2000000020,NULL,0
2025-10-01 16:49:40.291,1875027,hipGetLastError,ENTER,,,0
2025-10-01 16:49:40.291,1875027,hipGetLastError,LEAVE,,NULL,0
2025-10-01 16:49:40.291,1875027,hipLaunchKernel,ENTER,const void*=0x7fe663154280; dim3=dim3(0x13600000136); dim3=dim3(0x1); void**=0x2000000020,,0
2025-10-01 16:49:40.292,1875027,hipLaunchKernel,LEAVE,const void*=0x7fe663154280; dim3=dim3(0x13600000136); dim3=dim3(0x1); void**=0x2000000020,NULL,0
2025-10-01 16:49:40.292,1875027,hipGetLastError,ENTER,,,0
2025-10-01 16:49:40.292,1875027,hipGetLastError,LEAVE,,NULL,0
2025-10-01 16:49:40.292,1875027,hipLaunchKernel,ENTER,const void*=0x7fe663154280; dim3=dim3(0x13600000136); dim3=dim3(0x1); void**=0x2000000020,,0
2025-10-01 16:49:40.292,1875027,hipLaunchKernel,LEAVE,const void*=0x7fe663154280; dim3=dim3(0x13600000136); dim3=dim3(0x1); void**=0x2000000020,NULL,0
2025-10-01 16:49:40.292,1875027,hipGetLastError,ENTER,,,0
2025-10-01 16:49:40.292,1875027,hipGetLastError,LEAVE,,NULL,0
2025-10-01 16:49:40.292,1875027,hipLaunchKernel,ENTER,const void*=0x7fe663154280; dim3=dim3(0x13600000136); dim3=dim3(0x1); void**=0x2000000020,,0
2025-10-01 16:49:40.292,1875027,hipLaunchKernel,LEAVE,const void*=0x7fe663154280; dim3=dim3(0x13600000136); dim3=dim3(0x1); void**=0x2000000020,NULL,0
2025-10-01 16:49:40.293,1875027,hipGetLastError,ENTER,,,0
2025-10-01 16:49:40.293,1875027,hipGetLastError,LEAVE,,NULL,0
2025-10-01 16:49:40.293,1875027,hipLaunchKernel,ENTER,const void*=0x7fe663154280; dim3=dim3(0x13600000136); dim3=dim3(0x1); void**=0x2000000020,,0
2025-10-01 16:49:40.293,1875027,hipLaunchKernel,LEAVE,const void*=0x7fe663154280; dim3=dim3(0x13600000136); dim3=dim3(0x1); void**=0x2000000020,NULL,0
2025-10-01 16:49:40.293,1875027,hipGetLastError,ENTER,,,0
2025-10-01 16:49:40.293,1875027,hipGetLastError,LEAVE,,NULL,0
2025-10-01 16:49:40.293,1875027,hipLaunchKernel,ENTER,const void*=0x7fe663154280; dim3=dim3(0x13600000136); dim3=dim3(0x1); void**=0x2000000020,,0
2025-10-01 16:49:40.293,1875027,hipLaunchKernel,LEAVE,const void*=0x7fe663154280; dim3=dim3(0x13600000136); dim3=dim3(0x1); void**=0x2000000020,NULL,0
2025-10-01 16:49:40.294,1875027,hipGetLastError,ENTER,,,0
2025-10-01 16:49:40.294,1875027,hipGetLastError,LEAVE,,NULL,0
2025-10-01 16:49:40.294,1875027,hipLaunchKernel,ENTER,const void*=0x7fe663154280; dim3=dim3(0x13600000136); dim3=dim3(0x1); void**=0x2000000020,,0
2025-10-01 16:49:40.294,1875027,hipLaunchKernel,LEAVE,const void*=0x7fe663154280; dim3=dim3(0x13600000136); dim3=dim3(0x1); void**=0x2000000020,NULL,0
2025-10-01 16:49:40.294,1875027,hipGetLastError,ENTER,,,0
2025-10-01 16:49:40.294,1875027,hipGetLastError,LEAVE,,NULL,0
2025-10-01 16:49:40.294,1875027,hipStreamSynchronize,ENTER,hipStream_t=0x7fa5e4001290,,0
2025-10-01 16:49:40.294,1875025,hipLaunchKernel,LEAVE,const void*=0x7fe663154280; dim3=dim3(0x13600000136); dim3=dim3(0x1); void**=0x2000000020,NULL,5
2025-10-01 16:49:40.294,1875025,hipGetLastError,ENTER,,,0
2025-10-01 16:49:40.295,1875025,hipGetLastError,LEAVE,,NULL,0
2025-10-01 16:49:40.295,1875025,hipLaunchKernel,ENTER,const void*=0x7fe663154280; dim3=dim3(0x13600000136); dim3=dim3(0x1); void**=0x2000000020,,0
2025-10-01 16:49:40.295,1875027,hipStreamSynchronize,LEAVE,hipStream_t=0x7fa5e4001290,NULL,1
2025-10-01 16:49:40.295,1875027,hipLaunchKernel,ENTER,const void*=0x7fe663154280; dim3=dim3(0x13600000136); dim3=dim3(0x1); void**=0x2000000020,,0
2025-10-01 16:49:40.295,1875027,hipLaunchKernel,LEAVE,const void*=0x7fe663154280; dim3=dim3(0x13600000136); dim3=dim3(0x1); void**=0x2000000020,NULL,0
2025-10-01 16:49:40.296,1875027,hipGetLastError,ENTER,,,0
2025-10-01 16:49:40.296,1875027,hipGetLastError,LEAVE,,NULL,0
2025-10-01 16:49:40.296,1875027,hipLaunchKernel,ENTER,const void*=0x7fe663154280; dim3=dim3(0x13600000136); dim3=dim3(0x1); void**=0x2000000020,,0
2025-10-01 16:49:40.296,1875027,hipLaunchKernel,LEAVE,const void*=0x7fe663154280; dim3=dim3(0x13600000136); dim3=dim3(0x1); void**=0x2000000020,NULL,0
2025-10-01 16:49:40.296,1875027,hipGetLastError,ENTER,,,0
2025-10-01 16:49:40.296,1875027,hipGetLastError,LEAVE,,NULL,0
2025-10-01 16:49:40.296,1875027,hipLaunchKernel,ENTER,const void*=0x7fe663154280; dim3=dim3(0x13600000136); dim3=dim3(0x1); void**=0x2000000020,,0
2025-10-01 16:49:40.296,1875027,hipLaunchKernel,LEAVE,const void*=0x7fe663154280; dim3=dim3(0x13600000136); dim3=dim3(0x1); void**=0x2000000020,NULL,0
2025-10-01 16:49:40.296,1875027,hipGetLastError,ENTER,,,0
2025-10-01 16:49:40.297,1875027,hipGetLastError,LEAVE,,NULL,0
2025-10-01 16:49:40.297,1875027,hipLaunchKernel,ENTER,const void*=0x7fe663154280; dim3=dim3(0x13600000136); dim3=dim3(0x1); void**=0x2000000020,,0
2025-10-01 16:49:40.297,1875027,hipLaunchKernel,LEAVE,const void*=0x7fe663154280; dim3=dim3(0x13600000136); dim3=dim3(0x1); void**=0x2000000020,NULL,0
2025-10-01 16:49:40.297,1875027,hipGetLastError,ENTER,,,0
2025-10-01 16:49:40.297,1875027,hipGetLastError,LEAVE,,NULL,0
2025-10-01 16:49:40.297,1875027,hipLaunchKernel,ENTER,const void*=0x7fe663154280; dim3=dim3(0x13600000136); dim3=dim3(0x1); void**=0x2000000020,,0
2025-10-01 16:49:40.297,1875027,hipLaunchKernel,LEAVE,const void*=0x7fe663154280; dim3=dim3(0x13600000136); dim3=dim3(0x1); void**=0x2000000020,NULL,0
2025-10-01 16:49:40.297,1875027,hipGetLastError,ENTER,,,0
2025-10-01 16:49:40.297,1875027,hipGetLastError,LEAVE,,NULL,0
2025-10-01 16:49:40.298,1875027,hipLaunchKernel,ENTER,const void*=0x7fe663154280; dim3=dim3(0x13600000136); dim3=dim3(0x1); void**=0x2000000020,,0
2025-10-01 16:49:40.298,1875027,hipLaunchKernel,LEAVE,const void*=0x7fe663154280; dim3=dim3(0x13600000136); dim3=dim3(0x1); void**=0x2000000020,NULL,0
2025-10-01 16:49:40.298,1875027,hipGetLastError,ENTER,,,0
2025-10-01 16:49:40.298,1875027,hipGetLastError,LEAVE,,NULL,0
2025-10-01 16:49:40.298,1875027,hipLaunchKernel,ENTER,const void*=0x7fe663154280; dim3=dim3(0x13600000136); dim3=dim3(0x1); void**=0x2000000020,,0
2025-10-01 16:49:40.298,1875027,hipLaunchKernel,LEAVE,const void*=0x7fe663154280; dim3=dim3(0x13600000136); dim3=dim3(0x1); void**=0x2000000020,NULL,0
2025-10-01 16:49:40.298,1875027,hipGetLastError,ENTER,,,0
2025-10-01 16:49:40.298,1875027,hipGetLastError,LEAVE,,NULL,0
2025-10-01 16:49:40.298,1875027,hipLaunchKernel,ENTER,const void*=0x7fe663154280; dim3=dim3(0x13600000136); dim3=dim3(0x1); void**=0x2000000020,,0
2025-10-01 16:49:40.299,1875027,hipLaunchKernel,LEAVE,const void*=0x7fe663154280; dim3=dim3(0x13600000136); dim3=dim3(0x1); void**=0x2000000020,NULL,0
2025-10-01 16:49:40.299,1875027,hipGetLastError,ENTER,,,0
2025-10-01 16:49:40.299,1875027,hipGetLastError,LEAVE,,NULL,0
2025-10-01 16:49:40.299,1875027,hipLaunchKernel,ENTER,const void*=0x7fe663154280; dim3=dim3(0x13600000136); dim3=dim3(0x1); void**=0x2000000020,,0
2025-10-01 16:49:40.299,1875027,hipLaunchKernel,LEAVE,const void*=0x7fe663154280; dim3=dim3(0x13600000136); dim3=dim3(0x1); void**=0x2000000020,NULL,0
2025-10-01 16:49:40.299,1875027,hipGetLastError,ENTER,,,0
2025-10-01 16:49:40.299,1875027,hipGetLastError,LEAVE,,NULL,0
2025-10-01 16:49:40.299,1875027,hipLaunchKernel,ENTER,const void*=0x7fe663154280; dim3=dim3(0x13600000136); dim3=dim3(0x1); void**=0x2000000020,,0
2025-10-01 16:49:40.300,1875027,hipLaunchKernel,LEAVE,const void*=0x7fe663154280; dim3=dim3(0x13600000136); dim3=dim3(0x1); void**=0x2000000020,NULL,1
2025-10-01 16:49:40.300,1875027,hipGetLastError,ENTER,,,0
2025-10-01 16:49:40.300,1875027,hipGetLastError,LEAVE,,NULL,0
2025-10-01 16:49:40.300,1875027,hipStreamSynchronize,ENTER,hipStream_t=0x7fa5e4001290,,0
2025-10-01 16:49:40.300,1875027,hipStreamSynchronize,LEAVE,hipStream_t=0x7fa5e4001290,NULL,0
2025-10-01 16:49:40.300,1875027,hipLaunchKernel,ENTER,const void*=0x7fe663154280; dim3=dim3(0x13600000136); dim3=dim3(0x1); void**=0x2000000020,,0
2025-10-01 16:49:40.300,1875027,hipLaunchKernel,LEAVE,const void*=0x7fe663154280; dim3=dim3(0x13600000136); dim3=dim3(0x1); void**=0x2000000020,NULL,0
2025-10-01 16:49:40.300,1875027,hipGetLastError,ENTER,,,0
2025-10-01 16:49:40.300,1875027,hipGetLastError,LEAVE,,NULL,0
2025-10-01 16:49:40.301,1875027,hipLaunchKernel,ENTER,const void*=0x7fe663154280; dim3=dim3(0x13600000136); dim3=dim3(0x1); void**=0x2000000020,,0
2025-10-01 16:49:40.301,1875027,hipLaunchKernel,LEAVE,const void*=0x7fe663154280; dim3=dim3(0x13600000136); dim3=dim3(0x1); void**=0x2000000020,NULL,0
2025-10-01 16:49:40.301,1875027,hipGetLastError,ENTER,,,0
2025-10-01 16:49:40.301,1875027,hipGetLastError,LEAVE,,NULL,0
2025-10-01 16:49:40.301,1875027,hipLaunchKernel,ENTER,const void*=0x7fe663154280; dim3=dim3(0x13600000136); dim3=dim3(0x1); void**=0x2000000020,,0
2025-10-01 16:49:40.301,1875027,hipLaunchKernel,LEAVE,const void*=0x7fe663154280; dim3=dim3(0x13600000136); dim3=dim3(0x1); void**=0x2000000020,NULL,0
2025-10-01 16:49:40.301,1875027,hipGetLastError,ENTER,,,0
2025-10-01 16:49:40.301,1875027,hipGetLastError,LEAVE,,NULL,0
2025-10-01 16:49:40.301,1875027,hipLaunchKernel,ENTER,const void*=0x7fe663154280; dim3=dim3(0x13600000136); dim3=dim3(0x1); void**=0x2000000020,,0
2025-10-01 16:49:40.302,1875027,hipLaunchKernel,LEAVE,const void*=0x7fe663154280; dim3=dim3(0x13600000136); dim3=dim3(0x1); void**=0x2000000020,NULL,0
2025-10-01 16:49:40.302,1875027,hipGetLastError,ENTER,,,0
2025-10-01 16:49:40.302,1875027,hipGetLastError,LEAVE,,NULL,0
2025-10-01 16:49:40.302,1875027,hipLaunchKernel,ENTER,const void*=0x7fe663154280; dim3=dim3(0x13600000136); dim3=dim3(0x1); void**=0x2000000020,,0
2025-10-01 16:49:40.302,1875027,hipLaunchKernel,LEAVE,const void*=0x7fe663154280; dim3=dim3(0x13600000136); dim3=dim3(0x1); void**=0x2000000020,NULL,0
2025-10-01 16:49:40.302,1875027,hipGetLastError,ENTER,,,0
2025-10-01 16:49:40.302,1875027,hipGetLastError,LEAVE,,NULL,0
2025-10-01 16:49:40.302,1875027,hipLaunchKernel,ENTER,const void*=0x7fe663154280; dim3=dim3(0x13600000136); dim3=dim3(0x1); void**=0x2000000020,,0
2025-10-01 16:49:40.302,1875027,hipLaunchKernel,LEAVE,const void*=0x7fe663154280; dim3=dim3(0x13600000136); dim3=dim3(0x1); void**=0x2000000020,NULL,0
2025-10-01 16:49:40.302,1875027,hipGetLastError,ENTER,,,0
2025-10-01 16:49:40.303,1875027,hipGetLastError,LEAVE,,NULL,0
2025-10-01 16:49:40.303,1875027,hipLaunchKernel,ENTER,const void*=0x7fe663154280; dim3=dim3(0x13600000136); dim3=dim3(0x1); void**=0x2000000020,,0
2025-10-01 16:49:40.303,1875027,hipLaunchKernel,LEAVE,const void*=0x7fe663154280; dim3=dim3(0x13600000136); dim3=dim3(0x1); void**=0x2000000020,NULL,0
2025-10-01 16:49:40.303,1875027,hipGetLastError,ENTER,,,0
2025-10-01 16:49:40.303,1875027,hipGetLastError,LEAVE,,NULL,0
2025-10-01 16:49:40.303,1875027,hipLaunchKernel,ENTER,const void*=0x7fe663154280; dim3=dim3(0x13600000136); dim3=dim3(0x1); void**=0x2000000020,,0
2025-10-01 16:49:40.303,1875027,hipLaunchKernel,LEAVE,const void*=0x7fe663154280; dim3=dim3(0x13600000136); dim3=dim3(0x1); void**=0x2000000020,NULL,0
2025-10-01 16:49:40.303,1875027,hipGetLastError,ENTER,,,0
2025-10-01 16:49:40.303,1875027,hipGetLastError,LEAVE,,NULL,0
2025-10-01 16:49:40.304,1875027,hipLaunchKernel,ENTER,const void*=0x7fe663154280; dim3=dim3(0x13600000136); dim3=dim3(0x1); void**=0x2000000020,,0
2025-10-01 16:49:40.304,1875027,hipLaunchKernel,LEAVE,const void*=0x7fe663154280; dim3=dim3(0x13600000136); dim3=dim3(0x1); void**=0x2000000020,NULL,0
2025-10-01 16:49:40.304,1875027,hipGetLastError,ENTER,,,0
2025-10-01 16:49:40.304,1875027,hipGetLastError,LEAVE,,NULL,0
2025-10-01 16:49:40.304,1875027,hipLaunchKernel,ENTER,const void*=0x7fe663154280; dim3=dim3(0x13600000136); dim3=dim3(0x1); void**=0x2000000020,,0
2025-10-01 16:49:40.304,1875027,hipLaunchKernel,LEAVE,const void*=0x7fe663154280; dim3=dim3(0x13600000136); dim3=dim3(0x1); void**=0x2000000020,NULL,0
2025-10-01 16:49:40.304,1875027,hipGetLastError,ENTER,,,0
2025-10-01 16:49:40.304,1875027,hipGetLastError,LEAVE,,NULL,1
2025-10-01 16:49:40.305,1875027,hipStreamSynchronize,ENTER,hipStream_t=0x7fa5e4001290,,0
2025-10-01 16:49:40.305,1875025,hipLaunchKernel,LEAVE,const void*=0x7fe663154280; dim3=dim3(0x13600000136); dim3=dim3(0x1); void**=0x2000000020,NULL,10
2025-10-01 16:49:40.305,1875025,hipGetLastError,ENTER,,,0
2025-10-01 16:49:40.305,1875025,hipGetLastError,LEAVE,,NULL,0
2025-10-01 16:49:40.305,1875025,hipLaunchKernel,ENTER,const void*=0x7fe663154280; dim3=dim3(0x13600000136); dim3=dim3(0x1); void**=0x2000000020,,0
2025-10-01 16:49:40.306,1875027,hipStreamSynchronize,LEAVE,hipStream_t=0x7fa5e4001290,NULL,1
2025-10-01 16:49:40.306,1875027,hipLaunchKernel,ENTER,const void*=0x7fe663154280; dim3=dim3(0x13600000136); dim3=dim3(0x1); void**=0x2000000020,,0
2025-10-01 16:49:40.306,1875025,hipLaunchKernel,LEAVE,const void*=0x7fe663154280; dim3=dim3(0x13600000136); dim3=dim3(0x1); void**=0x2000000020,NULL,0
2025-10-01 16:49:40.306,1875025,hipGetLastError,ENTER,,,0
2025-10-01 16:49:40.306,1875025,hipGetLastError,LEAVE,,NULL,0
2025-10-01 16:49:40.306,1875025,hipStreamSynchronize,ENTER,hipStream_t=0x7fa5e8001290,,0
2025-10-01 16:49:40.306,1875027,hipLaunchKernel,LEAVE,const void*=0x7fe663154280; dim3=dim3(0x13600000136); dim3=dim3(0x1); void**=0x2000000020,NULL,0
2025-10-01 16:49:40.307,1875027,hipGetLastError,ENTER,,,0
2025-10-01 16:49:40.307,1875027,hipGetLastError,LEAVE,,NULL,0
2025-10-01 16:49:40.307,1875027,hipLaunchKernel,ENTER,const void*=0x7fe663154280; dim3=dim3(0x13600000136); dim3=dim3(0x1); void**=0x2000000020,,0
2025-10-01 16:49:40.307,1875027,hipLaunchKernel,LEAVE,const void*=0x7fe663154280; dim3=dim3(0x13600000136); dim3=dim3(0x1); void**=0x2000000020,NULL,0
2025-10-01 16:49:40.307,1875027,hipGetLastError,ENTER,,,0
2025-10-01 16:49:40.307,1875027,hipGetLastError,LEAVE,,NULL,0
2025-10-01 16:49:40.307,1875027,hipLaunchKernel,ENTER,const void*=0x7fe663154280; dim3=dim3(0x13600000136); dim3=dim3(0x1); void**=0x2000000020,,0
2025-10-01 16:49:40.307,1875027,hipLaunchKernel,LEAVE,const void*=0x7fe663154280; dim3=dim3(0x13600000136); dim3=dim3(0x1); void**=0x2000000020,NULL,0
2025-10-01 16:49:40.307,1875027,hipGetLastError,ENTER,,,0
2025-10-01 16:49:40.308,1875027,hipGetLastError,LEAVE,,NULL,0
2025-10-01 16:49:40.308,1875027,hipLaunchKernel,ENTER,const void*=0x7fe663154280; dim3=dim3(0x13600000136); dim3=dim3(0x1); void**=0x2000000020,,0
2025-10-01 16:49:40.308,1875027,hipLaunchKernel,LEAVE,const void*=0x7fe663154280; dim3=dim3(0x13600000136); dim3=dim3(0x1); void**=0x2000000020,NULL,0
2025-10-01 16:49:40.308,1875027,hipGetLastError,ENTER,,,0
2025-10-01 16:49:40.308,1875027,hipGetLastError,LEAVE,,NULL,0
2025-10-01 16:49:40.308,1875027,hipLaunchKernel,ENTER,const void*=0x7fe663154280; dim3=dim3(0x13600000136); dim3=dim3(0x1); void**=0x2000000020,,0
2025-10-01 16:49:40.308,1875027,hipLaunchKernel,LEAVE,const void*=0x7fe663154280; dim3=dim3(0x13600000136); dim3=dim3(0x1); void**=0x2000000020,NULL,0
2025-10-01 16:49:40.308,1875027,hipGetLastError,ENTER,,,0
2025-10-01 16:49:40.309,1875027,hipGetLastError,LEAVE,,NULL,0
2025-10-01 16:49:40.309,1875027,hipLaunchKernel,ENTER,const void*=0x7fe663154280; dim3=dim3(0x13600000136); dim3=dim3(0x1); void**=0x2000000020,,0
2025-10-01 16:49:40.309,1875027,hipLaunchKernel,LEAVE,const void*=0x7fe663154280; dim3=dim3(0x13600000136); dim3=dim3(0x1); void**=0x2000000020,NULL,0
2025-10-01 16:49:40.309,1875027,hipGetLastError,ENTER,,,0
2025-10-01 16:49:40.309,1875027,hipGetLastError,LEAVE,,NULL,0
2025-10-01 16:49:40.309,1875027,hipLaunchKernel,ENTER,const void*=0x7fe663154280; dim3=dim3(0x13600000136); dim3=dim3(0x1); void**=0x2000000020,,0
2025-10-01 16:49:40.309,1875027,hipLaunchKernel,LEAVE,const void*=0x7fe663154280; dim3=dim3(0x13600000136); dim3=dim3(0x1); void**=0x2000000020,NULL,0
2025-10-01 16:49:40.309,1875027,hipGetLastError,ENTER,,,0
2025-10-01 16:49:40.309,1875027,hipGetLastError,LEAVE,,NULL,0
2025-10-01 16:49:40.310,1875027,hipLaunchKernel,ENTER,const void*=0x7fe663154280; dim3=dim3(0x13600000136); dim3=dim3(0x1); void**=0x2000000020,,0
2025-10-01 16:49:40.310,1875027,hipLaunchKernel,LEAVE,const void*=0x7fe663154280; dim3=dim3(0x13600000136); dim3=dim3(0x1); void**=0x2000000020,NULL,0
2025-10-01 16:49:40.310,1875027,hipGetLastError,ENTER,,,0
2025-10-01 16:49:40.310,1875027,hipGetLastError,LEAVE,,NULL,0
2025-10-01 16:49:40.310,1875027,hipLaunchKernel,ENTER,const void*=0x7fe663154280; dim3=dim3(0x13600000136); dim3=dim3(0x1); void**=0x2000000020,,0
2025-10-01 16:49:40.310,1875027,hipLaunchKernel,LEAVE,const void*=0x7fe663154280; dim3=dim3(0x13600000136); dim3=dim3(0x1); void**=0x2000000020,NULL,0
2025-10-01 16:49:40.310,1875027,hipGetLastError,ENTER,,,0
2025-10-01 16:49:40.310,1875027,hipGetLastError,LEAVE,,NULL,0
2025-10-01 16:49:40.310,1875027,hipLaunchKernel,ENTER,const void*=0x7fe663154280; dim3=dim3(0x13600000136); dim3=dim3(0x1); void**=0x2000000020,,0
2025-10-01 16:49:40.311,1875027,hipLaunchKernel,LEAVE,const void*=0x7fe663154280; dim3=dim3(0x13600000136); dim3=dim3(0x1); void**=0x2000000020,NULL,0
2025-10-01 16:49:40.311,1875027,hipGetLastError,ENTER,,,0
2025-10-01 16:49:40.311,1875027,hipGetLastError,LEAVE,,NULL,0
2025-10-01 16:49:40.311,1875027,hipStreamSynchronize,ENTER,hipStream_t=0x7fa5e4001290,,0
2025-10-01 16:49:40.311,1875027,hipStreamSynchronize,LEAVE,hipStream_t=0x7fa5e4001290,NULL,0
2025-10-01 16:49:40.311,1875027,hipLaunchKernel,ENTER,const void*=0x7fe663154280; dim3=dim3(0x13600000136); dim3=dim3(0x1); void**=0x2000000020,,0
2025-10-01 16:49:40.311,1875027,hipLaunchKernel,LEAVE,const void*=0x7fe663154280; dim3=dim3(0x13600000136); dim3=dim3(0x1); void**=0x2000000020,NULL,0
2025-10-01 16:49:40.311,1875027,hipGetLastError,ENTER,,,0
2025-10-01 16:49:40.311,1875027,hipGetLastError,LEAVE,,NULL,0
2025-10-01 16:49:40.312,1875027,hipLaunchKernel,ENTER,const void*=0x7fe663154280; dim3=dim3(0x13600000136); dim3=dim3(0x1); void**=0x2000000020,,0
2025-10-01 16:49:40.312,1875027,hipLaunchKernel,LEAVE,const void*=0x7fe663154280; dim3=dim3(0x13600000136); dim3=dim3(0x1); void**=0x2000000020,NULL,0
2025-10-01 16:49:40.312,1875027,hipGetLastError,ENTER,,,0
2025-10-01 16:49:40.312,1875027,hipGetLastError,LEAVE,,NULL,0
2025-10-01 16:49:40.312,1875027,hipLaunchKernel,ENTER,const void*=0x7fe663154280; dim3=dim3(0x13600000136); dim3=dim3(0x1); void**=0x2000000020,,0
2025-10-01 16:49:40.330,1875027,hipLaunchKernel,LEAVE,const void*=0x7fe663154280; dim3=dim3(0x13600000136); dim3=dim3(0x1); void**=0x2000000020,NULL,18
2025-10-01 16:49:40.330,1875027,hipGetLastError,ENTER,,,0
2025-10-01 16:49:40.330,1875027,hipGetLastError,LEAVE,,NULL,0
2025-10-01 16:49:40.330,1875027,hipLaunchKernel,ENTER,const void*=0x7fe663154280; dim3=dim3(0x13600000136); dim3=dim3(0x1); void**=0x2000000020,,0
2025-10-01 16:49:40.330,1875027,hipLaunchKernel,LEAVE,const void*=0x7fe663154280; dim3=dim3(0x13600000136); dim3=dim3(0x1); void**=0x2000000020,NULL,0
2025-10-01 16:49:40.330,1875027,hipGetLastError,ENTER,,,0
2025-10-01 16:49:40.330,1875027,hipGetLastError,LEAVE,,NULL,0
2025-10-01 16:49:40.331,1875027,hipLaunchKernel,ENTER,const void*=0x7fe663154280; dim3=dim3(0x13600000136); dim3=dim3(0x1); void**=0x2000000020,,0
2025-10-01 16:49:40.331,1875027,hipLaunchKernel,LEAVE,const void*=0x7fe663154280; dim3=dim3(0x13600000136); dim3=dim3(0x1); void**=0x2000000020,NULL,0
2025-10-01 16:49:40.331,1875027,hipGetLastError,ENTER,,,0
2025-10-01 16:49:40.331,1875027,hipGetLastError,LEAVE,,NULL,0
2025-10-01 16:49:40.331,1875027,hipLaunchKernel,ENTER,const void*=0x7fe663154280; dim3=dim3(0x13600000136); dim3=dim3(0x1); void**=0x2000000020,,0
2025-10-01 16:49:40.331,1875027,hipLaunchKernel,LEAVE,const void*=0x7fe663154280; dim3=dim3(0x13600000136); dim3=dim3(0x1); void**=0x2000000020,NULL,0
2025-10-01 16:49:40.331,1875027,hipGetLastError,ENTER,,,0
2025-10-01 16:49:40.331,1875027,hipGetLastError,LEAVE,,NULL,0
2025-10-01 16:49:40.331,1875027,hipLaunchKernel,ENTER,const void*=0x7fe663154280; dim3=dim3(0x13600000136); dim3=dim3(0x1); void**=0x2000000020,,0
2025-10-01 16:49:40.332,1875027,hipLaunchKernel,LEAVE,const void*=0x7fe663154280; dim3=dim3(0x13600000136); dim3=dim3(0x1); void**=0x2000000020,NULL,0
2025-10-01 16:49:40.332,1875027,hipGetLastError,ENTER,,,0
2025-10-01 16:49:40.332,1875027,hipGetLastError,LEAVE,,NULL,0
2025-10-01 16:49:40.332,1875027,hipLaunchKernel,ENTER,const void*=0x7fe663154280; dim3=dim3(0x13600000136); dim3=dim3(0x1); void**=0x2000000020,,0
2025-10-01 16:49:40.332,1875027,hipLaunchKernel,LEAVE,const void*=0x7fe663154280; dim3=dim3(0x13600000136); dim3=dim3(0x1); void**=0x2000000020,NULL,0
2025-10-01 16:49:40.332,1875027,hipGetLastError,ENTER,,,0
2025-10-01 16:49:40.332,1875027,hipGetLastError,LEAVE,,NULL,0
2025-10-01 16:49:40.332,1875027,hipLaunchKernel,ENTER,const void*=0x7fe663154280; dim3=dim3(0x13600000136); dim3=dim3(0x1); void**=0x2000000020,,0
2025-10-01 16:49:40.333,1875027,hipLaunchKernel,LEAVE,const void*=0x7fe663154280; dim3=dim3(0x13600000136); dim3=dim3(0x1); void**=0x2000000020,NULL,0
2025-10-01 16:49:40.333,1875027,hipGetLastError,ENTER,,,0
2025-10-01 16:49:40.333,1875027,hipGetLastError,LEAVE,,NULL,0
2025-10-01 16:49:40.333,1875027,hipLaunchKernel,ENTER,const void*=0x7fe663154280; dim3=dim3(0x13600000136); dim3=dim3(0x1); void**=0x2000000020,,0
2025-10-01 16:49:40.333,1875027,hipLaunchKernel,LEAVE,const void*=0x7fe663154280; dim3=dim3(0x13600000136); dim3=dim3(0x1); void**=0x2000000020,NULL,0
2025-10-01 16:49:40.333,1875027,hipGetLastError,ENTER,,,0
2025-10-01 16:49:40.333,1875027,hipGetLastError,LEAVE,,NULL,0
2025-10-01 16:49:40.333,1875027,hipStreamSynchronize,ENTER,hipStream_t=0x7fa5e4001290,,0
2025-10-01 16:49:40.333,1875027,hipStreamSynchronize,LEAVE,hipStream_t=0x7fa5e4001290,NULL,0
2025-10-01 16:49:40.334,1875027,hipLaunchKernel,ENTER,const void*=0x7fe663154280; dim3=dim3(0x13600000136); dim3=dim3(0x1); void**=0x2000000020,,0
2025-10-01 16:49:40.334,1875027,hipLaunchKernel,LEAVE,const void*=0x7fe663154280; dim3=dim3(0x13600000136); dim3=dim3(0x1); void**=0x2000000020,NULL,0
2025-10-01 16:49:40.334,1875027,hipGetLastError,ENTER,,,0
2025-10-01 16:49:40.334,1875027,hipGetLastError,LEAVE,,NULL,0
2025-10-01 16:49:40.334,1875027,hipLaunchKernel,ENTER,const void*=0x7fe663154280; dim3=dim3(0x13600000136); dim3=dim3(0x1); void**=0x2000000020,,0
2025-10-01 16:49:40.334,1875027,hipLaunchKernel,LEAVE,const void*=0x7fe663154280; dim3=dim3(0x13600000136); dim3=dim3(0x1); void**=0x2000000020,NULL,0
2025-10-01 16:49:40.334,1875027,hipGetLastError,ENTER,,,0
2025-10-01 16:49:40.334,1875027,hipGetLastError,LEAVE,,NULL,0
2025-10-01 16:49:40.334,1875027,hipLaunchKernel,ENTER,const void*=0x7fe663154280; dim3=dim3(0x13600000136); dim3=dim3(0x1); void**=0x2000000020,,0
2025-10-01 16:49:40.335,1875027,hipLaunchKernel,LEAVE,const void*=0x7fe663154280; dim3=dim3(0x13600000136); dim3=dim3(0x1); void**=0x2000000020,NULL,0
2025-10-01 16:49:40.335,1875027,hipGetLastError,ENTER,,,0
2025-10-01 16:49:40.335,1875027,hipGetLastError,LEAVE,,NULL,0
2025-10-01 16:49:40.335,1875027,hipLaunchKernel,ENTER,const void*=0x7fe663154280; dim3=dim3(0x13600000136); dim3=dim3(0x1); void**=0x2000000020,,0
2025-10-01 16:49:40.335,1875027,hipLaunchKernel,LEAVE,const void*=0x7fe663154280; dim3=dim3(0x13600000136); dim3=dim3(0x1); void**=0x2000000020,NULL,0
2025-10-01 16:49:40.335,1875027,hipGetLastError,ENTER,,,0
2025-10-01 16:49:40.335,1875027,hipGetLastError,LEAVE,,NULL,0
2025-10-01 16:49:40.335,1875027,hipLaunchKernel,ENTER,const void*=0x7fe663154280; dim3=dim3(0x13600000136); dim3=dim3(0x1); void**=0x2000000020,,0
2025-10-01 16:49:40.336,1875027,hipLaunchKernel,LEAVE,const void*=0x7fe663154280; dim3=dim3(0x13600000136); dim3=dim3(0x1); void**=0x2000000020,NULL,0
2025-10-01 16:49:40.336,1875027,hipGetLastError,ENTER,,,0
2025-10-01 16:49:40.336,1875027,hipGetLastError,LEAVE,,NULL,0
2025-10-01 16:49:40.336,1875027,hipLaunchKernel,ENTER,const void*=0x7fe663154280; dim3=dim3(0x13600000136); dim3=dim3(0x1); void**=0x2000000020,,0
2025-10-01 16:49:40.336,1875027,hipLaunchKernel,LEAVE,const void*=0x7fe663154280; dim3=dim3(0x13600000136); dim3=dim3(0x1); void**=0x2000000020,NULL,0
2025-10-01 16:49:40.336,1875027,hipGetLastError,ENTER,,,0
2025-10-01 16:49:40.336,1875027,hipGetLastError,LEAVE,,NULL,0
2025-10-01 16:49:40.336,1875027,hipLaunchKernel,ENTER,const void*=0x7fe663154280; dim3=dim3(0x13600000136); dim3=dim3(0x1); void**=0x2000000020,,0
2025-10-01 16:49:40.336,1875027,hipLaunchKernel,LEAVE,const void*=0x7fe663154280; dim3=dim3(0x13600000136); dim3=dim3(0x1); void**=0x2000000020,NULL,0
2025-10-01 16:49:40.337,1875027,hipGetLastError,ENTER,,,0
2025-10-01 16:49:40.337,1875027,hipGetLastError,LEAVE,,NULL,0
2025-10-01 16:49:40.337,1875027,hipLaunchKernel,ENTER,const void*=0x7fe663154280; dim3=dim3(0x13600000136); dim3=dim3(0x1); void**=0x2000000020,,0
2025-10-01 16:49:40.337,1875027,hipLaunchKernel,LEAVE,const void*=0x7fe663154280; dim3=dim3(0x13600000136); dim3=dim3(0x1); void**=0x2000000020,NULL,0
2025-10-01 16:49:40.337,1875027,hipGetLastError,ENTER,,,0
2025-10-01 16:49:40.337,1875027,hipGetLastError,LEAVE,,NULL,0
2025-10-01 16:49:40.337,1875027,hipLaunchKernel,ENTER,const void*=0x7fe663154280; dim3=dim3(0x13600000136); dim3=dim3(0x1); void**=0x2000000020,,0
2025-10-01 16:49:40.337,1875027,hipLaunchKernel,LEAVE,const void*=0x7fe663154280; dim3=dim3(0x13600000136); dim3=dim3(0x1); void**=0x2000000020,NULL,0
2025-10-01 16:49:40.337,1875027,hipGetLastError,ENTER,,,0
2025-10-01 16:49:40.337,1875027,hipGetLastError,LEAVE,,NULL,0
2025-10-01 16:49:40.338,1875027,hipLaunchKernel,ENTER,const void*=0x7fe663154280; dim3=dim3(0x13600000136); dim3=dim3(0x1); void**=0x2000000020,,0
2025-10-01 16:49:40.338,1875027,hipLaunchKernel,LEAVE,const void*=0x7fe663154280; dim3=dim3(0x13600000136); dim3=dim3(0x1); void**=0x2000000020,NULL,0
2025-10-01 16:49:40.338,1875027,hipGetLastError,ENTER,,,0
2025-10-01 16:49:40.338,1875027,hipGetLastError,LEAVE,,NULL,0
2025-10-01 16:49:40.338,1875027,hipStreamSynchronize,ENTER,hipStream_t=0x7fa5e4001290,,0
2025-10-01 16:49:40.338,1875027,hipStreamSynchronize,LEAVE,hipStream_t=0x7fa5e4001290,NULL,0
2025-10-01 16:49:40.338,1875027,hipLaunchKernel,ENTER,const void*=0x7fe663154280; dim3=dim3(0x13600000136); dim3=dim3(0x1); void**=0x2000000020,,0
2025-10-01 16:49:40.338,1875027,hipLaunchKernel,LEAVE,const void*=0x7fe663154280; dim3=dim3(0x13600000136); dim3=dim3(0x1); void**=0x2000000020,NULL,0
2025-10-01 16:49:40.339,1875027,hipGetLastError,ENTER,,,0
2025-10-01 16:49:40.339,1875027,hipGetLastError,LEAVE,,NULL,0
2025-10-01 16:49:40.339,1875027,hipLaunchKernel,ENTER,const void*=0x7fe663154280; dim3=dim3(0x13600000136); dim3=dim3(0x1); void**=0x2000000020,,0
2025-10-01 16:49:40.339,1875027,hipLaunchKernel,LEAVE,const void*=0x7fe663154280; dim3=dim3(0x13600000136); dim3=dim3(0x1); void**=0x2000000020,NULL,0
2025-10-01 16:49:40.339,1875027,hipGetLastError,ENTER,,,0
2025-10-01 16:49:40.339,1875027,hipGetLastError,LEAVE,,NULL,0
2025-10-01 16:49:40.339,1875027,hipLaunchKernel,ENTER,const void*=0x7fe663154280; dim3=dim3(0x13600000136); dim3=dim3(0x1); void**=0x2000000020,,0
2025-10-01 16:49:40.339,1875027,hipLaunchKernel,LEAVE,const void*=0x7fe663154280; dim3=dim3(0x13600000136); dim3=dim3(0x1); void**=0x2000000020,NULL,0
2025-10-01 16:49:40.339,1875027,hipGetLastError,ENTER,,,0
2025-10-01 16:49:40.340,1875027,hipGetLastError,LEAVE,,NULL,0
2025-10-01 16:49:40.340,1875027,hipLaunchKernel,ENTER,const void*=0x7fe663154280; dim3=dim3(0x13600000136); dim3=dim3(0x1); void**=0x2000000020,,0
2025-10-01 16:49:40.340,1875027,hipLaunchKernel,LEAVE,const void*=0x7fe663154280; dim3=dim3(0x13600000136); dim3=dim3(0x1); void**=0x2000000020,NULL,0
2025-10-01 16:49:40.340,1875027,hipGetLastError,ENTER,,,0
2025-10-01 16:49:40.340,1875027,hipGetLastError,LEAVE,,NULL,0
2025-10-01 16:49:40.340,1875027,hipLaunchKernel,ENTER,const void*=0x7fe663154280; dim3=dim3(0x13600000136); dim3=dim3(0x1); void**=0x2000000020,,0
2025-10-01 16:49:40.340,1875027,hipLaunchKernel,LEAVE,const void*=0x7fe663154280; dim3=dim3(0x13600000136); dim3=dim3(0x1); void**=0x2000000020,NULL,0
2025-10-01 16:49:40.340,1875027,hipGetLastError,ENTER,,,0
2025-10-01 16:49:40.340,1875027,hipGetLastError,LEAVE,,NULL,1
2025-10-01 16:49:40.341,1875027,hipLaunchKernel,ENTER,const void*=0x7fe663154280; dim3=dim3(0x13600000136); dim3=dim3(0x1); void**=0x2000000020,,0
2025-10-01 16:49:40.341,1875027,hipLaunchKernel,LEAVE,const void*=0x7fe663154280; dim3=dim3(0x13600000136); dim3=dim3(0x1); void**=0x2000000020,NULL,0
2025-10-01 16:49:40.341,1875027,hipGetLastError,ENTER,,,0
2025-10-01 16:49:40.341,1875027,hipGetLastError,LEAVE,,NULL,0
2025-10-01 16:49:40.341,1875027,hipLaunchKernel,ENTER,const void*=0x7fe663154280; dim3=dim3(0x13600000136); dim3=dim3(0x1); void**=0x2000000020,,0
2025-10-01 16:49:40.341,1875027,hipLaunchKernel,LEAVE,const void*=0x7fe663154280; dim3=dim3(0x13600000136); dim3=dim3(0x1); void**=0x2000000020,NULL,0
2025-10-01 16:49:40.341,1875027,hipGetLastError,ENTER,,,0
2025-10-01 16:49:40.341,1875027,hipGetLastError,LEAVE,,NULL,0
2025-10-01 16:49:40.342,1875027,hipLaunchKernel,ENTER,const void*=0x7fe663154280; dim3=dim3(0x13600000136); dim3=dim3(0x1); void**=0x2000000020,,0
2025-10-01 16:49:40.342,1875027,hipLaunchKernel,LEAVE,const void*=0x7fe663154280; dim3=dim3(0x13600000136); dim3=dim3(0x1); void**=0x2000000020,NULL,0
2025-10-01 16:49:40.342,1875027,hipGetLastError,ENTER,,,0
2025-10-01 16:49:40.342,1875027,hipGetLastError,LEAVE,,NULL,0
2025-10-01 16:49:40.342,1875027,hipLaunchKernel,ENTER,const void*=0x7fe663154280; dim3=dim3(0x13600000136); dim3=dim3(0x1); void**=0x2000000020,,0
2025-10-01 16:49:40.342,1875027,hipLaunchKernel,LEAVE,const void*=0x7fe663154280; dim3=dim3(0x13600000136); dim3=dim3(0x1); void**=0x2000000020,NULL,0
2025-10-01 16:49:40.342,1875027,hipGetLastError,ENTER,,,0
2025-10-01 16:49:40.342,1875027,hipGetLastError,LEAVE,,NULL,0
2025-10-01 16:49:40.343,1875027,hipLaunchKernel,ENTER,const void*=0x7fe663154280; dim3=dim3(0x13600000136); dim3=dim3(0x1); void**=0x2000000020,,0
2025-10-01 16:49:40.343,1875027,hipLaunchKernel,LEAVE,const void*=0x7fe663154280; dim3=dim3(0x13600000136); dim3=dim3(0x1); void**=0x2000000020,NULL,0
2025-10-01 16:49:40.343,1875027,hipGetLastError,ENTER,,,0
2025-10-01 16:49:40.343,1875027,hipGetLastError,LEAVE,,NULL,0
2025-10-01 16:49:40.343,1875027,hipStreamSynchronize,ENTER,hipStream_t=0x7fa5e4001290,,0
2025-10-01 16:49:40.343,1875027,hipStreamSynchronize,LEAVE,hipStream_t=0x7fa5e4001290,NULL,0
2025-10-01 16:49:40.343,1875027,hipLaunchKernel,ENTER,const void*=0x7fe663154280; dim3=dim3(0x13600000136); dim3=dim3(0x1); void**=0x2000000020,,0
2025-10-01 16:49:40.343,1875027,hipLaunchKernel,LEAVE,const void*=0x7fe663154280; dim3=dim3(0x13600000136); dim3=dim3(0x1); void**=0x2000000020,NULL,0
2025-10-01 16:49:40.344,1875027,hipGetLastError,ENTER,,,0
2025-10-01 16:49:40.344,1875027,hipGetLastError,LEAVE,,NULL,0
2025-10-01 16:49:40.344,1875027,hipLaunchKernel,ENTER,const void*=0x7fe663154280; dim3=dim3(0x13600000136); dim3=dim3(0x1); void**=0x2000000020,,0
2025-10-01 16:49:40.344,1875027,hipLaunchKernel,LEAVE,const void*=0x7fe663154280; dim3=dim3(0x13600000136); dim3=dim3(0x1); void**=0x2000000020,NULL,0
2025-10-01 16:49:40.344,1875027,hipGetLastError,ENTER,,,0
2025-10-01 16:49:40.344,1875027,hipGetLastError,LEAVE,,NULL,0
2025-10-01 16:49:40.344,1875027,hipLaunchKernel,ENTER,const void*=0x7fe663154280; dim3=dim3(0x13600000136); dim3=dim3(0x1); void**=0x2000000020,,0
2025-10-01 16:49:40.344,1875027,hipLaunchKernel,LEAVE,const void*=0x7fe663154280; dim3=dim3(0x13600000136); dim3=dim3(0x1); void**=0x2000000020,NULL,0
2025-10-01 16:49:40.344,1875027,hipGetLastError,ENTER,,,0
2025-10-01 16:49:40.345,1875027,hipGetLastError,LEAVE,,NULL,0
2025-10-01 16:49:40.345,1875027,hipLaunchKernel,ENTER,const void*=0x7fe663154280; dim3=dim3(0x13600000136); dim3=dim3(0x1); void**=0x2000000020,,0
2025-10-01 16:49:40.345,1875027,hipLaunchKernel,LEAVE,const void*=0x7fe663154280; dim3=dim3(0x13600000136); dim3=dim3(0x1); void**=0x2000000020,NULL,0
2025-10-01 16:49:40.345,1875027,hipGetLastError,ENTER,,,0
2025-10-01 16:49:40.345,1875027,hipGetLastError,LEAVE,,NULL,0
2025-10-01 16:49:40.345,1875027,hipLaunchKernel,ENTER,const void*=0x7fe663154280; dim3=dim3(0x13600000136); dim3=dim3(0x1); void**=0x2000000020,,0
2025-10-01 16:49:40.345,1875027,hipLaunchKernel,LEAVE,const void*=0x7fe663154280; dim3=dim3(0x13600000136); dim3=dim3(0x1); void**=0x2000000020,NULL,0
2025-10-01 16:49:40.345,1875027,hipGetLastError,ENTER,,,0
2025-10-01 16:49:40.345,1875027,hipGetLastError,LEAVE,,NULL,0
2025-10-01 16:49:40.345,1875027,hipLaunchKernel,ENTER,const void*=0x7fe663154280; dim3=dim3(0x13600000136); dim3=dim3(0x1); void**=0x2000000020,,0
2025-10-01 16:49:40.346,1875027,hipLaunchKernel,LEAVE,const void*=0x7fe663154280; dim3=dim3(0x13600000136); dim3=dim3(0x1); void**=0x2000000020,NULL,0
2025-10-01 16:49:40.346,1875027,hipGetLastError,ENTER,,,0
2025-10-01 16:49:40.346,1875027,hipGetLastError,LEAVE,,NULL,0
2025-10-01 16:49:40.346,1875027,hipLaunchKernel,ENTER,const void*=0x7fe663154280; dim3=dim3(0x13600000136); dim3=dim3(0x1); void**=0x2000000020,,0
2025-10-01 16:49:40.346,1875027,hipLaunchKernel,LEAVE,const void*=0x7fe663154280; dim3=dim3(0x13600000136); dim3=dim3(0x1); void**=0x2000000020,NULL,0
2025-10-01 16:49:40.346,1875027,hipGetLastError,ENTER,,,0
2025-10-01 16:49:40.346,1875027,hipGetLastError,LEAVE,,NULL,0
2025-10-01 16:49:40.346,1875027,hipLaunchKernel,ENTER,const void*=0x7fe663154280; dim3=dim3(0x13600000136); dim3=dim3(0x1); void**=0x2000000020,,0
2025-10-01 16:49:40.347,1875027,hipLaunchKernel,LEAVE,const void*=0x7fe663154280; dim3=dim3(0x13600000136); dim3=dim3(0x1); void**=0x2000000020,NULL,0
2025-10-01 16:49:40.347,1875027,hipGetLastError,ENTER,,,0
2025-10-01 16:49:40.347,1875027,hipGetLastError,LEAVE,,NULL,0
2025-10-01 16:49:40.347,1875027,hipLaunchKernel,ENTER,const void*=0x7fe663154280; dim3=dim3(0x13600000136); dim3=dim3(0x1); void**=0x2000000020,,0
2025-10-01 16:49:40.347,1875027,hipLaunchKernel,LEAVE,const void*=0x7fe663154280; dim3=dim3(0x13600000136); dim3=dim3(0x1); void**=0x2000000020,NULL,0
2025-10-01 16:49:40.347,1875027,hipGetLastError,ENTER,,,0
2025-10-01 16:49:40.347,1875027,hipGetLastError,LEAVE,,NULL,0
2025-10-01 16:49:40.347,1875027,hipLaunchKernel,ENTER,const void*=0x7fe663154280; dim3=dim3(0x13600000136); dim3=dim3(0x1); void**=0x2000000020,,0
2025-10-01 16:49:40.347,1875027,hipLaunchKernel,LEAVE,const void*=0x7fe663154280; dim3=dim3(0x13600000136); dim3=dim3(0x1); void**=0x2000000020,NULL,1
2025-10-01 16:49:40.348,1875027,hipGetLastError,ENTER,,,0
2025-10-01 16:49:40.348,1875027,hipGetLastError,LEAVE,,NULL,0
2025-10-01 16:49:40.348,1875027,hipStreamSynchronize,ENTER,hipStream_t=0x7fa5e4001290,,0
2025-10-01 16:49:40.348,1875027,hipStreamSynchronize,LEAVE,hipStream_t=0x7fa5e4001290,NULL,0
2025-10-01 16:49:40.348,1875027,hipLaunchKernel,ENTER,const void*=0x7fe663154280; dim3=dim3(0x13600000136); dim3=dim3(0x1); void**=0x2000000020,,0
2025-10-01 16:49:40.348,1875027,hipLaunchKernel,LEAVE,const void*=0x7fe663154280; dim3=dim3(0x13600000136); dim3=dim3(0x1); void**=0x2000000020,NULL,0
2025-10-01 16:49:40.348,1875027,hipGetLastError,ENTER,,,0
2025-10-01 16:49:40.348,1875027,hipGetLastError,LEAVE,,NULL,0
2025-10-01 16:49:40.349,1875027,hipLaunchKernel,ENTER,const void*=0x7fe663154280; dim3=dim3(0x13600000136); dim3=dim3(0x1); void**=0x2000000020,,0
2025-10-01 16:49:40.349,1875027,hipLaunchKernel,LEAVE,const void*=0x7fe663154280; dim3=dim3(0x13600000136); dim3=dim3(0x1); void**=0x2000000020,NULL,0
2025-10-01 16:49:40.349,1875027,hipGetLastError,ENTER,,,0
2025-10-01 16:49:40.349,1875027,hipGetLastError,LEAVE,,NULL,0
2025-10-01 16:49:40.349,1875027,hipLaunchKernel,ENTER,const void*=0x7fe663154280; dim3=dim3(0x13600000136); dim3=dim3(0x1); void**=0x2000000020,,0
2025-10-01 16:49:40.349,1875027,hipLaunchKernel,LEAVE,const void*=0x7fe663154280; dim3=dim3(0x13600000136); dim3=dim3(0x1); void**=0x2000000020,NULL,0
2025-10-01 16:49:40.349,1875027,hipGetLastError,ENTER,,,0
2025-10-01 16:49:40.349,1875027,hipGetLastError,LEAVE,,NULL,0
2025-10-01 16:49:40.349,1875027,hipLaunchKernel,ENTER,const void*=0x7fe663154280; dim3=dim3(0x13600000136); dim3=dim3(0x1); void**=0x2000000020,,0
2025-10-01 16:49:40.350,1875027,hipLaunchKernel,LEAVE,const void*=0x7fe663154280; dim3=dim3(0x13600000136); dim3=dim3(0x1); void**=0x2000000020,NULL,0
2025-10-01 16:49:40.350,1875027,hipGetLastError,ENTER,,,0
2025-10-01 16:49:40.350,1875027,hipGetLastError,LEAVE,,NULL,0
2025-10-01 16:49:40.350,1875027,hipLaunchKernel,ENTER,const void*=0x7fe663154280; dim3=dim3(0x13600000136); dim3=dim3(0x1); void**=0x2000000020,,0
2025-10-01 16:49:40.350,1875027,hipLaunchKernel,LEAVE,const void*=0x7fe663154280; dim3=dim3(0x13600000136); dim3=dim3(0x1); void**=0x2000000020,NULL,0
2025-10-01 16:49:40.350,1875027,hipGetLastError,ENTER,,,0
2025-10-01 16:49:40.350,1875027,hipGetLastError,LEAVE,,NULL,0
2025-10-01 16:49:40.350,1875027,hipLaunchKernel,ENTER,const void*=0x7fe663154280; dim3=dim3(0x13600000136); dim3=dim3(0x1); void**=0x2000000020,,0
2025-10-01 16:49:40.351,1875027,hipLaunchKernel,LEAVE,const void*=0x7fe663154280; dim3=dim3(0x13600000136); dim3=dim3(0x1); void**=0x2000000020,NULL,0
2025-10-01 16:49:40.351,1875027,hipGetLastError,ENTER,,,0
2025-10-01 16:49:40.351,1875027,hipGetLastError,LEAVE,,NULL,0
2025-10-01 16:49:40.351,1875027,hipLaunchKernel,ENTER,const void*=0x7fe663154280; dim3=dim3(0x13600000136); dim3=dim3(0x1); void**=0x2000000020,,0
2025-10-01 16:49:40.351,1875027,hipLaunchKernel,LEAVE,const void*=0x7fe663154280; dim3=dim3(0x13600000136); dim3=dim3(0x1); void**=0x2000000020,NULL,0
2025-10-01 16:49:40.351,1875027,hipGetLastError,ENTER,,,0
2025-10-01 16:49:40.351,1875027,hipGetLastError,LEAVE,,NULL,0
2025-10-01 16:49:40.351,1875027,hipLaunchKernel,ENTER,const void*=0x7fe663154280; dim3=dim3(0x13600000136); dim3=dim3(0x1); void**=0x2000000020,,0
2025-10-01 16:49:40.351,1875027,hipLaunchKernel,LEAVE,const void*=0x7fe663154280; dim3=dim3(0x13600000136); dim3=dim3(0x1); void**=0x2000000020,NULL,0
2025-10-01 16:49:40.352,1875027,hipGetLastError,ENTER,,,0
2025-10-01 16:49:40.352,1875027,hipGetLastError,LEAVE,,NULL,0
2025-10-01 16:49:40.352,1875027,hipLaunchKernel,ENTER,const void*=0x7fe663154280; dim3=dim3(0x13600000136); dim3=dim3(0x1); void**=0x2000000020,,0
2025-10-01 16:49:40.352,1875027,hipLaunchKernel,LEAVE,const void*=0x7fe663154280; dim3=dim3(0x13600000136); dim3=dim3(0x1); void**=0x2000000020,NULL,0
2025-10-01 16:49:40.352,1875027,hipGetLastError,ENTER,,,0
2025-10-01 16:49:40.352,1875027,hipGetLastError,LEAVE,,NULL,0
2025-10-01 16:49:40.352,1875027,hipLaunchKernel,ENTER,const void*=0x7fe663154280; dim3=dim3(0x13600000136); dim3=dim3(0x1); void**=0x2000000020,,0
2025-10-01 16:49:40.352,1875027,hipLaunchKernel,LEAVE,const void*=0x7fe663154280; dim3=dim3(0x13600000136); dim3=dim3(0x1); void**=0x2000000020,NULL,0
2025-10-01 16:49:40.352,1875027,hipGetLastError,ENTER,,,0
2025-10-01 16:49:40.353,1875027,hipGetLastError,LEAVE,,NULL,0
2025-10-01 16:49:40.353,1875027,hipStreamSynchronize,ENTER,hipStream_t=0x7fa5e4001290,,0
2025-10-01 16:49:40.353,1875027,hipStreamSynchronize,LEAVE,hipStream_t=0x7fa5e4001290,NULL,0
2025-10-01 16:49:40.353,1875027,hipLaunchKernel,ENTER,const void*=0x7fe663154280; dim3=dim3(0x13600000136); dim3=dim3(0x1); void**=0x2000000020,,0
2025-10-01 16:49:40.353,1875027,hipLaunchKernel,LEAVE,const void*=0x7fe663154280; dim3=dim3(0x13600000136); dim3=dim3(0x1); void**=0x2000000020,NULL,0
2025-10-01 16:49:40.353,1875027,hipGetLastError,ENTER,,,0
2025-10-01 16:49:40.353,1875027,hipGetLastError,LEAVE,,NULL,0
2025-10-01 16:49:40.353,1875027,hipLaunchKernel,ENTER,const void*=0x7fe663154280; dim3=dim3(0x13600000136); dim3=dim3(0x1); void**=0x2000000020,,0
2025-10-01 16:49:40.353,1875027,hipLaunchKernel,LEAVE,const void*=0x7fe663154280; dim3=dim3(0x13600000136); dim3=dim3(0x1); void**=0x2000000020,NULL,0
2025-10-01 16:49:40.353,1875027,hipGetLastError,ENTER,,,0
2025-10-01 16:49:40.354,1875027,hipGetLastError,LEAVE,,NULL,0
2025-10-01 16:49:40.354,1875027,hipLaunchKernel,ENTER,const void*=0x7fe663154280; dim3=dim3(0x13600000136); dim3=dim3(0x1); void**=0x2000000020,,0
2025-10-01 16:49:40.354,1875027,hipLaunchKernel,LEAVE,const void*=0x7fe663154280; dim3=dim3(0x13600000136); dim3=dim3(0x1); void**=0x2000000020,NULL,0
2025-10-01 16:49:40.354,1875027,hipGetLastError,ENTER,,,0
2025-10-01 16:49:40.354,1875027,hipGetLastError,LEAVE,,NULL,0
2025-10-01 16:49:40.354,1875027,hipLaunchKernel,ENTER,const void*=0x7fe663154280; dim3=dim3(0x13600000136); dim3=dim3(0x1); void**=0x2000000020,,0
2025-10-01 16:49:40.354,1875027,hipLaunchKernel,LEAVE,const void*=0x7fe663154280; dim3=dim3(0x13600000136); dim3=dim3(0x1); void**=0x2000000020,NULL,0
2025-10-01 16:49:40.354,1875027,hipGetLastError,ENTER,,,0
2025-10-01 16:49:40.354,1875027,hipGetLastError,LEAVE,,NULL,0
2025-10-01 16:49:40.355,1875027,hipLaunchKernel,ENTER,const void*=0x7fe663154280; dim3=dim3(0x13600000136); dim3=dim3(0x1); void**=0x2000000020,,0
2025-10-01 16:49:40.355,1875027,hipLaunchKernel,LEAVE,const void*=0x7fe663154280; dim3=dim3(0x13600000136); dim3=dim3(0x1); void**=0x2000000020,NULL,0
2025-10-01 16:49:40.355,1875027,hipGetLastError,ENTER,,,0
2025-10-01 16:49:40.355,1875027,hipGetLastError,LEAVE,,NULL,0
2025-10-01 16:49:40.355,1875027,hipLaunchKernel,ENTER,const void*=0x7fe663154280; dim3=dim3(0x13600000136); dim3=dim3(0x1); void**=0x2000000020,,0
2025-10-01 16:49:40.355,1875027,hipLaunchKernel,LEAVE,const void*=0x7fe663154280; dim3=dim3(0x13600000136); dim3=dim3(0x1); void**=0x2000000020,NULL,0
2025-10-01 16:49:40.355,1875027,hipGetLastError,ENTER,,,0
2025-10-01 16:49:40.355,1875027,hipGetLastError,LEAVE,,NULL,0
2025-10-01 16:49:40.355,1875027,hipLaunchKernel,ENTER,const void*=0x7fe663154280; dim3=dim3(0x13600000136); dim3=dim3(0x1); void**=0x2000000020,,0
2025-10-01 16:49:40.356,1875027,hipLaunchKernel,LEAVE,const void*=0x7fe663154280; dim3=dim3(0x13600000136); dim3=dim3(0x1); void**=0x2000000020,NULL,1
2025-10-01 16:49:40.356,1875027,hipGetLastError,ENTER,,,0
2025-10-01 16:49:40.356,1875027,hipGetLastError,LEAVE,,NULL,0
2025-10-01 16:49:40.356,1875027,hipLaunchKernel,ENTER,const void*=0x7fe663154280; dim3=dim3(0x13600000136); dim3=dim3(0x1); void**=0x2000000020,,0
2025-10-01 16:49:40.356,1875027,hipLaunchKernel,LEAVE,const void*=0x7fe663154280; dim3=dim3(0x13600000136); dim3=dim3(0x1); void**=0x2000000020,NULL,0
2025-10-01 16:49:40.356,1875027,hipGetLastError,ENTER,,,0
2025-10-01 16:49:40.356,1875027,hipGetLastError,LEAVE,,NULL,0
2025-10-01 16:49:40.356,1875027,hipLaunchKernel,ENTER,const void*=0x7fe663154280; dim3=dim3(0x13600000136); dim3=dim3(0x1); void**=0x2000000020,,0
2025-10-01 16:49:40.356,1875027,hipLaunchKernel,LEAVE,const void*=0x7fe663154280; dim3=dim3(0x13600000136); dim3=dim3(0x1); void**=0x2000000020,NULL,0
2025-10-01 16:49:40.356,1875027,hipGetLastError,ENTER,,,0
2025-10-01 16:49:40.357,1875027,hipGetLastError,LEAVE,,NULL,0
2025-10-01 16:49:40.357,1875027,hipLaunchKernel,ENTER,const void*=0x7fe663154280; dim3=dim3(0x13600000136); dim3=dim3(0x1); void**=0x2000000020,,0
2025-10-01 16:49:40.357,1875027,hipLaunchKernel,LEAVE,const void*=0x7fe663154280; dim3=dim3(0x13600000136); dim3=dim3(0x1); void**=0x2000000020,NULL,0
2025-10-01 16:49:40.357,1875027,hipGetLastError,ENTER,,,0
2025-10-01 16:49:40.357,1875027,hipGetLastError,LEAVE,,NULL,0
2025-10-01 16:49:40.357,1875027,hipStreamSynchronize,ENTER,hipStream_t=0x7fa5e4001290,,0
2025-10-01 16:49:40.357,1875027,hipStreamSynchronize,LEAVE,hipStream_t=0x7fa5e4001290,NULL,0
2025-10-01 16:49:40.357,1875027,hipLaunchKernel,ENTER,const void*=0x7fe663154280; dim3=dim3(0x13600000136); dim3=dim3(0x1); void**=0x2000000020,,0
2025-10-01 16:49:40.358,1875027,hipLaunchKernel,LEAVE,const void*=0x7fe663154280; dim3=dim3(0x13600000136); dim3=dim3(0x1); void**=0x2000000020,NULL,0
2025-10-01 16:49:40.358,1875027,hipGetLastError,ENTER,,,0
2025-10-01 16:49:40.358,1875027,hipGetLastError,LEAVE,,NULL,0
2025-10-01 16:49:40.358,1875027,hipLaunchKernel,ENTER,const void*=0x7fe663154280; dim3=dim3(0x13600000136); dim3=dim3(0x1); void**=0x2000000020,,0
2025-10-01 16:49:40.358,1875027,hipLaunchKernel,LEAVE,const void*=0x7fe663154280; dim3=dim3(0x13600000136); dim3=dim3(0x1); void**=0x2000000020,NULL,0
2025-10-01 16:49:40.358,1875027,hipGetLastError,ENTER,,,0
2025-10-01 16:49:40.358,1875027,hipGetLastError,LEAVE,,NULL,0
2025-10-01 16:49:40.358,1875027,hipLaunchKernel,ENTER,const void*=0x7fe663154280; dim3=dim3(0x13600000136); dim3=dim3(0x1); void**=0x2000000020,,0
2025-10-01 16:49:40.358,1875027,hipLaunchKernel,LEAVE,const void*=0x7fe663154280; dim3=dim3(0x13600000136); dim3=dim3(0x1); void**=0x2000000020,NULL,0
2025-10-01 16:49:40.358,1875027,hipGetLastError,ENTER,,,0
2025-10-01 16:49:40.359,1875027,hipGetLastError,LEAVE,,NULL,0
2025-10-01 16:49:40.359,1875027,hipLaunchKernel,ENTER,const void*=0x7fe663154280; dim3=dim3(0x13600000136); dim3=dim3(0x1); void**=0x2000000020,,0
2025-10-01 16:49:40.359,1875027,hipLaunchKernel,LEAVE,const void*=0x7fe663154280; dim3=dim3(0x13600000136); dim3=dim3(0x1); void**=0x2000000020,NULL,0
2025-10-01 16:49:40.359,1875027,hipGetLastError,ENTER,,,0
2025-10-01 16:49:40.359,1875027,hipGetLastError,LEAVE,,NULL,0
2025-10-01 16:49:40.359,1875027,hipLaunchKernel,ENTER,const void*=0x7fe663154280; dim3=dim3(0x13600000136); dim3=dim3(0x1); void**=0x2000000020,,0
2025-10-01 16:49:40.359,1875027,hipLaunchKernel,LEAVE,const void*=0x7fe663154280; dim3=dim3(0x13600000136); dim3=dim3(0x1); void**=0x2000000020,NULL,0
2025-10-01 16:49:40.359,1875027,hipGetLastError,ENTER,,,0
2025-10-01 16:49:40.359,1875027,hipGetLastError,LEAVE,,NULL,0
2025-10-01 16:49:40.360,1875027,hipLaunchKernel,ENTER,const void*=0x7fe663154280; dim3=dim3(0x13600000136); dim3=dim3(0x1); void**=0x2000000020,,0
2025-10-01 16:49:40.360,1875027,hipLaunchKernel,LEAVE,const void*=0x7fe663154280; dim3=dim3(0x13600000136); dim3=dim3(0x1); void**=0x2000000020,NULL,0
2025-10-01 16:49:40.360,1875027,hipGetLastError,ENTER,,,0
2025-10-01 16:49:40.360,1875027,hipGetLastError,LEAVE,,NULL,0
2025-10-01 16:49:40.360,1875027,hipLaunchKernel,ENTER,const void*=0x7fe663154280; dim3=dim3(0x13600000136); dim3=dim3(0x1); void**=0x2000000020,,0
2025-10-01 16:49:40.360,1875027,hipLaunchKernel,LEAVE,const void*=0x7fe663154280; dim3=dim3(0x13600000136); dim3=dim3(0x1); void**=0x2000000020,NULL,0
2025-10-01 16:49:40.360,1875027,hipGetLastError,ENTER,,,0
2025-10-01 16:49:40.360,1875027,hipGetLastError,LEAVE,,NULL,0
2025-10-01 16:49:40.360,1875027,hipLaunchKernel,ENTER,const void*=0x7fe663154280; dim3=dim3(0x13600000136); dim3=dim3(0x1); void**=0x2000000020,,0
2025-10-01 16:49:40.361,1875027,hipLaunchKernel,LEAVE,const void*=0x7fe663154280; dim3=dim3(0x13600000136); dim3=dim3(0x1); void**=0x2000000020,NULL,0
2025-10-01 16:49:40.361,1875027,hipGetLastError,ENTER,,,0
2025-10-01 16:49:40.361,1875027,hipGetLastError,LEAVE,,NULL,0
2025-10-01 16:49:40.361,1875027,hipLaunchKernel,ENTER,const void*=0x7fe663154280; dim3=dim3(0x13600000136); dim3=dim3(0x1); void**=0x2000000020,,0
2025-10-01 16:49:40.361,1875027,hipLaunchKernel,LEAVE,const void*=0x7fe663154280; dim3=dim3(0x13600000136); dim3=dim3(0x1); void**=0x2000000020,NULL,0
2025-10-01 16:49:40.361,1875027,hipGetLastError,ENTER,,,0
2025-10-01 16:49:40.361,1875027,hipGetLastError,LEAVE,,NULL,0
2025-10-01 16:49:40.361,1875027,hipLaunchKernel,ENTER,const void*=0x7fe663154280; dim3=dim3(0x13600000136); dim3=dim3(0x1); void**=0x2000000020,,0
2025-10-01 16:49:40.362,1875027,hipLaunchKernel,LEAVE,const void*=0x7fe663154280; dim3=dim3(0x13600000136); dim3=dim3(0x1); void**=0x2000000020,NULL,0
2025-10-01 16:49:40.362,1875027,hipGetLastError,ENTER,,,0
2025-10-01 16:49:40.362,1875027,hipGetLastError,LEAVE,,NULL,0
2025-10-01 16:49:40.362,1875027,hipStreamSynchronize,ENTER,hipStream_t=0x7fa5e4001290,,0
2025-10-01 16:49:40.362,1875027,hipStreamSynchronize,LEAVE,hipStream_t=0x7fa5e4001290,NULL,0
2025-10-01 16:49:40.362,1875027,hipLaunchKernel,ENTER,const void*=0x7fe663154280; dim3=dim3(0x13600000136); dim3=dim3(0x1); void**=0x2000000020,,0
2025-10-01 16:49:40.362,1875027,hipLaunchKernel,LEAVE,const void*=0x7fe663154280; dim3=dim3(0x13600000136); dim3=dim3(0x1); void**=0x2000000020,NULL,0
2025-10-01 16:49:40.362,1875027,hipGetLastError,ENTER,,,0
2025-10-01 16:49:40.362,1875027,hipGetLastError,LEAVE,,NULL,0
2025-10-01 16:49:40.362,1875027,hipLaunchKernel,ENTER,const void*=0x7fe663154280; dim3=dim3(0x13600000136); dim3=dim3(0x1); void**=0x2000000020,,0
2025-10-01 16:49:40.363,1875027,hipLaunchKernel,LEAVE,const void*=0x7fe663154280; dim3=dim3(0x13600000136); dim3=dim3(0x1); void**=0x2000000020,NULL,0
2025-10-01 16:49:40.363,1875027,hipGetLastError,ENTER,,,0
2025-10-01 16:49:40.363,1875027,hipGetLastError,LEAVE,,NULL,0
2025-10-01 16:49:40.363,1875027,hipLaunchKernel,ENTER,const void*=0x7fe663154280; dim3=dim3(0x13600000136); dim3=dim3(0x1); void**=0x2000000020,,0
2025-10-01 16:49:40.363,1875027,hipLaunchKernel,LEAVE,const void*=0x7fe663154280; dim3=dim3(0x13600000136); dim3=dim3(0x1); void**=0x2000000020,NULL,0
2025-10-01 16:49:40.363,1875027,hipGetLastError,ENTER,,,0
2025-10-01 16:49:40.363,1875027,hipGetLastError,LEAVE,,NULL,0
2025-10-01 16:49:40.363,1875027,hipLaunchKernel,ENTER,const void*=0x7fe663154280; dim3=dim3(0x13600000136); dim3=dim3(0x1); void**=0x2000000020,,0
2025-10-01 16:49:40.364,1875027,hipLaunchKernel,LEAVE,const void*=0x7fe663154280; dim3=dim3(0x13600000136); dim3=dim3(0x1); void**=0x2000000020,NULL,0
2025-10-01 16:49:40.364,1875027,hipGetLastError,ENTER,,,0
2025-10-01 16:49:40.364,1875027,hipGetLastError,LEAVE,,NULL,0
2025-10-01 16:49:40.364,1875027,hipLaunchKernel,ENTER,const void*=0x7fe663154280; dim3=dim3(0x13600000136); dim3=dim3(0x1); void**=0x2000000020,,0
2025-10-01 16:49:40.364,1875027,hipLaunchKernel,LEAVE,const void*=0x7fe663154280; dim3=dim3(0x13600000136); dim3=dim3(0x1); void**=0x2000000020,NULL,0
2025-10-01 16:49:40.364,1875027,hipGetLastError,ENTER,,,0
2025-10-01 16:49:40.364,1875027,hipGetLastError,LEAVE,,NULL,0
2025-10-01 16:49:40.364,1875027,hipLaunchKernel,ENTER,const void*=0x7fe663154280; dim3=dim3(0x13600000136); dim3=dim3(0x1); void**=0x2000000020,,0
2025-10-01 16:49:40.365,1875027,hipLaunchKernel,LEAVE,const void*=0x7fe663154280; dim3=dim3(0x13600000136); dim3=dim3(0x1); void**=0x2000000020,NULL,0
2025-10-01 16:49:40.365,1875027,hipGetLastError,ENTER,,,0
2025-10-01 16:49:40.365,1875027,hipGetLastError,LEAVE,,NULL,0
2025-10-01 16:49:40.365,1875027,hipLaunchKernel,ENTER,const void*=0x7fe663154280; dim3=dim3(0x13600000136); dim3=dim3(0x1); void**=0x2000000020,,0
2025-10-01 16:49:40.365,1875027,hipLaunchKernel,LEAVE,const void*=0x7fe663154280; dim3=dim3(0x13600000136); dim3=dim3(0x1); void**=0x2000000020,NULL,0
2025-10-01 16:49:40.365,1875027,hipGetLastError,ENTER,,,0
2025-10-01 16:49:40.365,1875027,hipGetLastError,LEAVE,,NULL,0
2025-10-01 16:49:40.365,1875027,hipLaunchKernel,ENTER,const void*=0x7fe663154280; dim3=dim3(0x13600000136); dim3=dim3(0x1); void**=0x2000000020,,0
2025-10-01 16:49:40.365,1875027,hipLaunchKernel,LEAVE,const void*=0x7fe663154280; dim3=dim3(0x13600000136); dim3=dim3(0x1); void**=0x2000000020,NULL,0
2025-10-01 16:49:40.366,1875027,hipGetLastError,ENTER,,,0
2025-10-01 16:49:40.366,1875027,hipGetLastError,LEAVE,,NULL,0
2025-10-01 16:49:40.366,1875027,hipLaunchKernel,ENTER,const void*=0x7fe663154280; dim3=dim3(0x13600000136); dim3=dim3(0x1); void**=0x2000000020,,0
2025-10-01 16:49:40.366,1875027,hipLaunchKernel,LEAVE,const void*=0x7fe663154280; dim3=dim3(0x13600000136); dim3=dim3(0x1); void**=0x2000000020,NULL,0
2025-10-01 16:49:40.366,1875027,hipGetLastError,ENTER,,,0
2025-10-01 16:49:40.366,1875027,hipGetLastError,LEAVE,,NULL,0
2025-10-01 16:49:40.366,1875027,hipLaunchKernel,ENTER,const void*=0x7fe663154280; dim3=dim3(0x13600000136); dim3=dim3(0x1); void**=0x2000000020,,0
2025-10-01 16:49:40.366,1875027,hipLaunchKernel,LEAVE,const void*=0x7fe663154280; dim3=dim3(0x13600000136); dim3=dim3(0x1); void**=0x2000000020,NULL,0
2025-10-01 16:49:40.366,1875027,hipGetLastError,ENTER,,,0
2025-10-01 16:49:40.367,1875027,hipGetLastError,LEAVE,,NULL,0
2025-10-01 16:49:40.367,1875027,hipStreamSynchronize,ENTER,hipStream_t=0x7fa5e4001290,,0
2025-10-01 16:49:40.367,1875027,hipStreamSynchronize,LEAVE,hipStream_t=0x7fa5e4001290,NULL,0
2025-10-01 16:49:40.367,1875027,hipLaunchKernel,ENTER,const void*=0x7fe663154280; dim3=dim3(0x13600000136); dim3=dim3(0x1); void**=0x2000000020,,0
2025-10-01 16:49:40.367,1875027,hipLaunchKernel,LEAVE,const void*=0x7fe663154280; dim3=dim3(0x13600000136); dim3=dim3(0x1); void**=0x2000000020,NULL,0
2025-10-01 16:49:40.367,1875027,hipGetLastError,ENTER,,,0
2025-10-01 16:49:40.367,1875027,hipGetLastError,LEAVE,,NULL,0
2025-10-01 16:49:40.367,1875027,hipLaunchKernel,ENTER,const void*=0x7fe663154280; dim3=dim3(0x13600000136); dim3=dim3(0x1); void**=0x2000000020,,0
2025-10-01 16:49:40.368,1875027,hipLaunchKernel,LEAVE,const void*=0x7fe663154280; dim3=dim3(0x13600000136); dim3=dim3(0x1); void**=0x2000000020,NULL,1
2025-10-01 16:49:40.368,1875027,hipGetLastError,ENTER,,,0
2025-10-01 16:49:40.368,1875027,hipGetLastError,LEAVE,,NULL,0
2025-10-01 16:49:40.368,1875027,hipLaunchKernel,ENTER,const void*=0x7fe663154280; dim3=dim3(0x13600000136); dim3=dim3(0x1); void**=0x2000000020,,0
2025-10-01 16:49:40.368,1875027,hipLaunchKernel,LEAVE,const void*=0x7fe663154280; dim3=dim3(0x13600000136); dim3=dim3(0x1); void**=0x2000000020,NULL,0
2025-10-01 16:49:40.368,1875027,hipGetLastError,ENTER,,,0
2025-10-01 16:49:40.368,1875027,hipGetLastError,LEAVE,,NULL,0
2025-10-01 16:49:40.368,1875027,hipLaunchKernel,ENTER,const void*=0x7fe663154280; dim3=dim3(0x13600000136); dim3=dim3(0x1); void**=0x2000000020,,0
2025-10-01 16:49:40.368,1875027,hipLaunchKernel,LEAVE,const void*=0x7fe663154280; dim3=dim3(0x13600000136); dim3=dim3(0x1); void**=0x2000000020,NULL,0
2025-10-01 16:49:40.369,1875027,hipGetLastError,ENTER,,,0
2025-10-01 16:49:40.369,1875027,hipGetLastError,LEAVE,,NULL,0
2025-10-01 16:49:40.369,1875027,hipLaunchKernel,ENTER,const void*=0x7fe663154280; dim3=dim3(0x13600000136); dim3=dim3(0x1); void**=0x2000000020,,0
2025-10-01 16:49:40.369,1875027,hipLaunchKernel,LEAVE,const void*=0x7fe663154280; dim3=dim3(0x13600000136); dim3=dim3(0x1); void**=0x2000000020,NULL,0
2025-10-01 16:49:40.369,1875027,hipGetLastError,ENTER,,,0
2025-10-01 16:49:40.369,1875027,hipGetLastError,LEAVE,,NULL,0
2025-10-01 16:49:40.369,1875027,hipLaunchKernel,ENTER,const void*=0x7fe663154280; dim3=dim3(0x13600000136); dim3=dim3(0x1); void**=0x2000000020,,0
2025-10-01 16:49:40.369,1875027,hipLaunchKernel,LEAVE,const void*=0x7fe663154280; dim3=dim3(0x13600000136); dim3=dim3(0x1); void**=0x2000000020,NULL,0
2025-10-01 16:49:40.369,1875027,hipGetLastError,ENTER,,,0
2025-10-01 16:49:40.370,1875027,hipGetLastError,LEAVE,,NULL,0
2025-10-01 16:49:40.370,1875027,hipLaunchKernel,ENTER,const void*=0x7fe663154280; dim3=dim3(0x13600000136); dim3=dim3(0x1); void**=0x2000000020,,0
2025-10-01 16:49:40.370,1875027,hipLaunchKernel,LEAVE,const void*=0x7fe663154280; dim3=dim3(0x13600000136); dim3=dim3(0x1); void**=0x2000000020,NULL,0
2025-10-01 16:49:40.370,1875027,hipGetLastError,ENTER,,,0
2025-10-01 16:49:40.370,1875027,hipGetLastError,LEAVE,,NULL,0
2025-10-01 16:49:40.370,1875027,hipLaunchKernel,ENTER,const void*=0x7fe663154280; dim3=dim3(0x13600000136); dim3=dim3(0x1); void**=0x2000000020,,0
2025-10-01 16:49:40.370,1875027,hipLaunchKernel,LEAVE,const void*=0x7fe663154280; dim3=dim3(0x13600000136); dim3=dim3(0x1); void**=0x2000000020,NULL,0
2025-10-01 16:49:40.370,1875027,hipGetLastError,ENTER,,,0
2025-10-01 16:49:40.371,1875027,hipGetLastError,LEAVE,,NULL,1
2025-10-01 16:49:40.371,1875027,hipLaunchKernel,ENTER,const void*=0x7fe663154280; dim3=dim3(0x13600000136); dim3=dim3(0x1); void**=0x2000000020,,0
2025-10-01 16:49:40.371,1875027,hipLaunchKernel,LEAVE,const void*=0x7fe663154280; dim3=dim3(0x13600000136); dim3=dim3(0x1); void**=0x2000000020,NULL,0
2025-10-01 16:49:40.371,1875027,hipGetLastError,ENTER,,,0
2025-10-01 16:49:40.371,1875027,hipGetLastError,LEAVE,,NULL,0
2025-10-01 16:49:40.371,1875027,hipLaunchKernel,ENTER,const void*=0x7fe663154280; dim3=dim3(0x13600000136); dim3=dim3(0x1); void**=0x2000000020,,0
2025-10-01 16:49:40.371,1875027,hipLaunchKernel,LEAVE,const void*=0x7fe663154280; dim3=dim3(0x13600000136); dim3=dim3(0x1); void**=0x2000000020,NULL,0
2025-10-01 16:49:40.371,1875027,hipGetLastError,ENTER,,,0
2025-10-01 16:49:40.371,1875027,hipGetLastError,LEAVE,,NULL,0
2025-10-01 16:49:40.372,1875027,hipStreamSynchronize,ENTER,hipStream_t=0x7fa5e4001290,,0
2025-10-01 16:49:40.372,1875027,hipStreamSynchronize,LEAVE,hipStream_t=0x7fa5e4001290,NULL,0
2025-10-01 16:49:40.372,1875027,hipLaunchKernel,ENTER,const void*=0x7fe663154280; dim3=dim3(0x13600000136); dim3=dim3(0x1); void**=0x2000000020,,0
2025-10-01 16:49:40.372,1875027,hipLaunchKernel,LEAVE,const void*=0x7fe663154280; dim3=dim3(0x13600000136); dim3=dim3(0x1); void**=0x2000000020,NULL,0
2025-10-01 16:49:40.372,1875027,hipGetLastError,ENTER,,,0
2025-10-01 16:49:40.372,1875027,hipGetLastError,LEAVE,,NULL,0
2025-10-01 16:49:40.372,1875027,hipLaunchKernel,ENTER,const void*=0x7fe663154280; dim3=dim3(0x13600000136); dim3=dim3(0x1); void**=0x2000000020,,0
2025-10-01 16:49:40.372,1875027,hipLaunchKernel,LEAVE,const void*=0x7fe663154280; dim3=dim3(0x13600000136); dim3=dim3(0x1); void**=0x2000000020,NULL,0
2025-10-01 16:49:40.373,1875027,hipGetLastError,ENTER,,,0
2025-10-01 16:49:40.373,1875027,hipGetLastError,LEAVE,,NULL,0
2025-10-01 16:49:40.373,1875027,hipLaunchKernel,ENTER,const void*=0x7fe663154280; dim3=dim3(0x13600000136); dim3=dim3(0x1); void**=0x2000000020,,0
2025-10-01 16:49:40.373,1875027,hipLaunchKernel,LEAVE,const void*=0x7fe663154280; dim3=dim3(0x13600000136); dim3=dim3(0x1); void**=0x2000000020,NULL,0
2025-10-01 16:49:40.373,1875027,hipGetLastError,ENTER,,,0
2025-10-01 16:49:40.373,1875027,hipGetLastError,LEAVE,,NULL,0
2025-10-01 16:49:40.373,1875027,hipLaunchKernel,ENTER,const void*=0x7fe663154280; dim3=dim3(0x13600000136); dim3=dim3(0x1); void**=0x2000000020,,0
2025-10-01 16:49:40.373,1875027,hipLaunchKernel,LEAVE,const void*=0x7fe663154280; dim3=dim3(0x13600000136); dim3=dim3(0x1); void**=0x2000000020,NULL,0
2025-10-01 16:49:40.373,1875027,hipGetLastError,ENTER,,,0
2025-10-01 16:49:40.374,1875027,hipGetLastError,LEAVE,,NULL,0
2025-10-01 16:49:40.374,1875027,hipLaunchKernel,ENTER,const void*=0x7fe663154280; dim3=dim3(0x13600000136); dim3=dim3(0x1); void**=0x2000000020,,0
2025-10-01 16:49:40.374,1875027,hipLaunchKernel,LEAVE,const void*=0x7fe663154280; dim3=dim3(0x13600000136); dim3=dim3(0x1); void**=0x2000000020,NULL,0
2025-10-01 16:49:40.374,1875027,hipGetLastError,ENTER,,,0
2025-10-01 16:49:40.374,1875027,hipGetLastError,LEAVE,,NULL,0
2025-10-01 16:49:40.374,1875027,hipLaunchKernel,ENTER,const void*=0x7fe663154280; dim3=dim3(0x13600000136); dim3=dim3(0x1); void**=0x2000000020,,0
2025-10-01 16:49:40.374,1875027,hipLaunchKernel,LEAVE,const void*=0x7fe663154280; dim3=dim3(0x13600000136); dim3=dim3(0x1); void**=0x2000000020,NULL,0
2025-10-01 16:49:40.374,1875027,hipGetLastError,ENTER,,,0
2025-10-01 16:49:40.374,1875027,hipGetLastError,LEAVE,,NULL,0
2025-10-01 16:49:40.375,1875027,hipLaunchKernel,ENTER,const void*=0x7fe663154280; dim3=dim3(0x13600000136); dim3=dim3(0x1); void**=0x2000000020,,0
2025-10-01 16:49:40.375,1875027,hipLaunchKernel,LEAVE,const void*=0x7fe663154280; dim3=dim3(0x13600000136); dim3=dim3(0x1); void**=0x2000000020,NULL,0
2025-10-01 16:49:40.375,1875027,hipGetLastError,ENTER,,,0
2025-10-01 16:49:40.375,1875027,hipGetLastError,LEAVE,,NULL,0
2025-10-01 16:49:40.375,1875027,hipLaunchKernel,ENTER,const void*=0x7fe663154280; dim3=dim3(0x13600000136); dim3=dim3(0x1); void**=0x2000000020,,0
2025-10-01 16:49:40.375,1875027,hipLaunchKernel,LEAVE,const void*=0x7fe663154280; dim3=dim3(0x13600000136); dim3=dim3(0x1); void**=0x2000000020,NULL,0
2025-10-01 16:49:40.375,1875027,hipGetLastError,ENTER,,,0
2025-10-01 16:49:40.375,1875027,hipGetLastError,LEAVE,,NULL,0
2025-10-01 16:49:40.375,1875027,hipLaunchKernel,ENTER,const void*=0x7fe663154280; dim3=dim3(0x13600000136); dim3=dim3(0x1); void**=0x2000000020,,0
2025-10-01 16:49:40.376,1875027,hipLaunchKernel,LEAVE,const void*=0x7fe663154280; dim3=dim3(0x13600000136); dim3=dim3(0x1); void**=0x2000000020,NULL,0
2025-10-01 16:49:40.376,1875027,hipGetLastError,ENTER,,,0
2025-10-01 16:49:40.376,1875027,hipGetLastError,LEAVE,,NULL,0
2025-10-01 16:49:40.376,1875027,hipLaunchKernel,ENTER,const void*=0x7fe663154280; dim3=dim3(0x13600000136); dim3=dim3(0x1); void**=0x2000000020,,0
2025-10-01 16:49:40.376,1875027,hipLaunchKernel,LEAVE,const void*=0x7fe663154280; dim3=dim3(0x13600000136); dim3=dim3(0x1); void**=0x2000000020,NULL,0
2025-10-01 16:49:40.376,1875027,hipGetLastError,ENTER,,,0
2025-10-01 16:49:40.376,1875027,hipGetLastError,LEAVE,,NULL,0
2025-10-01 16:49:40.376,1875027,hipStreamSynchronize,ENTER,hipStream_t=0x7fa5e4001290,,0
2025-10-01 16:49:40.377,1875027,hipStreamSynchronize,LEAVE,hipStream_t=0x7fa5e4001290,NULL,1
2025-10-01 16:49:40.377,1875027,hipLaunchKernel,ENTER,const void*=0x7fe663154280; dim3=dim3(0x13600000136); dim3=dim3(0x1); void**=0x2000000020,,0
2025-10-01 16:49:40.377,1875027,hipLaunchKernel,LEAVE,const void*=0x7fe663154280; dim3=dim3(0x13600000136); dim3=dim3(0x1); void**=0x2000000020,NULL,0
2025-10-01 16:49:40.377,1875027,hipGetLastError,ENTER,,,0
2025-10-01 16:49:40.377,1875027,hipGetLastError,LEAVE,,NULL,0
2025-10-01 16:49:40.377,1875027,hipLaunchKernel,ENTER,const void*=0x7fe663154280; dim3=dim3(0x13600000136); dim3=dim3(0x1); void**=0x2000000020,,0
2025-10-01 16:49:40.377,1875027,hipLaunchKernel,LEAVE,const void*=0x7fe663154280; dim3=dim3(0x13600000136); dim3=dim3(0x1); void**=0x2000000020,NULL,0
2025-10-01 16:49:40.377,1875027,hipGetLastError,ENTER,,,0
2025-10-01 16:49:40.377,1875027,hipGetLastError,LEAVE,,NULL,0
2025-10-01 16:49:40.378,1875027,hipLaunchKernel,ENTER,const void*=0x7fe663154280; dim3=dim3(0x13600000136); dim3=dim3(0x1); void**=0x2000000020,,0
2025-10-01 16:49:40.378,1875027,hipLaunchKernel,LEAVE,const void*=0x7fe663154280; dim3=dim3(0x13600000136); dim3=dim3(0x1); void**=0x2000000020,NULL,0
2025-10-01 16:49:40.378,1875027,hipGetLastError,ENTER,,,0
2025-10-01 16:49:40.378,1875027,hipGetLastError,LEAVE,,NULL,0
2025-10-01 16:49:40.378,1875027,hipLaunchKernel,ENTER,const void*=0x7fe663154280; dim3=dim3(0x13600000136); dim3=dim3(0x1); void**=0x2000000020,,0
2025-10-01 16:49:40.378,1875027,hipLaunchKernel,LEAVE,const void*=0x7fe663154280; dim3=dim3(0x13600000136); dim3=dim3(0x1); void**=0x2000000020,NULL,0
2025-10-01 16:49:40.378,1875027,hipGetLastError,ENTER,,,0
2025-10-01 16:49:40.378,1875027,hipGetLastError,LEAVE,,NULL,0
2025-10-01 16:49:40.378,1875027,hipLaunchKernel,ENTER,const void*=0x7fe663154280; dim3=dim3(0x13600000136); dim3=dim3(0x1); void**=0x2000000020,,0
2025-10-01 16:49:40.379,1875027,hipLaunchKernel,LEAVE,const void*=0x7fe663154280; dim3=dim3(0x13600000136); dim3=dim3(0x1); void**=0x2000000020,NULL,0
2025-10-01 16:49:40.379,1875027,hipGetLastError,ENTER,,,0
2025-10-01 16:49:40.379,1875027,hipGetLastError,LEAVE,,NULL,0
2025-10-01 16:49:40.379,1875027,hipLaunchKernel,ENTER,const void*=0x7fe663154280; dim3=dim3(0x13600000136); dim3=dim3(0x1); void**=0x2000000020,,0
2025-10-01 16:49:40.379,1875027,hipLaunchKernel,LEAVE,const void*=0x7fe663154280; dim3=dim3(0x13600000136); dim3=dim3(0x1); void**=0x2000000020,NULL,0
2025-10-01 16:49:40.379,1875027,hipGetLastError,ENTER,,,0
2025-10-01 16:49:40.379,1875027,hipGetLastError,LEAVE,,NULL,0
2025-10-01 16:49:40.379,1875027,hipLaunchKernel,ENTER,const void*=0x7fe663154280; dim3=dim3(0x13600000136); dim3=dim3(0x1); void**=0x2000000020,,0
2025-10-01 16:49:40.379,1875027,hipLaunchKernel,LEAVE,const void*=0x7fe663154280; dim3=dim3(0x13600000136); dim3=dim3(0x1); void**=0x2000000020,NULL,0
2025-10-01 16:49:40.380,1875027,hipGetLastError,ENTER,,,0
2025-10-01 16:49:40.380,1875027,hipGetLastError,LEAVE,,NULL,0
2025-10-01 16:49:40.380,1875027,hipLaunchKernel,ENTER,const void*=0x7fe663154280; dim3=dim3(0x13600000136); dim3=dim3(0x1); void**=0x2000000020,,0
2025-10-01 16:49:40.380,1875027,hipLaunchKernel,LEAVE,const void*=0x7fe663154280; dim3=dim3(0x13600000136); dim3=dim3(0x1); void**=0x2000000020,NULL,0
2025-10-01 16:49:40.380,1875027,hipGetLastError,ENTER,,,0
2025-10-01 16:49:40.380,1875027,hipGetLastError,LEAVE,,NULL,0
2025-10-01 16:49:40.380,1875027,hipLaunchKernel,ENTER,const void*=0x7fe663154280; dim3=dim3(0x13600000136); dim3=dim3(0x1); void**=0x2000000020,,0
2025-10-01 16:49:40.380,1875027,hipLaunchKernel,LEAVE,const void*=0x7fe663154280; dim3=dim3(0x13600000136); dim3=dim3(0x1); void**=0x2000000020,NULL,0
2025-10-01 16:49:40.380,1875027,hipGetLastError,ENTER,,,0
2025-10-01 16:49:40.381,1875027,hipGetLastError,LEAVE,,NULL,0
2025-10-01 16:49:40.381,1875027,hipLaunchKernel,ENTER,const void*=0x7fe663154280; dim3=dim3(0x13600000136); dim3=dim3(0x1); void**=0x2000000020,,0
2025-10-01 16:49:40.381,1875027,hipLaunchKernel,LEAVE,const void*=0x7fe663154280; dim3=dim3(0x13600000136); dim3=dim3(0x1); void**=0x2000000020,NULL,0
2025-10-01 16:49:40.381,1875027,hipGetLastError,ENTER,,,0
2025-10-01 16:49:40.381,1875027,hipGetLastError,LEAVE,,NULL,0
2025-10-01 16:49:40.381,1875027,hipStreamSynchronize,ENTER,hipStream_t=0x7fa5e4001290,,0
2025-10-01 16:49:40.381,1875020,hipMemcpyAsync,ENTER,void*=0x7f97cf200a00; const void*=0x7f9f90400000; size_t=0x2000000; hipMemcpyKind=hipMemcpyHostToDevice,,0
2025-10-01 16:49:40.382,1875025,hipStreamSynchronize,LEAVE,hipStream_t=0x7fa5e8001290,NULL,76
2025-10-01 16:49:40.382,1875027,hipStreamSynchronize,LEAVE,hipStream_t=0x7fa5e4001290,NULL,1
2025-10-01 16:49:40.382,1875027,hipLaunchKernel,ENTER,const void*=0x7fe663154280; dim3=dim3(0x13600000136); dim3=dim3(0x1); void**=0x2000000020,,0
2025-10-01 16:49:40.382,1875027,hipLaunchKernel,LEAVE,const void*=0x7fe663154280; dim3=dim3(0x13600000136); dim3=dim3(0x1); void**=0x2000000020,NULL,0
2025-10-01 16:49:40.382,1875027,hipGetLastError,ENTER,,,0
2025-10-01 16:49:40.383,1875027,hipGetLastError,LEAVE,,NULL,0
2025-10-01 16:49:40.383,1875027,hipLaunchKernel,ENTER,const void*=0x7fe663154280; dim3=dim3(0x13600000136); dim3=dim3(0x1); void**=0x2000000020,,0
2025-10-01 16:49:40.383,1875027,hipLaunchKernel,LEAVE,const void*=0x7fe663154280; dim3=dim3(0x13600000136); dim3=dim3(0x1); void**=0x2000000020,NULL,0
2025-10-01 16:49:40.383,1875027,hipGetLastError,ENTER,,,0
2025-10-01 16:49:40.383,1875027,hipGetLastError,LEAVE,,NULL,0
2025-10-01 16:49:40.383,1875027,hipLaunchKernel,ENTER,const void*=0x7fe663154280; dim3=dim3(0x13600000136); dim3=dim3(0x1); void**=0x2000000020,,0
2025-10-01 16:49:40.383,1875027,hipLaunchKernel,LEAVE,const void*=0x7fe663154280; dim3=dim3(0x13600000136); dim3=dim3(0x1); void**=0x2000000020,NULL,0
2025-10-01 16:49:40.383,1875027,hipGetLastError,ENTER,,,0
2025-10-01 16:49:40.383,1875027,hipGetLastError,LEAVE,,NULL,0
2025-10-01 16:49:40.384,1875027,hipLaunchKernel,ENTER,const void*=0x7fe663154280; dim3=dim3(0x13600000136); dim3=dim3(0x1); void**=0x2000000020,,0
2025-10-01 16:49:40.384,1875027,hipLaunchKernel,LEAVE,const void*=0x7fe663154280; dim3=dim3(0x13600000136); dim3=dim3(0x1); void**=0x2000000020,NULL,0
2025-10-01 16:49:40.384,1875027,hipGetLastError,ENTER,,,0
2025-10-01 16:49:40.384,1875027,hipGetLastError,LEAVE,,NULL,0
2025-10-01 16:49:40.384,1875027,hipLaunchKernel,ENTER,const void*=0x7fe663154280; dim3=dim3(0x13600000136); dim3=dim3(0x1); void**=0x2000000020,,0
2025-10-01 16:49:40.384,1875027,hipLaunchKernel,LEAVE,const void*=0x7fe663154280; dim3=dim3(0x13600000136); dim3=dim3(0x1); void**=0x2000000020,NULL,0
2025-10-01 16:49:40.384,1875027,hipGetLastError,ENTER,,,0
2025-10-01 16:49:40.384,1875027,hipGetLastError,LEAVE,,NULL,0
2025-10-01 16:49:40.385,1875027,hipLaunchKernel,ENTER,const void*=0x7fe663154280; dim3=dim3(0x13600000136); dim3=dim3(0x1); void**=0x2000000020,,0
2025-10-01 16:49:40.385,1875027,hipLaunchKernel,LEAVE,const void*=0x7fe663154280; dim3=dim3(0x13600000136); dim3=dim3(0x1); void**=0x2000000020,NULL,0
2025-10-01 16:49:40.385,1875027,hipGetLastError,ENTER,,,0
2025-10-01 16:49:40.385,1875027,hipGetLastError,LEAVE,,NULL,0
2025-10-01 16:49:40.385,1875027,hipLaunchKernel,ENTER,const void*=0x7fe663154280; dim3=dim3(0x13600000136); dim3=dim3(0x1); void**=0x2000000020,,0
2025-10-01 16:49:40.385,1875027,hipLaunchKernel,LEAVE,const void*=0x7fe663154280; dim3=dim3(0x13600000136); dim3=dim3(0x1); void**=0x2000000020,NULL,0
2025-10-01 16:49:40.385,1875027,hipGetLastError,ENTER,,,0
2025-10-01 16:49:40.385,1875027,hipGetLastError,LEAVE,,NULL,0
2025-10-01 16:49:40.385,1875027,hipLaunchKernel,ENTER,const void*=0x7fe663154280; dim3=dim3(0x13600000136); dim3=dim3(0x1); void**=0x2000000020,,0
2025-10-01 16:49:40.386,1875027,hipLaunchKernel,LEAVE,const void*=0x7fe663154280; dim3=dim3(0x13600000136); dim3=dim3(0x1); void**=0x2000000020,NULL,0
2025-10-01 16:49:40.386,1875027,hipGetLastError,ENTER,,,0
2025-10-01 16:49:40.386,1875027,hipGetLastError,LEAVE,,NULL,0
2025-10-01 16:49:40.386,1875027,hipLaunchKernel,ENTER,const void*=0x7fe663154280; dim3=dim3(0x13600000136); dim3=dim3(0x1); void**=0x2000000020,,0
2025-10-01 16:49:40.386,1875027,hipLaunchKernel,LEAVE,const void*=0x7fe663154280; dim3=dim3(0x13600000136); dim3=dim3(0x1); void**=0x2000000020,NULL,0
2025-10-01 16:49:40.386,1875027,hipGetLastError,ENTER,,,0
2025-10-01 16:49:40.386,1875027,hipGetLastError,LEAVE,,NULL,0
2025-10-01 16:49:40.386,1875027,hipLaunchKernel,ENTER,const void*=0x7fe663154280; dim3=dim3(0x13600000136); dim3=dim3(0x1); void**=0x2000000020,,0
2025-10-01 16:49:40.387,1875027,hipLaunchKernel,LEAVE,const void*=0x7fe663154280; dim3=dim3(0x13600000136); dim3=dim3(0x1); void**=0x2000000020,NULL,0
2025-10-01 16:49:40.387,1875027,hipGetLastError,ENTER,,,0
2025-10-01 16:49:40.387,1875027,hipGetLastError,LEAVE,,NULL,0
2025-10-01 16:49:40.387,1875027,hipStreamSynchronize,ENTER,hipStream_t=0x7fa5e4001290,,0
2025-10-01 16:49:40.387,1875025,hipLaunchKernel,ENTER,const void*=0x7fe663154280; dim3=dim3(0x13600000136); dim3=dim3(0x1); void**=0x2000000020,,0
2025-10-01 16:49:40.388,1875020,hipMemcpyAsync,LEAVE,void*=0x7f97cf200a00; const void*=0x7f9f90400000; size_t=0x2000000; hipMemcpyKind=hipMemcpyHostToDevice,NULL,6
2025-10-01 16:49:40.388,1875020,hipMemcpyAsync,ENTER,void*=0x7f97d1200b00; const void*=0x7f9f8e200000; size_t=0x2000000; hipMemcpyKind=hipMemcpyHostToDevice,,0
2025-10-01 16:49:40.388,1875025,hipLaunchKernel,LEAVE,const void*=0x7fe663154280; dim3=dim3(0x13600000136); dim3=dim3(0x1); void**=0x2000000020,NULL,0
2025-10-01 16:49:40.388,1875025,hipGetLastError,ENTER,,,0
2025-10-01 16:49:40.389,1875025,hipGetLastError,LEAVE,,NULL,0
2025-10-01 16:49:40.389,1875025,hipLaunchKernel,ENTER,const void*=0x7fe663154280; dim3=dim3(0x13600000136); dim3=dim3(0x1); void**=0x2000000020,,0
2025-10-01 16:49:40.389,1875020,hipMemcpyAsync,LEAVE,void*=0x7f97d1200b00; const void*=0x7f9f8e200000; size_t=0x2000000; hipMemcpyKind=hipMemcpyHostToDevice,NULL,1
2025-10-01 16:49:40.389,1875027,hipStreamSynchronize,LEAVE,hipStream_t=0x7fa5e4001290,NULL,2
2025-10-01 16:49:40.389,1875027,hipLaunchKernel,ENTER,const void*=0x7fe663154280; dim3=dim3(0x13600000136); dim3=dim3(0x1); void**=0x2000000020,,0
2025-10-01 16:49:40.389,1875025,hipLaunchKernel,LEAVE,const void*=0x7fe663154280; dim3=dim3(0x13600000136); dim3=dim3(0x1); void**=0x2000000020,NULL,0
2025-10-01 16:49:40.390,1875025,hipGetLastError,ENTER,,,0
2025-10-01 16:49:40.390,1875025,hipGetLastError,LEAVE,,NULL,0
2025-10-01 16:49:40.390,1875025,hipLaunchKernel,ENTER,const void*=0x7fe663154280; dim3=dim3(0x13600000136); dim3=dim3(0x1); void**=0x2000000020,,0
2025-10-01 16:49:40.390,1875027,hipLaunchKernel,LEAVE,const void*=0x7fe663154280; dim3=dim3(0x13600000136); dim3=dim3(0x1); void**=0x2000000020,NULL,1
2025-10-01 16:49:40.390,1875027,hipGetLastError,ENTER,,,0
2025-10-01 16:49:40.390,1875027,hipGetLastError,LEAVE,,NULL,0
2025-10-01 16:49:40.390,1875027,hipLaunchKernel,ENTER,const void*=0x7fe663154280; dim3=dim3(0x13600000136); dim3=dim3(0x1); void**=0x2000000020,,0
2025-10-01 16:49:40.391,1875027,hipLaunchKernel,LEAVE,const void*=0x7fe663154280; dim3=dim3(0x13600000136); dim3=dim3(0x1); void**=0x2000000020,NULL,0
2025-10-01 16:49:40.391,1875027,hipGetLastError,ENTER,,,0
2025-10-01 16:49:40.391,1875027,hipGetLastError,LEAVE,,NULL,0
2025-10-01 16:49:40.391,1875027,hipLaunchKernel,ENTER,const void*=0x7fe663154280; dim3=dim3(0x13600000136); dim3=dim3(0x1); void**=0x2000000020,,0
2025-10-01 16:49:40.391,1875027,hipLaunchKernel,LEAVE,const void*=0x7fe663154280; dim3=dim3(0x13600000136); dim3=dim3(0x1); void**=0x2000000020,NULL,0
2025-10-01 16:49:40.391,1875027,hipGetLastError,ENTER,,,0
2025-10-01 16:49:40.391,1875027,hipGetLastError,LEAVE,,NULL,0
2025-10-01 16:49:40.391,1875027,hipLaunchKernel,ENTER,const void*=0x7fe663154280; dim3=dim3(0x13600000136); dim3=dim3(0x1); void**=0x2000000020,,0
2025-10-01 16:49:40.392,1875027,hipLaunchKernel,LEAVE,const void*=0x7fe663154280; dim3=dim3(0x13600000136); dim3=dim3(0x1); void**=0x2000000020,NULL,0
2025-10-01 16:49:40.392,1875027,hipGetLastError,ENTER,,,0
2025-10-01 16:49:40.392,1875027,hipGetLastError,LEAVE,,NULL,0
2025-10-01 16:49:40.392,1875027,hipLaunchKernel,ENTER,const void*=0x7fe663154280; dim3=dim3(0x13600000136); dim3=dim3(0x1); void**=0x2000000020,,0
2025-10-01 16:49:40.392,1875027,hipLaunchKernel,LEAVE,const void*=0x7fe663154280; dim3=dim3(0x13600000136); dim3=dim3(0x1); void**=0x2000000020,NULL,0
2025-10-01 16:49:40.392,1875027,hipGetLastError,ENTER,,,0
2025-10-01 16:49:40.392,1875027,hipGetLastError,LEAVE,,NULL,0
2025-10-01 16:49:40.392,1875027,hipLaunchKernel,ENTER,const void*=0x7fe663154280; dim3=dim3(0x13600000136); dim3=dim3(0x1); void**=0x2000000020,,0
2025-10-01 16:49:40.392,1875027,hipLaunchKernel,LEAVE,const void*=0x7fe663154280; dim3=dim3(0x13600000136); dim3=dim3(0x1); void**=0x2000000020,NULL,0
2025-10-01 16:49:40.393,1875027,hipGetLastError,ENTER,,,0
2025-10-01 16:49:40.393,1875027,hipGetLastError,LEAVE,,NULL,0
2025-10-01 16:49:40.393,1875027,hipLaunchKernel,ENTER,const void*=0x7fe663154280; dim3=dim3(0x13600000136); dim3=dim3(0x1); void**=0x2000000020,,0
2025-10-01 16:49:40.393,1875027,hipLaunchKernel,LEAVE,const void*=0x7fe663154280; dim3=dim3(0x13600000136); dim3=dim3(0x1); void**=0x2000000020,NULL,0
2025-10-01 16:49:40.393,1875027,hipGetLastError,ENTER,,,0
2025-10-01 16:49:40.393,1875027,hipGetLastError,LEAVE,,NULL,0
2025-10-01 16:49:40.393,1875027,hipLaunchKernel,ENTER,const void*=0x7fe663154280; dim3=dim3(0x13600000136); dim3=dim3(0x1); void**=0x2000000020,,0
2025-10-01 16:49:40.393,1875027,hipLaunchKernel,LEAVE,const void*=0x7fe663154280; dim3=dim3(0x13600000136); dim3=dim3(0x1); void**=0x2000000020,NULL,0
2025-10-01 16:49:40.393,1875027,hipGetLastError,ENTER,,,0
2025-10-01 16:49:40.394,1875027,hipGetLastError,LEAVE,,NULL,0
2025-10-01 16:49:40.394,1875027,hipLaunchKernel,ENTER,const void*=0x7fe663154280; dim3=dim3(0x13600000136); dim3=dim3(0x1); void**=0x2000000020,,0
2025-10-01 16:49:40.394,1875027,hipLaunchKernel,LEAVE,const void*=0x7fe663154280; dim3=dim3(0x13600000136); dim3=dim3(0x1); void**=0x2000000020,NULL,0
2025-10-01 16:49:40.394,1875027,hipGetLastError,ENTER,,,0
2025-10-01 16:49:40.394,1875027,hipGetLastError,LEAVE,,NULL,0
2025-10-01 16:49:40.394,1875027,hipLaunchKernel,ENTER,const void*=0x7fe663154280; dim3=dim3(0x13600000136); dim3=dim3(0x1); void**=0x2000000020,,0
2025-10-01 16:49:40.394,1875027,hipLaunchKernel,LEAVE,const void*=0x7fe663154280; dim3=dim3(0x13600000136); dim3=dim3(0x1); void**=0x2000000020,NULL,0
2025-10-01 16:49:40.394,1875027,hipGetLastError,ENTER,,,0
2025-10-01 16:49:40.394,1875027,hipGetLastError,LEAVE,,NULL,0
2025-10-01 16:49:40.395,1875027,hipStreamSynchronize,ENTER,hipStream_t=0x7fa5e4001290,,0
2025-10-01 16:49:40.395,1875025,hipLaunchKernel,LEAVE,const void*=0x7fe663154280; dim3=dim3(0x13600000136); dim3=dim3(0x1); void**=0x2000000020,NULL,5
2025-10-01 16:49:40.395,1875025,hipGetLastError,ENTER,,,0
2025-10-01 16:49:40.395,1875025,hipGetLastError,LEAVE,,NULL,0
2025-10-01 16:49:40.395,1875025,hipLaunchKernel,ENTER,const void*=0x7fe663154280; dim3=dim3(0x13600000136); dim3=dim3(0x1); void**=0x2000000020,,0
2025-10-01 16:49:40.395,1875027,hipStreamSynchronize,LEAVE,hipStream_t=0x7fa5e4001290,NULL,0
2025-10-01 16:49:40.396,1875027,hipLaunchKernel,ENTER,const void*=0x7fe663154280; dim3=dim3(0x13600000136); dim3=dim3(0x1); void**=0x2000000020,,0
2025-10-01 16:49:40.396,1875025,hipLaunchKernel,LEAVE,const void*=0x7fe663154280; dim3=dim3(0x13600000136); dim3=dim3(0x1); void**=0x2000000020,NULL,1
2025-10-01 16:49:40.396,1875025,hipGetLastError,ENTER,,,0
2025-10-01 16:49:40.396,1875025,hipGetLastError,LEAVE,,NULL,0
2025-10-01 16:49:40.396,1875025,hipLaunchKernel,ENTER,const void*=0x7fe663154280; dim3=dim3(0x13600000136); dim3=dim3(0x1); void**=0x2000000020,,0
2025-10-01 16:49:40.397,1875027,hipLaunchKernel,LEAVE,const void*=0x7fe663154280; dim3=dim3(0x13600000136); dim3=dim3(0x1); void**=0x2000000020,NULL,1
2025-10-01 16:49:40.397,1875027,hipGetLastError,ENTER,,,0
2025-10-01 16:49:40.397,1875027,hipGetLastError,LEAVE,,NULL,0
2025-10-01 16:49:40.397,1875027,hipLaunchKernel,ENTER,const void*=0x7fe663154280; dim3=dim3(0x13600000136); dim3=dim3(0x1); void**=0x2000000020,,0
2025-10-01 16:49:40.397,1875027,hipLaunchKernel,LEAVE,const void*=0x7fe663154280; dim3=dim3(0x13600000136); dim3=dim3(0x1); void**=0x2000000020,NULL,0
2025-10-01 16:49:40.397,1875027,hipGetLastError,ENTER,,,0
2025-10-01 16:49:40.397,1875027,hipGetLastError,LEAVE,,NULL,0
2025-10-01 16:49:40.397,1875027,hipLaunchKernel,ENTER,const void*=0x7fe663154280; dim3=dim3(0x13600000136); dim3=dim3(0x1); void**=0x2000000020,,0
2025-10-01 16:49:40.397,1875027,hipLaunchKernel,LEAVE,const void*=0x7fe663154280; dim3=dim3(0x13600000136); dim3=dim3(0x1); void**=0x2000000020,NULL,0
2025-10-01 16:49:40.398,1875027,hipGetLastError,ENTER,,,0
2025-10-01 16:49:40.398,1875027,hipGetLastError,LEAVE,,NULL,0
2025-10-01 16:49:40.398,1875027,hipLaunchKernel,ENTER,const void*=0x7fe663154280; dim3=dim3(0x13600000136); dim3=dim3(0x1); void**=0x2000000020,,0
2025-10-01 16:49:40.398,1875027,hipLaunchKernel,LEAVE,const void*=0x7fe663154280; dim3=dim3(0x13600000136); dim3=dim3(0x1); void**=0x2000000020,NULL,0
2025-10-01 16:49:40.398,1875027,hipGetLastError,ENTER,,,0
2025-10-01 16:49:40.398,1875027,hipGetLastError,LEAVE,,NULL,0
2025-10-01 16:49:40.398,1875027,hipLaunchKernel,ENTER,const void*=0x7fe663154280; dim3=dim3(0x13600000136); dim3=dim3(0x1); void**=0x2000000020,,0
2025-10-01 16:49:40.398,1875027,hipLaunchKernel,LEAVE,const void*=0x7fe663154280; dim3=dim3(0x13600000136); dim3=dim3(0x1); void**=0x2000000020,NULL,0
2025-10-01 16:49:40.398,1875027,hipGetLastError,ENTER,,,0
2025-10-01 16:49:40.399,1875027,hipGetLastError,LEAVE,,NULL,0
2025-10-01 16:49:40.399,1875027,hipLaunchKernel,ENTER,const void*=0x7fe663154280; dim3=dim3(0x13600000136); dim3=dim3(0x1); void**=0x2000000020,,0
2025-10-01 16:49:40.399,1875027,hipLaunchKernel,LEAVE,const void*=0x7fe663154280; dim3=dim3(0x13600000136); dim3=dim3(0x1); void**=0x2000000020,NULL,0
2025-10-01 16:49:40.399,1875027,hipGetLastError,ENTER,,,0
2025-10-01 16:49:40.399,1875027,hipGetLastError,LEAVE,,NULL,0
2025-10-01 16:49:40.399,1875027,hipLaunchKernel,ENTER,const void*=0x7fe663154280; dim3=dim3(0x13600000136); dim3=dim3(0x1); void**=0x2000000020,,0
2025-10-01 16:49:40.399,1875027,hipLaunchKernel,LEAVE,const void*=0x7fe663154280; dim3=dim3(0x13600000136); dim3=dim3(0x1); void**=0x2000000020,NULL,0
2025-10-01 16:49:40.399,1875027,hipGetLastError,ENTER,,,0
2025-10-01 16:49:40.399,1875027,hipGetLastError,LEAVE,,NULL,0
2025-10-01 16:49:40.400,1875027,hipLaunchKernel,ENTER,const void*=0x7fe663154280; dim3=dim3(0x13600000136); dim3=dim3(0x1); void**=0x2000000020,,0
2025-10-01 16:49:40.400,1875027,hipLaunchKernel,LEAVE,const void*=0x7fe663154280; dim3=dim3(0x13600000136); dim3=dim3(0x1); void**=0x2000000020,NULL,0
2025-10-01 16:49:40.400,1875027,hipGetLastError,ENTER,,,0
2025-10-01 16:49:40.400,1875027,hipGetLastError,LEAVE,,NULL,0
2025-10-01 16:49:40.400,1875027,hipLaunchKernel,ENTER,const void*=0x7fe663154280; dim3=dim3(0x13600000136); dim3=dim3(0x1); void**=0x2000000020,,0
2025-10-01 16:49:40.400,1875027,hipLaunchKernel,LEAVE,const void*=0x7fe663154280; dim3=dim3(0x13600000136); dim3=dim3(0x1); void**=0x2000000020,NULL,0
2025-10-01 16:49:40.400,1875027,hipGetLastError,ENTER,,,0
2025-10-01 16:49:40.400,1875027,hipGetLastError,LEAVE,,NULL,0
2025-10-01 16:49:40.400,1875027,hipLaunchKernel,ENTER,const void*=0x7fe663154280; dim3=dim3(0x13600000136); dim3=dim3(0x1); void**=0x2000000020,,0
2025-10-01 16:49:40.401,1875027,hipLaunchKernel,LEAVE,const void*=0x7fe663154280; dim3=dim3(0x13600000136); dim3=dim3(0x1); void**=0x2000000020,NULL,0
2025-10-01 16:49:40.401,1875027,hipGetLastError,ENTER,,,0
2025-10-01 16:49:40.401,1875027,hipGetLastError,LEAVE,,NULL,0
2025-10-01 16:49:40.401,1875027,hipStreamSynchronize,ENTER,hipStream_t=0x7fa5e4001290,,0
2025-10-01 16:49:40.401,1875025,hipLaunchKernel,LEAVE,const void*=0x7fe663154280; dim3=dim3(0x13600000136); dim3=dim3(0x1); void**=0x2000000020,NULL,4
2025-10-01 16:49:40.401,1875025,hipGetLastError,ENTER,,,0
2025-10-01 16:49:40.401,1875025,hipGetLastError,LEAVE,,NULL,0
2025-10-01 16:49:40.402,1875025,hipLaunchKernel,ENTER,const void*=0x7fe663154280; dim3=dim3(0x13600000136); dim3=dim3(0x1); void**=0x2000000020,,0
2025-10-01 16:49:40.402,1875027,hipStreamSynchronize,LEAVE,hipStream_t=0x7fa5e4001290,NULL,1
2025-10-01 16:49:40.402,1875027,hipLaunchKernel,ENTER,const void*=0x7fe663154280; dim3=dim3(0x13600000136); dim3=dim3(0x1); void**=0x2000000020,,0
2025-10-01 16:49:40.402,1875025,hipLaunchKernel,LEAVE,const void*=0x7fe663154280; dim3=dim3(0x13600000136); dim3=dim3(0x1); void**=0x2000000020,NULL,0
2025-10-01 16:49:40.402,1875025,hipGetLastError,ENTER,,,0
2025-10-01 16:49:40.402,1875025,hipGetLastError,LEAVE,,NULL,0
2025-10-01 16:49:40.403,1875025,hipLaunchKernel,ENTER,const void*=0x7fe663154280; dim3=dim3(0x13600000136); dim3=dim3(0x1); void**=0x2000000020,,0
2025-10-01 16:49:40.403,1875027,hipLaunchKernel,LEAVE,const void*=0x7fe663154280; dim3=dim3(0x13600000136); dim3=dim3(0x1); void**=0x2000000020,NULL,1
2025-10-01 16:49:40.403,1875027,hipGetLastError,ENTER,,,0
2025-10-01 16:49:40.403,1875027,hipGetLastError,LEAVE,,NULL,0
2025-10-01 16:49:40.403,1875027,hipLaunchKernel,ENTER,const void*=0x7fe663154280; dim3=dim3(0x13600000136); dim3=dim3(0x1); void**=0x2000000020,,0
2025-10-01 16:49:40.403,1875027,hipLaunchKernel,LEAVE,const void*=0x7fe663154280; dim3=dim3(0x13600000136); dim3=dim3(0x1); void**=0x2000000020,NULL,0
2025-10-01 16:49:40.403,1875027,hipGetLastError,ENTER,,,0
2025-10-01 16:49:40.403,1875027,hipGetLastError,LEAVE,,NULL,0
2025-10-01 16:49:40.404,1875027,hipLaunchKernel,ENTER,const void*=0x7fe663154280; dim3=dim3(0x13600000136); dim3=dim3(0x1); void**=0x2000000020,,0
2025-10-01 16:49:40.404,1875027,hipLaunchKernel,LEAVE,const void*=0x7fe663154280; dim3=dim3(0x13600000136); dim3=dim3(0x1); void**=0x2000000020,NULL,0
2025-10-01 16:49:40.404,1875027,hipGetLastError,ENTER,,,0
2025-10-01 16:49:40.404,1875027,hipGetLastError,LEAVE,,NULL,0
2025-10-01 16:49:40.404,1875027,hipLaunchKernel,ENTER,const void*=0x7fe663154280; dim3=dim3(0x13600000136); dim3=dim3(0x1); void**=0x2000000020,,0
2025-10-01 16:49:40.404,1875027,hipLaunchKernel,LEAVE,const void*=0x7fe663154280; dim3=dim3(0x13600000136); dim3=dim3(0x1); void**=0x2000000020,NULL,0
2025-10-01 16:49:40.404,1875027,hipGetLastError,ENTER,,,0
2025-10-01 16:49:40.404,1875027,hipGetLastError,LEAVE,,NULL,0
2025-10-01 16:49:40.405,1875027,hipLaunchKernel,ENTER,const void*=0x7fe663154280; dim3=dim3(0x13600000136); dim3=dim3(0x1); void**=0x2000000020,,0
2025-10-01 16:49:40.405,1875027,hipLaunchKernel,LEAVE,const void*=0x7fe663154280; dim3=dim3(0x13600000136); dim3=dim3(0x1); void**=0x2000000020,NULL,0
2025-10-01 16:49:40.405,1875027,hipGetLastError,ENTER,,,0
2025-10-01 16:49:40.405,1875027,hipGetLastError,LEAVE,,NULL,0
2025-10-01 16:49:40.405,1875027,hipLaunchKernel,ENTER,const void*=0x7fe663154280; dim3=dim3(0x13600000136); dim3=dim3(0x1); void**=0x2000000020,,0
2025-10-01 16:49:40.405,1875027,hipLaunchKernel,LEAVE,const void*=0x7fe663154280; dim3=dim3(0x13600000136); dim3=dim3(0x1); void**=0x2000000020,NULL,0
2025-10-01 16:49:40.405,1875027,hipGetLastError,ENTER,,,0
2025-10-01 16:49:40.405,1875027,hipGetLastError,LEAVE,,NULL,0
2025-10-01 16:49:40.406,1875027,hipLaunchKernel,ENTER,const void*=0x7fe663154280; dim3=dim3(0x13600000136); dim3=dim3(0x1); void**=0x2000000020,,0
2025-10-01 16:49:40.406,1875027,hipLaunchKernel,LEAVE,const void*=0x7fe663154280; dim3=dim3(0x13600000136); dim3=dim3(0x1); void**=0x2000000020,NULL,0
2025-10-01 16:49:40.406,1875027,hipGetLastError,ENTER,,,0
2025-10-01 16:49:40.406,1875027,hipGetLastError,LEAVE,,NULL,0
2025-10-01 16:49:40.406,1875027,hipLaunchKernel,ENTER,const void*=0x7fe663154280; dim3=dim3(0x13600000136); dim3=dim3(0x1); void**=0x2000000020,,0
2025-10-01 16:49:40.406,1875027,hipLaunchKernel,LEAVE,const void*=0x7fe663154280; dim3=dim3(0x13600000136); dim3=dim3(0x1); void**=0x2000000020,NULL,0
2025-10-01 16:49:40.406,1875027,hipGetLastError,ENTER,,,0
2025-10-01 16:49:40.406,1875027,hipGetLastError,LEAVE,,NULL,0
2025-10-01 16:49:40.406,1875027,hipLaunchKernel,ENTER,const void*=0x7fe663154280; dim3=dim3(0x13600000136); dim3=dim3(0x1); void**=0x2000000020,,0
2025-10-01 16:49:40.407,1875027,hipLaunchKernel,LEAVE,const void*=0x7fe663154280; dim3=dim3(0x13600000136); dim3=dim3(0x1); void**=0x2000000020,NULL,0
2025-10-01 16:49:40.407,1875027,hipGetLastError,ENTER,,,0
2025-10-01 16:49:40.407,1875027,hipGetLastError,LEAVE,,NULL,0
2025-10-01 16:49:40.407,1875027,hipLaunchKernel,ENTER,const void*=0x7fe663154280; dim3=dim3(0x13600000136); dim3=dim3(0x1); void**=0x2000000020,,0
2025-10-01 16:49:40.407,1875027,hipLaunchKernel,LEAVE,const void*=0x7fe663154280; dim3=dim3(0x13600000136); dim3=dim3(0x1); void**=0x2000000020,NULL,0
2025-10-01 16:49:40.407,1875027,hipGetLastError,ENTER,,,0
2025-10-01 16:49:40.407,1875027,hipGetLastError,LEAVE,,NULL,0
2025-10-01 16:49:40.407,1875027,hipStreamSynchronize,ENTER,hipStream_t=0x7fa5e4001290,,0
2025-10-01 16:49:40.407,1875025,hipLaunchKernel,LEAVE,const void*=0x7fe663154280; dim3=dim3(0x13600000136); dim3=dim3(0x1); void**=0x2000000020,NULL,4
2025-10-01 16:49:40.408,1875025,hipGetLastError,ENTER,,,0
2025-10-01 16:49:40.408,1875025,hipGetLastError,LEAVE,,NULL,0
2025-10-01 16:49:40.408,1875025,hipLaunchKernel,ENTER,const void*=0x7fe663154280; dim3=dim3(0x13600000136); dim3=dim3(0x1); void**=0x2000000020,,0
2025-10-01 16:49:40.408,1875027,hipStreamSynchronize,LEAVE,hipStream_t=0x7fa5e4001290,NULL,1
2025-10-01 16:49:40.408,1875027,hipLaunchKernel,ENTER,const void*=0x7fe663154280; dim3=dim3(0x13600000136); dim3=dim3(0x1); void**=0x2000000020,,0
2025-10-01 16:49:40.409,1875025,hipLaunchKernel,LEAVE,const void*=0x7fe663154280; dim3=dim3(0x13600000136); dim3=dim3(0x1); void**=0x2000000020,NULL,1
2025-10-01 16:49:40.409,1875025,hipGetLastError,ENTER,,,0
2025-10-01 16:49:40.409,1875025,hipGetLastError,LEAVE,,NULL,0
2025-10-01 16:49:40.409,1875025,hipLaunchKernel,ENTER,const void*=0x7fe663154280; dim3=dim3(0x13600000136); dim3=dim3(0x1); void**=0x2000000020,,0
2025-10-01 16:49:40.409,1875027,hipLaunchKernel,LEAVE,const void*=0x7fe663154280; dim3=dim3(0x13600000136); dim3=dim3(0x1); void**=0x2000000020,NULL,1
2025-10-01 16:49:40.409,1875027,hipGetLastError,ENTER,,,0
2025-10-01 16:49:40.410,1875027,hipGetLastError,LEAVE,,NULL,0
2025-10-01 16:49:40.410,1875027,hipLaunchKernel,ENTER,const void*=0x7fe663154280; dim3=dim3(0x13600000136); dim3=dim3(0x1); void**=0x2000000020,,0
2025-10-01 16:49:40.410,1875027,hipLaunchKernel,LEAVE,const void*=0x7fe663154280; dim3=dim3(0x13600000136); dim3=dim3(0x1); void**=0x2000000020,NULL,0
2025-10-01 16:49:40.410,1875027,hipGetLastError,ENTER,,,0
2025-10-01 16:49:40.410,1875027,hipGetLastError,LEAVE,,NULL,0
2025-10-01 16:49:40.410,1875027,hipLaunchKernel,ENTER,const void*=0x7fe663154280; dim3=dim3(0x13600000136); dim3=dim3(0x1); void**=0x2000000020,,0
2025-10-01 16:49:40.410,1875027,hipLaunchKernel,LEAVE,const void*=0x7fe663154280; dim3=dim3(0x13600000136); dim3=dim3(0x1); void**=0x2000000020,NULL,0
2025-10-01 16:49:40.410,1875027,hipGetLastError,ENTER,,,0
2025-10-01 16:49:40.410,1875027,hipGetLastError,LEAVE,,NULL,1
2025-10-01 16:49:40.411,1875027,hipLaunchKernel,ENTER,const void*=0x7fe663154280; dim3=dim3(0x13600000136); dim3=dim3(0x1); void**=0x2000000020,,0
2025-10-01 16:49:40.411,1875027,hipLaunchKernel,LEAVE,const void*=0x7fe663154280; dim3=dim3(0x13600000136); dim3=dim3(0x1); void**=0x2000000020,NULL,0
2025-10-01 16:49:40.411,1875027,hipGetLastError,ENTER,,,0
2025-10-01 16:49:40.411,1875027,hipGetLastError,LEAVE,,NULL,0
2025-10-01 16:49:40.411,1875027,hipLaunchKernel,ENTER,const void*=0x7fe663154280; dim3=dim3(0x13600000136); dim3=dim3(0x1); void**=0x2000000020,,0
2025-10-01 16:49:40.411,1875027,hipLaunchKernel,LEAVE,const void*=0x7fe663154280; dim3=dim3(0x13600000136); dim3=dim3(0x1); void**=0x2000000020,NULL,0
2025-10-01 16:49:40.411,1875027,hipGetLastError,ENTER,,,0
2025-10-01 16:49:40.411,1875027,hipGetLastError,LEAVE,,NULL,0
2025-10-01 16:49:40.412,1875027,hipLaunchKernel,ENTER,const void*=0x7fe663154280; dim3=dim3(0x13600000136); dim3=dim3(0x1); void**=0x2000000020,,0
2025-10-01 16:49:40.412,1875027,hipLaunchKernel,LEAVE,const void*=0x7fe663154280; dim3=dim3(0x13600000136); dim3=dim3(0x1); void**=0x2000000020,NULL,0
2025-10-01 16:49:40.412,1875027,hipGetLastError,ENTER,,,0
2025-10-01 16:49:40.412,1875027,hipGetLastError,LEAVE,,NULL,0
2025-10-01 16:49:40.412,1875027,hipLaunchKernel,ENTER,const void*=0x7fe663154280; dim3=dim3(0x13600000136); dim3=dim3(0x1); void**=0x2000000020,,0
2025-10-01 16:49:40.412,1875027,hipLaunchKernel,LEAVE,const void*=0x7fe663154280; dim3=dim3(0x13600000136); dim3=dim3(0x1); void**=0x2000000020,NULL,0
2025-10-01 16:49:40.412,1875027,hipGetLastError,ENTER,,,0
2025-10-01 16:49:40.412,1875027,hipGetLastError,LEAVE,,NULL,0
2025-10-01 16:49:40.412,1875027,hipLaunchKernel,ENTER,const void*=0x7fe663154280; dim3=dim3(0x13600000136); dim3=dim3(0x1); void**=0x2000000020,,0
2025-10-01 16:49:40.413,1875027,hipLaunchKernel,LEAVE,const void*=0x7fe663154280; dim3=dim3(0x13600000136); dim3=dim3(0x1); void**=0x2000000020,NULL,0
2025-10-01 16:49:40.413,1875027,hipGetLastError,ENTER,,,0
2025-10-01 16:49:40.413,1875027,hipGetLastError,LEAVE,,NULL,0
2025-10-01 16:49:40.413,1875027,hipLaunchKernel,ENTER,const void*=0x7fe663154280; dim3=dim3(0x13600000136); dim3=dim3(0x1); void**=0x2000000020,,0
2025-10-01 16:49:40.413,1875027,hipLaunchKernel,LEAVE,const void*=0x7fe663154280; dim3=dim3(0x13600000136); dim3=dim3(0x1); void**=0x2000000020,NULL,0
2025-10-01 16:49:40.413,1875027,hipGetLastError,ENTER,,,0
2025-10-01 16:49:40.413,1875027,hipGetLastError,LEAVE,,NULL,0
2025-10-01 16:49:40.413,1875027,hipLaunchKernel,ENTER,const void*=0x7fe663154280; dim3=dim3(0x13600000136); dim3=dim3(0x1); void**=0x2000000020,,0
2025-10-01 16:49:40.413,1875027,hipLaunchKernel,LEAVE,const void*=0x7fe663154280; dim3=dim3(0x13600000136); dim3=dim3(0x1); void**=0x2000000020,NULL,0
2025-10-01 16:49:40.413,1875027,hipGetLastError,ENTER,,,0
2025-10-01 16:49:40.414,1875027,hipGetLastError,LEAVE,,NULL,0
2025-10-01 16:49:40.414,1875027,hipStreamSynchronize,ENTER,hipStream_t=0x7fa5e4001290,,0
2025-10-01 16:49:40.414,1875025,hipLaunchKernel,LEAVE,const void*=0x7fe663154280; dim3=dim3(0x13600000136); dim3=dim3(0x1); void**=0x2000000020,NULL,5
2025-10-01 16:49:40.414,1875025,hipGetLastError,ENTER,,,0
2025-10-01 16:49:40.414,1875025,hipGetLastError,LEAVE,,NULL,0
2025-10-01 16:49:40.414,1875025,hipLaunchKernel,ENTER,const void*=0x7fe663154280; dim3=dim3(0x13600000136); dim3=dim3(0x1); void**=0x2000000020,,0
2025-10-01 16:49:40.415,1875027,hipStreamSynchronize,LEAVE,hipStream_t=0x7fa5e4001290,NULL,1
2025-10-01 16:49:40.415,1875027,hipStreamSynchronize,ENTER,hipStream_t=0x7fa5e4001290,,0
2025-10-01 16:49:40.415,1875027,hipStreamSynchronize,LEAVE,hipStream_t=0x7fa5e4001290,NULL,0
2025-10-01 16:49:40.415,1875027,hipMemcpyAsync,ENTER,void*=0x7f96414de010; const void*=0x7f8901e00000; size_t=0x17764000; hipMemcpyKind=hipMemcpyDeviceToHost,,0
2025-10-01 16:49:40.415,1875025,hipLaunchKernel,LEAVE,const void*=0x7fe663154280; dim3=dim3(0x13600000136); dim3=dim3(0x1); void**=0x2000000020,NULL,0
2025-10-01 16:49:40.415,1875025,hipGetLastError,ENTER,,,0
2025-10-01 16:49:40.416,1875025,hipGetLastError,LEAVE,,NULL,0
2025-10-01 16:49:40.416,1875025,hipStreamSynchronize,ENTER,hipStream_t=0x7fa5e8001290,,0
2025-10-01 16:49:40.416,1875025,hipStreamSynchronize,LEAVE,hipStream_t=0x7fa5e8001290,NULL,0
2025-10-01 16:49:40.416,1875025,hipLaunchKernel,ENTER,const void*=0x7fe663154280; dim3=dim3(0x13600000136); dim3=dim3(0x1); void**=0x2000000020,,0
2025-10-01 16:49:40.417,1875025,hipLaunchKernel,LEAVE,const void*=0x7fe663154280; dim3=dim3(0x13600000136); dim3=dim3(0x1); void**=0x2000000020,NULL,0
2025-10-01 16:49:40.417,1875025,hipGetLastError,ENTER,,,0
2025-10-01 16:49:40.417,1875025,hipGetLastError,LEAVE,,NULL,0
2025-10-01 16:49:40.417,1875025,hipLaunchKernel,ENTER,const void*=0x7fe663154280; dim3=dim3(0x13600000136); dim3=dim3(0x1); void**=0x2000000020,,0
2025-10-01 16:49:40.417,1875025,hipLaunchKernel,LEAVE,const void*=0x7fe663154280; dim3=dim3(0x13600000136); dim3=dim3(0x1); void**=0x2000000020,NULL,0
2025-10-01 16:49:40.418,1875025,hipGetLastError,ENTER,,,0
2025-10-01 16:49:40.418,1875025,hipGetLastError,LEAVE,,NULL,0
2025-10-01 16:49:40.418,1875025,hipLaunchKernel,ENTER,const void*=0x7fe663154280; dim3=dim3(0x13600000136); dim3=dim3(0x1); void**=0x2000000020,,0
2025-10-01 16:49:40.418,1875025,hipLaunchKernel,LEAVE,const void*=0x7fe663154280; dim3=dim3(0x13600000136); dim3=dim3(0x1); void**=0x2000000020,NULL,0
2025-10-01 16:49:40.418,1875025,hipGetLastError,ENTER,,,0
2025-10-01 16:49:40.418,1875025,hipGetLastError,LEAVE,,NULL,0
2025-10-01 16:49:40.419,1875025,hipLaunchKernel,ENTER,const void*=0x7fe663154280; dim3=dim3(0x13600000136); dim3=dim3(0x1); void**=0x2000000020,,0
2025-10-01 16:49:40.419,1875025,hipLaunchKernel,LEAVE,const void*=0x7fe663154280; dim3=dim3(0x13600000136); dim3=dim3(0x1); void**=0x2000000020,NULL,0
2025-10-01 16:49:40.419,1875025,hipGetLastError,ENTER,,,0
2025-10-01 16:49:40.419,1875025,hipGetLastError,LEAVE,,NULL,0
2025-10-01 16:49:40.419,1875025,hipLaunchKernel,ENTER,const void*=0x7fe663154280; dim3=dim3(0x13600000136); dim3=dim3(0x1); void**=0x2000000020,,0
2025-10-01 16:49:40.420,1875025,hipLaunchKernel,LEAVE,const void*=0x7fe663154280; dim3=dim3(0x13600000136); dim3=dim3(0x1); void**=0x2000000020,NULL,0
2025-10-01 16:49:40.420,1875025,hipGetLastError,ENTER,,,0
2025-10-01 16:49:40.420,1875025,hipGetLastError,LEAVE,,NULL,0
2025-10-01 16:49:40.420,1875025,hipLaunchKernel,ENTER,const void*=0x7fe663154280; dim3=dim3(0x13600000136); dim3=dim3(0x1); void**=0x2000000020,,0
2025-10-01 16:49:40.420,1875025,hipLaunchKernel,LEAVE,const void*=0x7fe663154280; dim3=dim3(0x13600000136); dim3=dim3(0x1); void**=0x2000000020,NULL,0
2025-10-01 16:49:40.420,1875025,hipGetLastError,ENTER,,,0
2025-10-01 16:49:40.421,1875025,hipGetLastError,LEAVE,,NULL,0
2025-10-01 16:49:40.421,1875025,hipLaunchKernel,ENTER,const void*=0x7fe663154280; dim3=dim3(0x13600000136); dim3=dim3(0x1); void**=0x2000000020,,0
2025-10-01 16:49:40.421,1875025,hipLaunchKernel,LEAVE,const void*=0x7fe663154280; dim3=dim3(0x13600000136); dim3=dim3(0x1); void**=0x2000000020,NULL,0
2025-10-01 16:49:40.421,1875025,hipGetLastError,ENTER,,,0
2025-10-01 16:49:40.421,1875025,hipGetLastError,LEAVE,,NULL,0
2025-10-01 16:49:40.422,1875025,hipLaunchKernel,ENTER,const void*=0x7fe663154280; dim3=dim3(0x13600000136); dim3=dim3(0x1); void**=0x2000000020,,0
2025-10-01 16:49:40.422,1875025,hipLaunchKernel,LEAVE,const void*=0x7fe663154280; dim3=dim3(0x13600000136); dim3=dim3(0x1); void**=0x2000000020,NULL,0
2025-10-01 16:49:40.422,1875025,hipGetLastError,ENTER,,,0
2025-10-01 16:49:40.422,1875025,hipGetLastError,LEAVE,,NULL,0
2025-10-01 16:49:40.422,1875025,hipLaunchKernel,ENTER,const void*=0x7fe663154280; dim3=dim3(0x13600000136); dim3=dim3(0x1); void**=0x2000000020,,0
2025-10-01 16:49:40.423,1875025,hipLaunchKernel,LEAVE,const void*=0x7fe663154280; dim3=dim3(0x13600000136); dim3=dim3(0x1); void**=0x2000000020,NULL,0
2025-10-01 16:49:40.423,1875025,hipGetLastError,ENTER,,,0
2025-10-01 16:49:40.423,1875025,hipGetLastError,LEAVE,,NULL,0
2025-10-01 16:49:40.423,1875025,hipLaunchKernel,ENTER,const void*=0x7fe663154280; dim3=dim3(0x13600000136); dim3=dim3(0x1); void**=0x2000000020,,0
2025-10-01 16:49:40.423,1875025,hipLaunchKernel,LEAVE,const void*=0x7fe663154280; dim3=dim3(0x13600000136); dim3=dim3(0x1); void**=0x2000000020,NULL,0
2025-10-01 16:49:40.424,1875025,hipGetLastError,ENTER,,,0
2025-10-01 16:49:40.424,1875025,hipGetLastError,LEAVE,,NULL,0
2025-10-01 16:49:40.424,1875025,hipStreamSynchronize,ENTER,hipStream_t=0x7fa5e8001290,,0
2025-10-01 16:49:40.424,1875025,hipStreamSynchronize,LEAVE,hipStream_t=0x7fa5e8001290,NULL,0
2025-10-01 16:49:40.424,1875025,hipLaunchKernel,ENTER,const void*=0x7fe663154280; dim3=dim3(0x13600000136); dim3=dim3(0x1); void**=0x2000000020,,0
2025-10-01 16:49:40.425,1875025,hipLaunchKernel,LEAVE,const void*=0x7fe663154280; dim3=dim3(0x13600000136); dim3=dim3(0x1); void**=0x2000000020,NULL,0
2025-10-01 16:49:40.425,1875025,hipGetLastError,ENTER,,,0
2025-10-01 16:49:40.425,1875025,hipGetLastError,LEAVE,,NULL,0
2025-10-01 16:49:40.425,1875025,hipLaunchKernel,ENTER,const void*=0x7fe663154280; dim3=dim3(0x13600000136); dim3=dim3(0x1); void**=0x2000000020,,0
2025-10-01 16:49:40.425,1875025,hipLaunchKernel,LEAVE,const void*=0x7fe663154280; dim3=dim3(0x13600000136); dim3=dim3(0x1); void**=0x2000000020,NULL,0
2025-10-01 16:49:40.425,1875025,hipGetLastError,ENTER,,,0
2025-10-01 16:49:40.426,1875025,hipGetLastError,LEAVE,,NULL,0
2025-10-01 16:49:40.426,1875025,hipLaunchKernel,ENTER,const void*=0x7fe663154280; dim3=dim3(0x13600000136); dim3=dim3(0x1); void**=0x2000000020,,0
2025-10-01 16:49:40.426,1875025,hipLaunchKernel,LEAVE,const void*=0x7fe663154280; dim3=dim3(0x13600000136); dim3=dim3(0x1); void**=0x2000000020,NULL,0
2025-10-01 16:49:40.426,1875025,hipGetLastError,ENTER,,,0
2025-10-01 16:49:40.426,1875025,hipGetLastError,LEAVE,,NULL,0
2025-10-01 16:49:40.426,1875025,hipLaunchKernel,ENTER,const void*=0x7fe663154280; dim3=dim3(0x13600000136); dim3=dim3(0x1); void**=0x2000000020,,0
2025-10-01 16:49:40.427,1875025,hipLaunchKernel,LEAVE,const void*=0x7fe663154280; dim3=dim3(0x13600000136); dim3=dim3(0x1); void**=0x2000000020,NULL,0
2025-10-01 16:49:40.427,1875025,hipGetLastError,ENTER,,,0
2025-10-01 16:49:40.427,1875025,hipGetLastError,LEAVE,,NULL,0
2025-10-01 16:49:40.427,1875025,hipLaunchKernel,ENTER,const void*=0x7fe663154280; dim3=dim3(0x13600000136); dim3=dim3(0x1); void**=0x2000000020,,0
2025-10-01 16:49:40.427,1875025,hipLaunchKernel,LEAVE,const void*=0x7fe663154280; dim3=dim3(0x13600000136); dim3=dim3(0x1); void**=0x2000000020,NULL,0
2025-10-01 16:49:40.427,1875025,hipGetLastError,ENTER,,,0
2025-10-01 16:49:40.427,1875025,hipGetLastError,LEAVE,,NULL,0
2025-10-01 16:49:40.427,1875025,hipLaunchKernel,ENTER,const void*=0x7fe663154280; dim3=dim3(0x13600000136); dim3=dim3(0x1); void**=0x2000000020,,0
2025-10-01 16:49:40.428,1875025,hipLaunchKernel,LEAVE,const void*=0x7fe663154280; dim3=dim3(0x13600000136); dim3=dim3(0x1); void**=0x2000000020,NULL,0
2025-10-01 16:49:40.428,1875025,hipGetLastError,ENTER,,,0
2025-10-01 16:49:40.428,1875025,hipGetLastError,LEAVE,,NULL,0
2025-10-01 16:49:40.428,1875025,hipLaunchKernel,ENTER,const void*=0x7fe663154280; dim3=dim3(0x13600000136); dim3=dim3(0x1); void**=0x2000000020,,0
2025-10-01 16:49:40.428,1875025,hipLaunchKernel,LEAVE,const void*=0x7fe663154280; dim3=dim3(0x13600000136); dim3=dim3(0x1); void**=0x2000000020,NULL,0
2025-10-01 16:49:40.428,1875025,hipGetLastError,ENTER,,,0
2025-10-01 16:49:40.428,1875025,hipGetLastError,LEAVE,,NULL,0
2025-10-01 16:49:40.428,1875025,hipLaunchKernel,ENTER,const void*=0x7fe663154280; dim3=dim3(0x13600000136); dim3=dim3(0x1); void**=0x2000000020,,0
2025-10-01 16:49:40.429,1875025,hipLaunchKernel,LEAVE,const void*=0x7fe663154280; dim3=dim3(0x13600000136); dim3=dim3(0x1); void**=0x2000000020,NULL,0
2025-10-01 16:49:40.429,1875025,hipGetLastError,ENTER,,,0
2025-10-01 16:49:40.429,1875025,hipGetLastError,LEAVE,,NULL,0
2025-10-01 16:49:40.429,1875025,hipLaunchKernel,ENTER,const void*=0x7fe663154280; dim3=dim3(0x13600000136); dim3=dim3(0x1); void**=0x2000000020,,0
2025-10-01 16:49:40.429,1875025,hipLaunchKernel,LEAVE,const void*=0x7fe663154280; dim3=dim3(0x13600000136); dim3=dim3(0x1); void**=0x2000000020,NULL,0
2025-10-01 16:49:40.429,1875025,hipGetLastError,ENTER,,,0
2025-10-01 16:49:40.429,1875025,hipGetLastError,LEAVE,,NULL,0
2025-10-01 16:49:40.429,1875025,hipLaunchKernel,ENTER,const void*=0x7fe663154280; dim3=dim3(0x13600000136); dim3=dim3(0x1); void**=0x2000000020,,0
2025-10-01 16:49:40.430,1875019,hipMemcpyAsync,ENTER,void*=0x7f8a1e400a00; const void*=0x7f9f89e00000; size_t=0x2000000; hipMemcpyKind=hipMemcpyHostToDevice,,0
2025-10-01 16:49:40.430,1875025,hipLaunchKernel,LEAVE,const void*=0x7fe663154280; dim3=dim3(0x13600000136); dim3=dim3(0x1); void**=0x2000000020,NULL,0
2025-10-01 16:49:40.430,1875025,hipGetLastError,ENTER,,,0
2025-10-01 16:49:40.430,1875025,hipGetLastError,LEAVE,,NULL,0
2025-10-01 16:49:40.430,1875025,hipStreamSynchronize,ENTER,hipStream_t=0x7fa5e8001290,,0
2025-10-01 16:49:40.431,1875019,hipMemcpyAsync,LEAVE,void*=0x7f8a1e400a00; const void*=0x7f9f89e00000; size_t=0x2000000; hipMemcpyKind=hipMemcpyHostToDevice,NULL,1
2025-10-01 16:49:40.431,1875019,hipMemcpyAsync,ENTER,void*=0x7f8a20400b00; const void*=0x7f9f87c00000; size_t=0x2000000; hipMemcpyKind=hipMemcpyHostToDevice,,0
2025-10-01 16:49:40.431,1875025,hipStreamSynchronize,LEAVE,hipStream_t=0x7fa5e8001290,NULL,0
2025-10-01 16:49:40.431,1875025,hipLaunchKernel,ENTER,const void*=0x7fe663154280; dim3=dim3(0x13600000136); dim3=dim3(0x1); void**=0x2000000020,,0
2025-10-01 16:49:40.431,1875019,hipMemcpyAsync,LEAVE,void*=0x7f8a20400b00; const void*=0x7f9f87c00000; size_t=0x2000000; hipMemcpyKind=hipMemcpyHostToDevice,NULL,0
2025-10-01 16:49:40.431,1875025,hipLaunchKernel,LEAVE,const void*=0x7fe663154280; dim3=dim3(0x13600000136); dim3=dim3(0x1); void**=0x2000000020,NULL,0
2025-10-01 16:49:40.432,1875025,hipGetLastError,ENTER,,,0
2025-10-01 16:49:40.432,1875025,hipGetLastError,LEAVE,,NULL,0
2025-10-01 16:49:40.432,1875025,hipLaunchKernel,ENTER,const void*=0x7fe663154280; dim3=dim3(0x13600000136); dim3=dim3(0x1); void**=0x2000000020,,0
2025-10-01 16:49:40.432,1875025,hipLaunchKernel,LEAVE,const void*=0x7fe663154280; dim3=dim3(0x13600000136); dim3=dim3(0x1); void**=0x2000000020,NULL,0
2025-10-01 16:49:40.432,1875025,hipGetLastError,ENTER,,,0
2025-10-01 16:49:40.432,1875025,hipGetLastError,LEAVE,,NULL,0
2025-10-01 16:49:40.432,1875025,hipLaunchKernel,ENTER,const void*=0x7fe663154280; dim3=dim3(0x13600000136); dim3=dim3(0x1); void**=0x2000000020,,0
2025-10-01 16:49:40.432,1875025,hipLaunchKernel,LEAVE,const void*=0x7fe663154280; dim3=dim3(0x13600000136); dim3=dim3(0x1); void**=0x2000000020,NULL,1
2025-10-01 16:49:40.433,1875025,hipGetLastError,ENTER,,,0
2025-10-01 16:49:40.433,1875025,hipGetLastError,LEAVE,,NULL,0
2025-10-01 16:49:40.433,1875025,hipLaunchKernel,ENTER,const void*=0x7fe663154280; dim3=dim3(0x13600000136); dim3=dim3(0x1); void**=0x2000000020,,0
2025-10-01 16:49:40.433,1875025,hipLaunchKernel,LEAVE,const void*=0x7fe663154280; dim3=dim3(0x13600000136); dim3=dim3(0x1); void**=0x2000000020,NULL,0
2025-10-01 16:49:40.433,1875025,hipGetLastError,ENTER,,,0
2025-10-01 16:49:40.433,1875025,hipGetLastError,LEAVE,,NULL,0
2025-10-01 16:49:40.433,1875025,hipLaunchKernel,ENTER,const void*=0x7fe663154280; dim3=dim3(0x13600000136); dim3=dim3(0x1); void**=0x2000000020,,0
2025-10-01 16:49:40.433,1875025,hipLaunchKernel,LEAVE,const void*=0x7fe663154280; dim3=dim3(0x13600000136); dim3=dim3(0x1); void**=0x2000000020,NULL,0
2025-10-01 16:49:40.434,1875025,hipGetLastError,ENTER,,,0
2025-10-01 16:49:40.434,1875025,hipGetLastError,LEAVE,,NULL,0
2025-10-01 16:49:40.434,1875025,hipLaunchKernel,ENTER,const void*=0x7fe663154280; dim3=dim3(0x13600000136); dim3=dim3(0x1); void**=0x2000000020,,0
2025-10-01 16:49:40.434,1875025,hipLaunchKernel,LEAVE,const void*=0x7fe663154280; dim3=dim3(0x13600000136); dim3=dim3(0x1); void**=0x2000000020,NULL,0
2025-10-01 16:49:40.434,1875025,hipGetLastError,ENTER,,,0
2025-10-01 16:49:40.434,1875025,hipGetLastError,LEAVE,,NULL,0
2025-10-01 16:49:40.434,1875025,hipLaunchKernel,ENTER,const void*=0x7fe663154280; dim3=dim3(0x13600000136); dim3=dim3(0x1); void**=0x2000000020,,0
2025-10-01 16:49:40.434,1875025,hipLaunchKernel,LEAVE,const void*=0x7fe663154280; dim3=dim3(0x13600000136); dim3=dim3(0x1); void**=0x2000000020,NULL,0
2025-10-01 16:49:40.435,1875025,hipGetLastError,ENTER,,,0
2025-10-01 16:49:40.435,1875025,hipGetLastError,LEAVE,,NULL,0
2025-10-01 16:49:40.435,1875025,hipLaunchKernel,ENTER,const void*=0x7fe663154280; dim3=dim3(0x13600000136); dim3=dim3(0x1); void**=0x2000000020,,0
2025-10-01 16:49:40.435,1875025,hipLaunchKernel,LEAVE,const void*=0x7fe663154280; dim3=dim3(0x13600000136); dim3=dim3(0x1); void**=0x2000000020,NULL,0
2025-10-01 16:49:40.435,1875025,hipGetLastError,ENTER,,,0
2025-10-01 16:49:40.435,1875025,hipGetLastError,LEAVE,,NULL,0
2025-10-01 16:49:40.435,1875025,hipLaunchKernel,ENTER,const void*=0x7fe663154280; dim3=dim3(0x13600000136); dim3=dim3(0x1); void**=0x2000000020,,0
2025-10-01 16:49:40.435,1875025,hipLaunchKernel,LEAVE,const void*=0x7fe663154280; dim3=dim3(0x13600000136); dim3=dim3(0x1); void**=0x2000000020,NULL,0
2025-10-01 16:49:40.436,1875025,hipGetLastError,ENTER,,,0
2025-10-01 16:49:40.436,1875025,hipGetLastError,LEAVE,,NULL,0
2025-10-01 16:49:40.436,1875025,hipLaunchKernel,ENTER,const void*=0x7fe663154280; dim3=dim3(0x13600000136); dim3=dim3(0x1); void**=0x2000000020,,0
2025-10-01 16:49:40.436,1875025,hipLaunchKernel,LEAVE,const void*=0x7fe663154280; dim3=dim3(0x13600000136); dim3=dim3(0x1); void**=0x2000000020,NULL,0
2025-10-01 16:49:40.436,1875025,hipGetLastError,ENTER,,,0
2025-10-01 16:49:40.436,1875025,hipGetLastError,LEAVE,,NULL,0
2025-10-01 16:49:40.436,1875025,hipStreamSynchronize,ENTER,hipStream_t=0x7fa5e8001290,,0
2025-10-01 16:49:40.436,1875025,hipStreamSynchronize,LEAVE,hipStream_t=0x7fa5e8001290,NULL,0
2025-10-01 16:49:40.437,1875025,hipLaunchKernel,ENTER,const void*=0x7fe663154280; dim3=dim3(0x13600000136); dim3=dim3(0x1); void**=0x2000000020,,0
2025-10-01 16:49:40.437,1875025,hipLaunchKernel,LEAVE,const void*=0x7fe663154280; dim3=dim3(0x13600000136); dim3=dim3(0x1); void**=0x2000000020,NULL,0
2025-10-01 16:49:40.437,1875025,hipGetLastError,ENTER,,,0
2025-10-01 16:49:40.437,1875025,hipGetLastError,LEAVE,,NULL,0
2025-10-01 16:49:40.437,1875025,hipLaunchKernel,ENTER,const void*=0x7fe663154280; dim3=dim3(0x13600000136); dim3=dim3(0x1); void**=0x2000000020,,0
2025-10-01 16:49:40.437,1875025,hipLaunchKernel,LEAVE,const void*=0x7fe663154280; dim3=dim3(0x13600000136); dim3=dim3(0x1); void**=0x2000000020,NULL,0
2025-10-01 16:49:40.437,1875025,hipGetLastError,ENTER,,,0
2025-10-01 16:49:40.437,1875025,hipGetLastError,LEAVE,,NULL,0
2025-10-01 16:49:40.438,1875025,hipLaunchKernel,ENTER,const void*=0x7fe663154280; dim3=dim3(0x13600000136); dim3=dim3(0x1); void**=0x2000000020,,0
2025-10-01 16:49:40.438,1875025,hipLaunchKernel,LEAVE,const void*=0x7fe663154280; dim3=dim3(0x13600000136); dim3=dim3(0x1); void**=0x2000000020,NULL,0
2025-10-01 16:49:40.438,1875025,hipGetLastError,ENTER,,,0
2025-10-01 16:49:40.438,1875025,hipGetLastError,LEAVE,,NULL,0
2025-10-01 16:49:40.438,1875025,hipLaunchKernel,ENTER,const void*=0x7fe663154280; dim3=dim3(0x13600000136); dim3=dim3(0x1); void**=0x2000000020,,0
2025-10-01 16:49:40.438,1875025,hipLaunchKernel,LEAVE,const void*=0x7fe663154280; dim3=dim3(0x13600000136); dim3=dim3(0x1); void**=0x2000000020,NULL,0
2025-10-01 16:49:40.438,1875025,hipGetLastError,ENTER,,,0
2025-10-01 16:49:40.438,1875025,hipGetLastError,LEAVE,,NULL,0
2025-10-01 16:49:40.439,1875025,hipLaunchKernel,ENTER,const void*=0x7fe663154280; dim3=dim3(0x13600000136); dim3=dim3(0x1); void**=0x2000000020,,0
2025-10-01 16:49:40.439,1875025,hipLaunchKernel,LEAVE,const void*=0x7fe663154280; dim3=dim3(0x13600000136); dim3=dim3(0x1); void**=0x2000000020,NULL,0
2025-10-01 16:49:40.439,1875025,hipGetLastError,ENTER,,,0
2025-10-01 16:49:40.439,1875025,hipGetLastError,LEAVE,,NULL,0
2025-10-01 16:49:40.439,1875025,hipLaunchKernel,ENTER,const void*=0x7fe663154280; dim3=dim3(0x13600000136); dim3=dim3(0x1); void**=0x2000000020,,0
2025-10-01 16:49:40.439,1875025,hipLaunchKernel,LEAVE,const void*=0x7fe663154280; dim3=dim3(0x13600000136); dim3=dim3(0x1); void**=0x2000000020,NULL,0
2025-10-01 16:49:40.439,1875025,hipGetLastError,ENTER,,,0
2025-10-01 16:49:40.439,1875025,hipGetLastError,LEAVE,,NULL,0
2025-10-01 16:49:40.440,1875025,hipLaunchKernel,ENTER,const void*=0x7fe663154280; dim3=dim3(0x13600000136); dim3=dim3(0x1); void**=0x2000000020,,0
2025-10-01 16:49:40.440,1875025,hipLaunchKernel,LEAVE,const void*=0x7fe663154280; dim3=dim3(0x13600000136); dim3=dim3(0x1); void**=0x2000000020,NULL,0
2025-10-01 16:49:40.440,1875025,hipGetLastError,ENTER,,,0
2025-10-01 16:49:40.440,1875025,hipGetLastError,LEAVE,,NULL,0
2025-10-01 16:49:40.440,1875025,hipLaunchKernel,ENTER,const void*=0x7fe663154280; dim3=dim3(0x13600000136); dim3=dim3(0x1); void**=0x2000000020,,0
2025-10-01 16:49:40.440,1875025,hipLaunchKernel,LEAVE,const void*=0x7fe663154280; dim3=dim3(0x13600000136); dim3=dim3(0x1); void**=0x2000000020,NULL,0
2025-10-01 16:49:40.440,1875025,hipGetLastError,ENTER,,,0
2025-10-01 16:49:40.440,1875025,hipGetLastError,LEAVE,,NULL,0
2025-10-01 16:49:40.440,1875025,hipLaunchKernel,ENTER,const void*=0x7fe663154280; dim3=dim3(0x13600000136); dim3=dim3(0x1); void**=0x2000000020,,0
2025-10-01 16:49:40.441,1875025,hipLaunchKernel,LEAVE,const void*=0x7fe663154280; dim3=dim3(0x13600000136); dim3=dim3(0x1); void**=0x2000000020,NULL,0
2025-10-01 16:49:40.441,1875025,hipGetLastError,ENTER,,,0
2025-10-01 16:49:40.441,1875025,hipGetLastError,LEAVE,,NULL,0
2025-10-01 16:49:40.441,1875025,hipLaunchKernel,ENTER,const void*=0x7fe663154280; dim3=dim3(0x13600000136); dim3=dim3(0x1); void**=0x2000000020,,0
2025-10-01 16:49:40.441,1875025,hipLaunchKernel,LEAVE,const void*=0x7fe663154280; dim3=dim3(0x13600000136); dim3=dim3(0x1); void**=0x2000000020,NULL,0
2025-10-01 16:49:40.441,1875025,hipGetLastError,ENTER,,,0
2025-10-01 16:49:40.441,1875025,hipGetLastError,LEAVE,,NULL,0
2025-10-01 16:49:40.441,1875025,hipStreamSynchronize,ENTER,hipStream_t=0x7fa5e8001290,,0
2025-10-01 16:49:40.442,1875025,hipStreamSynchronize,LEAVE,hipStream_t=0x7fa5e8001290,NULL,0
2025-10-01 16:49:40.442,1875025,hipLaunchKernel,ENTER,const void*=0x7fe663154280; dim3=dim3(0x13600000136); dim3=dim3(0x1); void**=0x2000000020,,0
2025-10-01 16:49:40.442,1875025,hipLaunchKernel,LEAVE,const void*=0x7fe663154280; dim3=dim3(0x13600000136); dim3=dim3(0x1); void**=0x2000000020,NULL,0
2025-10-01 16:49:40.442,1875025,hipGetLastError,ENTER,,,0
2025-10-01 16:49:40.442,1875025,hipGetLastError,LEAVE,,NULL,0
2025-10-01 16:49:40.442,1875025,hipLaunchKernel,ENTER,const void*=0x7fe663154280; dim3=dim3(0x13600000136); dim3=dim3(0x1); void**=0x2000000020,,0
2025-10-01 16:49:40.442,1875025,hipLaunchKernel,LEAVE,const void*=0x7fe663154280; dim3=dim3(0x13600000136); dim3=dim3(0x1); void**=0x2000000020,NULL,0
2025-10-01 16:49:40.443,1875025,hipGetLastError,ENTER,,,0
2025-10-01 16:49:40.443,1875025,hipGetLastError,LEAVE,,NULL,0
2025-10-01 16:49:40.443,1875025,hipLaunchKernel,ENTER,const void*=0x7fe663154280; dim3=dim3(0x13600000136); dim3=dim3(0x1); void**=0x2000000020,,0
2025-10-01 16:49:40.443,1875025,hipLaunchKernel,LEAVE,const void*=0x7fe663154280; dim3=dim3(0x13600000136); dim3=dim3(0x1); void**=0x2000000020,NULL,0
2025-10-01 16:49:40.443,1875025,hipGetLastError,ENTER,,,0
2025-10-01 16:49:40.443,1875025,hipGetLastError,LEAVE,,NULL,0
2025-10-01 16:49:40.443,1875025,hipLaunchKernel,ENTER,const void*=0x7fe663154280; dim3=dim3(0x13600000136); dim3=dim3(0x1); void**=0x2000000020,,0
2025-10-01 16:49:40.443,1875025,hipLaunchKernel,LEAVE,const void*=0x7fe663154280; dim3=dim3(0x13600000136); dim3=dim3(0x1); void**=0x2000000020,NULL,0
2025-10-01 16:49:40.443,1875025,hipGetLastError,ENTER,,,0
2025-10-01 16:49:40.444,1875025,hipGetLastError,LEAVE,,NULL,0
2025-10-01 16:49:40.444,1875025,hipLaunchKernel,ENTER,const void*=0x7fe663154280; dim3=dim3(0x13600000136); dim3=dim3(0x1); void**=0x2000000020,,0
2025-10-01 16:49:40.444,1875025,hipLaunchKernel,LEAVE,const void*=0x7fe663154280; dim3=dim3(0x13600000136); dim3=dim3(0x1); void**=0x2000000020,NULL,0
2025-10-01 16:49:40.444,1875025,hipGetLastError,ENTER,,,0
2025-10-01 16:49:40.444,1875025,hipGetLastError,LEAVE,,NULL,0
2025-10-01 16:49:40.444,1875025,hipLaunchKernel,ENTER,const void*=0x7fe663154280; dim3=dim3(0x13600000136); dim3=dim3(0x1); void**=0x2000000020,,0
2025-10-01 16:49:40.444,1875025,hipLaunchKernel,LEAVE,const void*=0x7fe663154280; dim3=dim3(0x13600000136); dim3=dim3(0x1); void**=0x2000000020,NULL,0
2025-10-01 16:49:40.444,1875025,hipGetLastError,ENTER,,,0
2025-10-01 16:49:40.445,1875025,hipGetLastError,LEAVE,,NULL,0
2025-10-01 16:49:40.445,1875025,hipLaunchKernel,ENTER,const void*=0x7fe663154280; dim3=dim3(0x13600000136); dim3=dim3(0x1); void**=0x2000000020,,0
2025-10-01 16:49:40.445,1875025,hipLaunchKernel,LEAVE,const void*=0x7fe663154280; dim3=dim3(0x13600000136); dim3=dim3(0x1); void**=0x2000000020,NULL,0
2025-10-01 16:49:40.445,1875025,hipGetLastError,ENTER,,,0
2025-10-01 16:49:40.445,1875025,hipGetLastError,LEAVE,,NULL,0
2025-10-01 16:49:40.445,1875025,hipLaunchKernel,ENTER,const void*=0x7fe663154280; dim3=dim3(0x13600000136); dim3=dim3(0x1); void**=0x2000000020,,0
2025-10-01 16:49:40.445,1875025,hipLaunchKernel,LEAVE,const void*=0x7fe663154280; dim3=dim3(0x13600000136); dim3=dim3(0x1); void**=0x2000000020,NULL,0
2025-10-01 16:49:40.445,1875025,hipGetLastError,ENTER,,,0
2025-10-01 16:49:40.446,1875025,hipGetLastError,LEAVE,,NULL,0
2025-10-01 16:49:40.446,1875025,hipLaunchKernel,ENTER,const void*=0x7fe663154280; dim3=dim3(0x13600000136); dim3=dim3(0x1); void**=0x2000000020,,0
2025-10-01 16:49:40.446,1875025,hipLaunchKernel,LEAVE,const void*=0x7fe663154280; dim3=dim3(0x13600000136); dim3=dim3(0x1); void**=0x2000000020,NULL,0
2025-10-01 16:49:40.446,1875025,hipGetLastError,ENTER,,,0
2025-10-01 16:49:40.446,1875025,hipGetLastError,LEAVE,,NULL,0
2025-10-01 16:49:40.446,1875025,hipLaunchKernel,ENTER,const void*=0x7fe663154280; dim3=dim3(0x13600000136); dim3=dim3(0x1); void**=0x2000000020,,0
2025-10-01 16:49:40.446,1875025,hipLaunchKernel,LEAVE,const void*=0x7fe663154280; dim3=dim3(0x13600000136); dim3=dim3(0x1); void**=0x2000000020,NULL,0
2025-10-01 16:49:40.446,1875025,hipGetLastError,ENTER,,,0
2025-10-01 16:49:40.446,1875025,hipGetLastError,LEAVE,,NULL,0
2025-10-01 16:49:40.447,1875025,hipStreamSynchronize,ENTER,hipStream_t=0x7fa5e8001290,,0
2025-10-01 16:49:40.447,1875025,hipStreamSynchronize,LEAVE,hipStream_t=0x7fa5e8001290,NULL,0
2025-10-01 16:49:40.447,1875025,hipLaunchKernel,ENTER,const void*=0x7fe663154280; dim3=dim3(0x13600000136); dim3=dim3(0x1); void**=0x2000000020,,0
2025-10-01 16:49:40.447,1875025,hipLaunchKernel,LEAVE,const void*=0x7fe663154280; dim3=dim3(0x13600000136); dim3=dim3(0x1); void**=0x2000000020,NULL,0
2025-10-01 16:49:40.447,1875025,hipGetLastError,ENTER,,,0
2025-10-01 16:49:40.447,1875025,hipGetLastError,LEAVE,,NULL,0
2025-10-01 16:49:40.447,1875025,hipLaunchKernel,ENTER,const void*=0x7fe663154280; dim3=dim3(0x13600000136); dim3=dim3(0x1); void**=0x2000000020,,0
2025-10-01 16:49:40.448,1875025,hipLaunchKernel,LEAVE,const void*=0x7fe663154280; dim3=dim3(0x13600000136); dim3=dim3(0x1); void**=0x2000000020,NULL,1
2025-10-01 16:49:40.448,1875025,hipGetLastError,ENTER,,,0
2025-10-01 16:49:40.448,1875025,hipGetLastError,LEAVE,,NULL,0
2025-10-01 16:49:40.448,1875025,hipLaunchKernel,ENTER,const void*=0x7fe663154280; dim3=dim3(0x13600000136); dim3=dim3(0x1); void**=0x2000000020,,0
2025-10-01 16:49:40.448,1875025,hipLaunchKernel,LEAVE,const void*=0x7fe663154280; dim3=dim3(0x13600000136); dim3=dim3(0x1); void**=0x2000000020,NULL,0
2025-10-01 16:49:40.448,1875025,hipGetLastError,ENTER,,,0
2025-10-01 16:49:40.448,1875025,hipGetLastError,LEAVE,,NULL,0
2025-10-01 16:49:40.448,1875025,hipLaunchKernel,ENTER,const void*=0x7fe663154280; dim3=dim3(0x13600000136); dim3=dim3(0x1); void**=0x2000000020,,0
2025-10-01 16:49:40.448,1875025,hipLaunchKernel,LEAVE,const void*=0x7fe663154280; dim3=dim3(0x13600000136); dim3=dim3(0x1); void**=0x2000000020,NULL,1
2025-10-01 16:49:40.449,1875025,hipGetLastError,ENTER,,,0
2025-10-01 16:49:40.449,1875025,hipGetLastError,LEAVE,,NULL,0
2025-10-01 16:49:40.449,1875025,hipLaunchKernel,ENTER,const void*=0x7fe663154280; dim3=dim3(0x13600000136); dim3=dim3(0x1); void**=0x2000000020,,0
2025-10-01 16:49:40.449,1875025,hipLaunchKernel,LEAVE,const void*=0x7fe663154280; dim3=dim3(0x13600000136); dim3=dim3(0x1); void**=0x2000000020,NULL,0
2025-10-01 16:49:40.449,1875025,hipGetLastError,ENTER,,,0
2025-10-01 16:49:40.449,1875025,hipGetLastError,LEAVE,,NULL,0
2025-10-01 16:49:40.449,1875025,hipLaunchKernel,ENTER,const void*=0x7fe663154280; dim3=dim3(0x13600000136); dim3=dim3(0x1); void**=0x2000000020,,0
2025-10-01 16:49:40.449,1875025,hipLaunchKernel,LEAVE,const void*=0x7fe663154280; dim3=dim3(0x13600000136); dim3=dim3(0x1); void**=0x2000000020,NULL,0
2025-10-01 16:49:40.450,1875025,hipGetLastError,ENTER,,,0
2025-10-01 16:49:40.450,1875025,hipGetLastError,LEAVE,,NULL,0
2025-10-01 16:49:40.450,1875025,hipLaunchKernel,ENTER,const void*=0x7fe663154280; dim3=dim3(0x13600000136); dim3=dim3(0x1); void**=0x2000000020,,0
2025-10-01 16:49:40.450,1875025,hipLaunchKernel,LEAVE,const void*=0x7fe663154280; dim3=dim3(0x13600000136); dim3=dim3(0x1); void**=0x2000000020,NULL,0
2025-10-01 16:49:40.450,1875025,hipGetLastError,ENTER,,,0
2025-10-01 16:49:40.450,1875025,hipGetLastError,LEAVE,,NULL,0
2025-10-01 16:49:40.450,1875025,hipLaunchKernel,ENTER,const void*=0x7fe663154280; dim3=dim3(0x13600000136); dim3=dim3(0x1); void**=0x2000000020,,0
2025-10-01 16:49:40.450,1875025,hipLaunchKernel,LEAVE,const void*=0x7fe663154280; dim3=dim3(0x13600000136); dim3=dim3(0x1); void**=0x2000000020,NULL,0
2025-10-01 16:49:40.451,1875025,hipGetLastError,ENTER,,,0
2025-10-01 16:49:40.451,1875025,hipGetLastError,LEAVE,,NULL,0
2025-10-01 16:49:40.451,1875025,hipLaunchKernel,ENTER,const void*=0x7fe663154280; dim3=dim3(0x13600000136); dim3=dim3(0x1); void**=0x2000000020,,0
2025-10-01 16:49:40.451,1875025,hipLaunchKernel,LEAVE,const void*=0x7fe663154280; dim3=dim3(0x13600000136); dim3=dim3(0x1); void**=0x2000000020,NULL,0
2025-10-01 16:49:40.451,1875025,hipGetLastError,ENTER,,,0
2025-10-01 16:49:40.451,1875025,hipGetLastError,LEAVE,,NULL,0
2025-10-01 16:49:40.451,1875025,hipLaunchKernel,ENTER,const void*=0x7fe663154280; dim3=dim3(0x13600000136); dim3=dim3(0x1); void**=0x2000000020,,0
2025-10-01 16:49:40.451,1875025,hipLaunchKernel,LEAVE,const void*=0x7fe663154280; dim3=dim3(0x13600000136); dim3=dim3(0x1); void**=0x2000000020,NULL,0
2025-10-01 16:49:40.452,1875025,hipGetLastError,ENTER,,,0
2025-10-01 16:49:40.452,1875025,hipGetLastError,LEAVE,,NULL,0
2025-10-01 16:49:40.452,1875025,hipStreamSynchronize,ENTER,hipStream_t=0x7fa5e8001290,,0
2025-10-01 16:49:40.452,1875025,hipStreamSynchronize,LEAVE,hipStream_t=0x7fa5e8001290,NULL,0
2025-10-01 16:49:40.452,1875025,hipLaunchKernel,ENTER,const void*=0x7fe663154280; dim3=dim3(0x13600000136); dim3=dim3(0x1); void**=0x2000000020,,0
2025-10-01 16:49:40.452,1875025,hipLaunchKernel,LEAVE,const void*=0x7fe663154280; dim3=dim3(0x13600000136); dim3=dim3(0x1); void**=0x2000000020,NULL,0
2025-10-01 16:49:40.452,1875025,hipGetLastError,ENTER,,,0
2025-10-01 16:49:40.452,1875025,hipGetLastError,LEAVE,,NULL,0
2025-10-01 16:49:40.452,1875025,hipLaunchKernel,ENTER,const void*=0x7fe663154280; dim3=dim3(0x13600000136); dim3=dim3(0x1); void**=0x2000000020,,0
2025-10-01 16:49:40.453,1875025,hipLaunchKernel,LEAVE,const void*=0x7fe663154280; dim3=dim3(0x13600000136); dim3=dim3(0x1); void**=0x2000000020,NULL,0
2025-10-01 16:49:40.453,1875025,hipGetLastError,ENTER,,,0
2025-10-01 16:49:40.453,1875025,hipGetLastError,LEAVE,,NULL,0
2025-10-01 16:49:40.453,1875025,hipLaunchKernel,ENTER,const void*=0x7fe663154280; dim3=dim3(0x13600000136); dim3=dim3(0x1); void**=0x2000000020,,0
2025-10-01 16:49:40.453,1875025,hipLaunchKernel,LEAVE,const void*=0x7fe663154280; dim3=dim3(0x13600000136); dim3=dim3(0x1); void**=0x2000000020,NULL,0
2025-10-01 16:49:40.453,1875025,hipGetLastError,ENTER,,,0
2025-10-01 16:49:40.453,1875025,hipGetLastError,LEAVE,,NULL,0
2025-10-01 16:49:40.453,1875025,hipLaunchKernel,ENTER,const void*=0x7fe663154280; dim3=dim3(0x13600000136); dim3=dim3(0x1); void**=0x2000000020,,0
2025-10-01 16:49:40.454,1875025,hipLaunchKernel,LEAVE,const void*=0x7fe663154280; dim3=dim3(0x13600000136); dim3=dim3(0x1); void**=0x2000000020,NULL,0
2025-10-01 16:49:40.454,1875025,hipGetLastError,ENTER,,,0
2025-10-01 16:49:40.454,1875025,hipGetLastError,LEAVE,,NULL,0
2025-10-01 16:49:40.454,1875025,hipLaunchKernel,ENTER,const void*=0x7fe663154280; dim3=dim3(0x13600000136); dim3=dim3(0x1); void**=0x2000000020,,0
2025-10-01 16:49:40.454,1875025,hipLaunchKernel,LEAVE,const void*=0x7fe663154280; dim3=dim3(0x13600000136); dim3=dim3(0x1); void**=0x2000000020,NULL,0
2025-10-01 16:49:40.454,1875025,hipGetLastError,ENTER,,,0
2025-10-01 16:49:40.454,1875025,hipGetLastError,LEAVE,,NULL,0
2025-10-01 16:49:40.454,1875025,hipLaunchKernel,ENTER,const void*=0x7fe663154280; dim3=dim3(0x13600000136); dim3=dim3(0x1); void**=0x2000000020,,0
2025-10-01 16:49:40.455,1875025,hipLaunchKernel,LEAVE,const void*=0x7fe663154280; dim3=dim3(0x13600000136); dim3=dim3(0x1); void**=0x2000000020,NULL,0
2025-10-01 16:49:40.455,1875025,hipGetLastError,ENTER,,,0
2025-10-01 16:49:40.455,1875025,hipGetLastError,LEAVE,,NULL,0
2025-10-01 16:49:40.455,1875025,hipLaunchKernel,ENTER,const void*=0x7fe663154280; dim3=dim3(0x13600000136); dim3=dim3(0x1); void**=0x2000000020,,0
2025-10-01 16:49:40.455,1875025,hipLaunchKernel,LEAVE,const void*=0x7fe663154280; dim3=dim3(0x13600000136); dim3=dim3(0x1); void**=0x2000000020,NULL,0
2025-10-01 16:49:40.455,1875025,hipGetLastError,ENTER,,,0
2025-10-01 16:49:40.455,1875025,hipGetLastError,LEAVE,,NULL,0
2025-10-01 16:49:40.455,1875025,hipLaunchKernel,ENTER,const void*=0x7fe663154280; dim3=dim3(0x13600000136); dim3=dim3(0x1); void**=0x2000000020,,0
2025-10-01 16:49:40.456,1875025,hipLaunchKernel,LEAVE,const void*=0x7fe663154280; dim3=dim3(0x13600000136); dim3=dim3(0x1); void**=0x2000000020,NULL,0
2025-10-01 16:49:40.456,1875025,hipGetLastError,ENTER,,,0
2025-10-01 16:49:40.456,1875025,hipGetLastError,LEAVE,,NULL,0
2025-10-01 16:49:40.456,1875025,hipLaunchKernel,ENTER,const void*=0x7fe663154280; dim3=dim3(0x13600000136); dim3=dim3(0x1); void**=0x2000000020,,0
2025-10-01 16:49:40.456,1875025,hipLaunchKernel,LEAVE,const void*=0x7fe663154280; dim3=dim3(0x13600000136); dim3=dim3(0x1); void**=0x2000000020,NULL,0
2025-10-01 16:49:40.456,1875025,hipGetLastError,ENTER,,,0
2025-10-01 16:49:40.456,1875025,hipGetLastError,LEAVE,,NULL,0
2025-10-01 16:49:40.456,1875025,hipLaunchKernel,ENTER,const void*=0x7fe663154280; dim3=dim3(0x13600000136); dim3=dim3(0x1); void**=0x2000000020,,0
2025-10-01 16:49:40.457,1875025,hipLaunchKernel,LEAVE,const void*=0x7fe663154280; dim3=dim3(0x13600000136); dim3=dim3(0x1); void**=0x2000000020,NULL,0
2025-10-01 16:49:40.457,1875025,hipGetLastError,ENTER,,,0
2025-10-01 16:49:40.457,1875025,hipGetLastError,LEAVE,,NULL,0
2025-10-01 16:49:40.457,1875025,hipStreamSynchronize,ENTER,hipStream_t=0x7fa5e8001290,,0
2025-10-01 16:49:40.457,1875025,hipStreamSynchronize,LEAVE,hipStream_t=0x7fa5e8001290,NULL,0
2025-10-01 16:49:40.457,1875025,hipLaunchKernel,ENTER,const void*=0x7fe663154280; dim3=dim3(0x13600000136); dim3=dim3(0x1); void**=0x2000000020,,0
2025-10-01 16:49:40.457,1875025,hipLaunchKernel,LEAVE,const void*=0x7fe663154280; dim3=dim3(0x13600000136); dim3=dim3(0x1); void**=0x2000000020,NULL,0
2025-10-01 16:49:40.457,1875025,hipGetLastError,ENTER,,,0
2025-10-01 16:49:40.458,1875025,hipGetLastError,LEAVE,,NULL,0
2025-10-01 16:49:40.458,1875025,hipLaunchKernel,ENTER,const void*=0x7fe663154280; dim3=dim3(0x13600000136); dim3=dim3(0x1); void**=0x2000000020,,0
2025-10-01 16:49:40.458,1875025,hipLaunchKernel,LEAVE,const void*=0x7fe663154280; dim3=dim3(0x13600000136); dim3=dim3(0x1); void**=0x2000000020,NULL,0
2025-10-01 16:49:40.458,1875025,hipGetLastError,ENTER,,,0
2025-10-01 16:49:40.458,1875025,hipGetLastError,LEAVE,,NULL,0
2025-10-01 16:49:40.458,1875025,hipLaunchKernel,ENTER,const void*=0x7fe663154280; dim3=dim3(0x13600000136); dim3=dim3(0x1); void**=0x2000000020,,0
2025-10-01 16:49:40.458,1875025,hipLaunchKernel,LEAVE,const void*=0x7fe663154280; dim3=dim3(0x13600000136); dim3=dim3(0x1); void**=0x2000000020,NULL,0
2025-10-01 16:49:40.458,1875025,hipGetLastError,ENTER,,,0
2025-10-01 16:49:40.459,1875025,hipGetLastError,LEAVE,,NULL,0
2025-10-01 16:49:40.459,1875025,hipLaunchKernel,ENTER,const void*=0x7fe663154280; dim3=dim3(0x13600000136); dim3=dim3(0x1); void**=0x2000000020,,0
2025-10-01 16:49:40.459,1875025,hipLaunchKernel,LEAVE,const void*=0x7fe663154280; dim3=dim3(0x13600000136); dim3=dim3(0x1); void**=0x2000000020,NULL,0
2025-10-01 16:49:40.459,1875025,hipGetLastError,ENTER,,,0
2025-10-01 16:49:40.459,1875025,hipGetLastError,LEAVE,,NULL,0
2025-10-01 16:49:40.459,1875025,hipLaunchKernel,ENTER,const void*=0x7fe663154280; dim3=dim3(0x13600000136); dim3=dim3(0x1); void**=0x2000000020,,0
2025-10-01 16:49:40.459,1875025,hipLaunchKernel,LEAVE,const void*=0x7fe663154280; dim3=dim3(0x13600000136); dim3=dim3(0x1); void**=0x2000000020,NULL,0
2025-10-01 16:49:40.459,1875025,hipGetLastError,ENTER,,,0
2025-10-01 16:49:40.459,1875025,hipGetLastError,LEAVE,,NULL,0
2025-10-01 16:49:40.460,1875025,hipLaunchKernel,ENTER,const void*=0x7fe663154280; dim3=dim3(0x13600000136); dim3=dim3(0x1); void**=0x2000000020,,0
2025-10-01 16:49:40.460,1875025,hipLaunchKernel,LEAVE,const void*=0x7fe663154280; dim3=dim3(0x13600000136); dim3=dim3(0x1); void**=0x2000000020,NULL,0
2025-10-01 16:49:40.460,1875025,hipGetLastError,ENTER,,,0
2025-10-01 16:49:40.460,1875025,hipGetLastError,LEAVE,,NULL,0
2025-10-01 16:49:40.460,1875025,hipLaunchKernel,ENTER,const void*=0x7fe663154280; dim3=dim3(0x13600000136); dim3=dim3(0x1); void**=0x2000000020,,0
2025-10-01 16:49:40.460,1875025,hipLaunchKernel,LEAVE,const void*=0x7fe663154280; dim3=dim3(0x13600000136); dim3=dim3(0x1); void**=0x2000000020,NULL,0
2025-10-01 16:49:40.460,1875025,hipGetLastError,ENTER,,,0
2025-10-01 16:49:40.460,1875025,hipGetLastError,LEAVE,,NULL,0
2025-10-01 16:49:40.461,1875025,hipLaunchKernel,ENTER,const void*=0x7fe663154280; dim3=dim3(0x13600000136); dim3=dim3(0x1); void**=0x2000000020,,0
2025-10-01 16:49:40.461,1875025,hipLaunchKernel,LEAVE,const void*=0x7fe663154280; dim3=dim3(0x13600000136); dim3=dim3(0x1); void**=0x2000000020,NULL,0
2025-10-01 16:49:40.461,1875025,hipGetLastError,ENTER,,,0
2025-10-01 16:49:40.461,1875025,hipGetLastError,LEAVE,,NULL,0
2025-10-01 16:49:40.461,1875025,hipLaunchKernel,ENTER,const void*=0x7fe663154280; dim3=dim3(0x13600000136); dim3=dim3(0x1); void**=0x2000000020,,0
2025-10-01 16:49:40.461,1875025,hipLaunchKernel,LEAVE,const void*=0x7fe663154280; dim3=dim3(0x13600000136); dim3=dim3(0x1); void**=0x2000000020,NULL,0
2025-10-01 16:49:40.461,1875025,hipGetLastError,ENTER,,,0
2025-10-01 16:49:40.461,1875025,hipGetLastError,LEAVE,,NULL,0
2025-10-01 16:49:40.462,1875025,hipLaunchKernel,ENTER,const void*=0x7fe663154280; dim3=dim3(0x13600000136); dim3=dim3(0x1); void**=0x2000000020,,0
2025-10-01 16:49:40.462,1875025,hipLaunchKernel,LEAVE,const void*=0x7fe663154280; dim3=dim3(0x13600000136); dim3=dim3(0x1); void**=0x2000000020,NULL,0
2025-10-01 16:49:40.462,1875025,hipGetLastError,ENTER,,,0
2025-10-01 16:49:40.462,1875025,hipGetLastError,LEAVE,,NULL,0
2025-10-01 16:49:40.462,1875025,hipStreamSynchronize,ENTER,hipStream_t=0x7fa5e8001290,,0
2025-10-01 16:49:40.462,1875025,hipStreamSynchronize,LEAVE,hipStream_t=0x7fa5e8001290,NULL,0
2025-10-01 16:49:40.462,1875025,hipLaunchKernel,ENTER,const void*=0x7fe663154280; dim3=dim3(0x13600000136); dim3=dim3(0x1); void**=0x2000000020,,0
2025-10-01 16:49:40.462,1875025,hipLaunchKernel,LEAVE,const void*=0x7fe663154280; dim3=dim3(0x13600000136); dim3=dim3(0x1); void**=0x2000000020,NULL,0
2025-10-01 16:49:40.463,1875025,hipGetLastError,ENTER,,,0
2025-10-01 16:49:40.463,1875025,hipGetLastError,LEAVE,,NULL,0
2025-10-01 16:49:40.463,1875025,hipLaunchKernel,ENTER,const void*=0x7fe663154280; dim3=dim3(0x13600000136); dim3=dim3(0x1); void**=0x2000000020,,0
2025-10-01 16:49:40.463,1875025,hipLaunchKernel,LEAVE,const void*=0x7fe663154280; dim3=dim3(0x13600000136); dim3=dim3(0x1); void**=0x2000000020,NULL,0
2025-10-01 16:49:40.463,1875025,hipGetLastError,ENTER,,,0
2025-10-01 16:49:40.463,1875025,hipGetLastError,LEAVE,,NULL,0
2025-10-01 16:49:40.463,1875025,hipLaunchKernel,ENTER,const void*=0x7fe663154280; dim3=dim3(0x13600000136); dim3=dim3(0x1); void**=0x2000000020,,0
2025-10-01 16:49:40.463,1875025,hipLaunchKernel,LEAVE,const void*=0x7fe663154280; dim3=dim3(0x13600000136); dim3=dim3(0x1); void**=0x2000000020,NULL,0
2025-10-01 16:49:40.464,1875025,hipGetLastError,ENTER,,,0
2025-10-01 16:49:40.464,1875025,hipGetLastError,LEAVE,,NULL,0
2025-10-01 16:49:40.464,1875025,hipLaunchKernel,ENTER,const void*=0x7fe663154280; dim3=dim3(0x13600000136); dim3=dim3(0x1); void**=0x2000000020,,0
2025-10-01 16:49:40.464,1875025,hipLaunchKernel,LEAVE,const void*=0x7fe663154280; dim3=dim3(0x13600000136); dim3=dim3(0x1); void**=0x2000000020,NULL,0
2025-10-01 16:49:40.464,1875025,hipGetLastError,ENTER,,,0
2025-10-01 16:49:40.464,1875025,hipGetLastError,LEAVE,,NULL,0
2025-10-01 16:49:40.464,1875025,hipLaunchKernel,ENTER,const void*=0x7fe663154280; dim3=dim3(0x13600000136); dim3=dim3(0x1); void**=0x2000000020,,0
2025-10-01 16:49:40.464,1875025,hipLaunchKernel,LEAVE,const void*=0x7fe663154280; dim3=dim3(0x13600000136); dim3=dim3(0x1); void**=0x2000000020,NULL,0
2025-10-01 16:49:40.465,1875025,hipGetLastError,ENTER,,,0
2025-10-01 16:49:40.465,1875025,hipGetLastError,LEAVE,,NULL,0
2025-10-01 16:49:40.465,1875025,hipLaunchKernel,ENTER,const void*=0x7fe663154280; dim3=dim3(0x13600000136); dim3=dim3(0x1); void**=0x2000000020,,0
2025-10-01 16:49:40.465,1875025,hipLaunchKernel,LEAVE,const void*=0x7fe663154280; dim3=dim3(0x13600000136); dim3=dim3(0x1); void**=0x2000000020,NULL,0
2025-10-01 16:49:40.465,1875025,hipGetLastError,ENTER,,,0
2025-10-01 16:49:40.465,1875025,hipGetLastError,LEAVE,,NULL,0
2025-10-01 16:49:40.465,1875025,hipLaunchKernel,ENTER,const void*=0x7fe663154280; dim3=dim3(0x13600000136); dim3=dim3(0x1); void**=0x2000000020,,0
2025-10-01 16:49:40.465,1875025,hipLaunchKernel,LEAVE,const void*=0x7fe663154280; dim3=dim3(0x13600000136); dim3=dim3(0x1); void**=0x2000000020,NULL,0
2025-10-01 16:49:40.466,1875025,hipGetLastError,ENTER,,,0
2025-10-01 16:49:40.466,1875025,hipGetLastError,LEAVE,,NULL,0
2025-10-01 16:49:40.466,1875025,hipLaunchKernel,ENTER,const void*=0x7fe663154280; dim3=dim3(0x13600000136); dim3=dim3(0x1); void**=0x2000000020,,0
2025-10-01 16:49:40.466,1875025,hipLaunchKernel,LEAVE,const void*=0x7fe663154280; dim3=dim3(0x13600000136); dim3=dim3(0x1); void**=0x2000000020,NULL,0
2025-10-01 16:49:40.466,1875025,hipGetLastError,ENTER,,,0
2025-10-01 16:49:40.466,1875025,hipGetLastError,LEAVE,,NULL,0
2025-10-01 16:49:40.466,1875025,hipLaunchKernel,ENTER,const void*=0x7fe663154280; dim3=dim3(0x13600000136); dim3=dim3(0x1); void**=0x2000000020,,0
2025-10-01 16:49:40.466,1875025,hipLaunchKernel,LEAVE,const void*=0x7fe663154280; dim3=dim3(0x13600000136); dim3=dim3(0x1); void**=0x2000000020,NULL,0
2025-10-01 16:49:40.466,1875025,hipGetLastError,ENTER,,,0
2025-10-01 16:49:40.467,1875025,hipGetLastError,LEAVE,,NULL,0
2025-10-01 16:49:40.467,1875025,hipLaunchKernel,ENTER,const void*=0x7fe663154280; dim3=dim3(0x13600000136); dim3=dim3(0x1); void**=0x2000000020,,0
2025-10-01 16:49:40.467,1875025,hipLaunchKernel,LEAVE,const void*=0x7fe663154280; dim3=dim3(0x13600000136); dim3=dim3(0x1); void**=0x2000000020,NULL,0
2025-10-01 16:49:40.467,1875025,hipGetLastError,ENTER,,,0
2025-10-01 16:49:40.467,1875025,hipGetLastError,LEAVE,,NULL,0
2025-10-01 16:49:40.467,1875025,hipStreamSynchronize,ENTER,hipStream_t=0x7fa5e8001290,,0
2025-10-01 16:49:40.467,1875025,hipStreamSynchronize,LEAVE,hipStream_t=0x7fa5e8001290,NULL,0
2025-10-01 16:49:40.467,1875025,hipLaunchKernel,ENTER,const void*=0x7fe663154280; dim3=dim3(0x13600000136); dim3=dim3(0x1); void**=0x2000000020,,0
2025-10-01 16:49:40.468,1875025,hipLaunchKernel,LEAVE,const void*=0x7fe663154280; dim3=dim3(0x13600000136); dim3=dim3(0x1); void**=0x2000000020,NULL,0
2025-10-01 16:49:40.468,1875025,hipGetLastError,ENTER,,,0
2025-10-01 16:49:40.468,1875025,hipGetLastError,LEAVE,,NULL,0
2025-10-01 16:49:40.468,1875025,hipLaunchKernel,ENTER,const void*=0x7fe663154280; dim3=dim3(0x13600000136); dim3=dim3(0x1); void**=0x2000000020,,0
2025-10-01 16:49:40.468,1875025,hipLaunchKernel,LEAVE,const void*=0x7fe663154280; dim3=dim3(0x13600000136); dim3=dim3(0x1); void**=0x2000000020,NULL,0
2025-10-01 16:49:40.468,1875025,hipGetLastError,ENTER,,,0
2025-10-01 16:49:40.468,1875025,hipGetLastError,LEAVE,,NULL,0
2025-10-01 16:49:40.468,1875025,hipLaunchKernel,ENTER,const void*=0x7fe663154280; dim3=dim3(0x13600000136); dim3=dim3(0x1); void**=0x2000000020,,0
2025-10-01 16:49:40.469,1875025,hipLaunchKernel,LEAVE,const void*=0x7fe663154280; dim3=dim3(0x13600000136); dim3=dim3(0x1); void**=0x2000000020,NULL,0
2025-10-01 16:49:40.469,1875025,hipGetLastError,ENTER,,,0
2025-10-01 16:49:40.469,1875025,hipGetLastError,LEAVE,,NULL,0
2025-10-01 16:49:40.469,1875025,hipLaunchKernel,ENTER,const void*=0x7fe663154280; dim3=dim3(0x13600000136); dim3=dim3(0x1); void**=0x2000000020,,0
2025-10-01 16:49:40.469,1875025,hipLaunchKernel,LEAVE,const void*=0x7fe663154280; dim3=dim3(0x13600000136); dim3=dim3(0x1); void**=0x2000000020,NULL,0
2025-10-01 16:49:40.469,1875025,hipGetLastError,ENTER,,,0
2025-10-01 16:49:40.469,1875025,hipGetLastError,LEAVE,,NULL,0
2025-10-01 16:49:40.469,1875025,hipLaunchKernel,ENTER,const void*=0x7fe663154280; dim3=dim3(0x13600000136); dim3=dim3(0x1); void**=0x2000000020,,0
2025-10-01 16:49:40.470,1875025,hipLaunchKernel,LEAVE,const void*=0x7fe663154280; dim3=dim3(0x13600000136); dim3=dim3(0x1); void**=0x2000000020,NULL,0
2025-10-01 16:49:40.470,1875025,hipGetLastError,ENTER,,,0
2025-10-01 16:49:40.470,1875025,hipGetLastError,LEAVE,,NULL,0
2025-10-01 16:49:40.470,1875025,hipLaunchKernel,ENTER,const void*=0x7fe663154280; dim3=dim3(0x13600000136); dim3=dim3(0x1); void**=0x2000000020,,0
2025-10-01 16:49:40.470,1875025,hipLaunchKernel,LEAVE,const void*=0x7fe663154280; dim3=dim3(0x13600000136); dim3=dim3(0x1); void**=0x2000000020,NULL,0
2025-10-01 16:49:40.470,1875025,hipGetLastError,ENTER,,,0
2025-10-01 16:49:40.470,1875025,hipGetLastError,LEAVE,,NULL,0
2025-10-01 16:49:40.470,1875025,hipLaunchKernel,ENTER,const void*=0x7fe663154280; dim3=dim3(0x13600000136); dim3=dim3(0x1); void**=0x2000000020,,0
2025-10-01 16:49:40.471,1875025,hipLaunchKernel,LEAVE,const void*=0x7fe663154280; dim3=dim3(0x13600000136); dim3=dim3(0x1); void**=0x2000000020,NULL,0
2025-10-01 16:49:40.471,1875025,hipGetLastError,ENTER,,,0
2025-10-01 16:49:40.471,1875025,hipGetLastError,LEAVE,,NULL,0
2025-10-01 16:49:40.471,1875025,hipLaunchKernel,ENTER,const void*=0x7fe663154280; dim3=dim3(0x13600000136); dim3=dim3(0x1); void**=0x2000000020,,0
2025-10-01 16:49:40.471,1875025,hipLaunchKernel,LEAVE,const void*=0x7fe663154280; dim3=dim3(0x13600000136); dim3=dim3(0x1); void**=0x2000000020,NULL,0
2025-10-01 16:49:40.471,1875025,hipGetLastError,ENTER,,,0
2025-10-01 16:49:40.471,1875025,hipGetLastError,LEAVE,,NULL,0
2025-10-01 16:49:40.471,1875025,hipLaunchKernel,ENTER,const void*=0x7fe663154280; dim3=dim3(0x13600000136); dim3=dim3(0x1); void**=0x2000000020,,0
2025-10-01 16:49:40.472,1875025,hipLaunchKernel,LEAVE,const void*=0x7fe663154280; dim3=dim3(0x13600000136); dim3=dim3(0x1); void**=0x2000000020,NULL,0
2025-10-01 16:49:40.472,1875025,hipGetLastError,ENTER,,,0
2025-10-01 16:49:40.472,1875025,hipGetLastError,LEAVE,,NULL,0
2025-10-01 16:49:40.472,1875025,hipLaunchKernel,ENTER,const void*=0x7fe663154280; dim3=dim3(0x13600000136); dim3=dim3(0x1); void**=0x2000000020,,0
2025-10-01 16:49:40.472,1875025,hipLaunchKernel,LEAVE,const void*=0x7fe663154280; dim3=dim3(0x13600000136); dim3=dim3(0x1); void**=0x2000000020,NULL,0
2025-10-01 16:49:40.472,1875025,hipGetLastError,ENTER,,,0
2025-10-01 16:49:40.472,1875025,hipGetLastError,LEAVE,,NULL,0
2025-10-01 16:49:40.472,1875025,hipStreamSynchronize,ENTER,hipStream_t=0x7fa5e8001290,,0
2025-10-01 16:49:40.473,1875025,hipStreamSynchronize,LEAVE,hipStream_t=0x7fa5e8001290,NULL,0
2025-10-01 16:49:40.473,1875025,hipLaunchKernel,ENTER,const void*=0x7fe663154280; dim3=dim3(0x13600000136); dim3=dim3(0x1); void**=0x2000000020,,0
2025-10-01 16:49:40.473,1875025,hipLaunchKernel,LEAVE,const void*=0x7fe663154280; dim3=dim3(0x13600000136); dim3=dim3(0x1); void**=0x2000000020,NULL,0
2025-10-01 16:49:40.473,1875025,hipGetLastError,ENTER,,,0
2025-10-01 16:49:40.473,1875025,hipGetLastError,LEAVE,,NULL,0
2025-10-01 16:49:40.473,1875025,hipLaunchKernel,ENTER,const void*=0x7fe663154280; dim3=dim3(0x13600000136); dim3=dim3(0x1); void**=0x2000000020,,0
2025-10-01 16:49:40.473,1875025,hipLaunchKernel,LEAVE,const void*=0x7fe663154280; dim3=dim3(0x13600000136); dim3=dim3(0x1); void**=0x2000000020,NULL,0
2025-10-01 16:49:40.473,1875025,hipGetLastError,ENTER,,,0
2025-10-01 16:49:40.474,1875025,hipGetLastError,LEAVE,,NULL,0
2025-10-01 16:49:40.474,1875025,hipLaunchKernel,ENTER,const void*=0x7fe663154280; dim3=dim3(0x13600000136); dim3=dim3(0x1); void**=0x2000000020,,0
2025-10-01 16:49:40.474,1875025,hipLaunchKernel,LEAVE,const void*=0x7fe663154280; dim3=dim3(0x13600000136); dim3=dim3(0x1); void**=0x2000000020,NULL,0
2025-10-01 16:49:40.474,1875025,hipGetLastError,ENTER,,,0
2025-10-01 16:49:40.474,1875025,hipGetLastError,LEAVE,,NULL,0
2025-10-01 16:49:40.474,1875025,hipLaunchKernel,ENTER,const void*=0x7fe663154280; dim3=dim3(0x13600000136); dim3=dim3(0x1); void**=0x2000000020,,0
2025-10-01 16:49:40.474,1875025,hipLaunchKernel,LEAVE,const void*=0x7fe663154280; dim3=dim3(0x13600000136); dim3=dim3(0x1); void**=0x2000000020,NULL,0
2025-10-01 16:49:40.474,1875025,hipGetLastError,ENTER,,,0
2025-10-01 16:49:40.475,1875025,hipGetLastError,LEAVE,,NULL,0
2025-10-01 16:49:40.475,1875025,hipLaunchKernel,ENTER,const void*=0x7fe663154280; dim3=dim3(0x13600000136); dim3=dim3(0x1); void**=0x2000000020,,0
2025-10-01 16:49:40.475,1875025,hipLaunchKernel,LEAVE,const void*=0x7fe663154280; dim3=dim3(0x13600000136); dim3=dim3(0x1); void**=0x2000000020,NULL,0
2025-10-01 16:49:40.475,1875025,hipGetLastError,ENTER,,,0
2025-10-01 16:49:40.475,1875025,hipGetLastError,LEAVE,,NULL,0
2025-10-01 16:49:40.475,1875025,hipLaunchKernel,ENTER,const void*=0x7fe663154280; dim3=dim3(0x13600000136); dim3=dim3(0x1); void**=0x2000000020,,0
2025-10-01 16:49:40.475,1875025,hipLaunchKernel,LEAVE,const void*=0x7fe663154280; dim3=dim3(0x13600000136); dim3=dim3(0x1); void**=0x2000000020,NULL,0
2025-10-01 16:49:40.475,1875025,hipGetLastError,ENTER,,,0
2025-10-01 16:49:40.476,1875025,hipGetLastError,LEAVE,,NULL,0
2025-10-01 16:49:40.476,1875025,hipLaunchKernel,ENTER,const void*=0x7fe663154280; dim3=dim3(0x13600000136); dim3=dim3(0x1); void**=0x2000000020,,0
2025-10-01 16:49:40.476,1875025,hipLaunchKernel,LEAVE,const void*=0x7fe663154280; dim3=dim3(0x13600000136); dim3=dim3(0x1); void**=0x2000000020,NULL,0
2025-10-01 16:49:40.476,1875025,hipGetLastError,ENTER,,,0
2025-10-01 16:49:40.476,1875025,hipGetLastError,LEAVE,,NULL,0
2025-10-01 16:49:40.476,1875025,hipLaunchKernel,ENTER,const void*=0x7fe663154280; dim3=dim3(0x13600000136); dim3=dim3(0x1); void**=0x2000000020,,0
2025-10-01 16:49:40.476,1875025,hipLaunchKernel,LEAVE,const void*=0x7fe663154280; dim3=dim3(0x13600000136); dim3=dim3(0x1); void**=0x2000000020,NULL,0
2025-10-01 16:49:40.476,1875025,hipGetLastError,ENTER,,,0
2025-10-01 16:49:40.477,1875025,hipGetLastError,LEAVE,,NULL,0
2025-10-01 16:49:40.477,1875025,hipLaunchKernel,ENTER,const void*=0x7fe663154280; dim3=dim3(0x13600000136); dim3=dim3(0x1); void**=0x2000000020,,0
2025-10-01 16:49:40.477,1875025,hipLaunchKernel,LEAVE,const void*=0x7fe663154280; dim3=dim3(0x13600000136); dim3=dim3(0x1); void**=0x2000000020,NULL,0
2025-10-01 16:49:40.477,1875025,hipGetLastError,ENTER,,,0
2025-10-01 16:49:40.477,1875025,hipGetLastError,LEAVE,,NULL,0
2025-10-01 16:49:40.477,1875025,hipLaunchKernel,ENTER,const void*=0x7fe663154280; dim3=dim3(0x13600000136); dim3=dim3(0x1); void**=0x2000000020,,0
2025-10-01 16:49:40.477,1875025,hipLaunchKernel,LEAVE,const void*=0x7fe663154280; dim3=dim3(0x13600000136); dim3=dim3(0x1); void**=0x2000000020,NULL,0
2025-10-01 16:49:40.477,1875025,hipGetLastError,ENTER,,,0
2025-10-01 16:49:40.478,1875025,hipGetLastError,LEAVE,,NULL,1
2025-10-01 16:49:40.478,1875025,hipStreamSynchronize,ENTER,hipStream_t=0x7fa5e8001290,,0
2025-10-01 16:49:40.478,1875025,hipStreamSynchronize,LEAVE,hipStream_t=0x7fa5e8001290,NULL,0
2025-10-01 16:49:40.479,1875025,hipLaunchKernel,ENTER,const void*=0x7fe663154280; dim3=dim3(0x13600000136); dim3=dim3(0x1); void**=0x2000000020,,0
2025-10-01 16:49:40.479,1875025,hipLaunchKernel,LEAVE,const void*=0x7fe663154280; dim3=dim3(0x13600000136); dim3=dim3(0x1); void**=0x2000000020,NULL,0
2025-10-01 16:49:40.479,1875025,hipGetLastError,ENTER,,,0
2025-10-01 16:49:40.479,1875025,hipGetLastError,LEAVE,,NULL,0
2025-10-01 16:49:40.479,1875025,hipLaunchKernel,ENTER,const void*=0x7fe663154280; dim3=dim3(0x13600000136); dim3=dim3(0x1); void**=0x2000000020,,0
2025-10-01 16:49:40.479,1875025,hipLaunchKernel,LEAVE,const void*=0x7fe663154280; dim3=dim3(0x13600000136); dim3=dim3(0x1); void**=0x2000000020,NULL,0
2025-10-01 16:49:40.480,1875025,hipGetLastError,ENTER,,,0
2025-10-01 16:49:40.480,1875025,hipGetLastError,LEAVE,,NULL,0
2025-10-01 16:49:40.480,1875025,hipLaunchKernel,ENTER,const void*=0x7fe663154280; dim3=dim3(0x13600000136); dim3=dim3(0x1); void**=0x2000000020,,0
2025-10-01 16:49:40.480,1875025,hipLaunchKernel,LEAVE,const void*=0x7fe663154280; dim3=dim3(0x13600000136); dim3=dim3(0x1); void**=0x2000000020,NULL,0
2025-10-01 16:49:40.480,1875025,hipGetLastError,ENTER,,,0
2025-10-01 16:49:40.480,1875025,hipGetLastError,LEAVE,,NULL,0
2025-10-01 16:49:40.480,1875025,hipLaunchKernel,ENTER,const void*=0x7fe663154280; dim3=dim3(0x13600000136); dim3=dim3(0x1); void**=0x2000000020,,0
2025-10-01 16:49:40.480,1875025,hipLaunchKernel,LEAVE,const void*=0x7fe663154280; dim3=dim3(0x13600000136); dim3=dim3(0x1); void**=0x2000000020,NULL,0
2025-10-01 16:49:40.481,1875025,hipGetLastError,ENTER,,,0
2025-10-01 16:49:40.481,1875025,hipGetLastError,LEAVE,,NULL,0
2025-10-01 16:49:40.481,1875025,hipLaunchKernel,ENTER,const void*=0x7fe663154280; dim3=dim3(0x13600000136); dim3=dim3(0x1); void**=0x2000000020,,0
2025-10-01 16:49:40.481,1875025,hipLaunchKernel,LEAVE,const void*=0x7fe663154280; dim3=dim3(0x13600000136); dim3=dim3(0x1); void**=0x2000000020,NULL,0
2025-10-01 16:49:40.481,1875025,hipGetLastError,ENTER,,,0
2025-10-01 16:49:40.481,1875025,hipGetLastError,LEAVE,,NULL,0
2025-10-01 16:49:40.481,1875025,hipLaunchKernel,ENTER,const void*=0x7fe663154280; dim3=dim3(0x13600000136); dim3=dim3(0x1); void**=0x2000000020,,0
2025-10-01 16:49:40.481,1875025,hipLaunchKernel,LEAVE,const void*=0x7fe663154280; dim3=dim3(0x13600000136); dim3=dim3(0x1); void**=0x2000000020,NULL,0
2025-10-01 16:49:40.481,1875025,hipGetLastError,ENTER,,,0
2025-10-01 16:49:40.482,1875025,hipGetLastError,LEAVE,,NULL,0
2025-10-01 16:49:40.482,1875025,hipLaunchKernel,ENTER,const void*=0x7fe663154280; dim3=dim3(0x13600000136); dim3=dim3(0x1); void**=0x2000000020,,0
2025-10-01 16:49:40.482,1875025,hipLaunchKernel,LEAVE,const void*=0x7fe663154280; dim3=dim3(0x13600000136); dim3=dim3(0x1); void**=0x2000000020,NULL,0
2025-10-01 16:49:40.482,1875025,hipGetLastError,ENTER,,,0
2025-10-01 16:49:40.482,1875025,hipGetLastError,LEAVE,,NULL,0
2025-10-01 16:49:40.482,1875025,hipLaunchKernel,ENTER,const void*=0x7fe663154280; dim3=dim3(0x13600000136); dim3=dim3(0x1); void**=0x2000000020,,0
2025-10-01 16:49:40.482,1875025,hipLaunchKernel,LEAVE,const void*=0x7fe663154280; dim3=dim3(0x13600000136); dim3=dim3(0x1); void**=0x2000000020,NULL,0
2025-10-01 16:49:40.482,1875025,hipGetLastError,ENTER,,,0
2025-10-01 16:49:40.483,1875025,hipGetLastError,LEAVE,,NULL,0
2025-10-01 16:49:40.483,1875025,hipLaunchKernel,ENTER,const void*=0x7fe663154280; dim3=dim3(0x13600000136); dim3=dim3(0x1); void**=0x2000000020,,0
2025-10-01 16:49:40.483,1875025,hipLaunchKernel,LEAVE,const void*=0x7fe663154280; dim3=dim3(0x13600000136); dim3=dim3(0x1); void**=0x2000000020,NULL,0
2025-10-01 16:49:40.483,1875025,hipGetLastError,ENTER,,,0
2025-10-01 16:49:40.483,1875025,hipGetLastError,LEAVE,,NULL,0
2025-10-01 16:49:40.483,1875025,hipLaunchKernel,ENTER,const void*=0x7fe663154280; dim3=dim3(0x13600000136); dim3=dim3(0x1); void**=0x2000000020,,0
2025-10-01 16:49:40.483,1875025,hipLaunchKernel,LEAVE,const void*=0x7fe663154280; dim3=dim3(0x13600000136); dim3=dim3(0x1); void**=0x2000000020,NULL,0
2025-10-01 16:49:40.483,1875025,hipGetLastError,ENTER,,,0
2025-10-01 16:49:40.484,1875025,hipGetLastError,LEAVE,,NULL,0
2025-10-01 16:49:40.484,1875025,hipStreamSynchronize,ENTER,hipStream_t=0x7fa5e8001290,,0
2025-10-01 16:49:40.484,1875025,hipStreamSynchronize,LEAVE,hipStream_t=0x7fa5e8001290,NULL,0
2025-10-01 16:49:40.484,1875025,hipLaunchKernel,ENTER,const void*=0x7fe663154280; dim3=dim3(0x13600000136); dim3=dim3(0x1); void**=0x2000000020,,0
2025-10-01 16:49:40.484,1875025,hipLaunchKernel,LEAVE,const void*=0x7fe663154280; dim3=dim3(0x13600000136); dim3=dim3(0x1); void**=0x2000000020,NULL,0
2025-10-01 16:49:40.484,1875025,hipGetLastError,ENTER,,,0
2025-10-01 16:49:40.484,1875025,hipGetLastError,LEAVE,,NULL,0
2025-10-01 16:49:40.484,1875025,hipLaunchKernel,ENTER,const void*=0x7fe663154280; dim3=dim3(0x13600000136); dim3=dim3(0x1); void**=0x2000000020,,0
2025-10-01 16:49:40.485,1875025,hipLaunchKernel,LEAVE,const void*=0x7fe663154280; dim3=dim3(0x13600000136); dim3=dim3(0x1); void**=0x2000000020,NULL,0
2025-10-01 16:49:40.485,1875025,hipGetLastError,ENTER,,,0
2025-10-01 16:49:40.485,1875025,hipGetLastError,LEAVE,,NULL,0
2025-10-01 16:49:40.485,1875025,hipLaunchKernel,ENTER,const void*=0x7fe663154280; dim3=dim3(0x13600000136); dim3=dim3(0x1); void**=0x2000000020,,0
2025-10-01 16:49:40.485,1875025,hipLaunchKernel,LEAVE,const void*=0x7fe663154280; dim3=dim3(0x13600000136); dim3=dim3(0x1); void**=0x2000000020,NULL,0
2025-10-01 16:49:40.485,1875025,hipGetLastError,ENTER,,,0
2025-10-01 16:49:40.485,1875025,hipGetLastError,LEAVE,,NULL,0
2025-10-01 16:49:40.485,1875025,hipLaunchKernel,ENTER,const void*=0x7fe663154280; dim3=dim3(0x13600000136); dim3=dim3(0x1); void**=0x2000000020,,0
2025-10-01 16:49:40.486,1875025,hipLaunchKernel,LEAVE,const void*=0x7fe663154280; dim3=dim3(0x13600000136); dim3=dim3(0x1); void**=0x2000000020,NULL,0
2025-10-01 16:49:40.486,1875025,hipGetLastError,ENTER,,,0
2025-10-01 16:49:40.486,1875025,hipGetLastError,LEAVE,,NULL,0
2025-10-01 16:49:40.486,1875025,hipLaunchKernel,ENTER,const void*=0x7fe663154280; dim3=dim3(0x13600000136); dim3=dim3(0x1); void**=0x2000000020,,0
2025-10-01 16:49:40.486,1875025,hipLaunchKernel,LEAVE,const void*=0x7fe663154280; dim3=dim3(0x13600000136); dim3=dim3(0x1); void**=0x2000000020,NULL,0
2025-10-01 16:49:40.486,1875025,hipGetLastError,ENTER,,,0
2025-10-01 16:49:40.486,1875025,hipGetLastError,LEAVE,,NULL,0
2025-10-01 16:49:40.486,1875025,hipLaunchKernel,ENTER,const void*=0x7fe663154280; dim3=dim3(0x13600000136); dim3=dim3(0x1); void**=0x2000000020,,0
2025-10-01 16:49:40.486,1875025,hipLaunchKernel,LEAVE,const void*=0x7fe663154280; dim3=dim3(0x13600000136); dim3=dim3(0x1); void**=0x2000000020,NULL,0
2025-10-01 16:49:40.487,1875025,hipGetLastError,ENTER,,,0
2025-10-01 16:49:40.487,1875025,hipGetLastError,LEAVE,,NULL,0
2025-10-01 16:49:40.487,1875025,hipLaunchKernel,ENTER,const void*=0x7fe663154280; dim3=dim3(0x13600000136); dim3=dim3(0x1); void**=0x2000000020,,0
2025-10-01 16:49:40.487,1875025,hipLaunchKernel,LEAVE,const void*=0x7fe663154280; dim3=dim3(0x13600000136); dim3=dim3(0x1); void**=0x2000000020,NULL,0
2025-10-01 16:49:40.487,1875025,hipGetLastError,ENTER,,,0
2025-10-01 16:49:40.487,1875025,hipGetLastError,LEAVE,,NULL,0
2025-10-01 16:49:40.487,1875025,hipLaunchKernel,ENTER,const void*=0x7fe663154280; dim3=dim3(0x13600000136); dim3=dim3(0x1); void**=0x2000000020,,0
2025-10-01 16:49:40.487,1875025,hipLaunchKernel,LEAVE,const void*=0x7fe663154280; dim3=dim3(0x13600000136); dim3=dim3(0x1); void**=0x2000000020,NULL,0
2025-10-01 16:49:40.488,1875025,hipGetLastError,ENTER,,,0
2025-10-01 16:49:40.488,1875025,hipGetLastError,LEAVE,,NULL,0
2025-10-01 16:49:40.488,1875025,hipLaunchKernel,ENTER,const void*=0x7fe663154280; dim3=dim3(0x13600000136); dim3=dim3(0x1); void**=0x2000000020,,0
2025-10-01 16:49:40.488,1875025,hipLaunchKernel,LEAVE,const void*=0x7fe663154280; dim3=dim3(0x13600000136); dim3=dim3(0x1); void**=0x2000000020,NULL,0
2025-10-01 16:49:40.488,1875025,hipGetLastError,ENTER,,,0
2025-10-01 16:49:40.488,1875025,hipGetLastError,LEAVE,,NULL,0
2025-10-01 16:49:40.488,1875025,hipLaunchKernel,ENTER,const void*=0x7fe663154280; dim3=dim3(0x13600000136); dim3=dim3(0x1); void**=0x2000000020,,0
2025-10-01 16:49:40.488,1875025,hipLaunchKernel,LEAVE,const void*=0x7fe663154280; dim3=dim3(0x13600000136); dim3=dim3(0x1); void**=0x2000000020,NULL,0
2025-10-01 16:49:40.488,1875025,hipGetLastError,ENTER,,,0
2025-10-01 16:49:40.489,1875025,hipGetLastError,LEAVE,,NULL,0
2025-10-01 16:49:40.489,1875025,hipStreamSynchronize,ENTER,hipStream_t=0x7fa5e8001290,,0
2025-10-01 16:49:40.489,1875025,hipStreamSynchronize,LEAVE,hipStream_t=0x7fa5e8001290,NULL,0
2025-10-01 16:49:40.489,1875025,hipLaunchKernel,ENTER,const void*=0x7fe663154280; dim3=dim3(0x13600000136); dim3=dim3(0x1); void**=0x2000000020,,0
2025-10-01 16:49:40.489,1875025,hipLaunchKernel,LEAVE,const void*=0x7fe663154280; dim3=dim3(0x13600000136); dim3=dim3(0x1); void**=0x2000000020,NULL,0
2025-10-01 16:49:40.489,1875025,hipGetLastError,ENTER,,,0
2025-10-01 16:49:40.489,1875025,hipGetLastError,LEAVE,,NULL,0
2025-10-01 16:49:40.489,1875025,hipLaunchKernel,ENTER,const void*=0x7fe663154280; dim3=dim3(0x13600000136); dim3=dim3(0x1); void**=0x2000000020,,0
2025-10-01 16:49:40.490,1875025,hipLaunchKernel,LEAVE,const void*=0x7fe663154280; dim3=dim3(0x13600000136); dim3=dim3(0x1); void**=0x2000000020,NULL,0
2025-10-01 16:49:40.490,1875025,hipGetLastError,ENTER,,,0
2025-10-01 16:49:40.490,1875025,hipGetLastError,LEAVE,,NULL,0
2025-10-01 16:49:40.490,1875025,hipLaunchKernel,ENTER,const void*=0x7fe663154280; dim3=dim3(0x13600000136); dim3=dim3(0x1); void**=0x2000000020,,0
2025-10-01 16:49:40.490,1875025,hipLaunchKernel,LEAVE,const void*=0x7fe663154280; dim3=dim3(0x13600000136); dim3=dim3(0x1); void**=0x2000000020,NULL,0
2025-10-01 16:49:40.490,1875025,hipGetLastError,ENTER,,,0
2025-10-01 16:49:40.490,1875025,hipGetLastError,LEAVE,,NULL,0
2025-10-01 16:49:40.490,1875025,hipLaunchKernel,ENTER,const void*=0x7fe663154280; dim3=dim3(0x13600000136); dim3=dim3(0x1); void**=0x2000000020,,0
2025-10-01 16:49:40.490,1875025,hipLaunchKernel,LEAVE,const void*=0x7fe663154280; dim3=dim3(0x13600000136); dim3=dim3(0x1); void**=0x2000000020,NULL,0
2025-10-01 16:49:40.490,1875025,hipGetLastError,ENTER,,,0
2025-10-01 16:49:40.491,1875025,hipGetLastError,LEAVE,,NULL,0
2025-10-01 16:49:40.491,1875025,hipLaunchKernel,ENTER,const void*=0x7fe663154280; dim3=dim3(0x13600000136); dim3=dim3(0x1); void**=0x2000000020,,0
2025-10-01 16:49:40.491,1875025,hipLaunchKernel,LEAVE,const void*=0x7fe663154280; dim3=dim3(0x13600000136); dim3=dim3(0x1); void**=0x2000000020,NULL,0
2025-10-01 16:49:40.491,1875025,hipGetLastError,ENTER,,,0
2025-10-01 16:49:40.491,1875025,hipGetLastError,LEAVE,,NULL,0
2025-10-01 16:49:40.491,1875025,hipLaunchKernel,ENTER,const void*=0x7fe663154280; dim3=dim3(0x13600000136); dim3=dim3(0x1); void**=0x2000000020,,0
2025-10-01 16:49:40.491,1875025,hipLaunchKernel,LEAVE,const void*=0x7fe663154280; dim3=dim3(0x13600000136); dim3=dim3(0x1); void**=0x2000000020,NULL,0
2025-10-01 16:49:40.491,1875025,hipGetLastError,ENTER,,,0
2025-10-01 16:49:40.491,1875025,hipGetLastError,LEAVE,,NULL,0
2025-10-01 16:49:40.492,1875025,hipLaunchKernel,ENTER,const void*=0x7fe663154280; dim3=dim3(0x13600000136); dim3=dim3(0x1); void**=0x2000000020,,0
2025-10-01 16:49:40.492,1875025,hipLaunchKernel,LEAVE,const void*=0x7fe663154280; dim3=dim3(0x13600000136); dim3=dim3(0x1); void**=0x2000000020,NULL,0
2025-10-01 16:49:40.492,1875025,hipGetLastError,ENTER,,,0
2025-10-01 16:49:40.492,1875025,hipGetLastError,LEAVE,,NULL,0
2025-10-01 16:49:40.492,1875025,hipLaunchKernel,ENTER,const void*=0x7fe663154280; dim3=dim3(0x13600000136); dim3=dim3(0x1); void**=0x2000000020,,0
2025-10-01 16:49:40.492,1875025,hipLaunchKernel,LEAVE,const void*=0x7fe663154280; dim3=dim3(0x13600000136); dim3=dim3(0x1); void**=0x2000000020,NULL,0
2025-10-01 16:49:40.492,1875025,hipGetLastError,ENTER,,,0
2025-10-01 16:49:40.492,1875025,hipGetLastError,LEAVE,,NULL,0
2025-10-01 16:49:40.492,1875025,hipLaunchKernel,ENTER,const void*=0x7fe663154280; dim3=dim3(0x13600000136); dim3=dim3(0x1); void**=0x2000000020,,0
2025-10-01 16:49:40.493,1875025,hipLaunchKernel,LEAVE,const void*=0x7fe663154280; dim3=dim3(0x13600000136); dim3=dim3(0x1); void**=0x2000000020,NULL,0
2025-10-01 16:49:40.493,1875025,hipGetLastError,ENTER,,,0
2025-10-01 16:49:40.493,1875025,hipGetLastError,LEAVE,,NULL,0
2025-10-01 16:49:40.493,1875025,hipLaunchKernel,ENTER,const void*=0x7fe663154280; dim3=dim3(0x13600000136); dim3=dim3(0x1); void**=0x2000000020,,0
2025-10-01 16:49:40.493,1875025,hipLaunchKernel,LEAVE,const void*=0x7fe663154280; dim3=dim3(0x13600000136); dim3=dim3(0x1); void**=0x2000000020,NULL,0
2025-10-01 16:49:40.493,1875025,hipGetLastError,ENTER,,,0
2025-10-01 16:49:40.493,1875025,hipGetLastError,LEAVE,,NULL,0
2025-10-01 16:49:40.493,1875025,hipStreamSynchronize,ENTER,hipStream_t=0x7fa5e8001290,,0
2025-10-01 16:49:40.493,1875025,hipStreamSynchronize,LEAVE,hipStream_t=0x7fa5e8001290,NULL,1
2025-10-01 16:49:40.494,1875025,hipLaunchKernel,ENTER,const void*=0x7fe663154280; dim3=dim3(0x13600000136); dim3=dim3(0x1); void**=0x2000000020,,0
2025-10-01 16:49:40.494,1875025,hipLaunchKernel,LEAVE,const void*=0x7fe663154280; dim3=dim3(0x13600000136); dim3=dim3(0x1); void**=0x2000000020,NULL,0
2025-10-01 16:49:40.494,1875025,hipGetLastError,ENTER,,,0
2025-10-01 16:49:40.494,1875025,hipGetLastError,LEAVE,,NULL,0
2025-10-01 16:49:40.494,1875025,hipLaunchKernel,ENTER,const void*=0x7fe663154280; dim3=dim3(0x13600000136); dim3=dim3(0x1); void**=0x2000000020,,0
2025-10-01 16:49:40.494,1875025,hipLaunchKernel,LEAVE,const void*=0x7fe663154280; dim3=dim3(0x13600000136); dim3=dim3(0x1); void**=0x2000000020,NULL,0
2025-10-01 16:49:40.494,1875025,hipGetLastError,ENTER,,,0
2025-10-01 16:49:40.494,1875025,hipGetLastError,LEAVE,,NULL,0
2025-10-01 16:49:40.494,1875025,hipLaunchKernel,ENTER,const void*=0x7fe663154280; dim3=dim3(0x13600000136); dim3=dim3(0x1); void**=0x2000000020,,0
2025-10-01 16:49:40.495,1875025,hipLaunchKernel,LEAVE,const void*=0x7fe663154280; dim3=dim3(0x13600000136); dim3=dim3(0x1); void**=0x2000000020,NULL,0
2025-10-01 16:49:40.495,1875025,hipGetLastError,ENTER,,,0
2025-10-01 16:49:40.495,1875025,hipGetLastError,LEAVE,,NULL,0
2025-10-01 16:49:40.495,1875025,hipLaunchKernel,ENTER,const void*=0x7fe663154280; dim3=dim3(0x13600000136); dim3=dim3(0x1); void**=0x2000000020,,0
2025-10-01 16:49:40.495,1875025,hipLaunchKernel,LEAVE,const void*=0x7fe663154280; dim3=dim3(0x13600000136); dim3=dim3(0x1); void**=0x2000000020,NULL,0
2025-10-01 16:49:40.495,1875025,hipGetLastError,ENTER,,,0
2025-10-01 16:49:40.495,1875025,hipGetLastError,LEAVE,,NULL,0
2025-10-01 16:49:40.495,1875025,hipLaunchKernel,ENTER,const void*=0x7fe663154280; dim3=dim3(0x13600000136); dim3=dim3(0x1); void**=0x2000000020,,0
2025-10-01 16:49:40.496,1875025,hipLaunchKernel,LEAVE,const void*=0x7fe663154280; dim3=dim3(0x13600000136); dim3=dim3(0x1); void**=0x2000000020,NULL,0
2025-10-01 16:49:40.496,1875025,hipGetLastError,ENTER,,,0
2025-10-01 16:49:40.496,1875025,hipGetLastError,LEAVE,,NULL,0
2025-10-01 16:49:40.496,1875025,hipLaunchKernel,ENTER,const void*=0x7fe663154280; dim3=dim3(0x13600000136); dim3=dim3(0x1); void**=0x2000000020,,0
2025-10-01 16:49:40.496,1875025,hipLaunchKernel,LEAVE,const void*=0x7fe663154280; dim3=dim3(0x13600000136); dim3=dim3(0x1); void**=0x2000000020,NULL,0
2025-10-01 16:49:40.496,1875025,hipGetLastError,ENTER,,,0
2025-10-01 16:49:40.496,1875025,hipGetLastError,LEAVE,,NULL,0
2025-10-01 16:49:40.496,1875025,hipLaunchKernel,ENTER,const void*=0x7fe663154280; dim3=dim3(0x13600000136); dim3=dim3(0x1); void**=0x2000000020,,0
2025-10-01 16:49:40.497,1875025,hipLaunchKernel,LEAVE,const void*=0x7fe663154280; dim3=dim3(0x13600000136); dim3=dim3(0x1); void**=0x2000000020,NULL,0
2025-10-01 16:49:40.497,1875025,hipGetLastError,ENTER,,,0
2025-10-01 16:49:40.497,1875025,hipGetLastError,LEAVE,,NULL,0
2025-10-01 16:49:40.497,1875025,hipLaunchKernel,ENTER,const void*=0x7fe663154280; dim3=dim3(0x13600000136); dim3=dim3(0x1); void**=0x2000000020,,0
2025-10-01 16:49:40.497,1875025,hipLaunchKernel,LEAVE,const void*=0x7fe663154280; dim3=dim3(0x13600000136); dim3=dim3(0x1); void**=0x2000000020,NULL,0
2025-10-01 16:49:40.497,1875025,hipGetLastError,ENTER,,,0
2025-10-01 16:49:40.497,1875025,hipGetLastError,LEAVE,,NULL,0
2025-10-01 16:49:40.497,1875025,hipLaunchKernel,ENTER,const void*=0x7fe663154280; dim3=dim3(0x13600000136); dim3=dim3(0x1); void**=0x2000000020,,0
2025-10-01 16:49:40.497,1875025,hipLaunchKernel,LEAVE,const void*=0x7fe663154280; dim3=dim3(0x13600000136); dim3=dim3(0x1); void**=0x2000000020,NULL,0
2025-10-01 16:49:40.498,1875025,hipGetLastError,ENTER,,,0
2025-10-01 16:49:40.498,1875025,hipGetLastError,LEAVE,,NULL,0
2025-10-01 16:49:40.498,1875025,hipLaunchKernel,ENTER,const void*=0x7fe663154280; dim3=dim3(0x13600000136); dim3=dim3(0x1); void**=0x2000000020,,0
2025-10-01 16:49:40.498,1875025,hipLaunchKernel,LEAVE,const void*=0x7fe663154280; dim3=dim3(0x13600000136); dim3=dim3(0x1); void**=0x2000000020,NULL,0
2025-10-01 16:49:40.498,1875025,hipGetLastError,ENTER,,,0
2025-10-01 16:49:40.498,1875025,hipGetLastError,LEAVE,,NULL,0
2025-10-01 16:49:40.498,1875025,hipStreamSynchronize,ENTER,hipStream_t=0x7fa5e8001290,,0
2025-10-01 16:49:40.498,1875025,hipStreamSynchronize,LEAVE,hipStream_t=0x7fa5e8001290,NULL,0
2025-10-01 16:49:40.498,1875025,hipLaunchKernel,ENTER,const void*=0x7fe663154280; dim3=dim3(0x13600000136); dim3=dim3(0x1); void**=0x2000000020,,0
2025-10-01 16:49:40.499,1875025,hipLaunchKernel,LEAVE,const void*=0x7fe663154280; dim3=dim3(0x13600000136); dim3=dim3(0x1); void**=0x2000000020,NULL,0
2025-10-01 16:49:40.499,1875025,hipGetLastError,ENTER,,,0
2025-10-01 16:49:40.499,1875025,hipGetLastError,LEAVE,,NULL,0
2025-10-01 16:49:40.499,1875025,hipLaunchKernel,ENTER,const void*=0x7fe663154280; dim3=dim3(0x13600000136); dim3=dim3(0x1); void**=0x2000000020,,0
2025-10-01 16:49:40.499,1875025,hipLaunchKernel,LEAVE,const void*=0x7fe663154280; dim3=dim3(0x13600000136); dim3=dim3(0x1); void**=0x2000000020,NULL,0
2025-10-01 16:49:40.499,1875025,hipGetLastError,ENTER,,,0
2025-10-01 16:49:40.499,1875025,hipGetLastError,LEAVE,,NULL,0
2025-10-01 16:49:40.499,1875025,hipLaunchKernel,ENTER,const void*=0x7fe663154280; dim3=dim3(0x13600000136); dim3=dim3(0x1); void**=0x2000000020,,0
2025-10-01 16:49:40.499,1875025,hipLaunchKernel,LEAVE,const void*=0x7fe663154280; dim3=dim3(0x13600000136); dim3=dim3(0x1); void**=0x2000000020,NULL,0
2025-10-01 16:49:40.500,1875025,hipGetLastError,ENTER,,,0
2025-10-01 16:49:40.500,1875025,hipGetLastError,LEAVE,,NULL,0
2025-10-01 16:49:40.500,1875025,hipLaunchKernel,ENTER,const void*=0x7fe663154280; dim3=dim3(0x13600000136); dim3=dim3(0x1); void**=0x2000000020,,0
2025-10-01 16:49:40.500,1875025,hipLaunchKernel,LEAVE,const void*=0x7fe663154280; dim3=dim3(0x13600000136); dim3=dim3(0x1); void**=0x2000000020,NULL,0
2025-10-01 16:49:40.500,1875025,hipGetLastError,ENTER,,,0
2025-10-01 16:49:40.500,1875025,hipGetLastError,LEAVE,,NULL,0
2025-10-01 16:49:40.500,1875025,hipLaunchKernel,ENTER,const void*=0x7fe663154280; dim3=dim3(0x13600000136); dim3=dim3(0x1); void**=0x2000000020,,0
2025-10-01 16:49:40.500,1875025,hipLaunchKernel,LEAVE,const void*=0x7fe663154280; dim3=dim3(0x13600000136); dim3=dim3(0x1); void**=0x2000000020,NULL,0
2025-10-01 16:49:40.500,1875025,hipGetLastError,ENTER,,,0
2025-10-01 16:49:40.501,1875025,hipGetLastError,LEAVE,,NULL,0
2025-10-01 16:49:40.501,1875025,hipLaunchKernel,ENTER,const void*=0x7fe663154280; dim3=dim3(0x13600000136); dim3=dim3(0x1); void**=0x2000000020,,0
2025-10-01 16:49:40.501,1875025,hipLaunchKernel,LEAVE,const void*=0x7fe663154280; dim3=dim3(0x13600000136); dim3=dim3(0x1); void**=0x2000000020,NULL,0
2025-10-01 16:49:40.501,1875025,hipGetLastError,ENTER,,,0
2025-10-01 16:49:40.501,1875025,hipGetLastError,LEAVE,,NULL,0
2025-10-01 16:49:40.501,1875025,hipLaunchKernel,ENTER,const void*=0x7fe663154280; dim3=dim3(0x13600000136); dim3=dim3(0x1); void**=0x2000000020,,0
2025-10-01 16:49:40.501,1875025,hipLaunchKernel,LEAVE,const void*=0x7fe663154280; dim3=dim3(0x13600000136); dim3=dim3(0x1); void**=0x2000000020,NULL,0
2025-10-01 16:49:40.501,1875025,hipGetLastError,ENTER,,,0
2025-10-01 16:49:40.501,1875025,hipGetLastError,LEAVE,,NULL,0
2025-10-01 16:49:40.502,1875025,hipLaunchKernel,ENTER,const void*=0x7fe663154280; dim3=dim3(0x13600000136); dim3=dim3(0x1); void**=0x2000000020,,0
2025-10-01 16:49:40.502,1875025,hipLaunchKernel,LEAVE,const void*=0x7fe663154280; dim3=dim3(0x13600000136); dim3=dim3(0x1); void**=0x2000000020,NULL,0
2025-10-01 16:49:40.502,1875025,hipGetLastError,ENTER,,,0
2025-10-01 16:49:40.502,1875025,hipGetLastError,LEAVE,,NULL,0
2025-10-01 16:49:40.502,1875025,hipLaunchKernel,ENTER,const void*=0x7fe663154280; dim3=dim3(0x13600000136); dim3=dim3(0x1); void**=0x2000000020,,0
2025-10-01 16:49:40.502,1875025,hipLaunchKernel,LEAVE,const void*=0x7fe663154280; dim3=dim3(0x13600000136); dim3=dim3(0x1); void**=0x2000000020,NULL,0
2025-10-01 16:49:40.502,1875025,hipGetLastError,ENTER,,,0
2025-10-01 16:49:40.502,1875025,hipGetLastError,LEAVE,,NULL,0
2025-10-01 16:49:40.502,1875025,hipLaunchKernel,ENTER,const void*=0x7fe663154280; dim3=dim3(0x13600000136); dim3=dim3(0x1); void**=0x2000000020,,0
2025-10-01 16:49:40.503,1875025,hipLaunchKernel,LEAVE,const void*=0x7fe663154280; dim3=dim3(0x13600000136); dim3=dim3(0x1); void**=0x2000000020,NULL,0
2025-10-01 16:49:40.503,1875025,hipGetLastError,ENTER,,,0
2025-10-01 16:49:40.503,1875025,hipGetLastError,LEAVE,,NULL,0
2025-10-01 16:49:40.503,1875025,hipStreamSynchronize,ENTER,hipStream_t=0x7fa5e8001290,,0
2025-10-01 16:49:40.503,1875025,hipStreamSynchronize,LEAVE,hipStream_t=0x7fa5e8001290,NULL,0
2025-10-01 16:49:40.503,1875025,hipLaunchKernel,ENTER,const void*=0x7fe663154280; dim3=dim3(0x13600000136); dim3=dim3(0x1); void**=0x2000000020,,0
2025-10-01 16:49:40.503,1875025,hipLaunchKernel,LEAVE,const void*=0x7fe663154280; dim3=dim3(0x13600000136); dim3=dim3(0x1); void**=0x2000000020,NULL,0
2025-10-01 16:49:40.503,1875025,hipGetLastError,ENTER,,,0
2025-10-01 16:49:40.503,1875025,hipGetLastError,LEAVE,,NULL,0
2025-10-01 16:49:40.504,1875025,hipLaunchKernel,ENTER,const void*=0x7fe663154280; dim3=dim3(0x13600000136); dim3=dim3(0x1); void**=0x2000000020,,0
2025-10-01 16:49:40.504,1875025,hipLaunchKernel,LEAVE,const void*=0x7fe663154280; dim3=dim3(0x13600000136); dim3=dim3(0x1); void**=0x2000000020,NULL,0
2025-10-01 16:49:40.504,1875025,hipGetLastError,ENTER,,,0
2025-10-01 16:49:40.504,1875025,hipGetLastError,LEAVE,,NULL,0
2025-10-01 16:49:40.504,1875025,hipLaunchKernel,ENTER,const void*=0x7fe663154280; dim3=dim3(0x13600000136); dim3=dim3(0x1); void**=0x2000000020,,0
2025-10-01 16:49:40.504,1875025,hipLaunchKernel,LEAVE,const void*=0x7fe663154280; dim3=dim3(0x13600000136); dim3=dim3(0x1); void**=0x2000000020,NULL,0
2025-10-01 16:49:40.504,1875025,hipGetLastError,ENTER,,,0
2025-10-01 16:49:40.504,1875025,hipGetLastError,LEAVE,,NULL,0
2025-10-01 16:49:40.505,1875025,hipLaunchKernel,ENTER,const void*=0x7fe663154280; dim3=dim3(0x13600000136); dim3=dim3(0x1); void**=0x2000000020,,0
2025-10-01 16:49:40.505,1875025,hipLaunchKernel,LEAVE,const void*=0x7fe663154280; dim3=dim3(0x13600000136); dim3=dim3(0x1); void**=0x2000000020,NULL,0
2025-10-01 16:49:40.505,1875025,hipGetLastError,ENTER,,,0
2025-10-01 16:49:40.505,1875025,hipGetLastError,LEAVE,,NULL,0
2025-10-01 16:49:40.505,1875025,hipLaunchKernel,ENTER,const void*=0x7fe663154280; dim3=dim3(0x13600000136); dim3=dim3(0x1); void**=0x2000000020,,0
2025-10-01 16:49:40.505,1875025,hipLaunchKernel,LEAVE,const void*=0x7fe663154280; dim3=dim3(0x13600000136); dim3=dim3(0x1); void**=0x2000000020,NULL,0
2025-10-01 16:49:40.505,1875025,hipGetLastError,ENTER,,,0
2025-10-01 16:49:40.505,1875025,hipGetLastError,LEAVE,,NULL,0
2025-10-01 16:49:40.505,1875025,hipLaunchKernel,ENTER,const void*=0x7fe663154280; dim3=dim3(0x13600000136); dim3=dim3(0x1); void**=0x2000000020,,0
2025-10-01 16:49:40.506,1875025,hipLaunchKernel,LEAVE,const void*=0x7fe663154280; dim3=dim3(0x13600000136); dim3=dim3(0x1); void**=0x2000000020,NULL,0
2025-10-01 16:49:40.506,1875025,hipGetLastError,ENTER,,,0
2025-10-01 16:49:40.506,1875025,hipGetLastError,LEAVE,,NULL,0
2025-10-01 16:49:40.506,1875025,hipLaunchKernel,ENTER,const void*=0x7fe663154280; dim3=dim3(0x13600000136); dim3=dim3(0x1); void**=0x2000000020,,0
2025-10-01 16:49:40.506,1875025,hipLaunchKernel,LEAVE,const void*=0x7fe663154280; dim3=dim3(0x13600000136); dim3=dim3(0x1); void**=0x2000000020,NULL,0
2025-10-01 16:49:40.506,1875025,hipGetLastError,ENTER,,,0
2025-10-01 16:49:40.506,1875025,hipGetLastError,LEAVE,,NULL,0
2025-10-01 16:49:40.506,1875025,hipLaunchKernel,ENTER,const void*=0x7fe663154280; dim3=dim3(0x13600000136); dim3=dim3(0x1); void**=0x2000000020,,0
2025-10-01 16:49:40.507,1875025,hipLaunchKernel,LEAVE,const void*=0x7fe663154280; dim3=dim3(0x13600000136); dim3=dim3(0x1); void**=0x2000000020,NULL,0
2025-10-01 16:49:40.507,1875025,hipGetLastError,ENTER,,,0
2025-10-01 16:49:40.507,1875025,hipGetLastError,LEAVE,,NULL,0
2025-10-01 16:49:40.507,1875025,hipLaunchKernel,ENTER,const void*=0x7fe663154280; dim3=dim3(0x13600000136); dim3=dim3(0x1); void**=0x2000000020,,0
2025-10-01 16:49:40.507,1875025,hipLaunchKernel,LEAVE,const void*=0x7fe663154280; dim3=dim3(0x13600000136); dim3=dim3(0x1); void**=0x2000000020,NULL,0
2025-10-01 16:49:40.507,1875025,hipGetLastError,ENTER,,,0
2025-10-01 16:49:40.507,1875025,hipGetLastError,LEAVE,,NULL,0
2025-10-01 16:49:40.507,1875025,hipLaunchKernel,ENTER,const void*=0x7fe663154280; dim3=dim3(0x13600000136); dim3=dim3(0x1); void**=0x2000000020,,0
2025-10-01 16:49:40.507,1875025,hipLaunchKernel,LEAVE,const void*=0x7fe663154280; dim3=dim3(0x13600000136); dim3=dim3(0x1); void**=0x2000000020,NULL,0
2025-10-01 16:49:40.507,1875025,hipGetLastError,ENTER,,,0
2025-10-01 16:49:40.508,1875025,hipGetLastError,LEAVE,,NULL,0
2025-10-01 16:49:40.508,1875025,hipStreamSynchronize,ENTER,hipStream_t=0x7fa5e8001290,,0
2025-10-01 16:49:40.508,1875025,hipStreamSynchronize,LEAVE,hipStream_t=0x7fa5e8001290,NULL,0
2025-10-01 16:49:40.508,1875025,hipLaunchKernel,ENTER,const void*=0x7fe663154280; dim3=dim3(0x13600000136); dim3=dim3(0x1); void**=0x2000000020,,0
2025-10-01 16:49:40.508,1875025,hipLaunchKernel,LEAVE,const void*=0x7fe663154280; dim3=dim3(0x13600000136); dim3=dim3(0x1); void**=0x2000000020,NULL,0
2025-10-01 16:49:40.508,1875025,hipGetLastError,ENTER,,,0
2025-10-01 16:49:40.508,1875025,hipGetLastError,LEAVE,,NULL,0
2025-10-01 16:49:40.508,1875025,hipLaunchKernel,ENTER,const void*=0x7fe663154280; dim3=dim3(0x13600000136); dim3=dim3(0x1); void**=0x2000000020,,0
2025-10-01 16:49:40.509,1875025,hipLaunchKernel,LEAVE,const void*=0x7fe663154280; dim3=dim3(0x13600000136); dim3=dim3(0x1); void**=0x2000000020,NULL,0
2025-10-01 16:49:40.509,1875025,hipGetLastError,ENTER,,,0
2025-10-01 16:49:40.509,1875025,hipGetLastError,LEAVE,,NULL,0
2025-10-01 16:49:40.509,1875025,hipLaunchKernel,ENTER,const void*=0x7fe663154280; dim3=dim3(0x13600000136); dim3=dim3(0x1); void**=0x2000000020,,0
2025-10-01 16:49:40.509,1875025,hipLaunchKernel,LEAVE,const void*=0x7fe663154280; dim3=dim3(0x13600000136); dim3=dim3(0x1); void**=0x2000000020,NULL,0
2025-10-01 16:49:40.509,1875025,hipGetLastError,ENTER,,,0
2025-10-01 16:49:40.509,1875025,hipGetLastError,LEAVE,,NULL,0
2025-10-01 16:49:40.509,1875025,hipLaunchKernel,ENTER,const void*=0x7fe663154280; dim3=dim3(0x13600000136); dim3=dim3(0x1); void**=0x2000000020,,0
2025-10-01 16:49:40.509,1875025,hipLaunchKernel,LEAVE,const void*=0x7fe663154280; dim3=dim3(0x13600000136); dim3=dim3(0x1); void**=0x2000000020,NULL,0
2025-10-01 16:49:40.509,1875025,hipGetLastError,ENTER,,,0
2025-10-01 16:49:40.510,1875025,hipGetLastError,LEAVE,,NULL,0
2025-10-01 16:49:40.510,1875025,hipLaunchKernel,ENTER,const void*=0x7fe663154280; dim3=dim3(0x13600000136); dim3=dim3(0x1); void**=0x2000000020,,0
2025-10-01 16:49:40.510,1875025,hipLaunchKernel,LEAVE,const void*=0x7fe663154280; dim3=dim3(0x13600000136); dim3=dim3(0x1); void**=0x2000000020,NULL,0
2025-10-01 16:49:40.510,1875025,hipGetLastError,ENTER,,,0
2025-10-01 16:49:40.510,1875025,hipGetLastError,LEAVE,,NULL,0
2025-10-01 16:49:40.510,1875025,hipLaunchKernel,ENTER,const void*=0x7fe663154280; dim3=dim3(0x13600000136); dim3=dim3(0x1); void**=0x2000000020,,0
2025-10-01 16:49:40.510,1875025,hipLaunchKernel,LEAVE,const void*=0x7fe663154280; dim3=dim3(0x13600000136); dim3=dim3(0x1); void**=0x2000000020,NULL,0
2025-10-01 16:49:40.510,1875025,hipGetLastError,ENTER,,,0
2025-10-01 16:49:40.510,1875025,hipGetLastError,LEAVE,,NULL,0
2025-10-01 16:49:40.510,1875025,hipLaunchKernel,ENTER,const void*=0x7fe663154280; dim3=dim3(0x13600000136); dim3=dim3(0x1); void**=0x2000000020,,0
2025-10-01 16:49:40.511,1875025,hipLaunchKernel,LEAVE,const void*=0x7fe663154280; dim3=dim3(0x13600000136); dim3=dim3(0x1); void**=0x2000000020,NULL,1
2025-10-01 16:49:40.511,1875025,hipGetLastError,ENTER,,,0
2025-10-01 16:49:40.511,1875025,hipGetLastError,LEAVE,,NULL,0
2025-10-01 16:49:40.511,1875025,hipLaunchKernel,ENTER,const void*=0x7fe663154280; dim3=dim3(0x13600000136); dim3=dim3(0x1); void**=0x2000000020,,0
2025-10-01 16:49:40.511,1875025,hipLaunchKernel,LEAVE,const void*=0x7fe663154280; dim3=dim3(0x13600000136); dim3=dim3(0x1); void**=0x2000000020,NULL,0
2025-10-01 16:49:40.511,1875025,hipGetLastError,ENTER,,,0
2025-10-01 16:49:40.511,1875025,hipGetLastError,LEAVE,,NULL,0
2025-10-01 16:49:40.511,1875025,hipLaunchKernel,ENTER,const void*=0x7fe663154280; dim3=dim3(0x13600000136); dim3=dim3(0x1); void**=0x2000000020,,0
2025-10-01 16:49:40.511,1875025,hipLaunchKernel,LEAVE,const void*=0x7fe663154280; dim3=dim3(0x13600000136); dim3=dim3(0x1); void**=0x2000000020,NULL,0
2025-10-01 16:49:40.511,1875025,hipGetLastError,ENTER,,,0
2025-10-01 16:49:40.511,1875025,hipGetLastError,LEAVE,,NULL,0
2025-10-01 16:49:40.511,1875025,hipLaunchKernel,ENTER,const void*=0x7fe663154280; dim3=dim3(0x13600000136); dim3=dim3(0x1); void**=0x2000000020,,0
2025-10-01 16:49:40.512,1875025,hipLaunchKernel,LEAVE,const void*=0x7fe663154280; dim3=dim3(0x13600000136); dim3=dim3(0x1); void**=0x2000000020,NULL,0
2025-10-01 16:49:40.512,1875025,hipGetLastError,ENTER,,,0
2025-10-01 16:49:40.512,1875025,hipGetLastError,LEAVE,,NULL,0
2025-10-01 16:49:40.512,1875025,hipStreamSynchronize,ENTER,hipStream_t=0x7fa5e8001290,,0
2025-10-01 16:49:40.512,1875025,hipStreamSynchronize,LEAVE,hipStream_t=0x7fa5e8001290,NULL,0
2025-10-01 16:49:40.512,1875025,hipLaunchKernel,ENTER,const void*=0x7fe663154280; dim3=dim3(0x13600000136); dim3=dim3(0x1); void**=0x2000000020,,0
2025-10-01 16:49:40.512,1875025,hipLaunchKernel,LEAVE,const void*=0x7fe663154280; dim3=dim3(0x13600000136); dim3=dim3(0x1); void**=0x2000000020,NULL,0
2025-10-01 16:49:40.512,1875025,hipGetLastError,ENTER,,,0
2025-10-01 16:49:40.512,1875025,hipGetLastError,LEAVE,,NULL,0
2025-10-01 16:49:40.512,1875025,hipLaunchKernel,ENTER,const void*=0x7fe663154280; dim3=dim3(0x13600000136); dim3=dim3(0x1); void**=0x2000000020,,0
2025-10-01 16:49:40.512,1875025,hipLaunchKernel,LEAVE,const void*=0x7fe663154280; dim3=dim3(0x13600000136); dim3=dim3(0x1); void**=0x2000000020,NULL,0
2025-10-01 16:49:40.513,1875025,hipGetLastError,ENTER,,,0
2025-10-01 16:49:40.513,1875025,hipGetLastError,LEAVE,,NULL,0
2025-10-01 16:49:40.513,1875025,hipLaunchKernel,ENTER,const void*=0x7fe663154280; dim3=dim3(0x13600000136); dim3=dim3(0x1); void**=0x2000000020,,0
2025-10-01 16:49:40.513,1875025,hipLaunchKernel,LEAVE,const void*=0x7fe663154280; dim3=dim3(0x13600000136); dim3=dim3(0x1); void**=0x2000000020,NULL,0
2025-10-01 16:49:40.513,1875025,hipGetLastError,ENTER,,,0
2025-10-01 16:49:40.513,1875025,hipGetLastError,LEAVE,,NULL,0
2025-10-01 16:49:40.513,1875025,hipLaunchKernel,ENTER,const void*=0x7fe663154280; dim3=dim3(0x13600000136); dim3=dim3(0x1); void**=0x2000000020,,0
2025-10-01 16:49:40.513,1875025,hipLaunchKernel,LEAVE,const void*=0x7fe663154280; dim3=dim3(0x13600000136); dim3=dim3(0x1); void**=0x2000000020,NULL,0
2025-10-01 16:49:40.513,1875025,hipGetLastError,ENTER,,,0
2025-10-01 16:49:40.513,1875025,hipGetLastError,LEAVE,,NULL,0
2025-10-01 16:49:40.514,1875025,hipLaunchKernel,ENTER,const void*=0x7fe663154280; dim3=dim3(0x13600000136); dim3=dim3(0x1); void**=0x2000000020,,0
2025-10-01 16:49:40.514,1875025,hipLaunchKernel,LEAVE,const void*=0x7fe663154280; dim3=dim3(0x13600000136); dim3=dim3(0x1); void**=0x2000000020,NULL,0
2025-10-01 16:49:40.514,1875025,hipGetLastError,ENTER,,,0
2025-10-01 16:49:40.514,1875025,hipGetLastError,LEAVE,,NULL,0
2025-10-01 16:49:40.514,1875025,hipLaunchKernel,ENTER,const void*=0x7fe663154280; dim3=dim3(0x13600000136); dim3=dim3(0x1); void**=0x2000000020,,0
2025-10-01 16:49:40.514,1875025,hipLaunchKernel,LEAVE,const void*=0x7fe663154280; dim3=dim3(0x13600000136); dim3=dim3(0x1); void**=0x2000000020,NULL,0
2025-10-01 16:49:40.514,1875025,hipGetLastError,ENTER,,,0
2025-10-01 16:49:40.514,1875025,hipGetLastError,LEAVE,,NULL,0
2025-10-01 16:49:40.514,1875025,hipLaunchKernel,ENTER,const void*=0x7fe663154280; dim3=dim3(0x13600000136); dim3=dim3(0x1); void**=0x2000000020,,0
2025-10-01 16:49:40.514,1875025,hipLaunchKernel,LEAVE,const void*=0x7fe663154280; dim3=dim3(0x13600000136); dim3=dim3(0x1); void**=0x2000000020,NULL,0
2025-10-01 16:49:40.514,1875025,hipGetLastError,ENTER,,,0
2025-10-01 16:49:40.515,1875025,hipGetLastError,LEAVE,,NULL,0
2025-10-01 16:49:40.515,1875025,hipLaunchKernel,ENTER,const void*=0x7fe663154280; dim3=dim3(0x13600000136); dim3=dim3(0x1); void**=0x2000000020,,0
2025-10-01 16:49:40.515,1875025,hipLaunchKernel,LEAVE,const void*=0x7fe663154280; dim3=dim3(0x13600000136); dim3=dim3(0x1); void**=0x2000000020,NULL,0
2025-10-01 16:49:40.515,1875025,hipGetLastError,ENTER,,,0
2025-10-01 16:49:40.515,1875025,hipGetLastError,LEAVE,,NULL,0
2025-10-01 16:49:40.515,1875025,hipLaunchKernel,ENTER,const void*=0x7fe663154280; dim3=dim3(0x13600000136); dim3=dim3(0x1); void**=0x2000000020,,0
2025-10-01 16:49:40.515,1875025,hipLaunchKernel,LEAVE,const void*=0x7fe663154280; dim3=dim3(0x13600000136); dim3=dim3(0x1); void**=0x2000000020,NULL,0
2025-10-01 16:49:40.515,1875025,hipGetLastError,ENTER,,,0
2025-10-01 16:49:40.515,1875025,hipGetLastError,LEAVE,,NULL,0
2025-10-01 16:49:40.515,1875025,hipLaunchKernel,ENTER,const void*=0x7fe663154280; dim3=dim3(0x13600000136); dim3=dim3(0x1); void**=0x2000000020,,0
2025-10-01 16:49:40.515,1875025,hipLaunchKernel,LEAVE,const void*=0x7fe663154280; dim3=dim3(0x13600000136); dim3=dim3(0x1); void**=0x2000000020,NULL,0
2025-10-01 16:49:40.516,1875025,hipGetLastError,ENTER,,,0
2025-10-01 16:49:40.516,1875025,hipGetLastError,LEAVE,,NULL,0
2025-10-01 16:49:40.516,1875025,hipStreamSynchronize,ENTER,hipStream_t=0x7fa5e8001290,,0
2025-10-01 16:49:40.516,1875025,hipStreamSynchronize,LEAVE,hipStream_t=0x7fa5e8001290,NULL,0
2025-10-01 16:49:40.516,1875025,hipLaunchKernel,ENTER,const void*=0x7fe663154280; dim3=dim3(0x13600000136); dim3=dim3(0x1); void**=0x2000000020,,0
2025-10-01 16:49:40.516,1875025,hipLaunchKernel,LEAVE,const void*=0x7fe663154280; dim3=dim3(0x13600000136); dim3=dim3(0x1); void**=0x2000000020,NULL,0
2025-10-01 16:49:40.516,1875025,hipGetLastError,ENTER,,,0
2025-10-01 16:49:40.516,1875025,hipGetLastError,LEAVE,,NULL,0
2025-10-01 16:49:40.516,1875025,hipLaunchKernel,ENTER,const void*=0x7fe663154280; dim3=dim3(0x13600000136); dim3=dim3(0x1); void**=0x2000000020,,0
2025-10-01 16:49:40.516,1875025,hipLaunchKernel,LEAVE,const void*=0x7fe663154280; dim3=dim3(0x13600000136); dim3=dim3(0x1); void**=0x2000000020,NULL,0
2025-10-01 16:49:40.516,1875025,hipGetLastError,ENTER,,,0
2025-10-01 16:49:40.516,1875025,hipGetLastError,LEAVE,,NULL,1
2025-10-01 16:49:40.517,1875025,hipLaunchKernel,ENTER,const void*=0x7fe663154280; dim3=dim3(0x13600000136); dim3=dim3(0x1); void**=0x2000000020,,0
2025-10-01 16:49:40.517,1875025,hipLaunchKernel,LEAVE,const void*=0x7fe663154280; dim3=dim3(0x13600000136); dim3=dim3(0x1); void**=0x2000000020,NULL,0
2025-10-01 16:49:40.517,1875025,hipGetLastError,ENTER,,,0
2025-10-01 16:49:40.517,1875025,hipGetLastError,LEAVE,,NULL,0
2025-10-01 16:49:40.517,1875025,hipLaunchKernel,ENTER,const void*=0x7fe663154280; dim3=dim3(0x13600000136); dim3=dim3(0x1); void**=0x2000000020,,0
2025-10-01 16:49:40.517,1875025,hipLaunchKernel,LEAVE,const void*=0x7fe663154280; dim3=dim3(0x13600000136); dim3=dim3(0x1); void**=0x2000000020,NULL,0
2025-10-01 16:49:40.517,1875025,hipGetLastError,ENTER,,,0
2025-10-01 16:49:40.517,1875025,hipGetLastError,LEAVE,,NULL,0
2025-10-01 16:49:40.517,1875025,hipLaunchKernel,ENTER,const void*=0x7fe663154280; dim3=dim3(0x13600000136); dim3=dim3(0x1); void**=0x2000000020,,0
2025-10-01 16:49:40.517,1875025,hipLaunchKernel,LEAVE,const void*=0x7fe663154280; dim3=dim3(0x13600000136); dim3=dim3(0x1); void**=0x2000000020,NULL,0
2025-10-01 16:49:40.517,1875025,hipGetLastError,ENTER,,,0
2025-10-01 16:49:40.518,1875025,hipGetLastError,LEAVE,,NULL,0
2025-10-01 16:49:40.518,1875025,hipLaunchKernel,ENTER,const void*=0x7fe663154280; dim3=dim3(0x13600000136); dim3=dim3(0x1); void**=0x2000000020,,0
2025-10-01 16:49:40.518,1875025,hipLaunchKernel,LEAVE,const void*=0x7fe663154280; dim3=dim3(0x13600000136); dim3=dim3(0x1); void**=0x2000000020,NULL,0
2025-10-01 16:49:40.518,1875025,hipGetLastError,ENTER,,,0
2025-10-01 16:49:40.518,1875025,hipGetLastError,LEAVE,,NULL,0
2025-10-01 16:49:40.518,1875025,hipLaunchKernel,ENTER,const void*=0x7fe663154280; dim3=dim3(0x13600000136); dim3=dim3(0x1); void**=0x2000000020,,0
2025-10-01 16:49:40.518,1875025,hipLaunchKernel,LEAVE,const void*=0x7fe663154280; dim3=dim3(0x13600000136); dim3=dim3(0x1); void**=0x2000000020,NULL,0
2025-10-01 16:49:40.518,1875025,hipGetLastError,ENTER,,,0
2025-10-01 16:49:40.518,1875025,hipGetLastError,LEAVE,,NULL,0
2025-10-01 16:49:40.518,1875025,hipLaunchKernel,ENTER,const void*=0x7fe663154280; dim3=dim3(0x13600000136); dim3=dim3(0x1); void**=0x2000000020,,0
2025-10-01 16:49:40.518,1875025,hipLaunchKernel,LEAVE,const void*=0x7fe663154280; dim3=dim3(0x13600000136); dim3=dim3(0x1); void**=0x2000000020,NULL,0
2025-10-01 16:49:40.519,1875025,hipGetLastError,ENTER,,,0
2025-10-01 16:49:40.519,1875025,hipGetLastError,LEAVE,,NULL,0
2025-10-01 16:49:40.519,1875025,hipLaunchKernel,ENTER,const void*=0x7fe663154280; dim3=dim3(0x13600000136); dim3=dim3(0x1); void**=0x2000000020,,0
2025-10-01 16:49:40.519,1875025,hipLaunchKernel,LEAVE,const void*=0x7fe663154280; dim3=dim3(0x13600000136); dim3=dim3(0x1); void**=0x2000000020,NULL,0
2025-10-01 16:49:40.519,1875025,hipGetLastError,ENTER,,,0
2025-10-01 16:49:40.519,1875025,hipGetLastError,LEAVE,,NULL,0
2025-10-01 16:49:40.519,1875025,hipLaunchKernel,ENTER,const void*=0x7fe663154280; dim3=dim3(0x13600000136); dim3=dim3(0x1); void**=0x2000000020,,0
2025-10-01 16:49:40.519,1875025,hipLaunchKernel,LEAVE,const void*=0x7fe663154280; dim3=dim3(0x13600000136); dim3=dim3(0x1); void**=0x2000000020,NULL,0
2025-10-01 16:49:40.519,1875025,hipGetLastError,ENTER,,,0
2025-10-01 16:49:40.519,1875025,hipGetLastError,LEAVE,,NULL,0
2025-10-01 16:49:40.519,1875025,hipStreamSynchronize,ENTER,hipStream_t=0x7fa5e8001290,,0
2025-10-01 16:49:40.519,1875025,hipStreamSynchronize,LEAVE,hipStream_t=0x7fa5e8001290,NULL,1
2025-10-01 16:49:40.520,1875025,hipLaunchKernel,ENTER,const void*=0x7fe663154280; dim3=dim3(0x13600000136); dim3=dim3(0x1); void**=0x2000000020,,0
2025-10-01 16:49:40.520,1875025,hipLaunchKernel,LEAVE,const void*=0x7fe663154280; dim3=dim3(0x13600000136); dim3=dim3(0x1); void**=0x2000000020,NULL,0
2025-10-01 16:49:40.520,1875025,hipGetLastError,ENTER,,,0
2025-10-01 16:49:40.520,1875025,hipGetLastError,LEAVE,,NULL,0
2025-10-01 16:49:40.520,1875025,hipLaunchKernel,ENTER,const void*=0x7fe663154280; dim3=dim3(0x13600000136); dim3=dim3(0x1); void**=0x2000000020,,0
2025-10-01 16:49:40.520,1875025,hipLaunchKernel,LEAVE,const void*=0x7fe663154280; dim3=dim3(0x13600000136); dim3=dim3(0x1); void**=0x2000000020,NULL,0
2025-10-01 16:49:40.520,1875025,hipGetLastError,ENTER,,,0
2025-10-01 16:49:40.520,1875025,hipGetLastError,LEAVE,,NULL,0
2025-10-01 16:49:40.520,1875025,hipLaunchKernel,ENTER,const void*=0x7fe663154280; dim3=dim3(0x13600000136); dim3=dim3(0x1); void**=0x2000000020,,0
2025-10-01 16:49:40.521,1875025,hipLaunchKernel,LEAVE,const void*=0x7fe663154280; dim3=dim3(0x13600000136); dim3=dim3(0x1); void**=0x2000000020,NULL,0
2025-10-01 16:49:40.521,1875025,hipGetLastError,ENTER,,,0
2025-10-01 16:49:40.521,1875025,hipGetLastError,LEAVE,,NULL,0
2025-10-01 16:49:40.521,1875025,hipLaunchKernel,ENTER,const void*=0x7fe663154280; dim3=dim3(0x13600000136); dim3=dim3(0x1); void**=0x2000000020,,0
2025-10-01 16:49:40.521,1875025,hipLaunchKernel,LEAVE,const void*=0x7fe663154280; dim3=dim3(0x13600000136); dim3=dim3(0x1); void**=0x2000000020,NULL,0
2025-10-01 16:49:40.521,1875025,hipGetLastError,ENTER,,,0
2025-10-01 16:49:40.521,1875025,hipGetLastError,LEAVE,,NULL,0
2025-10-01 16:49:40.521,1875025,hipLaunchKernel,ENTER,const void*=0x7fe663154280; dim3=dim3(0x13600000136); dim3=dim3(0x1); void**=0x2000000020,,0
2025-10-01 16:49:40.521,1875025,hipLaunchKernel,LEAVE,const void*=0x7fe663154280; dim3=dim3(0x13600000136); dim3=dim3(0x1); void**=0x2000000020,NULL,0
2025-10-01 16:49:40.521,1875025,hipGetLastError,ENTER,,,0
2025-10-01 16:49:40.521,1875025,hipGetLastError,LEAVE,,NULL,0
2025-10-01 16:49:40.522,1875025,hipLaunchKernel,ENTER,const void*=0x7fe663154280; dim3=dim3(0x13600000136); dim3=dim3(0x1); void**=0x2000000020,,0
2025-10-01 16:49:40.522,1875025,hipLaunchKernel,LEAVE,const void*=0x7fe663154280; dim3=dim3(0x13600000136); dim3=dim3(0x1); void**=0x2000000020,NULL,0
2025-10-01 16:49:40.522,1875025,hipGetLastError,ENTER,,,0
2025-10-01 16:49:40.522,1875025,hipGetLastError,LEAVE,,NULL,0
2025-10-01 16:49:40.522,1875025,hipLaunchKernel,ENTER,const void*=0x7fe663154280; dim3=dim3(0x13600000136); dim3=dim3(0x1); void**=0x2000000020,,0
2025-10-01 16:49:40.522,1875025,hipLaunchKernel,LEAVE,const void*=0x7fe663154280; dim3=dim3(0x13600000136); dim3=dim3(0x1); void**=0x2000000020,NULL,0
2025-10-01 16:49:40.522,1875025,hipGetLastError,ENTER,,,0
2025-10-01 16:49:40.522,1875025,hipGetLastError,LEAVE,,NULL,0
2025-10-01 16:49:40.522,1875025,hipLaunchKernel,ENTER,const void*=0x7fe663154280; dim3=dim3(0x13600000136); dim3=dim3(0x1); void**=0x2000000020,,0
2025-10-01 16:49:40.522,1875025,hipLaunchKernel,LEAVE,const void*=0x7fe663154280; dim3=dim3(0x13600000136); dim3=dim3(0x1); void**=0x2000000020,NULL,0
2025-10-01 16:49:40.522,1875025,hipGetLastError,ENTER,,,0
2025-10-01 16:49:40.523,1875025,hipGetLastError,LEAVE,,NULL,0
2025-10-01 16:49:40.523,1875025,hipLaunchKernel,ENTER,const void*=0x7fe663154280; dim3=dim3(0x13600000136); dim3=dim3(0x1); void**=0x2000000020,,0
2025-10-01 16:49:40.523,1875025,hipLaunchKernel,LEAVE,const void*=0x7fe663154280; dim3=dim3(0x13600000136); dim3=dim3(0x1); void**=0x2000000020,NULL,0
2025-10-01 16:49:40.523,1875025,hipGetLastError,ENTER,,,0
2025-10-01 16:49:40.523,1875025,hipGetLastError,LEAVE,,NULL,0
2025-10-01 16:49:40.523,1875025,hipLaunchKernel,ENTER,const void*=0x7fe663154280; dim3=dim3(0x13600000136); dim3=dim3(0x1); void**=0x2000000020,,0
2025-10-01 16:49:40.523,1875025,hipLaunchKernel,LEAVE,const void*=0x7fe663154280; dim3=dim3(0x13600000136); dim3=dim3(0x1); void**=0x2000000020,NULL,0
2025-10-01 16:49:40.523,1875025,hipGetLastError,ENTER,,,0
2025-10-01 16:49:40.523,1875025,hipGetLastError,LEAVE,,NULL,0
2025-10-01 16:49:40.523,1875025,hipStreamSynchronize,ENTER,hipStream_t=0x7fa5e8001290,,0
2025-10-01 16:49:40.523,1875025,hipStreamSynchronize,LEAVE,hipStream_t=0x7fa5e8001290,NULL,0
2025-10-01 16:49:40.524,1875025,hipLaunchKernel,ENTER,const void*=0x7fe663154280; dim3=dim3(0x13600000136); dim3=dim3(0x1); void**=0x2000000020,,0
2025-10-01 16:49:40.524,1875025,hipLaunchKernel,LEAVE,const void*=0x7fe663154280; dim3=dim3(0x13600000136); dim3=dim3(0x1); void**=0x2000000020,NULL,0
2025-10-01 16:49:40.524,1875025,hipGetLastError,ENTER,,,0
2025-10-01 16:49:40.524,1875025,hipGetLastError,LEAVE,,NULL,0
2025-10-01 16:49:40.524,1875025,hipLaunchKernel,ENTER,const void*=0x7fe663154280; dim3=dim3(0x13600000136); dim3=dim3(0x1); void**=0x2000000020,,0
2025-10-01 16:49:40.524,1875025,hipLaunchKernel,LEAVE,const void*=0x7fe663154280; dim3=dim3(0x13600000136); dim3=dim3(0x1); void**=0x2000000020,NULL,0
2025-10-01 16:49:40.524,1875025,hipGetLastError,ENTER,,,0
2025-10-01 16:49:40.524,1875025,hipGetLastError,LEAVE,,NULL,0
2025-10-01 16:49:40.524,1875025,hipLaunchKernel,ENTER,const void*=0x7fe663154280; dim3=dim3(0x13600000136); dim3=dim3(0x1); void**=0x2000000020,,0
2025-10-01 16:49:40.524,1875025,hipLaunchKernel,LEAVE,const void*=0x7fe663154280; dim3=dim3(0x13600000136); dim3=dim3(0x1); void**=0x2000000020,NULL,0
2025-10-01 16:49:40.524,1875025,hipGetLastError,ENTER,,,0
2025-10-01 16:49:40.525,1875025,hipGetLastError,LEAVE,,NULL,0
2025-10-01 16:49:40.525,1875025,hipLaunchKernel,ENTER,const void*=0x7fe663154280; dim3=dim3(0x13600000136); dim3=dim3(0x1); void**=0x2000000020,,0
2025-10-01 16:49:40.525,1875025,hipLaunchKernel,LEAVE,const void*=0x7fe663154280; dim3=dim3(0x13600000136); dim3=dim3(0x1); void**=0x2000000020,NULL,0
2025-10-01 16:49:40.525,1875025,hipGetLastError,ENTER,,,0
2025-10-01 16:49:40.525,1875025,hipGetLastError,LEAVE,,NULL,0
2025-10-01 16:49:40.525,1875025,hipLaunchKernel,ENTER,const void*=0x7fe663154280; dim3=dim3(0x13600000136); dim3=dim3(0x1); void**=0x2000000020,,0
2025-10-01 16:49:40.525,1875025,hipLaunchKernel,LEAVE,const void*=0x7fe663154280; dim3=dim3(0x13600000136); dim3=dim3(0x1); void**=0x2000000020,NULL,0
2025-10-01 16:49:40.525,1875025,hipGetLastError,ENTER,,,0
2025-10-01 16:49:40.525,1875025,hipGetLastError,LEAVE,,NULL,0
2025-10-01 16:49:40.525,1875025,hipLaunchKernel,ENTER,const void*=0x7fe663154280; dim3=dim3(0x13600000136); dim3=dim3(0x1); void**=0x2000000020,,0
2025-10-01 16:49:40.526,1875027,hipMemcpyAsync,LEAVE,void*=0x7f96414de010; const void*=0x7f8901e00000; size_t=0x17764000; hipMemcpyKind=hipMemcpyDeviceToHost,NULL,111
2025-10-01 16:49:40.526,1875025,hipLaunchKernel,LEAVE,const void*=0x7fe663154280; dim3=dim3(0x13600000136); dim3=dim3(0x1); void**=0x2000000020,NULL,0
2025-10-01 16:49:40.526,1875025,hipGetLastError,ENTER,,,0
2025-10-01 16:49:40.526,1875025,hipGetLastError,LEAVE,,NULL,0
2025-10-01 16:49:40.526,1875025,hipLaunchKernel,ENTER,const void*=0x7fe663154280; dim3=dim3(0x13600000136); dim3=dim3(0x1); void**=0x2000000020,,0
2025-10-01 16:49:40.526,1875025,hipLaunchKernel,LEAVE,const void*=0x7fe663154280; dim3=dim3(0x13600000136); dim3=dim3(0x1); void**=0x2000000020,NULL,0
2025-10-01 16:49:40.526,1875025,hipGetLastError,ENTER,,,0
2025-10-01 16:49:40.526,1875025,hipGetLastError,LEAVE,,NULL,0
2025-10-01 16:49:40.527,1875025,hipLaunchKernel,ENTER,const void*=0x7fe663154280; dim3=dim3(0x13600000136); dim3=dim3(0x1); void**=0x2000000020,,0
2025-10-01 16:49:40.527,1875025,hipLaunchKernel,LEAVE,const void*=0x7fe663154280; dim3=dim3(0x13600000136); dim3=dim3(0x1); void**=0x2000000020,NULL,0
2025-10-01 16:49:40.527,1875025,hipGetLastError,ENTER,,,0
2025-10-01 16:49:40.527,1875025,hipGetLastError,LEAVE,,NULL,0
2025-10-01 16:49:40.527,1875025,hipLaunchKernel,ENTER,const void*=0x7fe663154280; dim3=dim3(0x13600000136); dim3=dim3(0x1); void**=0x2000000020,,0
2025-10-01 16:49:40.527,1875025,hipLaunchKernel,LEAVE,const void*=0x7fe663154280; dim3=dim3(0x13600000136); dim3=dim3(0x1); void**=0x2000000020,NULL,0
2025-10-01 16:49:40.527,1875025,hipGetLastError,ENTER,,,0
2025-10-01 16:49:40.527,1875025,hipGetLastError,LEAVE,,NULL,0
2025-10-01 16:49:40.527,1875025,hipLaunchKernel,ENTER,const void*=0x7fe663154280; dim3=dim3(0x13600000136); dim3=dim3(0x1); void**=0x2000000020,,0
2025-10-01 16:49:40.527,1875025,hipLaunchKernel,LEAVE,const void*=0x7fe663154280; dim3=dim3(0x13600000136); dim3=dim3(0x1); void**=0x2000000020,NULL,0
2025-10-01 16:49:40.527,1875025,hipGetLastError,ENTER,,,0
2025-10-01 16:49:40.527,1875025,hipGetLastError,LEAVE,,NULL,1
2025-10-01 16:49:40.528,1875025,hipStreamSynchronize,ENTER,hipStream_t=0x7fa5e8001290,,0
2025-10-01 16:49:40.528,1875025,hipStreamSynchronize,LEAVE,hipStream_t=0x7fa5e8001290,NULL,0
2025-10-01 16:49:40.528,1875025,hipLaunchKernel,ENTER,const void*=0x7fe663154280; dim3=dim3(0x13600000136); dim3=dim3(0x1); void**=0x2000000020,,0
2025-10-01 16:49:40.528,1875025,hipLaunchKernel,LEAVE,const void*=0x7fe663154280; dim3=dim3(0x13600000136); dim3=dim3(0x1); void**=0x2000000020,NULL,0
2025-10-01 16:49:40.528,1875025,hipGetLastError,ENTER,,,0
2025-10-01 16:49:40.528,1875025,hipGetLastError,LEAVE,,NULL,0
2025-10-01 16:49:40.528,1875025,hipLaunchKernel,ENTER,const void*=0x7fe663154280; dim3=dim3(0x13600000136); dim3=dim3(0x1); void**=0x2000000020,,0
2025-10-01 16:49:40.528,1875025,hipLaunchKernel,LEAVE,const void*=0x7fe663154280; dim3=dim3(0x13600000136); dim3=dim3(0x1); void**=0x2000000020,NULL,0
2025-10-01 16:49:40.528,1875025,hipGetLastError,ENTER,,,0
2025-10-01 16:49:40.528,1875025,hipGetLastError,LEAVE,,NULL,0
2025-10-01 16:49:40.528,1875025,hipLaunchKernel,ENTER,const void*=0x7fe663154280; dim3=dim3(0x13600000136); dim3=dim3(0x1); void**=0x2000000020,,0
2025-10-01 16:49:40.529,1875025,hipLaunchKernel,LEAVE,const void*=0x7fe663154280; dim3=dim3(0x13600000136); dim3=dim3(0x1); void**=0x2000000020,NULL,0
2025-10-01 16:49:40.529,1875025,hipGetLastError,ENTER,,,0
2025-10-01 16:49:40.529,1875025,hipGetLastError,LEAVE,,NULL,0
2025-10-01 16:49:40.529,1875025,hipLaunchKernel,ENTER,const void*=0x7fe663154280; dim3=dim3(0x13600000136); dim3=dim3(0x1); void**=0x2000000020,,0
2025-10-01 16:49:40.529,1875025,hipLaunchKernel,LEAVE,const void*=0x7fe663154280; dim3=dim3(0x13600000136); dim3=dim3(0x1); void**=0x2000000020,NULL,0
2025-10-01 16:49:40.529,1875025,hipGetLastError,ENTER,,,0
2025-10-01 16:49:40.529,1875025,hipGetLastError,LEAVE,,NULL,0
2025-10-01 16:49:40.529,1875025,hipLaunchKernel,ENTER,const void*=0x7fe663154280; dim3=dim3(0x13600000136); dim3=dim3(0x1); void**=0x2000000020,,0
2025-10-01 16:49:40.529,1875025,hipLaunchKernel,LEAVE,const void*=0x7fe663154280; dim3=dim3(0x13600000136); dim3=dim3(0x1); void**=0x2000000020,NULL,0
2025-10-01 16:49:40.529,1875025,hipGetLastError,ENTER,,,0
2025-10-01 16:49:40.530,1875025,hipGetLastError,LEAVE,,NULL,0
2025-10-01 16:49:40.530,1875025,hipLaunchKernel,ENTER,const void*=0x7fe663154280; dim3=dim3(0x13600000136); dim3=dim3(0x1); void**=0x2000000020,,0
2025-10-01 16:49:40.530,1875025,hipLaunchKernel,LEAVE,const void*=0x7fe663154280; dim3=dim3(0x13600000136); dim3=dim3(0x1); void**=0x2000000020,NULL,0
2025-10-01 16:49:40.530,1875025,hipGetLastError,ENTER,,,0
2025-10-01 16:49:40.530,1875025,hipGetLastError,LEAVE,,NULL,0
2025-10-01 16:49:40.530,1875025,hipLaunchKernel,ENTER,const void*=0x7fe663154280; dim3=dim3(0x13600000136); dim3=dim3(0x1); void**=0x2000000020,,0
2025-10-01 16:49:40.530,1875025,hipLaunchKernel,LEAVE,const void*=0x7fe663154280; dim3=dim3(0x13600000136); dim3=dim3(0x1); void**=0x2000000020,NULL,0
2025-10-01 16:49:40.530,1875025,hipGetLastError,ENTER,,,0
2025-10-01 16:49:40.530,1875025,hipGetLastError,LEAVE,,NULL,0
2025-10-01 16:49:40.530,1875025,hipLaunchKernel,ENTER,const void*=0x7fe663154280; dim3=dim3(0x13600000136); dim3=dim3(0x1); void**=0x2000000020,,0
2025-10-01 16:49:40.530,1875025,hipLaunchKernel,LEAVE,const void*=0x7fe663154280; dim3=dim3(0x13600000136); dim3=dim3(0x1); void**=0x2000000020,NULL,0
2025-10-01 16:49:40.530,1875025,hipGetLastError,ENTER,,,0
2025-10-01 16:49:40.531,1875025,hipGetLastError,LEAVE,,NULL,0
2025-10-01 16:49:40.531,1875025,hipLaunchKernel,ENTER,const void*=0x7fe663154280; dim3=dim3(0x13600000136); dim3=dim3(0x1); void**=0x2000000020,,0
2025-10-01 16:49:40.531,1875025,hipLaunchKernel,LEAVE,const void*=0x7fe663154280; dim3=dim3(0x13600000136); dim3=dim3(0x1); void**=0x2000000020,NULL,0
2025-10-01 16:49:40.531,1875025,hipGetLastError,ENTER,,,0
2025-10-01 16:49:40.531,1875025,hipGetLastError,LEAVE,,NULL,0
2025-10-01 16:49:40.531,1875025,hipLaunchKernel,ENTER,const void*=0x7fe663154280; dim3=dim3(0x13600000136); dim3=dim3(0x1); void**=0x2000000020,,0
2025-10-01 16:49:40.531,1875025,hipLaunchKernel,LEAVE,const void*=0x7fe663154280; dim3=dim3(0x13600000136); dim3=dim3(0x1); void**=0x2000000020,NULL,0
2025-10-01 16:49:40.531,1875025,hipGetLastError,ENTER,,,0
2025-10-01 16:49:40.531,1875025,hipGetLastError,LEAVE,,NULL,0
2025-10-01 16:49:40.531,1875025,hipStreamSynchronize,ENTER,hipStream_t=0x7fa5e8001290,,0
2025-10-01 16:49:40.531,1875025,hipStreamSynchronize,LEAVE,hipStream_t=0x7fa5e8001290,NULL,0
2025-10-01 16:49:40.532,1875025,hipLaunchKernel,ENTER,const void*=0x7fe663154280; dim3=dim3(0x13600000136); dim3=dim3(0x1); void**=0x2000000020,,0
2025-10-01 16:49:40.532,1875025,hipLaunchKernel,LEAVE,const void*=0x7fe663154280; dim3=dim3(0x13600000136); dim3=dim3(0x1); void**=0x2000000020,NULL,0
2025-10-01 16:49:40.532,1875025,hipGetLastError,ENTER,,,0
2025-10-01 16:49:40.532,1875025,hipGetLastError,LEAVE,,NULL,0
2025-10-01 16:49:40.532,1875025,hipLaunchKernel,ENTER,const void*=0x7fe663154280; dim3=dim3(0x13600000136); dim3=dim3(0x1); void**=0x2000000020,,0
2025-10-01 16:49:40.532,1875025,hipLaunchKernel,LEAVE,const void*=0x7fe663154280; dim3=dim3(0x13600000136); dim3=dim3(0x1); void**=0x2000000020,NULL,0
2025-10-01 16:49:40.532,1875025,hipGetLastError,ENTER,,,0
2025-10-01 16:49:40.532,1875025,hipGetLastError,LEAVE,,NULL,0
2025-10-01 16:49:40.532,1875025,hipLaunchKernel,ENTER,const void*=0x7fe663154280; dim3=dim3(0x13600000136); dim3=dim3(0x1); void**=0x2000000020,,0
2025-10-01 16:49:40.532,1875025,hipLaunchKernel,LEAVE,const void*=0x7fe663154280; dim3=dim3(0x13600000136); dim3=dim3(0x1); void**=0x2000000020,NULL,0
2025-10-01 16:49:40.533,1875025,hipGetLastError,ENTER,,,0
2025-10-01 16:49:40.533,1875025,hipGetLastError,LEAVE,,NULL,0
2025-10-01 16:49:40.533,1875025,hipLaunchKernel,ENTER,const void*=0x7fe663154280; dim3=dim3(0x13600000136); dim3=dim3(0x1); void**=0x2000000020,,0
2025-10-01 16:49:40.533,1875025,hipLaunchKernel,LEAVE,const void*=0x7fe663154280; dim3=dim3(0x13600000136); dim3=dim3(0x1); void**=0x2000000020,NULL,0
2025-10-01 16:49:40.533,1875025,hipGetLastError,ENTER,,,0
2025-10-01 16:49:40.533,1875025,hipGetLastError,LEAVE,,NULL,0
2025-10-01 16:49:40.533,1875025,hipLaunchKernel,ENTER,const void*=0x7fe663154280; dim3=dim3(0x13600000136); dim3=dim3(0x1); void**=0x2000000020,,0
2025-10-01 16:49:40.533,1875025,hipLaunchKernel,LEAVE,const void*=0x7fe663154280; dim3=dim3(0x13600000136); dim3=dim3(0x1); void**=0x2000000020,NULL,0
2025-10-01 16:49:40.533,1875025,hipGetLastError,ENTER,,,0
2025-10-01 16:49:40.533,1875025,hipGetLastError,LEAVE,,NULL,0
2025-10-01 16:49:40.533,1875025,hipLaunchKernel,ENTER,const void*=0x7fe663154280; dim3=dim3(0x13600000136); dim3=dim3(0x1); void**=0x2000000020,,0
2025-10-01 16:49:40.533,1875025,hipLaunchKernel,LEAVE,const void*=0x7fe663154280; dim3=dim3(0x13600000136); dim3=dim3(0x1); void**=0x2000000020,NULL,0
2025-10-01 16:49:40.534,1875025,hipGetLastError,ENTER,,,0
2025-10-01 16:49:40.534,1875025,hipGetLastError,LEAVE,,NULL,0
2025-10-01 16:49:40.534,1875025,hipLaunchKernel,ENTER,const void*=0x7fe663154280; dim3=dim3(0x13600000136); dim3=dim3(0x1); void**=0x2000000020,,0
2025-10-01 16:49:40.534,1875025,hipLaunchKernel,LEAVE,const void*=0x7fe663154280; dim3=dim3(0x13600000136); dim3=dim3(0x1); void**=0x2000000020,NULL,0
2025-10-01 16:49:40.534,1875025,hipGetLastError,ENTER,,,0
2025-10-01 16:49:40.534,1875025,hipGetLastError,LEAVE,,NULL,0
2025-10-01 16:49:40.534,1875025,hipLaunchKernel,ENTER,const void*=0x7fe663154280; dim3=dim3(0x13600000136); dim3=dim3(0x1); void**=0x2000000020,,0
2025-10-01 16:49:40.534,1875025,hipLaunchKernel,LEAVE,const void*=0x7fe663154280; dim3=dim3(0x13600000136); dim3=dim3(0x1); void**=0x2000000020,NULL,0
2025-10-01 16:49:40.534,1875025,hipGetLastError,ENTER,,,0
2025-10-01 16:49:40.534,1875025,hipGetLastError,LEAVE,,NULL,0
2025-10-01 16:49:40.534,1875025,hipLaunchKernel,ENTER,const void*=0x7fe663154280; dim3=dim3(0x13600000136); dim3=dim3(0x1); void**=0x2000000020,,0
2025-10-01 16:49:40.535,1875025,hipLaunchKernel,LEAVE,const void*=0x7fe663154280; dim3=dim3(0x13600000136); dim3=dim3(0x1); void**=0x2000000020,NULL,0
2025-10-01 16:49:40.535,1875025,hipGetLastError,ENTER,,,0
2025-10-01 16:49:40.535,1875025,hipGetLastError,LEAVE,,NULL,0
2025-10-01 16:49:40.535,1875025,hipLaunchKernel,ENTER,const void*=0x7fe663154280; dim3=dim3(0x13600000136); dim3=dim3(0x1); void**=0x2000000020,,0
2025-10-01 16:49:40.535,1875025,hipLaunchKernel,LEAVE,const void*=0x7fe663154280; dim3=dim3(0x13600000136); dim3=dim3(0x1); void**=0x2000000020,NULL,0
2025-10-01 16:49:40.535,1875025,hipGetLastError,ENTER,,,0
2025-10-01 16:49:40.535,1875025,hipGetLastError,LEAVE,,NULL,0
2025-10-01 16:49:40.535,1875025,hipStreamSynchronize,ENTER,hipStream_t=0x7fa5e8001290,,0
2025-10-01 16:49:40.535,1875025,hipStreamSynchronize,LEAVE,hipStream_t=0x7fa5e8001290,NULL,0
2025-10-01 16:49:40.535,1875025,hipLaunchKernel,ENTER,const void*=0x7fe663154280; dim3=dim3(0x13600000136); dim3=dim3(0x1); void**=0x2000000020,,0
2025-10-01 16:49:40.536,1875025,hipLaunchKernel,LEAVE,const void*=0x7fe663154280; dim3=dim3(0x13600000136); dim3=dim3(0x1); void**=0x2000000020,NULL,0
2025-10-01 16:49:40.536,1875025,hipGetLastError,ENTER,,,0
2025-10-01 16:49:40.536,1875025,hipGetLastError,LEAVE,,NULL,0
2025-10-01 16:49:40.536,1875025,hipLaunchKernel,ENTER,const void*=0x7fe663154280; dim3=dim3(0x13600000136); dim3=dim3(0x1); void**=0x2000000020,,0
2025-10-01 16:49:40.536,1875025,hipLaunchKernel,LEAVE,const void*=0x7fe663154280; dim3=dim3(0x13600000136); dim3=dim3(0x1); void**=0x2000000020,NULL,0
2025-10-01 16:49:40.536,1875025,hipGetLastError,ENTER,,,0
2025-10-01 16:49:40.536,1875025,hipGetLastError,LEAVE,,NULL,0
2025-10-01 16:49:40.536,1875025,hipLaunchKernel,ENTER,const void*=0x7fe663154280; dim3=dim3(0x13600000136); dim3=dim3(0x1); void**=0x2000000020,,0
2025-10-01 16:49:40.536,1875025,hipLaunchKernel,LEAVE,const void*=0x7fe663154280; dim3=dim3(0x13600000136); dim3=dim3(0x1); void**=0x2000000020,NULL,0
2025-10-01 16:49:40.536,1875025,hipGetLastError,ENTER,,,0
2025-10-01 16:49:40.536,1875025,hipGetLastError,LEAVE,,NULL,0
2025-10-01 16:49:40.537,1875025,hipLaunchKernel,ENTER,const void*=0x7fe663154280; dim3=dim3(0x13600000136); dim3=dim3(0x1); void**=0x2000000020,,0
2025-10-01 16:49:40.537,1875025,hipLaunchKernel,LEAVE,const void*=0x7fe663154280; dim3=dim3(0x13600000136); dim3=dim3(0x1); void**=0x2000000020,NULL,0
2025-10-01 16:49:40.537,1875025,hipGetLastError,ENTER,,,0
2025-10-01 16:49:40.537,1875025,hipGetLastError,LEAVE,,NULL,0
2025-10-01 16:49:40.537,1875025,hipLaunchKernel,ENTER,const void*=0x7fe663154280; dim3=dim3(0x13600000136); dim3=dim3(0x1); void**=0x2000000020,,0
2025-10-01 16:49:40.537,1875025,hipLaunchKernel,LEAVE,const void*=0x7fe663154280; dim3=dim3(0x13600000136); dim3=dim3(0x1); void**=0x2000000020,NULL,0
2025-10-01 16:49:40.537,1875025,hipGetLastError,ENTER,,,0
2025-10-01 16:49:40.537,1875025,hipGetLastError,LEAVE,,NULL,0
2025-10-01 16:49:40.537,1875025,hipLaunchKernel,ENTER,const void*=0x7fe663154280; dim3=dim3(0x13600000136); dim3=dim3(0x1); void**=0x2000000020,,0
2025-10-01 16:49:40.537,1875025,hipLaunchKernel,LEAVE,const void*=0x7fe663154280; dim3=dim3(0x13600000136); dim3=dim3(0x1); void**=0x2000000020,NULL,0
2025-10-01 16:49:40.537,1875025,hipGetLastError,ENTER,,,0
2025-10-01 16:49:40.537,1875025,hipGetLastError,LEAVE,,NULL,1
2025-10-01 16:49:40.538,1875025,hipLaunchKernel,ENTER,const void*=0x7fe663154280; dim3=dim3(0x13600000136); dim3=dim3(0x1); void**=0x2000000020,,0
2025-10-01 16:49:40.538,1875025,hipLaunchKernel,LEAVE,const void*=0x7fe663154280; dim3=dim3(0x13600000136); dim3=dim3(0x1); void**=0x2000000020,NULL,0
2025-10-01 16:49:40.538,1875025,hipGetLastError,ENTER,,,0
2025-10-01 16:49:40.538,1875025,hipGetLastError,LEAVE,,NULL,0
2025-10-01 16:49:40.538,1875025,hipLaunchKernel,ENTER,const void*=0x7fe663154280; dim3=dim3(0x13600000136); dim3=dim3(0x1); void**=0x2000000020,,0
2025-10-01 16:49:40.538,1875025,hipLaunchKernel,LEAVE,const void*=0x7fe663154280; dim3=dim3(0x13600000136); dim3=dim3(0x1); void**=0x2000000020,NULL,0
2025-10-01 16:49:40.538,1875025,hipGetLastError,ENTER,,,0
2025-10-01 16:49:40.538,1875025,hipGetLastError,LEAVE,,NULL,0
2025-10-01 16:49:40.538,1875025,hipLaunchKernel,ENTER,const void*=0x7fe663154280; dim3=dim3(0x13600000136); dim3=dim3(0x1); void**=0x2000000020,,0
2025-10-01 16:49:40.538,1875025,hipLaunchKernel,LEAVE,const void*=0x7fe663154280; dim3=dim3(0x13600000136); dim3=dim3(0x1); void**=0x2000000020,NULL,0
2025-10-01 16:49:40.539,1875025,hipGetLastError,ENTER,,,0
2025-10-01 16:49:40.539,1875025,hipGetLastError,LEAVE,,NULL,0
2025-10-01 16:49:40.539,1875025,hipLaunchKernel,ENTER,const void*=0x7fe663154280; dim3=dim3(0x13600000136); dim3=dim3(0x1); void**=0x2000000020,,0
2025-10-01 16:49:40.539,1875025,hipLaunchKernel,LEAVE,const void*=0x7fe663154280; dim3=dim3(0x13600000136); dim3=dim3(0x1); void**=0x2000000020,NULL,0
2025-10-01 16:49:40.539,1875025,hipGetLastError,ENTER,,,0
2025-10-01 16:49:40.539,1875025,hipGetLastError,LEAVE,,NULL,0
2025-10-01 16:49:40.539,1875025,hipStreamSynchronize,ENTER,hipStream_t=0x7fa5e8001290,,0
2025-10-01 16:49:40.539,1875025,hipStreamSynchronize,LEAVE,hipStream_t=0x7fa5e8001290,NULL,0
2025-10-01 16:49:40.539,1875025,hipLaunchKernel,ENTER,const void*=0x7fe663154280; dim3=dim3(0x13600000136); dim3=dim3(0x1); void**=0x2000000020,,0
2025-10-01 16:49:40.539,1875025,hipLaunchKernel,LEAVE,const void*=0x7fe663154280; dim3=dim3(0x13600000136); dim3=dim3(0x1); void**=0x2000000020,NULL,0
2025-10-01 16:49:40.539,1875025,hipGetLastError,ENTER,,,0
2025-10-01 16:49:40.539,1875025,hipGetLastError,LEAVE,,NULL,0
2025-10-01 16:49:40.540,1875025,hipLaunchKernel,ENTER,const void*=0x7fe663154280; dim3=dim3(0x13600000136); dim3=dim3(0x1); void**=0x2000000020,,0
2025-10-01 16:49:40.540,1875025,hipLaunchKernel,LEAVE,const void*=0x7fe663154280; dim3=dim3(0x13600000136); dim3=dim3(0x1); void**=0x2000000020,NULL,0
2025-10-01 16:49:40.540,1875025,hipGetLastError,ENTER,,,0
2025-10-01 16:49:40.540,1875025,hipGetLastError,LEAVE,,NULL,0
2025-10-01 16:49:40.540,1875025,hipLaunchKernel,ENTER,const void*=0x7fe663154280; dim3=dim3(0x13600000136); dim3=dim3(0x1); void**=0x2000000020,,0
2025-10-01 16:49:40.540,1875025,hipLaunchKernel,LEAVE,const void*=0x7fe663154280; dim3=dim3(0x13600000136); dim3=dim3(0x1); void**=0x2000000020,NULL,0
2025-10-01 16:49:40.540,1875025,hipGetLastError,ENTER,,,0
2025-10-01 16:49:40.540,1875025,hipGetLastError,LEAVE,,NULL,0
2025-10-01 16:49:40.540,1875025,hipLaunchKernel,ENTER,const void*=0x7fe663154280; dim3=dim3(0x13600000136); dim3=dim3(0x1); void**=0x2000000020,,0
2025-10-01 16:49:40.540,1875025,hipLaunchKernel,LEAVE,const void*=0x7fe663154280; dim3=dim3(0x13600000136); dim3=dim3(0x1); void**=0x2000000020,NULL,0
2025-10-01 16:49:40.540,1875025,hipGetLastError,ENTER,,,0
2025-10-01 16:49:40.541,1875025,hipGetLastError,LEAVE,,NULL,0
2025-10-01 16:49:40.541,1875025,hipLaunchKernel,ENTER,const void*=0x7fe663154280; dim3=dim3(0x13600000136); dim3=dim3(0x1); void**=0x2000000020,,0
2025-10-01 16:49:40.541,1875025,hipLaunchKernel,LEAVE,const void*=0x7fe663154280; dim3=dim3(0x13600000136); dim3=dim3(0x1); void**=0x2000000020,NULL,0
2025-10-01 16:49:40.541,1875025,hipGetLastError,ENTER,,,0
2025-10-01 16:49:40.541,1875025,hipGetLastError,LEAVE,,NULL,0
2025-10-01 16:49:40.541,1875025,hipLaunchKernel,ENTER,const void*=0x7fe663154280; dim3=dim3(0x13600000136); dim3=dim3(0x1); void**=0x2000000020,,0
2025-10-01 16:49:40.541,1875025,hipLaunchKernel,LEAVE,const void*=0x7fe663154280; dim3=dim3(0x13600000136); dim3=dim3(0x1); void**=0x2000000020,NULL,0
2025-10-01 16:49:40.541,1875025,hipGetLastError,ENTER,,,0
2025-10-01 16:49:40.541,1875025,hipGetLastError,LEAVE,,NULL,0
2025-10-01 16:49:40.541,1875025,hipLaunchKernel,ENTER,const void*=0x7fe663154280; dim3=dim3(0x13600000136); dim3=dim3(0x1); void**=0x2000000020,,0
2025-10-01 16:49:40.541,1875025,hipLaunchKernel,LEAVE,const void*=0x7fe663154280; dim3=dim3(0x13600000136); dim3=dim3(0x1); void**=0x2000000020,NULL,0
2025-10-01 16:49:40.542,1875025,hipGetLastError,ENTER,,,0
2025-10-01 16:49:40.542,1875025,hipGetLastError,LEAVE,,NULL,0
2025-10-01 16:49:40.542,1875025,hipLaunchKernel,ENTER,const void*=0x7fe663154280; dim3=dim3(0x13600000136); dim3=dim3(0x1); void**=0x2000000020,,0
2025-10-01 16:49:40.542,1875025,hipLaunchKernel,LEAVE,const void*=0x7fe663154280; dim3=dim3(0x13600000136); dim3=dim3(0x1); void**=0x2000000020,NULL,0
2025-10-01 16:49:40.542,1875025,hipGetLastError,ENTER,,,0
2025-10-01 16:49:40.542,1875025,hipGetLastError,LEAVE,,NULL,0
2025-10-01 16:49:40.542,1875025,hipLaunchKernel,ENTER,const void*=0x7fe663154280; dim3=dim3(0x13600000136); dim3=dim3(0x1); void**=0x2000000020,,0
2025-10-01 16:49:40.542,1875025,hipLaunchKernel,LEAVE,const void*=0x7fe663154280; dim3=dim3(0x13600000136); dim3=dim3(0x1); void**=0x2000000020,NULL,0
2025-10-01 16:49:40.542,1875025,hipGetLastError,ENTER,,,0
2025-10-01 16:49:40.542,1875025,hipGetLastError,LEAVE,,NULL,0
2025-10-01 16:49:40.542,1875025,hipLaunchKernel,ENTER,const void*=0x7fe663154280; dim3=dim3(0x13600000136); dim3=dim3(0x1); void**=0x2000000020,,0
2025-10-01 16:49:40.543,1875025,hipLaunchKernel,LEAVE,const void*=0x7fe663154280; dim3=dim3(0x13600000136); dim3=dim3(0x1); void**=0x2000000020,NULL,0
2025-10-01 16:49:40.543,1875025,hipGetLastError,ENTER,,,0
2025-10-01 16:49:40.543,1875025,hipGetLastError,LEAVE,,NULL,0
2025-10-01 16:49:40.543,1875025,hipStreamSynchronize,ENTER,hipStream_t=0x7fa5e8001290,,0
2025-10-01 16:49:40.543,1875025,hipStreamSynchronize,LEAVE,hipStream_t=0x7fa5e8001290,NULL,0
2025-10-01 16:49:40.543,1875025,hipLaunchKernel,ENTER,const void*=0x7fe663154280; dim3=dim3(0x13600000136); dim3=dim3(0x1); void**=0x2000000020,,0
2025-10-01 16:49:40.543,1875025,hipLaunchKernel,LEAVE,const void*=0x7fe663154280; dim3=dim3(0x13600000136); dim3=dim3(0x1); void**=0x2000000020,NULL,0
2025-10-01 16:49:40.543,1875025,hipGetLastError,ENTER,,,0
2025-10-01 16:49:40.543,1875025,hipGetLastError,LEAVE,,NULL,0
2025-10-01 16:49:40.543,1875025,hipLaunchKernel,ENTER,const void*=0x7fe663154280; dim3=dim3(0x13600000136); dim3=dim3(0x1); void**=0x2000000020,,0
2025-10-01 16:49:40.543,1875025,hipLaunchKernel,LEAVE,const void*=0x7fe663154280; dim3=dim3(0x13600000136); dim3=dim3(0x1); void**=0x2000000020,NULL,0
2025-10-01 16:49:40.544,1875025,hipGetLastError,ENTER,,,0
2025-10-01 16:49:40.544,1875025,hipGetLastError,LEAVE,,NULL,0
2025-10-01 16:49:40.544,1875025,hipLaunchKernel,ENTER,const void*=0x7fe663154280; dim3=dim3(0x13600000136); dim3=dim3(0x1); void**=0x2000000020,,0
2025-10-01 16:49:40.544,1875025,hipLaunchKernel,LEAVE,const void*=0x7fe663154280; dim3=dim3(0x13600000136); dim3=dim3(0x1); void**=0x2000000020,NULL,0
2025-10-01 16:49:40.544,1875025,hipGetLastError,ENTER,,,0
2025-10-01 16:49:40.544,1875025,hipGetLastError,LEAVE,,NULL,0
2025-10-01 16:49:40.544,1875025,hipLaunchKernel,ENTER,const void*=0x7fe663154280; dim3=dim3(0x13600000136); dim3=dim3(0x1); void**=0x2000000020,,0
2025-10-01 16:49:40.544,1875025,hipLaunchKernel,LEAVE,const void*=0x7fe663154280; dim3=dim3(0x13600000136); dim3=dim3(0x1); void**=0x2000000020,NULL,0
2025-10-01 16:49:40.544,1875025,hipGetLastError,ENTER,,,0
2025-10-01 16:49:40.544,1875025,hipGetLastError,LEAVE,,NULL,0
2025-10-01 16:49:40.544,1875025,hipLaunchKernel,ENTER,const void*=0x7fe663154280; dim3=dim3(0x13600000136); dim3=dim3(0x1); void**=0x2000000020,,0
2025-10-01 16:49:40.545,1875025,hipLaunchKernel,LEAVE,const void*=0x7fe663154280; dim3=dim3(0x13600000136); dim3=dim3(0x1); void**=0x2000000020,NULL,0
2025-10-01 16:49:40.545,1875025,hipGetLastError,ENTER,,,0
2025-10-01 16:49:40.545,1875025,hipGetLastError,LEAVE,,NULL,0
2025-10-01 16:49:40.545,1875025,hipLaunchKernel,ENTER,const void*=0x7fe663154280; dim3=dim3(0x13600000136); dim3=dim3(0x1); void**=0x2000000020,,0
2025-10-01 16:49:40.545,1875025,hipLaunchKernel,LEAVE,const void*=0x7fe663154280; dim3=dim3(0x13600000136); dim3=dim3(0x1); void**=0x2000000020,NULL,0
2025-10-01 16:49:40.545,1875025,hipGetLastError,ENTER,,,0
2025-10-01 16:49:40.545,1875025,hipGetLastError,LEAVE,,NULL,0
2025-10-01 16:49:40.545,1875025,hipLaunchKernel,ENTER,const void*=0x7fe663154280; dim3=dim3(0x13600000136); dim3=dim3(0x1); void**=0x2000000020,,0
2025-10-01 16:49:40.545,1875025,hipLaunchKernel,LEAVE,const void*=0x7fe663154280; dim3=dim3(0x13600000136); dim3=dim3(0x1); void**=0x2000000020,NULL,0
2025-10-01 16:49:40.545,1875025,hipGetLastError,ENTER,,,0
2025-10-01 16:49:40.545,1875025,hipGetLastError,LEAVE,,NULL,0
2025-10-01 16:49:40.546,1875025,hipLaunchKernel,ENTER,const void*=0x7fe663154280; dim3=dim3(0x13600000136); dim3=dim3(0x1); void**=0x2000000020,,0
2025-10-01 16:49:40.546,1875025,hipLaunchKernel,LEAVE,const void*=0x7fe663154280; dim3=dim3(0x13600000136); dim3=dim3(0x1); void**=0x2000000020,NULL,0
2025-10-01 16:49:40.546,1875025,hipGetLastError,ENTER,,,0
2025-10-01 16:49:40.546,1875025,hipGetLastError,LEAVE,,NULL,0
2025-10-01 16:49:40.546,1875025,hipLaunchKernel,ENTER,const void*=0x7fe663154280; dim3=dim3(0x13600000136); dim3=dim3(0x1); void**=0x2000000020,,0
2025-10-01 16:49:40.546,1875025,hipLaunchKernel,LEAVE,const void*=0x7fe663154280; dim3=dim3(0x13600000136); dim3=dim3(0x1); void**=0x2000000020,NULL,0
2025-10-01 16:49:40.546,1875025,hipGetLastError,ENTER,,,0
2025-10-01 16:49:40.546,1875025,hipGetLastError,LEAVE,,NULL,0
2025-10-01 16:49:40.546,1875025,hipLaunchKernel,ENTER,const void*=0x7fe663154280; dim3=dim3(0x13600000136); dim3=dim3(0x1); void**=0x2000000020,,0
2025-10-01 16:49:40.546,1875025,hipLaunchKernel,LEAVE,const void*=0x7fe663154280; dim3=dim3(0x13600000136); dim3=dim3(0x1); void**=0x2000000020,NULL,0
2025-10-01 16:49:40.547,1875025,hipGetLastError,ENTER,,,0
2025-10-01 16:49:40.547,1875025,hipGetLastError,LEAVE,,NULL,0
2025-10-01 16:49:40.547,1875025,hipStreamSynchronize,ENTER,hipStream_t=0x7fa5e8001290,,0
2025-10-01 16:49:40.547,1875025,hipStreamSynchronize,LEAVE,hipStream_t=0x7fa5e8001290,NULL,0
2025-10-01 16:49:40.547,1875025,hipLaunchKernel,ENTER,const void*=0x7fe663154280; dim3=dim3(0x13600000136); dim3=dim3(0x1); void**=0x2000000020,,0
2025-10-01 16:49:40.547,1875025,hipLaunchKernel,LEAVE,const void*=0x7fe663154280; dim3=dim3(0x13600000136); dim3=dim3(0x1); void**=0x2000000020,NULL,0
2025-10-01 16:49:40.547,1875025,hipGetLastError,ENTER,,,0
2025-10-01 16:49:40.547,1875025,hipGetLastError,LEAVE,,NULL,0
2025-10-01 16:49:40.547,1875025,hipLaunchKernel,ENTER,const void*=0x7fe663154280; dim3=dim3(0x13600000136); dim3=dim3(0x1); void**=0x2000000020,,0
2025-10-01 16:49:40.547,1875025,hipLaunchKernel,LEAVE,const void*=0x7fe663154280; dim3=dim3(0x13600000136); dim3=dim3(0x1); void**=0x2000000020,NULL,0
2025-10-01 16:49:40.547,1875025,hipGetLastError,ENTER,,,0
2025-10-01 16:49:40.548,1875025,hipGetLastError,LEAVE,,NULL,0
2025-10-01 16:49:40.548,1875025,hipLaunchKernel,ENTER,const void*=0x7fe663154280; dim3=dim3(0x13600000136); dim3=dim3(0x1); void**=0x2000000020,,0
2025-10-01 16:49:40.548,1875025,hipLaunchKernel,LEAVE,const void*=0x7fe663154280; dim3=dim3(0x13600000136); dim3=dim3(0x1); void**=0x2000000020,NULL,0
2025-10-01 16:49:40.548,1875025,hipGetLastError,ENTER,,,0
2025-10-01 16:49:40.548,1875025,hipGetLastError,LEAVE,,NULL,0
2025-10-01 16:49:40.548,1875025,hipLaunchKernel,ENTER,const void*=0x7fe663154280; dim3=dim3(0x13600000136); dim3=dim3(0x1); void**=0x2000000020,,0
2025-10-01 16:49:40.548,1875025,hipLaunchKernel,LEAVE,const void*=0x7fe663154280; dim3=dim3(0x13600000136); dim3=dim3(0x1); void**=0x2000000020,NULL,0
2025-10-01 16:49:40.548,1875025,hipGetLastError,ENTER,,,0
2025-10-01 16:49:40.548,1875025,hipGetLastError,LEAVE,,NULL,0
2025-10-01 16:49:40.548,1875025,hipLaunchKernel,ENTER,const void*=0x7fe663154280; dim3=dim3(0x13600000136); dim3=dim3(0x1); void**=0x2000000020,,0
2025-10-01 16:49:40.548,1875025,hipLaunchKernel,LEAVE,const void*=0x7fe663154280; dim3=dim3(0x13600000136); dim3=dim3(0x1); void**=0x2000000020,NULL,0
2025-10-01 16:49:40.549,1875025,hipGetLastError,ENTER,,,0
2025-10-01 16:49:40.549,1875025,hipGetLastError,LEAVE,,NULL,0
2025-10-01 16:49:40.549,1875025,hipLaunchKernel,ENTER,const void*=0x7fe663154280; dim3=dim3(0x13600000136); dim3=dim3(0x1); void**=0x2000000020,,0
2025-10-01 16:49:40.549,1875025,hipLaunchKernel,LEAVE,const void*=0x7fe663154280; dim3=dim3(0x13600000136); dim3=dim3(0x1); void**=0x2000000020,NULL,0
2025-10-01 16:49:40.549,1875025,hipGetLastError,ENTER,,,0
2025-10-01 16:49:40.549,1875025,hipGetLastError,LEAVE,,NULL,0
2025-10-01 16:49:40.549,1875025,hipLaunchKernel,ENTER,const void*=0x7fe663154280; dim3=dim3(0x13600000136); dim3=dim3(0x1); void**=0x2000000020,,0
2025-10-01 16:49:40.549,1875025,hipLaunchKernel,LEAVE,const void*=0x7fe663154280; dim3=dim3(0x13600000136); dim3=dim3(0x1); void**=0x2000000020,NULL,0
2025-10-01 16:49:40.549,1875025,hipGetLastError,ENTER,,,0
2025-10-01 16:49:40.549,1875025,hipGetLastError,LEAVE,,NULL,0
2025-10-01 16:49:40.549,1875025,hipLaunchKernel,ENTER,const void*=0x7fe663154280; dim3=dim3(0x13600000136); dim3=dim3(0x1); void**=0x2000000020,,0
2025-10-01 16:49:40.550,1875025,hipLaunchKernel,LEAVE,const void*=0x7fe663154280; dim3=dim3(0x13600000136); dim3=dim3(0x1); void**=0x2000000020,NULL,0
2025-10-01 16:49:40.550,1875025,hipGetLastError,ENTER,,,0
2025-10-01 16:49:40.550,1875025,hipGetLastError,LEAVE,,NULL,0
2025-10-01 16:49:40.550,1875025,hipLaunchKernel,ENTER,const void*=0x7fe663154280; dim3=dim3(0x13600000136); dim3=dim3(0x1); void**=0x2000000020,,0
2025-10-01 16:49:40.550,1875025,hipLaunchKernel,LEAVE,const void*=0x7fe663154280; dim3=dim3(0x13600000136); dim3=dim3(0x1); void**=0x2000000020,NULL,0
2025-10-01 16:49:40.550,1875025,hipGetLastError,ENTER,,,0
2025-10-01 16:49:40.550,1875025,hipGetLastError,LEAVE,,NULL,0
2025-10-01 16:49:40.550,1875025,hipLaunchKernel,ENTER,const void*=0x7fe663154280; dim3=dim3(0x13600000136); dim3=dim3(0x1); void**=0x2000000020,,0
2025-10-01 16:49:40.550,1875025,hipLaunchKernel,LEAVE,const void*=0x7fe663154280; dim3=dim3(0x13600000136); dim3=dim3(0x1); void**=0x2000000020,NULL,0
2025-10-01 16:49:40.550,1875025,hipGetLastError,ENTER,,,0
2025-10-01 16:49:40.550,1875025,hipGetLastError,LEAVE,,NULL,0
2025-10-01 16:49:40.550,1875025,hipStreamSynchronize,ENTER,hipStream_t=0x7fa5e8001290,,0
2025-10-01 16:49:40.551,1875025,hipStreamSynchronize,LEAVE,hipStream_t=0x7fa5e8001290,NULL,0
2025-10-01 16:49:40.551,1875025,hipLaunchKernel,ENTER,const void*=0x7fe663154280; dim3=dim3(0x13600000136); dim3=dim3(0x1); void**=0x2000000020,,0
2025-10-01 16:49:40.551,1875025,hipLaunchKernel,LEAVE,const void*=0x7fe663154280; dim3=dim3(0x13600000136); dim3=dim3(0x1); void**=0x2000000020,NULL,0
2025-10-01 16:49:40.551,1875025,hipGetLastError,ENTER,,,0
2025-10-01 16:49:40.551,1875025,hipGetLastError,LEAVE,,NULL,0
2025-10-01 16:49:40.551,1875025,hipLaunchKernel,ENTER,const void*=0x7fe663154280; dim3=dim3(0x13600000136); dim3=dim3(0x1); void**=0x2000000020,,0
2025-10-01 16:49:40.551,1875025,hipLaunchKernel,LEAVE,const void*=0x7fe663154280; dim3=dim3(0x13600000136); dim3=dim3(0x1); void**=0x2000000020,NULL,0
2025-10-01 16:49:40.551,1875025,hipGetLastError,ENTER,,,0
2025-10-01 16:49:40.551,1875025,hipGetLastError,LEAVE,,NULL,0
2025-10-01 16:49:40.551,1875025,hipLaunchKernel,ENTER,const void*=0x7fe663154280; dim3=dim3(0x13600000136); dim3=dim3(0x1); void**=0x2000000020,,0
2025-10-01 16:49:40.551,1875025,hipLaunchKernel,LEAVE,const void*=0x7fe663154280; dim3=dim3(0x13600000136); dim3=dim3(0x1); void**=0x2000000020,NULL,0
2025-10-01 16:49:40.552,1875025,hipGetLastError,ENTER,,,0
2025-10-01 16:49:40.552,1875025,hipGetLastError,LEAVE,,NULL,0
2025-10-01 16:49:40.552,1875025,hipLaunchKernel,ENTER,const void*=0x7fe663154280; dim3=dim3(0x13600000136); dim3=dim3(0x1); void**=0x2000000020,,0
2025-10-01 16:49:40.552,1875025,hipLaunchKernel,LEAVE,const void*=0x7fe663154280; dim3=dim3(0x13600000136); dim3=dim3(0x1); void**=0x2000000020,NULL,0
2025-10-01 16:49:40.552,1875025,hipGetLastError,ENTER,,,0
2025-10-01 16:49:40.552,1875025,hipGetLastError,LEAVE,,NULL,0
2025-10-01 16:49:40.552,1875025,hipLaunchKernel,ENTER,const void*=0x7fe663154280; dim3=dim3(0x13600000136); dim3=dim3(0x1); void**=0x2000000020,,0
2025-10-01 16:49:40.552,1875025,hipLaunchKernel,LEAVE,const void*=0x7fe663154280; dim3=dim3(0x13600000136); dim3=dim3(0x1); void**=0x2000000020,NULL,0
2025-10-01 16:49:40.552,1875025,hipGetLastError,ENTER,,,0
2025-10-01 16:49:40.552,1875025,hipGetLastError,LEAVE,,NULL,0
2025-10-01 16:49:40.552,1875025,hipLaunchKernel,ENTER,const void*=0x7fe663154280; dim3=dim3(0x13600000136); dim3=dim3(0x1); void**=0x2000000020,,0
2025-10-01 16:49:40.553,1875025,hipLaunchKernel,LEAVE,const void*=0x7fe663154280; dim3=dim3(0x13600000136); dim3=dim3(0x1); void**=0x2000000020,NULL,0
2025-10-01 16:49:40.553,1875025,hipGetLastError,ENTER,,,0
2025-10-01 16:49:40.553,1875025,hipGetLastError,LEAVE,,NULL,0
2025-10-01 16:49:40.553,1875025,hipLaunchKernel,ENTER,const void*=0x7fe663154280; dim3=dim3(0x13600000136); dim3=dim3(0x1); void**=0x2000000020,,0
2025-10-01 16:49:40.553,1875025,hipLaunchKernel,LEAVE,const void*=0x7fe663154280; dim3=dim3(0x13600000136); dim3=dim3(0x1); void**=0x2000000020,NULL,0
2025-10-01 16:49:40.553,1875025,hipGetLastError,ENTER,,,0
2025-10-01 16:49:40.553,1875025,hipGetLastError,LEAVE,,NULL,0
2025-10-01 16:49:40.553,1875025,hipLaunchKernel,ENTER,const void*=0x7fe663154280; dim3=dim3(0x13600000136); dim3=dim3(0x1); void**=0x2000000020,,0
2025-10-01 16:49:40.553,1875025,hipLaunchKernel,LEAVE,const void*=0x7fe663154280; dim3=dim3(0x13600000136); dim3=dim3(0x1); void**=0x2000000020,NULL,0
2025-10-01 16:49:40.553,1875025,hipGetLastError,ENTER,,,0
2025-10-01 16:49:40.553,1875025,hipGetLastError,LEAVE,,NULL,0
2025-10-01 16:49:40.554,1875025,hipLaunchKernel,ENTER,const void*=0x7fe663154280; dim3=dim3(0x13600000136); dim3=dim3(0x1); void**=0x2000000020,,0
2025-10-01 16:49:40.554,1875025,hipLaunchKernel,LEAVE,const void*=0x7fe663154280; dim3=dim3(0x13600000136); dim3=dim3(0x1); void**=0x2000000020,NULL,0
2025-10-01 16:49:40.554,1875025,hipGetLastError,ENTER,,,0
2025-10-01 16:49:40.554,1875025,hipGetLastError,LEAVE,,NULL,0
2025-10-01 16:49:40.554,1875025,hipLaunchKernel,ENTER,const void*=0x7fe663154280; dim3=dim3(0x13600000136); dim3=dim3(0x1); void**=0x2000000020,,0
2025-10-01 16:49:40.554,1875025,hipLaunchKernel,LEAVE,const void*=0x7fe663154280; dim3=dim3(0x13600000136); dim3=dim3(0x1); void**=0x2000000020,NULL,0
2025-10-01 16:49:40.554,1875025,hipGetLastError,ENTER,,,0
2025-10-01 16:49:40.554,1875025,hipGetLastError,LEAVE,,NULL,0
2025-10-01 16:49:40.554,1875025,hipStreamSynchronize,ENTER,hipStream_t=0x7fa5e8001290,,0
2025-10-01 16:49:40.554,1875025,hipStreamSynchronize,LEAVE,hipStream_t=0x7fa5e8001290,NULL,0
2025-10-01 16:49:40.554,1875025,hipLaunchKernel,ENTER,const void*=0x7fe663154280; dim3=dim3(0x13600000136); dim3=dim3(0x1); void**=0x2000000020,,0
2025-10-01 16:49:40.555,1875025,hipLaunchKernel,LEAVE,const void*=0x7fe663154280; dim3=dim3(0x13600000136); dim3=dim3(0x1); void**=0x2000000020,NULL,0
2025-10-01 16:49:40.555,1875025,hipGetLastError,ENTER,,,0
2025-10-01 16:49:40.555,1875025,hipGetLastError,LEAVE,,NULL,0
2025-10-01 16:49:40.555,1875025,hipLaunchKernel,ENTER,const void*=0x7fe663154280; dim3=dim3(0x13600000136); dim3=dim3(0x1); void**=0x2000000020,,0
2025-10-01 16:49:40.555,1875025,hipLaunchKernel,LEAVE,const void*=0x7fe663154280; dim3=dim3(0x13600000136); dim3=dim3(0x1); void**=0x2000000020,NULL,0
2025-10-01 16:49:40.555,1875025,hipGetLastError,ENTER,,,0
2025-10-01 16:49:40.555,1875025,hipGetLastError,LEAVE,,NULL,0
2025-10-01 16:49:40.555,1875025,hipLaunchKernel,ENTER,const void*=0x7fe663154280; dim3=dim3(0x13600000136); dim3=dim3(0x1); void**=0x2000000020,,0
2025-10-01 16:49:40.555,1875025,hipLaunchKernel,LEAVE,const void*=0x7fe663154280; dim3=dim3(0x13600000136); dim3=dim3(0x1); void**=0x2000000020,NULL,0
2025-10-01 16:49:40.555,1875025,hipGetLastError,ENTER,,,0
2025-10-01 16:49:40.556,1875025,hipGetLastError,LEAVE,,NULL,0
2025-10-01 16:49:40.556,1875025,hipLaunchKernel,ENTER,const void*=0x7fe663154280; dim3=dim3(0x13600000136); dim3=dim3(0x1); void**=0x2000000020,,0
2025-10-01 16:49:40.556,1875025,hipLaunchKernel,LEAVE,const void*=0x7fe663154280; dim3=dim3(0x13600000136); dim3=dim3(0x1); void**=0x2000000020,NULL,0
2025-10-01 16:49:40.556,1875025,hipGetLastError,ENTER,,,0
2025-10-01 16:49:40.556,1875025,hipGetLastError,LEAVE,,NULL,0
2025-10-01 16:49:40.556,1875025,hipLaunchKernel,ENTER,const void*=0x7fe663154280; dim3=dim3(0x13600000136); dim3=dim3(0x1); void**=0x2000000020,,0
2025-10-01 16:49:40.556,1875025,hipLaunchKernel,LEAVE,const void*=0x7fe663154280; dim3=dim3(0x13600000136); dim3=dim3(0x1); void**=0x2000000020,NULL,0
2025-10-01 16:49:40.556,1875025,hipGetLastError,ENTER,,,0
2025-10-01 16:49:40.556,1875025,hipGetLastError,LEAVE,,NULL,0
2025-10-01 16:49:40.556,1875025,hipLaunchKernel,ENTER,const void*=0x7fe663154280; dim3=dim3(0x13600000136); dim3=dim3(0x1); void**=0x2000000020,,0
2025-10-01 16:49:40.557,1875025,hipLaunchKernel,LEAVE,const void*=0x7fe663154280; dim3=dim3(0x13600000136); dim3=dim3(0x1); void**=0x2000000020,NULL,0
2025-10-01 16:49:40.557,1875025,hipGetLastError,ENTER,,,0
2025-10-01 16:49:40.557,1875025,hipGetLastError,LEAVE,,NULL,0
2025-10-01 16:49:40.557,1875025,hipLaunchKernel,ENTER,const void*=0x7fe663154280; dim3=dim3(0x13600000136); dim3=dim3(0x1); void**=0x2000000020,,0
2025-10-01 16:49:40.557,1875025,hipLaunchKernel,LEAVE,const void*=0x7fe663154280; dim3=dim3(0x13600000136); dim3=dim3(0x1); void**=0x2000000020,NULL,0
2025-10-01 16:49:40.557,1875025,hipGetLastError,ENTER,,,0
2025-10-01 16:49:40.557,1875025,hipGetLastError,LEAVE,,NULL,0
2025-10-01 16:49:40.557,1875025,hipLaunchKernel,ENTER,const void*=0x7fe663154280; dim3=dim3(0x13600000136); dim3=dim3(0x1); void**=0x2000000020,,0
2025-10-01 16:49:40.557,1875025,hipLaunchKernel,LEAVE,const void*=0x7fe663154280; dim3=dim3(0x13600000136); dim3=dim3(0x1); void**=0x2000000020,NULL,0
2025-10-01 16:49:40.557,1875025,hipGetLastError,ENTER,,,0
2025-10-01 16:49:40.557,1875025,hipGetLastError,LEAVE,,NULL,0
2025-10-01 16:49:40.557,1875025,hipLaunchKernel,ENTER,const void*=0x7fe663154280; dim3=dim3(0x13600000136); dim3=dim3(0x1); void**=0x2000000020,,0
2025-10-01 16:49:40.558,1875025,hipLaunchKernel,LEAVE,const void*=0x7fe663154280; dim3=dim3(0x13600000136); dim3=dim3(0x1); void**=0x2000000020,NULL,0
2025-10-01 16:49:40.558,1875025,hipGetLastError,ENTER,,,0
2025-10-01 16:49:40.558,1875025,hipGetLastError,LEAVE,,NULL,0
2025-10-01 16:49:40.558,1875025,hipLaunchKernel,ENTER,const void*=0x7fe663154280; dim3=dim3(0x13600000136); dim3=dim3(0x1); void**=0x2000000020,,0
2025-10-01 16:49:40.558,1875025,hipLaunchKernel,LEAVE,const void*=0x7fe663154280; dim3=dim3(0x13600000136); dim3=dim3(0x1); void**=0x2000000020,NULL,0
2025-10-01 16:49:40.558,1875025,hipGetLastError,ENTER,,,0
2025-10-01 16:49:40.558,1875025,hipGetLastError,LEAVE,,NULL,0
2025-10-01 16:49:40.558,1875025,hipStreamSynchronize,ENTER,hipStream_t=0x7fa5e8001290,,0
2025-10-01 16:49:40.558,1875025,hipStreamSynchronize,LEAVE,hipStream_t=0x7fa5e8001290,NULL,0
2025-10-01 16:49:40.558,1875025,hipLaunchKernel,ENTER,const void*=0x7fe663154280; dim3=dim3(0x13600000136); dim3=dim3(0x1); void**=0x2000000020,,0
2025-10-01 16:49:40.559,1875025,hipLaunchKernel,LEAVE,const void*=0x7fe663154280; dim3=dim3(0x13600000136); dim3=dim3(0x1); void**=0x2000000020,NULL,0
2025-10-01 16:49:40.559,1875025,hipGetLastError,ENTER,,,0
2025-10-01 16:49:40.559,1875025,hipGetLastError,LEAVE,,NULL,0
2025-10-01 16:49:40.559,1875025,hipLaunchKernel,ENTER,const void*=0x7fe663154280; dim3=dim3(0x13600000136); dim3=dim3(0x1); void**=0x2000000020,,0
2025-10-01 16:49:40.559,1875025,hipLaunchKernel,LEAVE,const void*=0x7fe663154280; dim3=dim3(0x13600000136); dim3=dim3(0x1); void**=0x2000000020,NULL,0
2025-10-01 16:49:40.559,1875025,hipGetLastError,ENTER,,,0
2025-10-01 16:49:40.559,1875025,hipGetLastError,LEAVE,,NULL,0
2025-10-01 16:49:40.559,1875025,hipLaunchKernel,ENTER,const void*=0x7fe663154280; dim3=dim3(0x13600000136); dim3=dim3(0x1); void**=0x2000000020,,0
2025-10-01 16:49:40.559,1875025,hipLaunchKernel,LEAVE,const void*=0x7fe663154280; dim3=dim3(0x13600000136); dim3=dim3(0x1); void**=0x2000000020,NULL,0
2025-10-01 16:49:40.559,1875025,hipGetLastError,ENTER,,,0
2025-10-01 16:49:40.559,1875025,hipGetLastError,LEAVE,,NULL,0
2025-10-01 16:49:40.560,1875025,hipLaunchKernel,ENTER,const void*=0x7fe663154280; dim3=dim3(0x13600000136); dim3=dim3(0x1); void**=0x2000000020,,0
2025-10-01 16:49:40.560,1875025,hipLaunchKernel,LEAVE,const void*=0x7fe663154280; dim3=dim3(0x13600000136); dim3=dim3(0x1); void**=0x2000000020,NULL,0
2025-10-01 16:49:40.560,1875025,hipGetLastError,ENTER,,,0
2025-10-01 16:49:40.560,1875025,hipGetLastError,LEAVE,,NULL,0
2025-10-01 16:49:40.560,1875025,hipLaunchKernel,ENTER,const void*=0x7fe663154280; dim3=dim3(0x13600000136); dim3=dim3(0x1); void**=0x2000000020,,0
2025-10-01 16:49:40.560,1875025,hipLaunchKernel,LEAVE,const void*=0x7fe663154280; dim3=dim3(0x13600000136); dim3=dim3(0x1); void**=0x2000000020,NULL,0
2025-10-01 16:49:40.560,1875025,hipGetLastError,ENTER,,,0
2025-10-01 16:49:40.560,1875025,hipGetLastError,LEAVE,,NULL,0
2025-10-01 16:49:40.560,1875025,hipLaunchKernel,ENTER,const void*=0x7fe663154280; dim3=dim3(0x13600000136); dim3=dim3(0x1); void**=0x2000000020,,0
2025-10-01 16:49:40.560,1875025,hipLaunchKernel,LEAVE,const void*=0x7fe663154280; dim3=dim3(0x13600000136); dim3=dim3(0x1); void**=0x2000000020,NULL,0
2025-10-01 16:49:40.561,1875025,hipGetLastError,ENTER,,,0
2025-10-01 16:49:40.561,1875025,hipGetLastError,LEAVE,,NULL,0
2025-10-01 16:49:40.561,1875025,hipLaunchKernel,ENTER,const void*=0x7fe663154280; dim3=dim3(0x13600000136); dim3=dim3(0x1); void**=0x2000000020,,0
2025-10-01 16:49:40.561,1875025,hipLaunchKernel,LEAVE,const void*=0x7fe663154280; dim3=dim3(0x13600000136); dim3=dim3(0x1); void**=0x2000000020,NULL,0
2025-10-01 16:49:40.561,1875025,hipGetLastError,ENTER,,,0
2025-10-01 16:49:40.561,1875025,hipGetLastError,LEAVE,,NULL,0
2025-10-01 16:49:40.561,1875025,hipLaunchKernel,ENTER,const void*=0x7fe663154280; dim3=dim3(0x13600000136); dim3=dim3(0x1); void**=0x2000000020,,0
2025-10-01 16:49:40.561,1875025,hipLaunchKernel,LEAVE,const void*=0x7fe663154280; dim3=dim3(0x13600000136); dim3=dim3(0x1); void**=0x2000000020,NULL,0
2025-10-01 16:49:40.561,1875025,hipGetLastError,ENTER,,,0
2025-10-01 16:49:40.561,1875025,hipGetLastError,LEAVE,,NULL,0
2025-10-01 16:49:40.561,1875025,hipLaunchKernel,ENTER,const void*=0x7fe663154280; dim3=dim3(0x13600000136); dim3=dim3(0x1); void**=0x2000000020,,0
2025-10-01 16:49:40.561,1875025,hipLaunchKernel,LEAVE,const void*=0x7fe663154280; dim3=dim3(0x13600000136); dim3=dim3(0x1); void**=0x2000000020,NULL,0
2025-10-01 16:49:40.562,1875025,hipGetLastError,ENTER,,,0
2025-10-01 16:49:40.562,1875025,hipGetLastError,LEAVE,,NULL,0
2025-10-01 16:49:40.562,1875025,hipLaunchKernel,ENTER,const void*=0x7fe663154280; dim3=dim3(0x13600000136); dim3=dim3(0x1); void**=0x2000000020,,0
2025-10-01 16:49:40.562,1875025,hipLaunchKernel,LEAVE,const void*=0x7fe663154280; dim3=dim3(0x13600000136); dim3=dim3(0x1); void**=0x2000000020,NULL,0
2025-10-01 16:49:40.562,1875025,hipGetLastError,ENTER,,,0
2025-10-01 16:49:40.562,1875025,hipGetLastError,LEAVE,,NULL,0
2025-10-01 16:49:40.562,1875025,hipStreamSynchronize,ENTER,hipStream_t=0x7fa5e8001290,,0
2025-10-01 16:49:40.562,1875025,hipStreamSynchronize,LEAVE,hipStream_t=0x7fa5e8001290,NULL,0
2025-10-01 16:49:40.562,1875025,hipLaunchKernel,ENTER,const void*=0x7fe663154280; dim3=dim3(0x13600000136); dim3=dim3(0x1); void**=0x2000000020,,0
2025-10-01 16:49:40.562,1875027,hipStreamSynchronize,ENTER,hipStream_t=0x7fa5e4001290,,0
2025-10-01 16:49:40.563,1875025,hipLaunchKernel,LEAVE,const void*=0x7fe663154280; dim3=dim3(0x13600000136); dim3=dim3(0x1); void**=0x2000000020,NULL,1
2025-10-01 16:49:40.563,1875025,hipGetLastError,ENTER,,,0
2025-10-01 16:49:40.563,1875025,hipGetLastError,LEAVE,,NULL,0
2025-10-01 16:49:40.563,1875025,hipLaunchKernel,ENTER,const void*=0x7fe663154280; dim3=dim3(0x13600000136); dim3=dim3(0x1); void**=0x2000000020,,0
2025-10-01 16:49:40.563,1875025,hipLaunchKernel,LEAVE,const void*=0x7fe663154280; dim3=dim3(0x13600000136); dim3=dim3(0x1); void**=0x2000000020,NULL,0
2025-10-01 16:49:40.563,1875025,hipGetLastError,ENTER,,,0
2025-10-01 16:49:40.563,1875025,hipGetLastError,LEAVE,,NULL,0
2025-10-01 16:49:40.563,1875025,hipLaunchKernel,ENTER,const void*=0x7fe663154280; dim3=dim3(0x13600000136); dim3=dim3(0x1); void**=0x2000000020,,0
2025-10-01 16:49:40.563,1875025,hipLaunchKernel,LEAVE,const void*=0x7fe663154280; dim3=dim3(0x13600000136); dim3=dim3(0x1); void**=0x2000000020,NULL,0
2025-10-01 16:49:40.563,1875025,hipGetLastError,ENTER,,,0
2025-10-01 16:49:40.564,1875025,hipGetLastError,LEAVE,,NULL,0
2025-10-01 16:49:40.564,1875025,hipLaunchKernel,ENTER,const void*=0x7fe663154280; dim3=dim3(0x13600000136); dim3=dim3(0x1); void**=0x2000000020,,0
2025-10-01 16:49:40.564,1875025,hipLaunchKernel,LEAVE,const void*=0x7fe663154280; dim3=dim3(0x13600000136); dim3=dim3(0x1); void**=0x2000000020,NULL,0
2025-10-01 16:49:40.564,1875025,hipGetLastError,ENTER,,,0
2025-10-01 16:49:40.564,1875025,hipGetLastError,LEAVE,,NULL,0
2025-10-01 16:49:40.564,1875025,hipLaunchKernel,ENTER,const void*=0x7fe663154280; dim3=dim3(0x13600000136); dim3=dim3(0x1); void**=0x2000000020,,0
2025-10-01 16:49:40.564,1875025,hipLaunchKernel,LEAVE,const void*=0x7fe663154280; dim3=dim3(0x13600000136); dim3=dim3(0x1); void**=0x2000000020,NULL,0
2025-10-01 16:49:40.564,1875025,hipGetLastError,ENTER,,,0
2025-10-01 16:49:40.564,1875025,hipGetLastError,LEAVE,,NULL,0
2025-10-01 16:49:40.565,1875025,hipLaunchKernel,ENTER,const void*=0x7fe663154280; dim3=dim3(0x13600000136); dim3=dim3(0x1); void**=0x2000000020,,0
2025-10-01 16:49:40.565,1875025,hipLaunchKernel,LEAVE,const void*=0x7fe663154280; dim3=dim3(0x13600000136); dim3=dim3(0x1); void**=0x2000000020,NULL,0
2025-10-01 16:49:40.565,1875025,hipGetLastError,ENTER,,,0
2025-10-01 16:49:40.566,1875025,hipGetLastError,LEAVE,,NULL,0
2025-10-01 16:49:40.566,1875025,hipLaunchKernel,ENTER,const void*=0x7fe663154280; dim3=dim3(0x13600000136); dim3=dim3(0x1); void**=0x2000000020,,0
2025-10-01 16:49:40.566,1875025,hipLaunchKernel,LEAVE,const void*=0x7fe663154280; dim3=dim3(0x13600000136); dim3=dim3(0x1); void**=0x2000000020,NULL,0
2025-10-01 16:49:40.566,1875025,hipGetLastError,ENTER,,,0
2025-10-01 16:49:40.566,1875025,hipGetLastError,LEAVE,,NULL,0
2025-10-01 16:49:40.566,1875025,hipLaunchKernel,ENTER,const void*=0x7fe663154280; dim3=dim3(0x13600000136); dim3=dim3(0x1); void**=0x2000000020,,0
2025-10-01 16:49:40.566,1875025,hipLaunchKernel,LEAVE,const void*=0x7fe663154280; dim3=dim3(0x13600000136); dim3=dim3(0x1); void**=0x2000000020,NULL,0
2025-10-01 16:49:40.567,1875025,hipGetLastError,ENTER,,,0
2025-10-01 16:49:40.567,1875025,hipGetLastError,LEAVE,,NULL,0
2025-10-01 16:49:40.567,1875025,hipLaunchKernel,ENTER,const void*=0x7fe663154280; dim3=dim3(0x13600000136); dim3=dim3(0x1); void**=0x2000000020,,0
2025-10-01 16:49:40.567,1875025,hipLaunchKernel,LEAVE,const void*=0x7fe663154280; dim3=dim3(0x13600000136); dim3=dim3(0x1); void**=0x2000000020,NULL,0
2025-10-01 16:49:40.567,1875025,hipGetLastError,ENTER,,,0
2025-10-01 16:49:40.567,1875025,hipGetLastError,LEAVE,,NULL,0
2025-10-01 16:49:40.567,1875025,hipLaunchKernel,ENTER,const void*=0x7fe663154280; dim3=dim3(0x13600000136); dim3=dim3(0x1); void**=0x2000000020,,0
2025-10-01 16:49:40.567,1875025,hipLaunchKernel,LEAVE,const void*=0x7fe663154280; dim3=dim3(0x13600000136); dim3=dim3(0x1); void**=0x2000000020,NULL,0
2025-10-01 16:49:40.567,1875025,hipGetLastError,ENTER,,,0
2025-10-01 16:49:40.568,1875025,hipGetLastError,LEAVE,,NULL,0
2025-10-01 16:49:40.568,1875025,hipStreamSynchronize,ENTER,hipStream_t=0x7fa5e8001290,,0
2025-10-01 16:49:40.568,1875025,hipStreamSynchronize,LEAVE,hipStream_t=0x7fa5e8001290,NULL,0
2025-10-01 16:49:40.568,1875025,hipLaunchKernel,ENTER,const void*=0x7fe663154280; dim3=dim3(0x13600000136); dim3=dim3(0x1); void**=0x2000000020,,0
2025-10-01 16:49:40.568,1875025,hipLaunchKernel,LEAVE,const void*=0x7fe663154280; dim3=dim3(0x13600000136); dim3=dim3(0x1); void**=0x2000000020,NULL,0
2025-10-01 16:49:40.568,1875025,hipGetLastError,ENTER,,,0
2025-10-01 16:49:40.568,1875025,hipGetLastError,LEAVE,,NULL,0
2025-10-01 16:49:40.572,1875025,hipLaunchKernel,ENTER,const void*=0x7fe663154280; dim3=dim3(0x13600000136); dim3=dim3(0x1); void**=0x2000000020,,0
2025-10-01 16:49:40.572,1875027,hipStreamSynchronize,LEAVE,hipStream_t=0x7fa5e4001290,NULL,9
2025-10-01 16:49:40.573,1875027,hipStreamDestroy,ENTER,hipStream_t=0x7fa5e4001290,,0
2025-10-01 16:49:40.573,1875025,hipLaunchKernel,LEAVE,const void*=0x7fe663154280; dim3=dim3(0x13600000136); dim3=dim3(0x1); void**=0x2000000020,NULL,1
2025-10-01 16:49:40.573,1875025,hipGetLastError,ENTER,,,0
2025-10-01 16:49:40.573,1875025,hipGetLastError,LEAVE,,NULL,0
2025-10-01 16:49:40.573,1875025,hipLaunchKernel,ENTER,const void*=0x7fe663154280; dim3=dim3(0x13600000136); dim3=dim3(0x1); void**=0x2000000020,,0
2025-10-01 16:49:40.573,1875025,hipLaunchKernel,LEAVE,const void*=0x7fe663154280; dim3=dim3(0x13600000136); dim3=dim3(0x1); void**=0x2000000020,NULL,0
2025-10-01 16:49:40.573,1875025,hipGetLastError,ENTER,,,0
2025-10-01 16:49:40.573,1875025,hipGetLastError,LEAVE,,NULL,0
2025-10-01 16:49:40.573,1875025,hipLaunchKernel,ENTER,const void*=0x7fe663154280; dim3=dim3(0x13600000136); dim3=dim3(0x1); void**=0x2000000020,,0
2025-10-01 16:49:40.574,1875025,hipLaunchKernel,LEAVE,const void*=0x7fe663154280; dim3=dim3(0x13600000136); dim3=dim3(0x1); void**=0x2000000020,NULL,0
2025-10-01 16:49:40.574,1875025,hipGetLastError,ENTER,,,0
2025-10-01 16:49:40.574,1875025,hipGetLastError,LEAVE,,NULL,0
2025-10-01 16:49:40.574,1875025,hipLaunchKernel,ENTER,const void*=0x7fe663154280; dim3=dim3(0x13600000136); dim3=dim3(0x1); void**=0x2000000020,,0
2025-10-01 16:49:40.574,1875025,hipLaunchKernel,LEAVE,const void*=0x7fe663154280; dim3=dim3(0x13600000136); dim3=dim3(0x1); void**=0x2000000020,NULL,0
2025-10-01 16:49:40.574,1875025,hipGetLastError,ENTER,,,0
2025-10-01 16:49:40.574,1875025,hipGetLastError,LEAVE,,NULL,0
2025-10-01 16:49:40.574,1875025,hipLaunchKernel,ENTER,const void*=0x7fe663154280; dim3=dim3(0x13600000136); dim3=dim3(0x1); void**=0x2000000020,,0
2025-10-01 16:49:40.575,1875025,hipLaunchKernel,LEAVE,const void*=0x7fe663154280; dim3=dim3(0x13600000136); dim3=dim3(0x1); void**=0x2000000020,NULL,0
2025-10-01 16:49:40.575,1875025,hipGetLastError,ENTER,,,0
2025-10-01 16:49:40.575,1875025,hipGetLastError,LEAVE,,NULL,0
2025-10-01 16:49:40.575,1875025,hipLaunchKernel,ENTER,const void*=0x7fe663154280; dim3=dim3(0x13600000136); dim3=dim3(0x1); void**=0x2000000020,,0
2025-10-01 16:49:40.575,1875025,hipLaunchKernel,LEAVE,const void*=0x7fe663154280; dim3=dim3(0x13600000136); dim3=dim3(0x1); void**=0x2000000020,NULL,0
2025-10-01 16:49:40.575,1875025,hipGetLastError,ENTER,,,0
2025-10-01 16:49:40.575,1875025,hipGetLastError,LEAVE,,NULL,0
2025-10-01 16:49:40.575,1875025,hipLaunchKernel,ENTER,const void*=0x7fe663154280; dim3=dim3(0x13600000136); dim3=dim3(0x1); void**=0x2000000020,,0
2025-10-01 16:49:40.576,1875025,hipLaunchKernel,LEAVE,const void*=0x7fe663154280; dim3=dim3(0x13600000136); dim3=dim3(0x1); void**=0x2000000020,NULL,0
2025-10-01 16:49:40.576,1875025,hipGetLastError,ENTER,,,0
2025-10-01 16:49:40.576,1875025,hipGetLastError,LEAVE,,NULL,0
2025-10-01 16:49:40.576,1875025,hipLaunchKernel,ENTER,const void*=0x7fe663154280; dim3=dim3(0x13600000136); dim3=dim3(0x1); void**=0x2000000020,,0
2025-10-01 16:49:40.576,1875025,hipLaunchKernel,LEAVE,const void*=0x7fe663154280; dim3=dim3(0x13600000136); dim3=dim3(0x1); void**=0x2000000020,NULL,0
2025-10-01 16:49:40.576,1875025,hipGetLastError,ENTER,,,0
2025-10-01 16:49:40.576,1875025,hipGetLastError,LEAVE,,NULL,0
2025-10-01 16:49:40.576,1875025,hipLaunchKernel,ENTER,const void*=0x7fe663154280; dim3=dim3(0x13600000136); dim3=dim3(0x1); void**=0x2000000020,,0
2025-10-01 16:49:40.577,1875025,hipLaunchKernel,LEAVE,const void*=0x7fe663154280; dim3=dim3(0x13600000136); dim3=dim3(0x1); void**=0x2000000020,NULL,0
2025-10-01 16:49:40.577,1875025,hipGetLastError,ENTER,,,0
2025-10-01 16:49:40.577,1875025,hipGetLastError,LEAVE,,NULL,0
2025-10-01 16:49:40.577,1875025,hipStreamSynchronize,ENTER,hipStream_t=0x7fa5e8001290,,0
2025-10-01 16:49:40.609,1875027,hipStreamDestroy,LEAVE,hipStream_t=0x7fa5e4001290,NULL,36
2025-10-01 16:49:40.610,1875027,hipFree,ENTER,void*=0x7f8931200000,,0
2025-10-01 16:49:40.610,1875025,hipStreamSynchronize,LEAVE,hipStream_t=0x7fa5e8001290,NULL,33
2025-10-01 16:49:40.610,1875025,hipLaunchKernel,ENTER,const void*=0x7fe663154280; dim3=dim3(0x13600000136); dim3=dim3(0x1); void**=0x2000000020,,0
2025-10-01 16:49:40.610,1875025,hipLaunchKernel,LEAVE,const void*=0x7fe663154280; dim3=dim3(0x13600000136); dim3=dim3(0x1); void**=0x2000000020,NULL,0
2025-10-01 16:49:40.610,1875025,hipGetLastError,ENTER,,,0
2025-10-01 16:49:40.611,1875025,hipGetLastError,LEAVE,,NULL,0
2025-10-01 16:49:40.611,1875025,hipLaunchKernel,ENTER,const void*=0x7fe663154280; dim3=dim3(0x13600000136); dim3=dim3(0x1); void**=0x2000000020,,0
2025-10-01 16:49:40.611,1875025,hipLaunchKernel,LEAVE,const void*=0x7fe663154280; dim3=dim3(0x13600000136); dim3=dim3(0x1); void**=0x2000000020,NULL,0
2025-10-01 16:49:40.611,1875025,hipGetLastError,ENTER,,,0
2025-10-01 16:49:40.611,1875025,hipGetLastError,LEAVE,,NULL,0
2025-10-01 16:49:40.611,1875025,hipLaunchKernel,ENTER,const void*=0x7fe663154280; dim3=dim3(0x13600000136); dim3=dim3(0x1); void**=0x2000000020,,0
2025-10-01 16:49:40.611,1875025,hipLaunchKernel,LEAVE,const void*=0x7fe663154280; dim3=dim3(0x13600000136); dim3=dim3(0x1); void**=0x2000000020,NULL,0
2025-10-01 16:49:40.611,1875025,hipGetLastError,ENTER,,,0
2025-10-01 16:49:40.612,1875025,hipGetLastError,LEAVE,,NULL,0
2025-10-01 16:49:40.612,1875025,hipLaunchKernel,ENTER,const void*=0x7fe663154280; dim3=dim3(0x13600000136); dim3=dim3(0x1); void**=0x2000000020,,0
2025-10-01 16:49:40.612,1875025,hipLaunchKernel,LEAVE,const void*=0x7fe663154280; dim3=dim3(0x13600000136); dim3=dim3(0x1); void**=0x2000000020,NULL,0
2025-10-01 16:49:40.612,1875025,hipGetLastError,ENTER,,,0
2025-10-01 16:49:40.612,1875025,hipGetLastError,LEAVE,,NULL,0
2025-10-01 16:49:40.612,1875025,hipLaunchKernel,ENTER,const void*=0x7fe663154280; dim3=dim3(0x13600000136); dim3=dim3(0x1); void**=0x2000000020,,0
2025-10-01 16:49:40.612,1875025,hipLaunchKernel,LEAVE,const void*=0x7fe663154280; dim3=dim3(0x13600000136); dim3=dim3(0x1); void**=0x2000000020,NULL,0
2025-10-01 16:49:40.612,1875025,hipGetLastError,ENTER,,,0
2025-10-01 16:49:40.612,1875025,hipGetLastError,LEAVE,,NULL,0
2025-10-01 16:49:40.613,1875025,hipLaunchKernel,ENTER,const void*=0x7fe663154280; dim3=dim3(0x13600000136); dim3=dim3(0x1); void**=0x2000000020,,0
2025-10-01 16:49:40.613,1875025,hipLaunchKernel,LEAVE,const void*=0x7fe663154280; dim3=dim3(0x13600000136); dim3=dim3(0x1); void**=0x2000000020,NULL,0
2025-10-01 16:49:40.613,1875025,hipGetLastError,ENTER,,,0
2025-10-01 16:49:40.613,1875025,hipGetLastError,LEAVE,,NULL,0
2025-10-01 16:49:40.613,1875025,hipLaunchKernel,ENTER,const void*=0x7fe663154280; dim3=dim3(0x13600000136); dim3=dim3(0x1); void**=0x2000000020,,0
2025-10-01 16:49:40.613,1875025,hipLaunchKernel,LEAVE,const void*=0x7fe663154280; dim3=dim3(0x13600000136); dim3=dim3(0x1); void**=0x2000000020,NULL,0
2025-10-01 16:49:40.613,1875025,hipGetLastError,ENTER,,,0
2025-10-01 16:49:40.613,1875025,hipGetLastError,LEAVE,,NULL,0
2025-10-01 16:49:40.613,1875025,hipLaunchKernel,ENTER,const void*=0x7fe663154280; dim3=dim3(0x13600000136); dim3=dim3(0x1); void**=0x2000000020,,0
2025-10-01 16:49:40.614,1875025,hipLaunchKernel,LEAVE,const void*=0x7fe663154280; dim3=dim3(0x13600000136); dim3=dim3(0x1); void**=0x2000000020,NULL,0
2025-10-01 16:49:40.614,1875025,hipGetLastError,ENTER,,,0
2025-10-01 16:49:40.614,1875025,hipGetLastError,LEAVE,,NULL,0
2025-10-01 16:49:40.614,1875025,hipLaunchKernel,ENTER,const void*=0x7fe663154280; dim3=dim3(0x13600000136); dim3=dim3(0x1); void**=0x2000000020,,0
2025-10-01 16:49:40.614,1875025,hipLaunchKernel,LEAVE,const void*=0x7fe663154280; dim3=dim3(0x13600000136); dim3=dim3(0x1); void**=0x2000000020,NULL,0
2025-10-01 16:49:40.614,1875025,hipGetLastError,ENTER,,,0
2025-10-01 16:49:40.614,1875025,hipGetLastError,LEAVE,,NULL,0
2025-10-01 16:49:40.614,1875025,hipLaunchKernel,ENTER,const void*=0x7fe663154280; dim3=dim3(0x13600000136); dim3=dim3(0x1); void**=0x2000000020,,0
2025-10-01 16:49:40.614,1875025,hipLaunchKernel,LEAVE,const void*=0x7fe663154280; dim3=dim3(0x13600000136); dim3=dim3(0x1); void**=0x2000000020,NULL,0
2025-10-01 16:49:40.615,1875025,hipGetLastError,ENTER,,,0
2025-10-01 16:49:40.615,1875025,hipGetLastError,LEAVE,,NULL,0
2025-10-01 16:49:40.615,1875025,hipStreamSynchronize,ENTER,hipStream_t=0x7fa5e8001290,,0
2025-10-01 16:49:40.615,1875025,hipStreamSynchronize,LEAVE,hipStream_t=0x7fa5e8001290,NULL,0
2025-10-01 16:49:40.615,1875025,hipLaunchKernel,ENTER,const void*=0x7fe663154280; dim3=dim3(0x13600000136); dim3=dim3(0x1); void**=0x2000000020,,0
2025-10-01 16:49:40.615,1875025,hipLaunchKernel,LEAVE,const void*=0x7fe663154280; dim3=dim3(0x13600000136); dim3=dim3(0x1); void**=0x2000000020,NULL,0
2025-10-01 16:49:40.615,1875025,hipGetLastError,ENTER,,,0
2025-10-01 16:49:40.615,1875025,hipGetLastError,LEAVE,,NULL,0
2025-10-01 16:49:40.615,1875025,hipLaunchKernel,ENTER,const void*=0x7fe663154280; dim3=dim3(0x13600000136); dim3=dim3(0x1); void**=0x2000000020,,0
2025-10-01 16:49:40.616,1875025,hipLaunchKernel,LEAVE,const void*=0x7fe663154280; dim3=dim3(0x13600000136); dim3=dim3(0x1); void**=0x2000000020,NULL,0
2025-10-01 16:49:40.616,1875025,hipGetLastError,ENTER,,,0
2025-10-01 16:49:40.616,1875025,hipGetLastError,LEAVE,,NULL,0
2025-10-01 16:49:40.616,1875025,hipLaunchKernel,ENTER,const void*=0x7fe663154280; dim3=dim3(0x13600000136); dim3=dim3(0x1); void**=0x2000000020,,0
2025-10-01 16:49:40.616,1875025,hipLaunchKernel,LEAVE,const void*=0x7fe663154280; dim3=dim3(0x13600000136); dim3=dim3(0x1); void**=0x2000000020,NULL,0
2025-10-01 16:49:40.616,1875025,hipGetLastError,ENTER,,,0
2025-10-01 16:49:40.616,1875025,hipGetLastError,LEAVE,,NULL,0
2025-10-01 16:49:40.616,1875025,hipLaunchKernel,ENTER,const void*=0x7fe663154280; dim3=dim3(0x13600000136); dim3=dim3(0x1); void**=0x2000000020,,0
2025-10-01 16:49:40.616,1875025,hipLaunchKernel,LEAVE,const void*=0x7fe663154280; dim3=dim3(0x13600000136); dim3=dim3(0x1); void**=0x2000000020,NULL,1
2025-10-01 16:49:40.617,1875025,hipGetLastError,ENTER,,,0
2025-10-01 16:49:40.617,1875025,hipGetLastError,LEAVE,,NULL,0
2025-10-01 16:49:40.617,1875025,hipLaunchKernel,ENTER,const void*=0x7fe663154280; dim3=dim3(0x13600000136); dim3=dim3(0x1); void**=0x2000000020,,0
2025-10-01 16:49:40.617,1875025,hipLaunchKernel,LEAVE,const void*=0x7fe663154280; dim3=dim3(0x13600000136); dim3=dim3(0x1); void**=0x2000000020,NULL,0
2025-10-01 16:49:40.617,1875025,hipGetLastError,ENTER,,,0
2025-10-01 16:49:40.617,1875025,hipGetLastError,LEAVE,,NULL,0
2025-10-01 16:49:40.617,1875025,hipLaunchKernel,ENTER,const void*=0x7fe663154280; dim3=dim3(0x13600000136); dim3=dim3(0x1); void**=0x2000000020,,0
2025-10-01 16:49:40.617,1875025,hipLaunchKernel,LEAVE,const void*=0x7fe663154280; dim3=dim3(0x13600000136); dim3=dim3(0x1); void**=0x2000000020,NULL,0
2025-10-01 16:49:40.617,1875025,hipGetLastError,ENTER,,,0
2025-10-01 16:49:40.618,1875025,hipGetLastError,LEAVE,,NULL,0
2025-10-01 16:49:40.618,1875025,hipLaunchKernel,ENTER,const void*=0x7fe663154280; dim3=dim3(0x13600000136); dim3=dim3(0x1); void**=0x2000000020,,0
2025-10-01 16:49:40.618,1875025,hipLaunchKernel,LEAVE,const void*=0x7fe663154280; dim3=dim3(0x13600000136); dim3=dim3(0x1); void**=0x2000000020,NULL,0
2025-10-01 16:49:40.618,1875025,hipGetLastError,ENTER,,,0
2025-10-01 16:49:40.618,1875025,hipGetLastError,LEAVE,,NULL,0
2025-10-01 16:49:40.618,1875025,hipLaunchKernel,ENTER,const void*=0x7fe663154280; dim3=dim3(0x13600000136); dim3=dim3(0x1); void**=0x2000000020,,0
2025-10-01 16:49:40.618,1875025,hipLaunchKernel,LEAVE,const void*=0x7fe663154280; dim3=dim3(0x13600000136); dim3=dim3(0x1); void**=0x2000000020,NULL,0
2025-10-01 16:49:40.618,1875025,hipGetLastError,ENTER,,,0
2025-10-01 16:49:40.619,1875025,hipGetLastError,LEAVE,,NULL,0
2025-10-01 16:49:40.619,1875025,hipLaunchKernel,ENTER,const void*=0x7fe663154280; dim3=dim3(0x13600000136); dim3=dim3(0x1); void**=0x2000000020,,0
2025-10-01 16:49:40.619,1875025,hipLaunchKernel,LEAVE,const void*=0x7fe663154280; dim3=dim3(0x13600000136); dim3=dim3(0x1); void**=0x2000000020,NULL,0
2025-10-01 16:49:40.619,1875025,hipGetLastError,ENTER,,,0
2025-10-01 16:49:40.619,1875025,hipGetLastError,LEAVE,,NULL,0
2025-10-01 16:49:40.619,1875025,hipLaunchKernel,ENTER,const void*=0x7fe663154280; dim3=dim3(0x13600000136); dim3=dim3(0x1); void**=0x2000000020,,0
2025-10-01 16:49:40.619,1875025,hipLaunchKernel,LEAVE,const void*=0x7fe663154280; dim3=dim3(0x13600000136); dim3=dim3(0x1); void**=0x2000000020,NULL,0
2025-10-01 16:49:40.619,1875025,hipGetLastError,ENTER,,,0
2025-10-01 16:49:40.619,1875025,hipGetLastError,LEAVE,,NULL,0
2025-10-01 16:49:40.620,1875025,hipStreamSynchronize,ENTER,hipStream_t=0x7fa5e8001290,,0
2025-10-01 16:49:40.620,1875022,hipMemcpyAsync,ENTER,void*=0x7f9038600700; const void*=0x7f9f82e00000; size_t=0x2000000; hipMemcpyKind=hipMemcpyHostToDevice,,0
2025-10-01 16:49:40.620,1875025,hipStreamSynchronize,LEAVE,hipStream_t=0x7fa5e8001290,NULL,0
2025-10-01 16:49:40.620,1875025,hipLaunchKernel,ENTER,const void*=0x7fe663154280; dim3=dim3(0x13600000136); dim3=dim3(0x1); void**=0x2000000020,,0
2025-10-01 16:49:40.621,1875022,hipMemcpyAsync,LEAVE,void*=0x7f9038600700; const void*=0x7f9f82e00000; size_t=0x2000000; hipMemcpyKind=hipMemcpyHostToDevice,NULL,1
2025-10-01 16:49:40.621,1875022,hipMemcpyAsync,ENTER,void*=0x7f903a600800; const void*=0x7f9f80600000; size_t=0x2000000; hipMemcpyKind=hipMemcpyHostToDevice,,0
2025-10-01 16:49:40.621,1875025,hipLaunchKernel,LEAVE,const void*=0x7fe663154280; dim3=dim3(0x13600000136); dim3=dim3(0x1); void**=0x2000000020,NULL,0
2025-10-01 16:49:40.621,1875025,hipGetLastError,ENTER,,,0
2025-10-01 16:49:40.621,1875025,hipGetLastError,LEAVE,,NULL,0
2025-10-01 16:49:40.622,1875025,hipLaunchKernel,ENTER,const void*=0x7fe663154280; dim3=dim3(0x13600000136); dim3=dim3(0x1); void**=0x2000000020,,0
2025-10-01 16:49:40.622,1875022,hipMemcpyAsync,LEAVE,void*=0x7f903a600800; const void*=0x7f9f80600000; size_t=0x2000000; hipMemcpyKind=hipMemcpyHostToDevice,NULL,1
2025-10-01 16:49:40.622,1875025,hipLaunchKernel,LEAVE,const void*=0x7fe663154280; dim3=dim3(0x13600000136); dim3=dim3(0x1); void**=0x2000000020,NULL,0
2025-10-01 16:49:40.622,1875025,hipGetLastError,ENTER,,,0
2025-10-01 16:49:40.622,1875025,hipGetLastError,LEAVE,,NULL,0
2025-10-01 16:49:40.622,1875025,hipLaunchKernel,ENTER,const void*=0x7fe663154280; dim3=dim3(0x13600000136); dim3=dim3(0x1); void**=0x2000000020,,0
2025-10-01 16:49:40.622,1875025,hipLaunchKernel,LEAVE,const void*=0x7fe663154280; dim3=dim3(0x13600000136); dim3=dim3(0x1); void**=0x2000000020,NULL,0
2025-10-01 16:49:40.623,1875025,hipGetLastError,ENTER,,,0
2025-10-01 16:49:40.623,1875025,hipGetLastError,LEAVE,,NULL,0
2025-10-01 16:49:40.623,1875025,hipLaunchKernel,ENTER,const void*=0x7fe663154280; dim3=dim3(0x13600000136); dim3=dim3(0x1); void**=0x2000000020,,0
2025-10-01 16:49:40.623,1875025,hipLaunchKernel,LEAVE,const void*=0x7fe663154280; dim3=dim3(0x13600000136); dim3=dim3(0x1); void**=0x2000000020,NULL,0
2025-10-01 16:49:40.623,1875025,hipGetLastError,ENTER,,,0
2025-10-01 16:49:40.623,1875025,hipGetLastError,LEAVE,,NULL,0
2025-10-01 16:49:40.623,1875025,hipLaunchKernel,ENTER,const void*=0x7fe663154280; dim3=dim3(0x13600000136); dim3=dim3(0x1); void**=0x2000000020,,0
2025-10-01 16:49:40.623,1875025,hipLaunchKernel,LEAVE,const void*=0x7fe663154280; dim3=dim3(0x13600000136); dim3=dim3(0x1); void**=0x2000000020,NULL,0
2025-10-01 16:49:40.623,1875025,hipGetLastError,ENTER,,,0
2025-10-01 16:49:40.624,1875025,hipGetLastError,LEAVE,,NULL,0
2025-10-01 16:49:40.624,1875025,hipLaunchKernel,ENTER,const void*=0x7fe663154280; dim3=dim3(0x13600000136); dim3=dim3(0x1); void**=0x2000000020,,0
2025-10-01 16:49:40.624,1875025,hipLaunchKernel,LEAVE,const void*=0x7fe663154280; dim3=dim3(0x13600000136); dim3=dim3(0x1); void**=0x2000000020,NULL,0
2025-10-01 16:49:40.624,1875025,hipGetLastError,ENTER,,,0
2025-10-01 16:49:40.624,1875025,hipGetLastError,LEAVE,,NULL,0
2025-10-01 16:49:40.624,1875025,hipLaunchKernel,ENTER,const void*=0x7fe663154280; dim3=dim3(0x13600000136); dim3=dim3(0x1); void**=0x2000000020,,0
2025-10-01 16:49:40.624,1875025,hipLaunchKernel,LEAVE,const void*=0x7fe663154280; dim3=dim3(0x13600000136); dim3=dim3(0x1); void**=0x2000000020,NULL,0
2025-10-01 16:49:40.624,1875025,hipGetLastError,ENTER,,,0
2025-10-01 16:49:40.625,1875025,hipGetLastError,LEAVE,,NULL,0
2025-10-01 16:49:40.625,1875025,hipLaunchKernel,ENTER,const void*=0x7fe663154280; dim3=dim3(0x13600000136); dim3=dim3(0x1); void**=0x2000000020,,0
2025-10-01 16:49:40.625,1875025,hipLaunchKernel,LEAVE,const void*=0x7fe663154280; dim3=dim3(0x13600000136); dim3=dim3(0x1); void**=0x2000000020,NULL,0
2025-10-01 16:49:40.625,1875025,hipGetLastError,ENTER,,,0
2025-10-01 16:49:40.625,1875025,hipGetLastError,LEAVE,,NULL,0
2025-10-01 16:49:40.625,1875025,hipLaunchKernel,ENTER,const void*=0x7fe663154280; dim3=dim3(0x13600000136); dim3=dim3(0x1); void**=0x2000000020,,0
2025-10-01 16:49:40.625,1875025,hipLaunchKernel,LEAVE,const void*=0x7fe663154280; dim3=dim3(0x13600000136); dim3=dim3(0x1); void**=0x2000000020,NULL,0
2025-10-01 16:49:40.625,1875025,hipGetLastError,ENTER,,,0
2025-10-01 16:49:40.625,1875025,hipGetLastError,LEAVE,,NULL,0
2025-10-01 16:49:40.626,1875025,hipLaunchKernel,ENTER,const void*=0x7fe663154280; dim3=dim3(0x13600000136); dim3=dim3(0x1); void**=0x2000000020,,0
2025-10-01 16:49:40.626,1875025,hipLaunchKernel,LEAVE,const void*=0x7fe663154280; dim3=dim3(0x13600000136); dim3=dim3(0x1); void**=0x2000000020,NULL,0
2025-10-01 16:49:40.626,1875025,hipGetLastError,ENTER,,,0
2025-10-01 16:49:40.626,1875025,hipGetLastError,LEAVE,,NULL,0
2025-10-01 16:49:40.626,1875025,hipStreamSynchronize,ENTER,hipStream_t=0x7fa5e8001290,,0
2025-10-01 16:49:40.626,1875025,hipStreamSynchronize,LEAVE,hipStream_t=0x7fa5e8001290,NULL,0
2025-10-01 16:49:40.626,1875025,hipLaunchKernel,ENTER,const void*=0x7fe663154280; dim3=dim3(0x13600000136); dim3=dim3(0x1); void**=0x2000000020,,0
2025-10-01 16:49:40.626,1875025,hipLaunchKernel,LEAVE,const void*=0x7fe663154280; dim3=dim3(0x13600000136); dim3=dim3(0x1); void**=0x2000000020,NULL,0
2025-10-01 16:49:40.626,1875025,hipGetLastError,ENTER,,,0
2025-10-01 16:49:40.627,1875025,hipGetLastError,LEAVE,,NULL,0
2025-10-01 16:49:40.627,1875025,hipLaunchKernel,ENTER,const void*=0x7fe663154280; dim3=dim3(0x13600000136); dim3=dim3(0x1); void**=0x2000000020,,0
2025-10-01 16:49:40.627,1875025,hipLaunchKernel,LEAVE,const void*=0x7fe663154280; dim3=dim3(0x13600000136); dim3=dim3(0x1); void**=0x2000000020,NULL,0
2025-10-01 16:49:40.627,1875025,hipGetLastError,ENTER,,,0
2025-10-01 16:49:40.627,1875025,hipGetLastError,LEAVE,,NULL,0
2025-10-01 16:49:40.627,1875025,hipLaunchKernel,ENTER,const void*=0x7fe663154280; dim3=dim3(0x13600000136); dim3=dim3(0x1); void**=0x2000000020,,0
2025-10-01 16:49:40.627,1875025,hipLaunchKernel,LEAVE,const void*=0x7fe663154280; dim3=dim3(0x13600000136); dim3=dim3(0x1); void**=0x2000000020,NULL,0
2025-10-01 16:49:40.627,1875025,hipGetLastError,ENTER,,,0
2025-10-01 16:49:40.628,1875025,hipGetLastError,LEAVE,,NULL,0
2025-10-01 16:49:40.628,1875025,hipLaunchKernel,ENTER,const void*=0x7fe663154280; dim3=dim3(0x13600000136); dim3=dim3(0x1); void**=0x2000000020,,0
2025-10-01 16:49:40.628,1875025,hipLaunchKernel,LEAVE,const void*=0x7fe663154280; dim3=dim3(0x13600000136); dim3=dim3(0x1); void**=0x2000000020,NULL,0
2025-10-01 16:49:40.628,1875025,hipGetLastError,ENTER,,,0
2025-10-01 16:49:40.628,1875025,hipGetLastError,LEAVE,,NULL,0
2025-10-01 16:49:40.628,1875025,hipLaunchKernel,ENTER,const void*=0x7fe663154280; dim3=dim3(0x13600000136); dim3=dim3(0x1); void**=0x2000000020,,0
2025-10-01 16:49:40.628,1875025,hipLaunchKernel,LEAVE,const void*=0x7fe663154280; dim3=dim3(0x13600000136); dim3=dim3(0x1); void**=0x2000000020,NULL,0
2025-10-01 16:49:40.628,1875025,hipGetLastError,ENTER,,,0
2025-10-01 16:49:40.628,1875025,hipGetLastError,LEAVE,,NULL,0
2025-10-01 16:49:40.629,1875025,hipLaunchKernel,ENTER,const void*=0x7fe663154280; dim3=dim3(0x13600000136); dim3=dim3(0x1); void**=0x2000000020,,0
2025-10-01 16:49:40.629,1875025,hipLaunchKernel,LEAVE,const void*=0x7fe663154280; dim3=dim3(0x13600000136); dim3=dim3(0x1); void**=0x2000000020,NULL,0
2025-10-01 16:49:40.629,1875025,hipGetLastError,ENTER,,,0
2025-10-01 16:49:40.629,1875025,hipGetLastError,LEAVE,,NULL,0
2025-10-01 16:49:40.629,1875025,hipLaunchKernel,ENTER,const void*=0x7fe663154280; dim3=dim3(0x13600000136); dim3=dim3(0x1); void**=0x2000000020,,0
2025-10-01 16:49:40.629,1875025,hipLaunchKernel,LEAVE,const void*=0x7fe663154280; dim3=dim3(0x13600000136); dim3=dim3(0x1); void**=0x2000000020,NULL,0
2025-10-01 16:49:40.629,1875025,hipGetLastError,ENTER,,,0
2025-10-01 16:49:40.629,1875025,hipGetLastError,LEAVE,,NULL,0
2025-10-01 16:49:40.629,1875025,hipLaunchKernel,ENTER,const void*=0x7fe663154280; dim3=dim3(0x13600000136); dim3=dim3(0x1); void**=0x2000000020,,0
2025-10-01 16:49:40.630,1875025,hipLaunchKernel,LEAVE,const void*=0x7fe663154280; dim3=dim3(0x13600000136); dim3=dim3(0x1); void**=0x2000000020,NULL,0
2025-10-01 16:49:40.630,1875025,hipGetLastError,ENTER,,,0
2025-10-01 16:49:40.630,1875025,hipGetLastError,LEAVE,,NULL,0
2025-10-01 16:49:40.630,1875025,hipLaunchKernel,ENTER,const void*=0x7fe663154280; dim3=dim3(0x13600000136); dim3=dim3(0x1); void**=0x2000000020,,0
2025-10-01 16:49:40.630,1875025,hipLaunchKernel,LEAVE,const void*=0x7fe663154280; dim3=dim3(0x13600000136); dim3=dim3(0x1); void**=0x2000000020,NULL,0
2025-10-01 16:49:40.630,1875025,hipGetLastError,ENTER,,,0
2025-10-01 16:49:40.630,1875025,hipGetLastError,LEAVE,,NULL,0
2025-10-01 16:49:40.630,1875025,hipLaunchKernel,ENTER,const void*=0x7fe663154280; dim3=dim3(0x13600000136); dim3=dim3(0x1); void**=0x2000000020,,0
2025-10-01 16:49:40.630,1875025,hipLaunchKernel,LEAVE,const void*=0x7fe663154280; dim3=dim3(0x13600000136); dim3=dim3(0x1); void**=0x2000000020,NULL,0
2025-10-01 16:49:40.630,1875025,hipGetLastError,ENTER,,,0
2025-10-01 16:49:40.631,1875025,hipGetLastError,LEAVE,,NULL,0
2025-10-01 16:49:40.631,1875025,hipStreamSynchronize,ENTER,hipStream_t=0x7fa5e8001290,,0
2025-10-01 16:49:40.631,1875025,hipStreamSynchronize,LEAVE,hipStream_t=0x7fa5e8001290,NULL,0
2025-10-01 16:49:40.631,1875025,hipLaunchKernel,ENTER,const void*=0x7fe663154280; dim3=dim3(0x13600000136); dim3=dim3(0x1); void**=0x2000000020,,0
2025-10-01 16:49:40.631,1875025,hipLaunchKernel,LEAVE,const void*=0x7fe663154280; dim3=dim3(0x13600000136); dim3=dim3(0x1); void**=0x2000000020,NULL,0
2025-10-01 16:49:40.631,1875025,hipGetLastError,ENTER,,,0
2025-10-01 16:49:40.631,1875025,hipGetLastError,LEAVE,,NULL,0
2025-10-01 16:49:40.631,1875025,hipLaunchKernel,ENTER,const void*=0x7fe663154280; dim3=dim3(0x13600000136); dim3=dim3(0x1); void**=0x2000000020,,0
2025-10-01 16:49:40.632,1875025,hipLaunchKernel,LEAVE,const void*=0x7fe663154280; dim3=dim3(0x13600000136); dim3=dim3(0x1); void**=0x2000000020,NULL,1
2025-10-01 16:49:40.632,1875025,hipGetLastError,ENTER,,,0
2025-10-01 16:49:40.632,1875025,hipGetLastError,LEAVE,,NULL,0
2025-10-01 16:49:40.632,1875025,hipLaunchKernel,ENTER,const void*=0x7fe663154280; dim3=dim3(0x13600000136); dim3=dim3(0x1); void**=0x2000000020,,0
2025-10-01 16:49:40.632,1875025,hipLaunchKernel,LEAVE,const void*=0x7fe663154280; dim3=dim3(0x13600000136); dim3=dim3(0x1); void**=0x2000000020,NULL,0
2025-10-01 16:49:40.632,1875025,hipGetLastError,ENTER,,,0
2025-10-01 16:49:40.632,1875025,hipGetLastError,LEAVE,,NULL,0
2025-10-01 16:49:40.632,1875025,hipLaunchKernel,ENTER,const void*=0x7fe663154280; dim3=dim3(0x13600000136); dim3=dim3(0x1); void**=0x2000000020,,0
2025-10-01 16:49:40.632,1875025,hipLaunchKernel,LEAVE,const void*=0x7fe663154280; dim3=dim3(0x13600000136); dim3=dim3(0x1); void**=0x2000000020,NULL,0
2025-10-01 16:49:40.633,1875025,hipGetLastError,ENTER,,,0
2025-10-01 16:49:40.633,1875025,hipGetLastError,LEAVE,,NULL,0
2025-10-01 16:49:40.633,1875025,hipLaunchKernel,ENTER,const void*=0x7fe663154280; dim3=dim3(0x13600000136); dim3=dim3(0x1); void**=0x2000000020,,0
2025-10-01 16:49:40.633,1875025,hipLaunchKernel,LEAVE,const void*=0x7fe663154280; dim3=dim3(0x13600000136); dim3=dim3(0x1); void**=0x2000000020,NULL,0
2025-10-01 16:49:40.633,1875025,hipGetLastError,ENTER,,,0
2025-10-01 16:49:40.633,1875025,hipGetLastError,LEAVE,,NULL,0
2025-10-01 16:49:40.633,1875025,hipLaunchKernel,ENTER,const void*=0x7fe663154280; dim3=dim3(0x13600000136); dim3=dim3(0x1); void**=0x2000000020,,0
2025-10-01 16:49:40.633,1875025,hipLaunchKernel,LEAVE,const void*=0x7fe663154280; dim3=dim3(0x13600000136); dim3=dim3(0x1); void**=0x2000000020,NULL,0
2025-10-01 16:49:40.633,1875025,hipGetLastError,ENTER,,,0
2025-10-01 16:49:40.634,1875025,hipGetLastError,LEAVE,,NULL,0
2025-10-01 16:49:40.634,1875025,hipLaunchKernel,ENTER,const void*=0x7fe663154280; dim3=dim3(0x13600000136); dim3=dim3(0x1); void**=0x2000000020,,0
2025-10-01 16:49:40.634,1875025,hipLaunchKernel,LEAVE,const void*=0x7fe663154280; dim3=dim3(0x13600000136); dim3=dim3(0x1); void**=0x2000000020,NULL,0
2025-10-01 16:49:40.634,1875025,hipGetLastError,ENTER,,,0
2025-10-01 16:49:40.634,1875025,hipGetLastError,LEAVE,,NULL,0
2025-10-01 16:49:40.634,1875025,hipLaunchKernel,ENTER,const void*=0x7fe663154280; dim3=dim3(0x13600000136); dim3=dim3(0x1); void**=0x2000000020,,0
2025-10-01 16:49:40.634,1875025,hipLaunchKernel,LEAVE,const void*=0x7fe663154280; dim3=dim3(0x13600000136); dim3=dim3(0x1); void**=0x2000000020,NULL,0
2025-10-01 16:49:40.634,1875025,hipGetLastError,ENTER,,,0
2025-10-01 16:49:40.634,1875025,hipGetLastError,LEAVE,,NULL,0
2025-10-01 16:49:40.635,1875025,hipLaunchKernel,ENTER,const void*=0x7fe663154280; dim3=dim3(0x13600000136); dim3=dim3(0x1); void**=0x2000000020,,0
2025-10-01 16:49:40.635,1875025,hipLaunchKernel,LEAVE,const void*=0x7fe663154280; dim3=dim3(0x13600000136); dim3=dim3(0x1); void**=0x2000000020,NULL,0
2025-10-01 16:49:40.635,1875025,hipGetLastError,ENTER,,,0
2025-10-01 16:49:40.635,1875025,hipGetLastError,LEAVE,,NULL,0
2025-10-01 16:49:40.635,1875025,hipLaunchKernel,ENTER,const void*=0x7fe663154280; dim3=dim3(0x13600000136); dim3=dim3(0x1); void**=0x2000000020,,0
2025-10-01 16:49:40.635,1875025,hipLaunchKernel,LEAVE,const void*=0x7fe663154280; dim3=dim3(0x13600000136); dim3=dim3(0x1); void**=0x2000000020,NULL,0
2025-10-01 16:49:40.635,1875025,hipGetLastError,ENTER,,,0
2025-10-01 16:49:40.635,1875025,hipGetLastError,LEAVE,,NULL,0
2025-10-01 16:49:40.635,1875025,hipStreamSynchronize,ENTER,hipStream_t=0x7fa5e8001290,,0
2025-10-01 16:49:40.636,1875025,hipStreamSynchronize,LEAVE,hipStream_t=0x7fa5e8001290,NULL,0
2025-10-01 16:49:40.636,1875025,hipLaunchKernel,ENTER,const void*=0x7fe663154280; dim3=dim3(0x13600000136); dim3=dim3(0x1); void**=0x2000000020,,0
2025-10-01 16:49:40.636,1875025,hipLaunchKernel,LEAVE,const void*=0x7fe663154280; dim3=dim3(0x13600000136); dim3=dim3(0x1); void**=0x2000000020,NULL,0
2025-10-01 16:49:40.636,1875025,hipGetLastError,ENTER,,,0
2025-10-01 16:49:40.636,1875025,hipGetLastError,LEAVE,,NULL,0
2025-10-01 16:49:40.636,1875025,hipLaunchKernel,ENTER,const void*=0x7fe663154280; dim3=dim3(0x13600000136); dim3=dim3(0x1); void**=0x2000000020,,0
2025-10-01 16:49:40.636,1875025,hipLaunchKernel,LEAVE,const void*=0x7fe663154280; dim3=dim3(0x13600000136); dim3=dim3(0x1); void**=0x2000000020,NULL,0
2025-10-01 16:49:40.636,1875025,hipGetLastError,ENTER,,,0
2025-10-01 16:49:40.637,1875025,hipGetLastError,LEAVE,,NULL,0
2025-10-01 16:49:40.637,1875025,hipLaunchKernel,ENTER,const void*=0x7fe663154280; dim3=dim3(0x13600000136); dim3=dim3(0x1); void**=0x2000000020,,0
2025-10-01 16:49:40.637,1875025,hipLaunchKernel,LEAVE,const void*=0x7fe663154280; dim3=dim3(0x13600000136); dim3=dim3(0x1); void**=0x2000000020,NULL,0
2025-10-01 16:49:40.637,1875025,hipGetLastError,ENTER,,,0
2025-10-01 16:49:40.637,1875025,hipGetLastError,LEAVE,,NULL,0
2025-10-01 16:49:40.637,1875025,hipLaunchKernel,ENTER,const void*=0x7fe663154280; dim3=dim3(0x13600000136); dim3=dim3(0x1); void**=0x2000000020,,0
2025-10-01 16:49:40.637,1875025,hipLaunchKernel,LEAVE,const void*=0x7fe663154280; dim3=dim3(0x13600000136); dim3=dim3(0x1); void**=0x2000000020,NULL,0
2025-10-01 16:49:40.637,1875025,hipGetLastError,ENTER,,,0
2025-10-01 16:49:40.637,1875025,hipGetLastError,LEAVE,,NULL,0
2025-10-01 16:49:40.638,1875025,hipLaunchKernel,ENTER,const void*=0x7fe663154280; dim3=dim3(0x13600000136); dim3=dim3(0x1); void**=0x2000000020,,0
2025-10-01 16:49:40.638,1875025,hipLaunchKernel,LEAVE,const void*=0x7fe663154280; dim3=dim3(0x13600000136); dim3=dim3(0x1); void**=0x2000000020,NULL,0
2025-10-01 16:49:40.638,1875025,hipGetLastError,ENTER,,,0
2025-10-01 16:49:40.638,1875025,hipGetLastError,LEAVE,,NULL,0
2025-10-01 16:49:40.638,1875025,hipLaunchKernel,ENTER,const void*=0x7fe663154280; dim3=dim3(0x13600000136); dim3=dim3(0x1); void**=0x2000000020,,0
2025-10-01 16:49:40.638,1875025,hipLaunchKernel,LEAVE,const void*=0x7fe663154280; dim3=dim3(0x13600000136); dim3=dim3(0x1); void**=0x2000000020,NULL,0
2025-10-01 16:49:40.638,1875025,hipGetLastError,ENTER,,,0
2025-10-01 16:49:40.638,1875025,hipGetLastError,LEAVE,,NULL,0
2025-10-01 16:49:40.638,1875025,hipLaunchKernel,ENTER,const void*=0x7fe663154280; dim3=dim3(0x13600000136); dim3=dim3(0x1); void**=0x2000000020,,0
2025-10-01 16:49:40.639,1875025,hipLaunchKernel,LEAVE,const void*=0x7fe663154280; dim3=dim3(0x13600000136); dim3=dim3(0x1); void**=0x2000000020,NULL,0
2025-10-01 16:49:40.639,1875025,hipGetLastError,ENTER,,,0
2025-10-01 16:49:40.639,1875025,hipGetLastError,LEAVE,,NULL,0
2025-10-01 16:49:40.639,1875025,hipLaunchKernel,ENTER,const void*=0x7fe663154280; dim3=dim3(0x13600000136); dim3=dim3(0x1); void**=0x2000000020,,0
2025-10-01 16:49:40.639,1875025,hipLaunchKernel,LEAVE,const void*=0x7fe663154280; dim3=dim3(0x13600000136); dim3=dim3(0x1); void**=0x2000000020,NULL,0
2025-10-01 16:49:40.639,1875025,hipGetLastError,ENTER,,,0
2025-10-01 16:49:40.639,1875025,hipGetLastError,LEAVE,,NULL,0
2025-10-01 16:49:40.639,1875025,hipLaunchKernel,ENTER,const void*=0x7fe663154280; dim3=dim3(0x13600000136); dim3=dim3(0x1); void**=0x2000000020,,0
2025-10-01 16:49:40.640,1875025,hipLaunchKernel,LEAVE,const void*=0x7fe663154280; dim3=dim3(0x13600000136); dim3=dim3(0x1); void**=0x2000000020,NULL,0
2025-10-01 16:49:40.640,1875025,hipGetLastError,ENTER,,,0
2025-10-01 16:49:40.640,1875025,hipGetLastError,LEAVE,,NULL,0
2025-10-01 16:49:40.640,1875025,hipLaunchKernel,ENTER,const void*=0x7fe663154280; dim3=dim3(0x13600000136); dim3=dim3(0x1); void**=0x2000000020,,0
2025-10-01 16:49:40.640,1875025,hipLaunchKernel,LEAVE,const void*=0x7fe663154280; dim3=dim3(0x13600000136); dim3=dim3(0x1); void**=0x2000000020,NULL,0
2025-10-01 16:49:40.640,1875025,hipGetLastError,ENTER,,,0
2025-10-01 16:49:40.640,1875025,hipGetLastError,LEAVE,,NULL,0
2025-10-01 16:49:40.640,1875025,hipStreamSynchronize,ENTER,hipStream_t=0x7fa5e8001290,,0
2025-10-01 16:49:40.640,1875025,hipStreamSynchronize,LEAVE,hipStream_t=0x7fa5e8001290,NULL,0
2025-10-01 16:49:40.641,1875025,hipLaunchKernel,ENTER,const void*=0x7fe663154280; dim3=dim3(0x13600000136); dim3=dim3(0x1); void**=0x2000000020,,0
2025-10-01 16:49:40.641,1875025,hipLaunchKernel,LEAVE,const void*=0x7fe663154280; dim3=dim3(0x13600000136); dim3=dim3(0x1); void**=0x2000000020,NULL,0
2025-10-01 16:49:40.641,1875025,hipGetLastError,ENTER,,,0
2025-10-01 16:49:40.641,1875025,hipGetLastError,LEAVE,,NULL,0
2025-10-01 16:49:40.641,1875025,hipLaunchKernel,ENTER,const void*=0x7fe663154280; dim3=dim3(0x13600000136); dim3=dim3(0x1); void**=0x2000000020,,0
2025-10-01 16:49:40.641,1875025,hipLaunchKernel,LEAVE,const void*=0x7fe663154280; dim3=dim3(0x13600000136); dim3=dim3(0x1); void**=0x2000000020,NULL,0
2025-10-01 16:49:40.641,1875025,hipGetLastError,ENTER,,,0
2025-10-01 16:49:40.641,1875025,hipGetLastError,LEAVE,,NULL,0
2025-10-01 16:49:40.641,1875025,hipLaunchKernel,ENTER,const void*=0x7fe663154280; dim3=dim3(0x13600000136); dim3=dim3(0x1); void**=0x2000000020,,0
2025-10-01 16:49:40.642,1875025,hipLaunchKernel,LEAVE,const void*=0x7fe663154280; dim3=dim3(0x13600000136); dim3=dim3(0x1); void**=0x2000000020,NULL,0
2025-10-01 16:49:40.642,1875025,hipGetLastError,ENTER,,,0
2025-10-01 16:49:40.642,1875025,hipGetLastError,LEAVE,,NULL,0
2025-10-01 16:49:40.642,1875025,hipLaunchKernel,ENTER,const void*=0x7fe663154280; dim3=dim3(0x13600000136); dim3=dim3(0x1); void**=0x2000000020,,0
2025-10-01 16:49:40.642,1875025,hipLaunchKernel,LEAVE,const void*=0x7fe663154280; dim3=dim3(0x13600000136); dim3=dim3(0x1); void**=0x2000000020,NULL,0
2025-10-01 16:49:40.642,1875025,hipGetLastError,ENTER,,,0
2025-10-01 16:49:40.642,1875025,hipGetLastError,LEAVE,,NULL,0
2025-10-01 16:49:40.642,1875025,hipLaunchKernel,ENTER,const void*=0x7fe663154280; dim3=dim3(0x13600000136); dim3=dim3(0x1); void**=0x2000000020,,0
2025-10-01 16:49:40.642,1875025,hipLaunchKernel,LEAVE,const void*=0x7fe663154280; dim3=dim3(0x13600000136); dim3=dim3(0x1); void**=0x2000000020,NULL,0
2025-10-01 16:49:40.643,1875025,hipGetLastError,ENTER,,,0
2025-10-01 16:49:40.643,1875025,hipGetLastError,LEAVE,,NULL,0
2025-10-01 16:49:40.643,1875025,hipLaunchKernel,ENTER,const void*=0x7fe663154280; dim3=dim3(0x13600000136); dim3=dim3(0x1); void**=0x2000000020,,0
2025-10-01 16:49:40.643,1875025,hipLaunchKernel,LEAVE,const void*=0x7fe663154280; dim3=dim3(0x13600000136); dim3=dim3(0x1); void**=0x2000000020,NULL,0
2025-10-01 16:49:40.643,1875025,hipGetLastError,ENTER,,,0
2025-10-01 16:49:40.643,1875025,hipGetLastError,LEAVE,,NULL,0
2025-10-01 16:49:40.643,1875025,hipLaunchKernel,ENTER,const void*=0x7fe663154280; dim3=dim3(0x13600000136); dim3=dim3(0x1); void**=0x2000000020,,0
2025-10-01 16:49:40.643,1875025,hipLaunchKernel,LEAVE,const void*=0x7fe663154280; dim3=dim3(0x13600000136); dim3=dim3(0x1); void**=0x2000000020,NULL,0
2025-10-01 16:49:40.643,1875025,hipGetLastError,ENTER,,,0
2025-10-01 16:49:40.644,1875025,hipGetLastError,LEAVE,,NULL,0
2025-10-01 16:49:40.644,1875025,hipLaunchKernel,ENTER,const void*=0x7fe663154280; dim3=dim3(0x13600000136); dim3=dim3(0x1); void**=0x2000000020,,0
2025-10-01 16:49:40.644,1875025,hipLaunchKernel,LEAVE,const void*=0x7fe663154280; dim3=dim3(0x13600000136); dim3=dim3(0x1); void**=0x2000000020,NULL,0
2025-10-01 16:49:40.644,1875025,hipGetLastError,ENTER,,,0
2025-10-01 16:49:40.644,1875025,hipGetLastError,LEAVE,,NULL,0
2025-10-01 16:49:40.644,1875025,hipLaunchKernel,ENTER,const void*=0x7fe663154280; dim3=dim3(0x13600000136); dim3=dim3(0x1); void**=0x2000000020,,0
2025-10-01 16:49:40.644,1875025,hipLaunchKernel,LEAVE,const void*=0x7fe663154280; dim3=dim3(0x13600000136); dim3=dim3(0x1); void**=0x2000000020,NULL,0
2025-10-01 16:49:40.644,1875025,hipGetLastError,ENTER,,,0
2025-10-01 16:49:40.644,1875025,hipGetLastError,LEAVE,,NULL,0
2025-10-01 16:49:40.645,1875025,hipLaunchKernel,ENTER,const void*=0x7fe663154280; dim3=dim3(0x13600000136); dim3=dim3(0x1); void**=0x2000000020,,0
2025-10-01 16:49:40.645,1875025,hipLaunchKernel,LEAVE,const void*=0x7fe663154280; dim3=dim3(0x13600000136); dim3=dim3(0x1); void**=0x2000000020,NULL,0
2025-10-01 16:49:40.645,1875025,hipGetLastError,ENTER,,,0
2025-10-01 16:49:40.645,1875025,hipGetLastError,LEAVE,,NULL,0
2025-10-01 16:49:40.645,1875025,hipStreamSynchronize,ENTER,hipStream_t=0x7fa5e8001290,,0
2025-10-01 16:49:40.645,1875025,hipStreamSynchronize,LEAVE,hipStream_t=0x7fa5e8001290,NULL,0
2025-10-01 16:49:40.645,1875025,hipLaunchKernel,ENTER,const void*=0x7fe663154280; dim3=dim3(0x13600000136); dim3=dim3(0x1); void**=0x2000000020,,0
2025-10-01 16:49:40.645,1875025,hipLaunchKernel,LEAVE,const void*=0x7fe663154280; dim3=dim3(0x13600000136); dim3=dim3(0x1); void**=0x2000000020,NULL,0
2025-10-01 16:49:40.646,1875025,hipGetLastError,ENTER,,,0
2025-10-01 16:49:40.646,1875025,hipGetLastError,LEAVE,,NULL,0
2025-10-01 16:49:40.646,1875025,hipLaunchKernel,ENTER,const void*=0x7fe663154280; dim3=dim3(0x13600000136); dim3=dim3(0x1); void**=0x2000000020,,0
2025-10-01 16:49:40.646,1875025,hipLaunchKernel,LEAVE,const void*=0x7fe663154280; dim3=dim3(0x13600000136); dim3=dim3(0x1); void**=0x2000000020,NULL,0
2025-10-01 16:49:40.646,1875025,hipGetLastError,ENTER,,,0
2025-10-01 16:49:40.646,1875025,hipGetLastError,LEAVE,,NULL,0
2025-10-01 16:49:40.646,1875025,hipLaunchKernel,ENTER,const void*=0x7fe663154280; dim3=dim3(0x13600000136); dim3=dim3(0x1); void**=0x2000000020,,0
2025-10-01 16:49:40.646,1875025,hipLaunchKernel,LEAVE,const void*=0x7fe663154280; dim3=dim3(0x13600000136); dim3=dim3(0x1); void**=0x2000000020,NULL,0
2025-10-01 16:49:40.646,1875025,hipGetLastError,ENTER,,,0
2025-10-01 16:49:40.647,1875025,hipGetLastError,LEAVE,,NULL,0
2025-10-01 16:49:40.647,1875025,hipLaunchKernel,ENTER,const void*=0x7fe663154280; dim3=dim3(0x13600000136); dim3=dim3(0x1); void**=0x2000000020,,0
2025-10-01 16:49:40.647,1875025,hipLaunchKernel,LEAVE,const void*=0x7fe663154280; dim3=dim3(0x13600000136); dim3=dim3(0x1); void**=0x2000000020,NULL,0
2025-10-01 16:49:40.647,1875025,hipGetLastError,ENTER,,,0
2025-10-01 16:49:40.647,1875025,hipGetLastError,LEAVE,,NULL,0
2025-10-01 16:49:40.647,1875025,hipLaunchKernel,ENTER,const void*=0x7fe663154280; dim3=dim3(0x13600000136); dim3=dim3(0x1); void**=0x2000000020,,0
2025-10-01 16:49:40.647,1875025,hipLaunchKernel,LEAVE,const void*=0x7fe663154280; dim3=dim3(0x13600000136); dim3=dim3(0x1); void**=0x2000000020,NULL,0
2025-10-01 16:49:40.647,1875025,hipGetLastError,ENTER,,,0
2025-10-01 16:49:40.647,1875025,hipGetLastError,LEAVE,,NULL,0
2025-10-01 16:49:40.648,1875025,hipLaunchKernel,ENTER,const void*=0x7fe663154280; dim3=dim3(0x13600000136); dim3=dim3(0x1); void**=0x2000000020,,0
2025-10-01 16:49:40.648,1875025,hipLaunchKernel,LEAVE,const void*=0x7fe663154280; dim3=dim3(0x13600000136); dim3=dim3(0x1); void**=0x2000000020,NULL,0
2025-10-01 16:49:40.648,1875025,hipGetLastError,ENTER,,,0
2025-10-01 16:49:40.648,1875025,hipGetLastError,LEAVE,,NULL,0
2025-10-01 16:49:40.648,1875025,hipLaunchKernel,ENTER,const void*=0x7fe663154280; dim3=dim3(0x13600000136); dim3=dim3(0x1); void**=0x2000000020,,0
2025-10-01 16:49:40.648,1875025,hipLaunchKernel,LEAVE,const void*=0x7fe663154280; dim3=dim3(0x13600000136); dim3=dim3(0x1); void**=0x2000000020,NULL,0
2025-10-01 16:49:40.648,1875025,hipGetLastError,ENTER,,,0
2025-10-01 16:49:40.648,1875025,hipGetLastError,LEAVE,,NULL,0
2025-10-01 16:49:40.648,1875025,hipLaunchKernel,ENTER,const void*=0x7fe663154280; dim3=dim3(0x13600000136); dim3=dim3(0x1); void**=0x2000000020,,0
2025-10-01 16:49:40.649,1875025,hipLaunchKernel,LEAVE,const void*=0x7fe663154280; dim3=dim3(0x13600000136); dim3=dim3(0x1); void**=0x2000000020,NULL,0
2025-10-01 16:49:40.649,1875025,hipGetLastError,ENTER,,,0
2025-10-01 16:49:40.649,1875025,hipGetLastError,LEAVE,,NULL,0
2025-10-01 16:49:40.649,1875025,hipLaunchKernel,ENTER,const void*=0x7fe663154280; dim3=dim3(0x13600000136); dim3=dim3(0x1); void**=0x2000000020,,0
2025-10-01 16:49:40.649,1875025,hipLaunchKernel,LEAVE,const void*=0x7fe663154280; dim3=dim3(0x13600000136); dim3=dim3(0x1); void**=0x2000000020,NULL,0
2025-10-01 16:49:40.649,1875025,hipGetLastError,ENTER,,,0
2025-10-01 16:49:40.649,1875025,hipGetLastError,LEAVE,,NULL,0
2025-10-01 16:49:40.649,1875025,hipLaunchKernel,ENTER,const void*=0x7fe663154280; dim3=dim3(0x13600000136); dim3=dim3(0x1); void**=0x2000000020,,0
2025-10-01 16:49:40.649,1875025,hipLaunchKernel,LEAVE,const void*=0x7fe663154280; dim3=dim3(0x13600000136); dim3=dim3(0x1); void**=0x2000000020,NULL,0
2025-10-01 16:49:40.650,1875025,hipGetLastError,ENTER,,,0
2025-10-01 16:49:40.650,1875025,hipGetLastError,LEAVE,,NULL,0
2025-10-01 16:49:40.650,1875025,hipStreamSynchronize,ENTER,hipStream_t=0x7fa5e8001290,,0
2025-10-01 16:49:40.650,1875025,hipStreamSynchronize,LEAVE,hipStream_t=0x7fa5e8001290,NULL,0
2025-10-01 16:49:40.650,1875025,hipLaunchKernel,ENTER,const void*=0x7fe663154280; dim3=dim3(0x13600000136); dim3=dim3(0x1); void**=0x2000000020,,0
2025-10-01 16:49:40.650,1875025,hipLaunchKernel,LEAVE,const void*=0x7fe663154280; dim3=dim3(0x13600000136); dim3=dim3(0x1); void**=0x2000000020,NULL,0
2025-10-01 16:49:40.650,1875025,hipGetLastError,ENTER,,,0
2025-10-01 16:49:40.650,1875025,hipGetLastError,LEAVE,,NULL,0
2025-10-01 16:49:40.650,1875025,hipLaunchKernel,ENTER,const void*=0x7fe663154280; dim3=dim3(0x13600000136); dim3=dim3(0x1); void**=0x2000000020,,0
2025-10-01 16:49:40.651,1875025,hipLaunchKernel,LEAVE,const void*=0x7fe663154280; dim3=dim3(0x13600000136); dim3=dim3(0x1); void**=0x2000000020,NULL,0
2025-10-01 16:49:40.651,1875025,hipGetLastError,ENTER,,,0
2025-10-01 16:49:40.651,1875025,hipGetLastError,LEAVE,,NULL,0
2025-10-01 16:49:40.651,1875025,hipLaunchKernel,ENTER,const void*=0x7fe663154280; dim3=dim3(0x13600000136); dim3=dim3(0x1); void**=0x2000000020,,0
2025-10-01 16:49:40.651,1875025,hipLaunchKernel,LEAVE,const void*=0x7fe663154280; dim3=dim3(0x13600000136); dim3=dim3(0x1); void**=0x2000000020,NULL,0
2025-10-01 16:49:40.651,1875025,hipGetLastError,ENTER,,,0
2025-10-01 16:49:40.651,1875025,hipGetLastError,LEAVE,,NULL,0
2025-10-01 16:49:40.651,1875025,hipLaunchKernel,ENTER,const void*=0x7fe663154280; dim3=dim3(0x13600000136); dim3=dim3(0x1); void**=0x2000000020,,0
2025-10-01 16:49:40.651,1875025,hipLaunchKernel,LEAVE,const void*=0x7fe663154280; dim3=dim3(0x13600000136); dim3=dim3(0x1); void**=0x2000000020,NULL,0
2025-10-01 16:49:40.651,1875025,hipGetLastError,ENTER,,,0
2025-10-01 16:49:40.652,1875025,hipGetLastError,LEAVE,,NULL,0
2025-10-01 16:49:40.652,1875025,hipLaunchKernel,ENTER,const void*=0x7fe663154280; dim3=dim3(0x13600000136); dim3=dim3(0x1); void**=0x2000000020,,0
2025-10-01 16:49:40.652,1875025,hipLaunchKernel,LEAVE,const void*=0x7fe663154280; dim3=dim3(0x13600000136); dim3=dim3(0x1); void**=0x2000000020,NULL,0
2025-10-01 16:49:40.652,1875025,hipGetLastError,ENTER,,,0
2025-10-01 16:49:40.652,1875025,hipGetLastError,LEAVE,,NULL,0
2025-10-01 16:49:40.652,1875025,hipLaunchKernel,ENTER,const void*=0x7fe663154280; dim3=dim3(0x13600000136); dim3=dim3(0x1); void**=0x2000000020,,0
2025-10-01 16:49:40.652,1875025,hipLaunchKernel,LEAVE,const void*=0x7fe663154280; dim3=dim3(0x13600000136); dim3=dim3(0x1); void**=0x2000000020,NULL,0
2025-10-01 16:49:40.652,1875025,hipGetLastError,ENTER,,,0
2025-10-01 16:49:40.652,1875025,hipGetLastError,LEAVE,,NULL,1
2025-10-01 16:49:40.653,1875025,hipLaunchKernel,ENTER,const void*=0x7fe663154280; dim3=dim3(0x13600000136); dim3=dim3(0x1); void**=0x2000000020,,0
2025-10-01 16:49:40.653,1875025,hipLaunchKernel,LEAVE,const void*=0x7fe663154280; dim3=dim3(0x13600000136); dim3=dim3(0x1); void**=0x2000000020,NULL,0
2025-10-01 16:49:40.653,1875025,hipGetLastError,ENTER,,,0
2025-10-01 16:49:40.653,1875025,hipGetLastError,LEAVE,,NULL,0
2025-10-01 16:49:40.653,1875025,hipLaunchKernel,ENTER,const void*=0x7fe663154280; dim3=dim3(0x13600000136); dim3=dim3(0x1); void**=0x2000000020,,0
2025-10-01 16:49:40.653,1875025,hipLaunchKernel,LEAVE,const void*=0x7fe663154280; dim3=dim3(0x13600000136); dim3=dim3(0x1); void**=0x2000000020,NULL,0
2025-10-01 16:49:40.653,1875025,hipGetLastError,ENTER,,,0
2025-10-01 16:49:40.653,1875025,hipGetLastError,LEAVE,,NULL,0
2025-10-01 16:49:40.653,1875025,hipLaunchKernel,ENTER,const void*=0x7fe663154280; dim3=dim3(0x13600000136); dim3=dim3(0x1); void**=0x2000000020,,0
2025-10-01 16:49:40.654,1875025,hipLaunchKernel,LEAVE,const void*=0x7fe663154280; dim3=dim3(0x13600000136); dim3=dim3(0x1); void**=0x2000000020,NULL,0
2025-10-01 16:49:40.654,1875025,hipGetLastError,ENTER,,,0
2025-10-01 16:49:40.654,1875025,hipGetLastError,LEAVE,,NULL,0
2025-10-01 16:49:40.654,1875025,hipLaunchKernel,ENTER,const void*=0x7fe663154280; dim3=dim3(0x13600000136); dim3=dim3(0x1); void**=0x2000000020,,0
2025-10-01 16:49:40.654,1875025,hipLaunchKernel,LEAVE,const void*=0x7fe663154280; dim3=dim3(0x13600000136); dim3=dim3(0x1); void**=0x2000000020,NULL,0
2025-10-01 16:49:40.654,1875025,hipGetLastError,ENTER,,,0
2025-10-01 16:49:40.654,1875025,hipGetLastError,LEAVE,,NULL,0
2025-10-01 16:49:40.654,1875025,hipStreamSynchronize,ENTER,hipStream_t=0x7fa5e8001290,,0
2025-10-01 16:49:40.655,1875025,hipStreamSynchronize,LEAVE,hipStream_t=0x7fa5e8001290,NULL,1
2025-10-01 16:49:40.655,1875025,hipLaunchKernel,ENTER,const void*=0x7fe663154280; dim3=dim3(0x13600000136); dim3=dim3(0x1); void**=0x2000000020,,0
2025-10-01 16:49:40.655,1875025,hipLaunchKernel,LEAVE,const void*=0x7fe663154280; dim3=dim3(0x13600000136); dim3=dim3(0x1); void**=0x2000000020,NULL,0
2025-10-01 16:49:40.655,1875025,hipGetLastError,ENTER,,,0
2025-10-01 16:49:40.655,1875025,hipGetLastError,LEAVE,,NULL,0
2025-10-01 16:49:40.655,1875025,hipLaunchKernel,ENTER,const void*=0x7fe663154280; dim3=dim3(0x13600000136); dim3=dim3(0x1); void**=0x2000000020,,0
2025-10-01 16:49:40.655,1875025,hipLaunchKernel,LEAVE,const void*=0x7fe663154280; dim3=dim3(0x13600000136); dim3=dim3(0x1); void**=0x2000000020,NULL,0
2025-10-01 16:49:40.655,1875025,hipGetLastError,ENTER,,,0
2025-10-01 16:49:40.655,1875025,hipGetLastError,LEAVE,,NULL,0
2025-10-01 16:49:40.655,1875025,hipLaunchKernel,ENTER,const void*=0x7fe663154280; dim3=dim3(0x13600000136); dim3=dim3(0x1); void**=0x2000000020,,0
2025-10-01 16:49:40.656,1875025,hipLaunchKernel,LEAVE,const void*=0x7fe663154280; dim3=dim3(0x13600000136); dim3=dim3(0x1); void**=0x2000000020,NULL,0
2025-10-01 16:49:40.656,1875025,hipGetLastError,ENTER,,,0
2025-10-01 16:49:40.656,1875025,hipGetLastError,LEAVE,,NULL,0
2025-10-01 16:49:40.656,1875025,hipLaunchKernel,ENTER,const void*=0x7fe663154280; dim3=dim3(0x13600000136); dim3=dim3(0x1); void**=0x2000000020,,0
2025-10-01 16:49:40.656,1875025,hipLaunchKernel,LEAVE,const void*=0x7fe663154280; dim3=dim3(0x13600000136); dim3=dim3(0x1); void**=0x2000000020,NULL,0
2025-10-01 16:49:40.656,1875025,hipGetLastError,ENTER,,,0
2025-10-01 16:49:40.656,1875025,hipGetLastError,LEAVE,,NULL,0
2025-10-01 16:49:40.656,1875025,hipLaunchKernel,ENTER,const void*=0x7fe663154280; dim3=dim3(0x13600000136); dim3=dim3(0x1); void**=0x2000000020,,0
2025-10-01 16:49:40.657,1875025,hipLaunchKernel,LEAVE,const void*=0x7fe663154280; dim3=dim3(0x13600000136); dim3=dim3(0x1); void**=0x2000000020,NULL,0
2025-10-01 16:49:40.657,1875025,hipGetLastError,ENTER,,,0
2025-10-01 16:49:40.657,1875025,hipGetLastError,LEAVE,,NULL,0
2025-10-01 16:49:40.657,1875025,hipLaunchKernel,ENTER,const void*=0x7fe663154280; dim3=dim3(0x13600000136); dim3=dim3(0x1); void**=0x2000000020,,0
2025-10-01 16:49:40.657,1875025,hipLaunchKernel,LEAVE,const void*=0x7fe663154280; dim3=dim3(0x13600000136); dim3=dim3(0x1); void**=0x2000000020,NULL,0
2025-10-01 16:49:40.657,1875025,hipGetLastError,ENTER,,,0
2025-10-01 16:49:40.657,1875025,hipGetLastError,LEAVE,,NULL,0
2025-10-01 16:49:40.657,1875025,hipLaunchKernel,ENTER,const void*=0x7fe663154280; dim3=dim3(0x13600000136); dim3=dim3(0x1); void**=0x2000000020,,0
2025-10-01 16:49:40.657,1875025,hipLaunchKernel,LEAVE,const void*=0x7fe663154280; dim3=dim3(0x13600000136); dim3=dim3(0x1); void**=0x2000000020,NULL,0
2025-10-01 16:49:40.657,1875025,hipGetLastError,ENTER,,,0
2025-10-01 16:49:40.658,1875025,hipGetLastError,LEAVE,,NULL,0
2025-10-01 16:49:40.658,1875025,hipLaunchKernel,ENTER,const void*=0x7fe663154280; dim3=dim3(0x13600000136); dim3=dim3(0x1); void**=0x2000000020,,0
2025-10-01 16:49:40.658,1875025,hipLaunchKernel,LEAVE,const void*=0x7fe663154280; dim3=dim3(0x13600000136); dim3=dim3(0x1); void**=0x2000000020,NULL,0
2025-10-01 16:49:40.658,1875025,hipGetLastError,ENTER,,,0
2025-10-01 16:49:40.658,1875025,hipGetLastError,LEAVE,,NULL,0
2025-10-01 16:49:40.658,1875025,hipLaunchKernel,ENTER,const void*=0x7fe663154280; dim3=dim3(0x13600000136); dim3=dim3(0x1); void**=0x2000000020,,0
2025-10-01 16:49:40.658,1875025,hipLaunchKernel,LEAVE,const void*=0x7fe663154280; dim3=dim3(0x13600000136); dim3=dim3(0x1); void**=0x2000000020,NULL,0
2025-10-01 16:49:40.658,1875025,hipGetLastError,ENTER,,,0
2025-10-01 16:49:40.658,1875025,hipGetLastError,LEAVE,,NULL,0
2025-10-01 16:49:40.659,1875025,hipLaunchKernel,ENTER,const void*=0x7fe663154280; dim3=dim3(0x13600000136); dim3=dim3(0x1); void**=0x2000000020,,0
2025-10-01 16:49:40.659,1875025,hipLaunchKernel,LEAVE,const void*=0x7fe663154280; dim3=dim3(0x13600000136); dim3=dim3(0x1); void**=0x2000000020,NULL,0
2025-10-01 16:49:40.659,1875025,hipGetLastError,ENTER,,,0
2025-10-01 16:49:40.659,1875025,hipGetLastError,LEAVE,,NULL,0
2025-10-01 16:49:40.659,1875025,hipStreamSynchronize,ENTER,hipStream_t=0x7fa5e8001290,,0
2025-10-01 16:49:40.659,1875025,hipStreamSynchronize,LEAVE,hipStream_t=0x7fa5e8001290,NULL,0
2025-10-01 16:49:40.659,1875025,hipLaunchKernel,ENTER,const void*=0x7fe663154280; dim3=dim3(0x13600000136); dim3=dim3(0x1); void**=0x2000000020,,0
2025-10-01 16:49:40.659,1875025,hipLaunchKernel,LEAVE,const void*=0x7fe663154280; dim3=dim3(0x13600000136); dim3=dim3(0x1); void**=0x2000000020,NULL,0
2025-10-01 16:49:40.660,1875025,hipGetLastError,ENTER,,,0
2025-10-01 16:49:40.660,1875025,hipGetLastError,LEAVE,,NULL,0
2025-10-01 16:49:40.660,1875025,hipLaunchKernel,ENTER,const void*=0x7fe663154280; dim3=dim3(0x13600000136); dim3=dim3(0x1); void**=0x2000000020,,0
2025-10-01 16:49:40.660,1875025,hipLaunchKernel,LEAVE,const void*=0x7fe663154280; dim3=dim3(0x13600000136); dim3=dim3(0x1); void**=0x2000000020,NULL,0
2025-10-01 16:49:40.660,1875025,hipGetLastError,ENTER,,,0
2025-10-01 16:49:40.660,1875025,hipGetLastError,LEAVE,,NULL,0
2025-10-01 16:49:40.660,1875025,hipLaunchKernel,ENTER,const void*=0x7fe663154280; dim3=dim3(0x13600000136); dim3=dim3(0x1); void**=0x2000000020,,0
2025-10-01 16:49:40.660,1875025,hipLaunchKernel,LEAVE,const void*=0x7fe663154280; dim3=dim3(0x13600000136); dim3=dim3(0x1); void**=0x2000000020,NULL,0
2025-10-01 16:49:40.660,1875025,hipGetLastError,ENTER,,,0
2025-10-01 16:49:40.660,1875025,hipGetLastError,LEAVE,,NULL,0
2025-10-01 16:49:40.661,1875025,hipLaunchKernel,ENTER,const void*=0x7fe663154280; dim3=dim3(0x13600000136); dim3=dim3(0x1); void**=0x2000000020,,0
2025-10-01 16:49:40.661,1875025,hipLaunchKernel,LEAVE,const void*=0x7fe663154280; dim3=dim3(0x13600000136); dim3=dim3(0x1); void**=0x2000000020,NULL,0
2025-10-01 16:49:40.661,1875025,hipGetLastError,ENTER,,,0
2025-10-01 16:49:40.661,1875025,hipGetLastError,LEAVE,,NULL,0
2025-10-01 16:49:40.661,1875025,hipLaunchKernel,ENTER,const void*=0x7fe663154280; dim3=dim3(0x13600000136); dim3=dim3(0x1); void**=0x2000000020,,0
2025-10-01 16:49:40.661,1875025,hipLaunchKernel,LEAVE,const void*=0x7fe663154280; dim3=dim3(0x13600000136); dim3=dim3(0x1); void**=0x2000000020,NULL,0
2025-10-01 16:49:40.661,1875025,hipGetLastError,ENTER,,,0
2025-10-01 16:49:40.661,1875025,hipGetLastError,LEAVE,,NULL,0
2025-10-01 16:49:40.661,1875025,hipLaunchKernel,ENTER,const void*=0x7fe663154280; dim3=dim3(0x13600000136); dim3=dim3(0x1); void**=0x2000000020,,0
2025-10-01 16:49:40.662,1875025,hipLaunchKernel,LEAVE,const void*=0x7fe663154280; dim3=dim3(0x13600000136); dim3=dim3(0x1); void**=0x2000000020,NULL,0
2025-10-01 16:49:40.662,1875025,hipGetLastError,ENTER,,,0
2025-10-01 16:49:40.662,1875025,hipGetLastError,LEAVE,,NULL,0
2025-10-01 16:49:40.662,1875025,hipLaunchKernel,ENTER,const void*=0x7fe663154280; dim3=dim3(0x13600000136); dim3=dim3(0x1); void**=0x2000000020,,0
2025-10-01 16:49:40.662,1875025,hipLaunchKernel,LEAVE,const void*=0x7fe663154280; dim3=dim3(0x13600000136); dim3=dim3(0x1); void**=0x2000000020,NULL,0
2025-10-01 16:49:40.662,1875025,hipGetLastError,ENTER,,,0
2025-10-01 16:49:40.662,1875025,hipGetLastError,LEAVE,,NULL,0
2025-10-01 16:49:40.662,1875025,hipLaunchKernel,ENTER,const void*=0x7fe663154280; dim3=dim3(0x13600000136); dim3=dim3(0x1); void**=0x2000000020,,0
2025-10-01 16:49:40.662,1875025,hipLaunchKernel,LEAVE,const void*=0x7fe663154280; dim3=dim3(0x13600000136); dim3=dim3(0x1); void**=0x2000000020,NULL,0
2025-10-01 16:49:40.663,1875025,hipGetLastError,ENTER,,,0
2025-10-01 16:49:40.663,1875025,hipGetLastError,LEAVE,,NULL,0
2025-10-01 16:49:40.663,1875025,hipLaunchKernel,ENTER,const void*=0x7fe663154280; dim3=dim3(0x13600000136); dim3=dim3(0x1); void**=0x2000000020,,0
2025-10-01 16:49:40.663,1875025,hipLaunchKernel,LEAVE,const void*=0x7fe663154280; dim3=dim3(0x13600000136); dim3=dim3(0x1); void**=0x2000000020,NULL,0
2025-10-01 16:49:40.663,1875025,hipGetLastError,ENTER,,,0
2025-10-01 16:49:40.663,1875025,hipGetLastError,LEAVE,,NULL,0
2025-10-01 16:49:40.663,1875025,hipLaunchKernel,ENTER,const void*=0x7fe663154280; dim3=dim3(0x13600000136); dim3=dim3(0x1); void**=0x2000000020,,0
2025-10-01 16:49:40.663,1875025,hipLaunchKernel,LEAVE,const void*=0x7fe663154280; dim3=dim3(0x13600000136); dim3=dim3(0x1); void**=0x2000000020,NULL,0
2025-10-01 16:49:40.663,1875025,hipGetLastError,ENTER,,,0
2025-10-01 16:49:40.664,1875025,hipGetLastError,LEAVE,,NULL,0
2025-10-01 16:49:40.664,1875025,hipStreamSynchronize,ENTER,hipStream_t=0x7fa5e8001290,,0
2025-10-01 16:49:40.664,1875025,hipStreamSynchronize,LEAVE,hipStream_t=0x7fa5e8001290,NULL,0
2025-10-01 16:49:40.664,1875025,hipLaunchKernel,ENTER,const void*=0x7fe663154280; dim3=dim3(0x13600000136); dim3=dim3(0x1); void**=0x2000000020,,0
2025-10-01 16:49:40.664,1875025,hipLaunchKernel,LEAVE,const void*=0x7fe663154280; dim3=dim3(0x13600000136); dim3=dim3(0x1); void**=0x2000000020,NULL,0
2025-10-01 16:49:40.664,1875025,hipGetLastError,ENTER,,,0
2025-10-01 16:49:40.664,1875025,hipGetLastError,LEAVE,,NULL,0
2025-10-01 16:49:40.664,1875025,hipLaunchKernel,ENTER,const void*=0x7fe663154280; dim3=dim3(0x13600000136); dim3=dim3(0x1); void**=0x2000000020,,0
2025-10-01 16:49:40.665,1875025,hipLaunchKernel,LEAVE,const void*=0x7fe663154280; dim3=dim3(0x13600000136); dim3=dim3(0x1); void**=0x2000000020,NULL,0
2025-10-01 16:49:40.665,1875025,hipGetLastError,ENTER,,,0
2025-10-01 16:49:40.665,1875025,hipGetLastError,LEAVE,,NULL,0
2025-10-01 16:49:40.665,1875025,hipLaunchKernel,ENTER,const void*=0x7fe663154280; dim3=dim3(0x13600000136); dim3=dim3(0x1); void**=0x2000000020,,0
2025-10-01 16:49:40.665,1875025,hipLaunchKernel,LEAVE,const void*=0x7fe663154280; dim3=dim3(0x13600000136); dim3=dim3(0x1); void**=0x2000000020,NULL,0
2025-10-01 16:49:40.665,1875025,hipGetLastError,ENTER,,,0
2025-10-01 16:49:40.665,1875025,hipGetLastError,LEAVE,,NULL,0
2025-10-01 16:49:40.665,1875025,hipLaunchKernel,ENTER,const void*=0x7fe663154280; dim3=dim3(0x13600000136); dim3=dim3(0x1); void**=0x2000000020,,0
2025-10-01 16:49:40.665,1875025,hipLaunchKernel,LEAVE,const void*=0x7fe663154280; dim3=dim3(0x13600000136); dim3=dim3(0x1); void**=0x2000000020,NULL,0
2025-10-01 16:49:40.666,1875025,hipGetLastError,ENTER,,,0
2025-10-01 16:49:40.666,1875025,hipGetLastError,LEAVE,,NULL,0
2025-10-01 16:49:40.666,1875025,hipLaunchKernel,ENTER,const void*=0x7fe663154280; dim3=dim3(0x13600000136); dim3=dim3(0x1); void**=0x2000000020,,0
2025-10-01 16:49:40.666,1875025,hipLaunchKernel,LEAVE,const void*=0x7fe663154280; dim3=dim3(0x13600000136); dim3=dim3(0x1); void**=0x2000000020,NULL,0
2025-10-01 16:49:40.666,1875025,hipGetLastError,ENTER,,,0
2025-10-01 16:49:40.666,1875025,hipGetLastError,LEAVE,,NULL,0
2025-10-01 16:49:40.666,1875025,hipLaunchKernel,ENTER,const void*=0x7fe663154280; dim3=dim3(0x13600000136); dim3=dim3(0x1); void**=0x2000000020,,0
2025-10-01 16:49:40.666,1875025,hipLaunchKernel,LEAVE,const void*=0x7fe663154280; dim3=dim3(0x13600000136); dim3=dim3(0x1); void**=0x2000000020,NULL,0
2025-10-01 16:49:40.666,1875025,hipGetLastError,ENTER,,,0
2025-10-01 16:49:40.666,1875025,hipGetLastError,LEAVE,,NULL,1
2025-10-01 16:49:40.667,1875025,hipLaunchKernel,ENTER,const void*=0x7fe663154280; dim3=dim3(0x13600000136); dim3=dim3(0x1); void**=0x2000000020,,0
2025-10-01 16:49:40.667,1875025,hipLaunchKernel,LEAVE,const void*=0x7fe663154280; dim3=dim3(0x13600000136); dim3=dim3(0x1); void**=0x2000000020,NULL,0
2025-10-01 16:49:40.667,1875025,hipGetLastError,ENTER,,,0
2025-10-01 16:49:40.667,1875025,hipGetLastError,LEAVE,,NULL,0
2025-10-01 16:49:40.667,1875025,hipLaunchKernel,ENTER,const void*=0x7fe663154280; dim3=dim3(0x13600000136); dim3=dim3(0x1); void**=0x2000000020,,0
2025-10-01 16:49:40.667,1875025,hipLaunchKernel,LEAVE,const void*=0x7fe663154280; dim3=dim3(0x13600000136); dim3=dim3(0x1); void**=0x2000000020,NULL,0
2025-10-01 16:49:40.667,1875025,hipGetLastError,ENTER,,,0
2025-10-01 16:49:40.667,1875025,hipGetLastError,LEAVE,,NULL,0
2025-10-01 16:49:40.667,1875025,hipLaunchKernel,ENTER,const void*=0x7fe663154280; dim3=dim3(0x13600000136); dim3=dim3(0x1); void**=0x2000000020,,0
2025-10-01 16:49:40.668,1875025,hipLaunchKernel,LEAVE,const void*=0x7fe663154280; dim3=dim3(0x13600000136); dim3=dim3(0x1); void**=0x2000000020,NULL,0
2025-10-01 16:49:40.668,1875025,hipGetLastError,ENTER,,,0
2025-10-01 16:49:40.668,1875025,hipGetLastError,LEAVE,,NULL,0
2025-10-01 16:49:40.668,1875025,hipLaunchKernel,ENTER,const void*=0x7fe663154280; dim3=dim3(0x13600000136); dim3=dim3(0x1); void**=0x2000000020,,0
2025-10-01 16:49:40.668,1875025,hipLaunchKernel,LEAVE,const void*=0x7fe663154280; dim3=dim3(0x13600000136); dim3=dim3(0x1); void**=0x2000000020,NULL,0
2025-10-01 16:49:40.668,1875025,hipGetLastError,ENTER,,,0
2025-10-01 16:49:40.668,1875025,hipGetLastError,LEAVE,,NULL,0
2025-10-01 16:49:40.668,1875025,hipStreamSynchronize,ENTER,hipStream_t=0x7fa5e8001290,,0
2025-10-01 16:49:40.669,1875025,hipStreamSynchronize,LEAVE,hipStream_t=0x7fa5e8001290,NULL,1
2025-10-01 16:49:40.669,1875025,hipLaunchKernel,ENTER,const void*=0x7fe663154280; dim3=dim3(0x13600000136); dim3=dim3(0x1); void**=0x2000000020,,0
2025-10-01 16:49:40.669,1875025,hipLaunchKernel,LEAVE,const void*=0x7fe663154280; dim3=dim3(0x13600000136); dim3=dim3(0x1); void**=0x2000000020,NULL,0
2025-10-01 16:49:40.669,1875025,hipGetLastError,ENTER,,,0
2025-10-01 16:49:40.669,1875025,hipGetLastError,LEAVE,,NULL,0
2025-10-01 16:49:40.669,1875025,hipLaunchKernel,ENTER,const void*=0x7fe663154280; dim3=dim3(0x13600000136); dim3=dim3(0x1); void**=0x2000000020,,0
2025-10-01 16:49:40.669,1875025,hipLaunchKernel,LEAVE,const void*=0x7fe663154280; dim3=dim3(0x13600000136); dim3=dim3(0x1); void**=0x2000000020,NULL,0
2025-10-01 16:49:40.669,1875025,hipGetLastError,ENTER,,,0
2025-10-01 16:49:40.669,1875025,hipGetLastError,LEAVE,,NULL,0
2025-10-01 16:49:40.670,1875025,hipLaunchKernel,ENTER,const void*=0x7fe663154280; dim3=dim3(0x13600000136); dim3=dim3(0x1); void**=0x2000000020,,0
2025-10-01 16:49:40.670,1875025,hipLaunchKernel,LEAVE,const void*=0x7fe663154280; dim3=dim3(0x13600000136); dim3=dim3(0x1); void**=0x2000000020,NULL,0
2025-10-01 16:49:40.670,1875025,hipGetLastError,ENTER,,,0
2025-10-01 16:49:40.670,1875025,hipGetLastError,LEAVE,,NULL,0
2025-10-01 16:49:40.670,1875025,hipLaunchKernel,ENTER,const void*=0x7fe663154280; dim3=dim3(0x13600000136); dim3=dim3(0x1); void**=0x2000000020,,0
2025-10-01 16:49:40.670,1875025,hipLaunchKernel,LEAVE,const void*=0x7fe663154280; dim3=dim3(0x13600000136); dim3=dim3(0x1); void**=0x2000000020,NULL,0
2025-10-01 16:49:40.670,1875025,hipGetLastError,ENTER,,,0
2025-10-01 16:49:40.670,1875025,hipGetLastError,LEAVE,,NULL,0
2025-10-01 16:49:40.670,1875025,hipLaunchKernel,ENTER,const void*=0x7fe663154280; dim3=dim3(0x13600000136); dim3=dim3(0x1); void**=0x2000000020,,0
2025-10-01 16:49:40.671,1875025,hipLaunchKernel,LEAVE,const void*=0x7fe663154280; dim3=dim3(0x13600000136); dim3=dim3(0x1); void**=0x2000000020,NULL,0
2025-10-01 16:49:40.671,1875025,hipGetLastError,ENTER,,,0
2025-10-01 16:49:40.671,1875025,hipGetLastError,LEAVE,,NULL,0
2025-10-01 16:49:40.671,1875025,hipLaunchKernel,ENTER,const void*=0x7fe663154280; dim3=dim3(0x13600000136); dim3=dim3(0x1); void**=0x2000000020,,0
2025-10-01 16:49:40.671,1875025,hipLaunchKernel,LEAVE,const void*=0x7fe663154280; dim3=dim3(0x13600000136); dim3=dim3(0x1); void**=0x2000000020,NULL,0
2025-10-01 16:49:40.671,1875025,hipGetLastError,ENTER,,,0
2025-10-01 16:49:40.671,1875025,hipGetLastError,LEAVE,,NULL,0
2025-10-01 16:49:40.671,1875025,hipLaunchKernel,ENTER,const void*=0x7fe663154280; dim3=dim3(0x13600000136); dim3=dim3(0x1); void**=0x2000000020,,0
2025-10-01 16:49:40.671,1875025,hipLaunchKernel,LEAVE,const void*=0x7fe663154280; dim3=dim3(0x13600000136); dim3=dim3(0x1); void**=0x2000000020,NULL,0
2025-10-01 16:49:40.672,1875025,hipGetLastError,ENTER,,,0
2025-10-01 16:49:40.672,1875025,hipGetLastError,LEAVE,,NULL,0
2025-10-01 16:49:40.672,1875025,hipLaunchKernel,ENTER,const void*=0x7fe663154280; dim3=dim3(0x13600000136); dim3=dim3(0x1); void**=0x2000000020,,0
2025-10-01 16:49:40.672,1875027,hipFree,LEAVE,void*=0x7f8931200000,NULL,62
2025-10-01 16:49:40.672,1875027,hipFree,ENTER,void*=0x7f8901e00000,,0
2025-10-01 16:49:40.672,1875025,hipLaunchKernel,LEAVE,const void*=0x7fe663154280; dim3=dim3(0x13600000136); dim3=dim3(0x1); void**=0x2000000020,NULL,0
2025-10-01 16:49:40.672,1875025,hipGetLastError,ENTER,,,0
2025-10-01 16:49:40.673,1875025,hipGetLastError,LEAVE,,NULL,0
2025-10-01 16:49:40.673,1875025,hipLaunchKernel,ENTER,const void*=0x7fe663154280; dim3=dim3(0x13600000136); dim3=dim3(0x1); void**=0x2000000020,,0
2025-10-01 16:49:40.673,1875025,hipLaunchKernel,LEAVE,const void*=0x7fe663154280; dim3=dim3(0x13600000136); dim3=dim3(0x1); void**=0x2000000020,NULL,0
2025-10-01 16:49:40.673,1875025,hipGetLastError,ENTER,,,0
2025-10-01 16:49:40.673,1875025,hipGetLastError,LEAVE,,NULL,0
2025-10-01 16:49:40.673,1875025,hipLaunchKernel,ENTER,const void*=0x7fe663154280; dim3=dim3(0x13600000136); dim3=dim3(0x1); void**=0x2000000020,,0
2025-10-01 16:49:40.673,1875025,hipLaunchKernel,LEAVE,const void*=0x7fe663154280; dim3=dim3(0x13600000136); dim3=dim3(0x1); void**=0x2000000020,NULL,0
2025-10-01 16:49:40.673,1875025,hipGetLastError,ENTER,,,0
2025-10-01 16:49:40.673,1875025,hipGetLastError,LEAVE,,NULL,0
2025-10-01 16:49:40.674,1875025,hipStreamSynchronize,ENTER,hipStream_t=0x7fa5e8001290,,0
2025-10-01 16:49:40.674,1875025,hipStreamSynchronize,LEAVE,hipStream_t=0x7fa5e8001290,NULL,0
2025-10-01 16:49:40.674,1875025,hipStreamSynchronize,ENTER,hipStream_t=0x7fa5e8001290,,0
2025-10-01 16:49:40.674,1875025,hipStreamSynchronize,LEAVE,hipStream_t=0x7fa5e8001290,NULL,0
2025-10-01 16:49:40.674,1875025,hipMemcpyAsync,ENTER,void*=0x7f9dbb8de010; const void*=0x7f88e7e00000; size_t=0x17764000; hipMemcpyKind=hipMemcpyDeviceToHost,,0
2025-10-01 16:49:40.835,1875027,hipFree,LEAVE,void*=0x7f8901e00000,NULL,163
2025-10-01 16:49:41.084,1875021,hipStreamDestroy,ENTER,hipStream_t=0x7fa6240014c0,,0
2025-10-01 16:49:41.188,1875021,hipStreamDestroy,LEAVE,hipStream_t=0x7fa6240014c0,NULL,104
2025-10-01 16:49:41.189,1875021,hipMemcpyAsync,ENTER,void*=0x7f9eb3200000; const void*=0x7f9f9ae00300; size_t=0x2000000; hipMemcpyKind=hipMemcpyDeviceToHost,,0
2025-10-01 16:49:41.189,1875021,hipMemcpyAsync,LEAVE,void*=0x7f9eb3200000; const void*=0x7f9f9ae00300; size_t=0x2000000; hipMemcpyKind=hipMemcpyDeviceToHost,NULL,0
2025-10-01 16:49:41.189,1875021,hipStreamSynchronize,ENTER,hipStream_t=0x7fa624e7a5f0,,0
2025-10-01 16:49:41.190,1875021,hipStreamSynchronize,LEAVE,hipStream_t=0x7fa624e7a5f0,NULL,1
2025-10-01 16:49:41.190,1875021,hipFree,ENTER,void*=0x7f9f9ae00300,,0
2025-10-01 16:49:41.190,1875021,hipFree,LEAVE,void*=0x7f9f9ae00300,NULL,0
2025-10-01 16:49:41.190,1875021,hipFree,ENTER,void*=0x7f9f9ce00400,,0
2025-10-01 16:49:41.190,1875021,hipFree,LEAVE,void*=0x7f9f9ce00400,NULL,0
2025-10-01 16:49:41.190,1875021,hipFree,ENTER,void*=0x7f9f9ee00500,,0
2025-10-01 16:49:41.191,1875021,hipFree,LEAVE,void*=0x7f9f9ee00500,NULL,0
2025-10-01 16:49:41.198,1875025,hipMemcpyAsync,LEAVE,void*=0x7f9dbb8de010; const void*=0x7f88e7e00000; size_t=0x17764000; hipMemcpyKind=hipMemcpyDeviceToHost,NULL,524
2025-10-01 16:49:41.199,1875025,hipStreamSynchronize,ENTER,hipStream_t=0x7fa5e8001290,,0
2025-10-01 16:49:41.416,1875020,hipMemcpyAsync,ENTER,void*=0x7f97d5200d00; const void*=0x7f9f7c200000; size_t=0x2000000; hipMemcpyKind=hipMemcpyHostToDevice,,0
2025-10-01 16:49:41.417,1875025,hipStreamSynchronize,LEAVE,hipStream_t=0x7fa5e8001290,NULL,218
2025-10-01 16:49:41.417,1875025,hipStreamDestroy,ENTER,hipStream_t=0x7fa5e8001290,,0
2025-10-01 16:49:41.417,1875020,hipMemcpyAsync,LEAVE,void*=0x7f97d5200d00; const void*=0x7f9f7c200000; size_t=0x2000000; hipMemcpyKind=hipMemcpyHostToDevice,NULL,0
2025-10-01 16:49:41.417,1875020,hipMemcpyAsync,ENTER,void*=0x7f97d7200e00; const void*=0x7f9f7a000000; size_t=0x2000000; hipMemcpyKind=hipMemcpyHostToDevice,,0
2025-10-01 16:49:41.417,1875020,hipMemcpyAsync,LEAVE,void*=0x7f97d7200e00; const void*=0x7f9f7a000000; size_t=0x2000000; hipMemcpyKind=hipMemcpyHostToDevice,NULL,0
2025-10-01 16:49:41.427,1875022,hipMemcpyAsync,ENTER,void*=0x7f903e600a00; const void*=0x7fa5a2400000; size_t=0x2000000; hipMemcpyKind=hipMemcpyHostToDevice,,0
2025-10-01 16:49:41.427,1875022,hipMemcpyAsync,LEAVE,void*=0x7f903e600a00; const void*=0x7fa5a2400000; size_t=0x2000000; hipMemcpyKind=hipMemcpyHostToDevice,NULL,0
2025-10-01 16:49:41.427,1875022,hipMemcpyAsync,ENTER,void*=0x7f9040600b00; const void*=0x7fa5a0200000; size_t=0x2000000; hipMemcpyKind=hipMemcpyHostToDevice,,0
2025-10-01 16:49:41.427,1875022,hipMemcpyAsync,LEAVE,void*=0x7f9040600b00; const void*=0x7fa5a0200000; size_t=0x2000000; hipMemcpyKind=hipMemcpyHostToDevice,NULL,0
2025-10-01 16:49:41.440,1875025,hipStreamDestroy,LEAVE,hipStream_t=0x7fa5e8001290,NULL,23
2025-10-01 16:49:41.440,1875025,hipFree,ENTER,void*=0x7f8919800000,,0
2025-10-01 16:49:41.444,1875025,hipFree,LEAVE,void*=0x7f8919800000,NULL,4
2025-10-01 16:49:41.444,1875025,hipFree,ENTER,void*=0x7f88e7e00000,,0
2025-10-01 16:49:41.447,1875025,hipFree,LEAVE,void*=0x7f88e7e00000,NULL,3
2025-10-01 16:49:41.660,1875021,hipStreamDestroy,ENTER,hipStream_t=0x7fa624e7a5f0,,0
2025-10-01 16:49:41.815,1875021,hipStreamDestroy,LEAVE,hipStream_t=0x7fa624e7a5f0,NULL,155
2025-10-01 16:49:41.815,1875021,hipMemcpyAsync,ENTER,void*=0x7f9eac200000; const void*=0x7f9fa0e00600; size_t=0x2000000; hipMemcpyKind=hipMemcpyDeviceToHost,,0
2025-10-01 16:49:41.815,1875021,hipMemcpyAsync,LEAVE,void*=0x7f9eac200000; const void*=0x7f9fa0e00600; size_t=0x2000000; hipMemcpyKind=hipMemcpyDeviceToHost,NULL,0
2025-10-01 16:49:41.815,1875021,hipStreamSynchronize,ENTER,hipStream_t=0x7fa62431e1b0,,0
2025-10-01 16:49:41.816,1875021,hipStreamSynchronize,LEAVE,hipStream_t=0x7fa62431e1b0,NULL,1
2025-10-01 16:49:41.816,1875021,hipFree,ENTER,void*=0x7f9fa0e00600,,0
2025-10-01 16:49:41.816,1875021,hipFree,LEAVE,void*=0x7f9fa0e00600,NULL,0
2025-10-01 16:49:41.816,1875021,hipFree,ENTER,void*=0x7f9fa2e00700,,0
2025-10-01 16:49:41.817,1875021,hipFree,LEAVE,void*=0x7f9fa2e00700,NULL,0
2025-10-01 16:49:41.817,1875021,hipFree,ENTER,void*=0x7f9fa4e00800,,0
2025-10-01 16:49:41.817,1875021,hipFree,LEAVE,void*=0x7f9fa4e00800,NULL,0
2025-10-01 16:49:42.065,1875020,hipMemcpyAsync,ENTER,void*=0x7f97db201000; const void*=0x7f9f75000000; size_t=0x2000000; hipMemcpyKind=hipMemcpyHostToDevice,,0
2025-10-01 16:49:42.065,1875020,hipMemcpyAsync,LEAVE,void*=0x7f97db201000; const void*=0x7f9f75000000; size_t=0x2000000; hipMemcpyKind=hipMemcpyHostToDevice,NULL,0
2025-10-01 16:49:42.065,1875020,hipMemcpyAsync,ENTER,void*=0x7f97dd201100; const void*=0x7f9f72e00000; size_t=0x2000000; hipMemcpyKind=hipMemcpyHostToDevice,,0
2025-10-01 16:49:42.065,1875020,hipMemcpyAsync,LEAVE,void*=0x7f97dd201100; const void*=0x7f9f72e00000; size_t=0x2000000; hipMemcpyKind=hipMemcpyHostToDevice,NULL,0
2025-10-01 16:49:42.176,1875022,hipMemcpyAsync,ENTER,void*=0x7f9044600d00; const void*=0x7f9f6ea00000; size_t=0x2000000; hipMemcpyKind=hipMemcpyHostToDevice,,0
2025-10-01 16:49:42.177,1875022,hipMemcpyAsync,LEAVE,void*=0x7f9044600d00; const void*=0x7f9f6ea00000; size_t=0x2000000; hipMemcpyKind=hipMemcpyHostToDevice,NULL,0
2025-10-01 16:49:42.177,1875022,hipMemcpyAsync,ENTER,void*=0x7f9046600e00; const void*=0x7f9f6c800000; size_t=0x2000000; hipMemcpyKind=hipMemcpyHostToDevice,,0
2025-10-01 16:49:42.177,1875022,hipMemcpyAsync,LEAVE,void*=0x7f9046600e00; const void*=0x7f9f6c800000; size_t=0x2000000; hipMemcpyKind=hipMemcpyHostToDevice,NULL,0
2025-10-01 16:49:42.233,1875019,hipMemcpyAsync,ENTER,void*=0x7f8a24400d00; const void*=0x7f9f67e00000; size_t=0x2000000; hipMemcpyKind=hipMemcpyHostToDevice,,0
2025-10-01 16:49:42.233,1875019,hipMemcpyAsync,LEAVE,void*=0x7f8a24400d00; const void*=0x7f9f67e00000; size_t=0x2000000; hipMemcpyKind=hipMemcpyHostToDevice,NULL,0
2025-10-01 16:49:42.233,1875019,hipMemcpyAsync,ENTER,void*=0x7f8a26400e00; const void*=0x7f9f65c00000; size_t=0x2000000; hipMemcpyKind=hipMemcpyHostToDevice,,0
2025-10-01 16:49:42.233,1875019,hipMemcpyAsync,LEAVE,void*=0x7f8a26400e00; const void*=0x7f9f65c00000; size_t=0x2000000; hipMemcpyKind=hipMemcpyHostToDevice,NULL,0
2025-10-01 16:49:42.300,1875021,hipStreamDestroy,ENTER,hipStream_t=0x7fa62431e1b0,,0
2025-10-01 16:49:42.364,1875021,hipStreamDestroy,LEAVE,hipStream_t=0x7fa62431e1b0,NULL,64
2025-10-01 16:49:42.364,1875021,hipMemcpyAsync,ENTER,void*=0x7f9ea5600000; const void*=0x7f9fa6e00900; size_t=0x2000000; hipMemcpyKind=hipMemcpyDeviceToHost,,0
2025-10-01 16:49:42.364,1875021,hipMemcpyAsync,LEAVE,void*=0x7f9ea5600000; const void*=0x7f9fa6e00900; size_t=0x2000000; hipMemcpyKind=hipMemcpyDeviceToHost,NULL,0
2025-10-01 16:49:42.364,1875021,hipStreamSynchronize,ENTER,hipStream_t=0x7fa624d16180,,0
2025-10-01 16:49:42.365,1875021,hipStreamSynchronize,LEAVE,hipStream_t=0x7fa624d16180,NULL,1
2025-10-01 16:49:42.365,1875021,hipFree,ENTER,void*=0x7f9fa6e00900,,0
2025-10-01 16:49:42.365,1875021,hipFree,LEAVE,void*=0x7f9fa6e00900,NULL,0
2025-10-01 16:49:42.365,1875021,hipFree,ENTER,void*=0x7f9fa8e00a00,,0
2025-10-01 16:49:42.365,1875021,hipFree,LEAVE,void*=0x7f9fa8e00a00,NULL,0
2025-10-01 16:49:42.365,1875021,hipFree,ENTER,void*=0x7f9faae00b00,,0
2025-10-01 16:49:42.366,1875021,hipFree,LEAVE,void*=0x7f9faae00b00,NULL,0
2025-10-01 16:49:42.634,1875022,hipMemcpyAsync,ENTER,void*=0x7f904a601000; const void*=0x7f9f60400000; size_t=0x2000000; hipMemcpyKind=hipMemcpyHostToDevice,,0
2025-10-01 16:49:42.635,1875022,hipMemcpyAsync,LEAVE,void*=0x7f904a601000; const void*=0x7f9f60400000; size_t=0x2000000; hipMemcpyKind=hipMemcpyHostToDevice,NULL,1
2025-10-01 16:49:42.635,1875022,hipMemcpyAsync,ENTER,void*=0x7f904c601100; const void*=0x7f9f5e200000; size_t=0x2000000; hipMemcpyKind=hipMemcpyHostToDevice,,0
2025-10-01 16:49:42.635,1875022,hipMemcpyAsync,LEAVE,void*=0x7f904c601100; const void*=0x7f9f5e200000; size_t=0x2000000; hipMemcpyKind=hipMemcpyHostToDevice,NULL,0
2025-10-01 16:49:42.770,1875020,hipMemcpyAsync,ENTER,void*=0x7f97e1201300; const void*=0x7f9f59e00000; size_t=0x2000000; hipMemcpyKind=hipMemcpyHostToDevice,,0
2025-10-01 16:49:42.771,1875020,hipMemcpyAsync,LEAVE,void*=0x7f97e1201300; const void*=0x7f9f59e00000; size_t=0x2000000; hipMemcpyKind=hipMemcpyHostToDevice,NULL,0
2025-10-01 16:49:42.771,1875020,hipMemcpyAsync,ENTER,void*=0x7f97e3201400; const void*=0x7f9f57c00000; size_t=0x2000000; hipMemcpyKind=hipMemcpyHostToDevice,,0
2025-10-01 16:49:42.771,1875020,hipMemcpyAsync,LEAVE,void*=0x7f97e3201400; const void*=0x7f9f57c00000; size_t=0x2000000; hipMemcpyKind=hipMemcpyHostToDevice,NULL,0
2025-10-01 16:49:42.890,1875019,hipMemcpyAsync,ENTER,void*=0x7f8a2a401000; const void*=0x7f9f53200000; size_t=0x2000000; hipMemcpyKind=hipMemcpyHostToDevice,,0
2025-10-01 16:49:42.890,1875019,hipMemcpyAsync,LEAVE,void*=0x7f8a2a401000; const void*=0x7f9f53200000; size_t=0x2000000; hipMemcpyKind=hipMemcpyHostToDevice,NULL,0
2025-10-01 16:49:42.890,1875019,hipMemcpyAsync,ENTER,void*=0x7f8a2c401100; const void*=0x7f9f50c00000; size_t=0x2000000; hipMemcpyKind=hipMemcpyHostToDevice,,0
2025-10-01 16:49:42.891,1875019,hipMemcpyAsync,LEAVE,void*=0x7f8a2c401100; const void*=0x7f9f50c00000; size_t=0x2000000; hipMemcpyKind=hipMemcpyHostToDevice,NULL,0
2025-10-01 16:49:42.901,1875021,hipStreamDestroy,ENTER,hipStream_t=0x7fa624d16180,,0
2025-10-01 16:49:42.965,1875021,hipStreamDestroy,LEAVE,hipStream_t=0x7fa624d16180,NULL,64
2025-10-01 16:49:42.965,1875021,hipMemcpyAsync,ENTER,void*=0x7f96fd000000; const void*=0x7f9face00c00; size_t=0x2000000; hipMemcpyKind=hipMemcpyDeviceToHost,,0
2025-10-01 16:49:42.965,1875021,hipMemcpyAsync,LEAVE,void*=0x7f96fd000000; const void*=0x7f9face00c00; size_t=0x2000000; hipMemcpyKind=hipMemcpyDeviceToHost,NULL,0
2025-10-01 16:49:42.965,1875021,hipStreamSynchronize,ENTER,hipStream_t=0x7fa624d45130,,0
2025-10-01 16:49:42.966,1875021,hipStreamSynchronize,LEAVE,hipStream_t=0x7fa624d45130,NULL,0
2025-10-01 16:49:42.966,1875021,hipFree,ENTER,void*=0x7f9face00c00,,0
2025-10-01 16:49:42.966,1875021,hipFree,LEAVE,void*=0x7f9face00c00,NULL,0
2025-10-01 16:49:42.966,1875021,hipFree,ENTER,void*=0x7f9faee00d00,,0
2025-10-01 16:49:42.967,1875021,hipFree,LEAVE,void*=0x7f9faee00d00,NULL,0
2025-10-01 16:49:42.967,1875021,hipFree,ENTER,void*=0x7f9fb0e00e00,,0
2025-10-01 16:49:42.967,1875021,hipFree,LEAVE,void*=0x7f9fb0e00e00,NULL,0
2025-10-01 16:49:43.188,1875022,hipMemcpyAsync,ENTER,void*=0x7f9050601300; const void*=0x7f9f4bc00000; size_t=0x2000000; hipMemcpyKind=hipMemcpyHostToDevice,,0
2025-10-01 16:49:43.188,1875022,hipMemcpyAsync,LEAVE,void*=0x7f9050601300; const void*=0x7f9f4bc00000; size_t=0x2000000; hipMemcpyKind=hipMemcpyHostToDevice,NULL,0
2025-10-01 16:49:43.188,1875022,hipMemcpyAsync,ENTER,void*=0x7f9052601400; const void*=0x7f9f49a00000; size_t=0x2000000; hipMemcpyKind=hipMemcpyHostToDevice,,0
2025-10-01 16:49:43.188,1875022,hipMemcpyAsync,LEAVE,void*=0x7f9052601400; const void*=0x7f9f49a00000; size_t=0x2000000; hipMemcpyKind=hipMemcpyHostToDevice,NULL,0
2025-10-01 16:49:43.291,1875020,hipMemcpyAsync,ENTER,void*=0x7f97e7201600; const void*=0x7f9f45200000; size_t=0x2000000; hipMemcpyKind=hipMemcpyHostToDevice,,0
2025-10-01 16:49:43.291,1875020,hipMemcpyAsync,LEAVE,void*=0x7f97e7201600; const void*=0x7f9f45200000; size_t=0x2000000; hipMemcpyKind=hipMemcpyHostToDevice,NULL,0
2025-10-01 16:49:43.291,1875020,hipMemcpyAsync,ENTER,void*=0x7f97e9201700; const void*=0x7f9f42a00000; size_t=0x2000000; hipMemcpyKind=hipMemcpyHostToDevice,,0
2025-10-01 16:49:43.292,1875020,hipMemcpyAsync,LEAVE,void*=0x7f97e9201700; const void*=0x7f9f42a00000; size_t=0x2000000; hipMemcpyKind=hipMemcpyHostToDevice,NULL,0
2025-10-01 16:49:43.292,1875020,hipStreamSynchronize,ENTER,hipStream_t=0x7fa6180014c0,,0
2025-10-01 16:49:43.292,1875020,hipStreamSynchronize,LEAVE,hipStream_t=0x7fa6180014c0,NULL,0
2025-10-01 16:49:43.292,1875020,hipStreamSynchronize,ENTER,hipStream_t=0x7fa618d178d0,,0
2025-10-01 16:49:43.292,1875020,hipStreamSynchronize,LEAVE,hipStream_t=0x7fa618d178d0,NULL,0
2025-10-01 16:49:43.292,1875020,hipStreamSynchronize,ENTER,hipStream_t=0x7fa618d18c40,,0
2025-10-01 16:49:43.292,1875020,hipStreamSynchronize,LEAVE,hipStream_t=0x7fa618d18c40,NULL,0
2025-10-01 16:49:43.292,1875020,hipStreamSynchronize,ENTER,hipStream_t=0x7fa618bf7f40,,0
2025-10-01 16:49:43.293,1875020,hipStreamSynchronize,LEAVE,hipStream_t=0x7fa618bf7f40,NULL,0
2025-10-01 16:49:43.293,1875020,hipStreamSynchronize,ENTER,hipStream_t=0x7fa618e51840,,0
2025-10-01 16:49:43.293,1875020,hipStreamSynchronize,LEAVE,hipStream_t=0x7fa618e51840,NULL,0
2025-10-01 16:49:43.293,1875020,hipStreamSynchronize,ENTER,hipStream_t=0x7fa61831aed0,,0
2025-10-01 16:49:43.293,1875020,hipStreamSynchronize,LEAVE,hipStream_t=0x7fa61831aed0,NULL,0
2025-10-01 16:49:43.293,1875020,hipStreamSynchronize,ENTER,hipStream_t=0x7fa618006eb0,,0
2025-10-01 16:49:43.293,1875020,hipStreamSynchronize,LEAVE,hipStream_t=0x7fa618006eb0,NULL,0
2025-10-01 16:49:43.293,1875020,hipStreamSynchronize,ENTER,hipStream_t=0x7fa618e50460,,0
2025-10-01 16:49:43.294,1875020,hipStreamSynchronize,LEAVE,hipStream_t=0x7fa618e50460,NULL,0
2025-10-01 16:49:43.294,1875020,hipLaunchKernel,ENTER,const void*=0x7fe663140fb0; dim3=dim3(0x80000000040); dim3=dim3(0x1); void**=0x100000040,,0
2025-10-01 16:49:43.344,1875021,hipStreamDestroy,ENTER,hipStream_t=0x7fa624d45130,,0
2025-10-01 16:49:43.394,1875020,hipLaunchKernel,LEAVE,const void*=0x7fe663140fb0; dim3=dim3(0x80000000040); dim3=dim3(0x1); void**=0x100000040,NULL,100
2025-10-01 16:49:43.394,1875020,hipLaunchKernel,ENTER,const void*=0x7fe663140fb8; dim3=dim3(0x80000000040); dim3=dim3(0x1); void**=0x100000040,,0
2025-10-01 16:49:43.394,1875020,hipLaunchKernel,LEAVE,const void*=0x7fe663140fb8; dim3=dim3(0x80000000040); dim3=dim3(0x1); void**=0x100000040,NULL,0
2025-10-01 16:49:43.394,1875020,hipLaunchKernel,ENTER,const void*=0x7fe663140fc0; dim3=dim3(0x80000000040); dim3=dim3(0x1); void**=0x100000040,,0
2025-10-01 16:49:43.395,1875020,hipLaunchKernel,LEAVE,const void*=0x7fe663140fc0; dim3=dim3(0x80000000040); dim3=dim3(0x1); void**=0x100000040,NULL,0
2025-10-01 16:49:43.395,1875020,hipLaunchKernel,ENTER,const void*=0x7fe663140fc8; dim3=dim3(0x80000000040); dim3=dim3(0x1); void**=0x100000040,,0
2025-10-01 16:49:43.395,1875020,hipLaunchKernel,LEAVE,const void*=0x7fe663140fc8; dim3=dim3(0x80000000040); dim3=dim3(0x1); void**=0x100000040,NULL,0
2025-10-01 16:49:43.395,1875020,hipLaunchKernel,ENTER,const void*=0x7fe663140fb0; dim3=dim3(0x80000000040); dim3=dim3(0x1); void**=0x100000040,,0
2025-10-01 16:49:43.395,1875020,hipLaunchKernel,LEAVE,const void*=0x7fe663140fb0; dim3=dim3(0x80000000040); dim3=dim3(0x1); void**=0x100000040,NULL,0
2025-10-01 16:49:43.395,1875020,hipLaunchKernel,ENTER,const void*=0x7fe663140fb8; dim3=dim3(0x80000000040); dim3=dim3(0x1); void**=0x100000040,,0
2025-10-01 16:49:43.396,1875020,hipLaunchKernel,LEAVE,const void*=0x7fe663140fb8; dim3=dim3(0x80000000040); dim3=dim3(0x1); void**=0x100000040,NULL,0
2025-10-01 16:49:43.396,1875020,hipLaunchKernel,ENTER,const void*=0x7fe663140fc0; dim3=dim3(0x80000000040); dim3=dim3(0x1); void**=0x100000040,,0
2025-10-01 16:49:43.396,1875020,hipLaunchKernel,LEAVE,const void*=0x7fe663140fc0; dim3=dim3(0x80000000040); dim3=dim3(0x1); void**=0x100000040,NULL,0
2025-10-01 16:49:43.396,1875020,hipLaunchKernel,ENTER,const void*=0x7fe663140fc8; dim3=dim3(0x80000000040); dim3=dim3(0x1); void**=0x100000040,,0
2025-10-01 16:49:43.396,1875020,hipLaunchKernel,LEAVE,const void*=0x7fe663140fc8; dim3=dim3(0x80000000040); dim3=dim3(0x1); void**=0x100000040,NULL,0
2025-10-01 16:49:43.396,1875020,hipLaunchKernel,ENTER,const void*=0x7fe663140fb0; dim3=dim3(0x80000000040); dim3=dim3(0x1); void**=0x100000040,,0
2025-10-01 16:49:43.396,1875020,hipLaunchKernel,LEAVE,const void*=0x7fe663140fb0; dim3=dim3(0x80000000040); dim3=dim3(0x1); void**=0x100000040,NULL,0
2025-10-01 16:49:43.397,1875020,hipLaunchKernel,ENTER,const void*=0x7fe663140fb8; dim3=dim3(0x80000000040); dim3=dim3(0x1); void**=0x100000040,,0
2025-10-01 16:49:43.397,1875020,hipLaunchKernel,LEAVE,const void*=0x7fe663140fb8; dim3=dim3(0x80000000040); dim3=dim3(0x1); void**=0x100000040,NULL,0
2025-10-01 16:49:43.397,1875020,hipLaunchKernel,ENTER,const void*=0x7fe663140fc0; dim3=dim3(0x80000000040); dim3=dim3(0x1); void**=0x100000040,,0
2025-10-01 16:49:43.397,1875020,hipLaunchKernel,LEAVE,const void*=0x7fe663140fc0; dim3=dim3(0x80000000040); dim3=dim3(0x1); void**=0x100000040,NULL,0
2025-10-01 16:49:43.397,1875020,hipLaunchKernel,ENTER,const void*=0x7fe663140fc8; dim3=dim3(0x80000000040); dim3=dim3(0x1); void**=0x100000040,,0
2025-10-01 16:49:43.397,1875020,hipLaunchKernel,LEAVE,const void*=0x7fe663140fc8; dim3=dim3(0x80000000040); dim3=dim3(0x1); void**=0x100000040,NULL,0
2025-10-01 16:49:43.397,1875020,hipLaunchKernel,ENTER,const void*=0x7fe663140fb0; dim3=dim3(0x80000000040); dim3=dim3(0x1); void**=0x100000040,,0
2025-10-01 16:49:43.398,1875020,hipLaunchKernel,LEAVE,const void*=0x7fe663140fb0; dim3=dim3(0x80000000040); dim3=dim3(0x1); void**=0x100000040,NULL,1
2025-10-01 16:49:43.398,1875020,hipLaunchKernel,ENTER,const void*=0x7fe663140fb8; dim3=dim3(0x80000000040); dim3=dim3(0x1); void**=0x100000040,,0
2025-10-01 16:49:43.398,1875020,hipLaunchKernel,LEAVE,const void*=0x7fe663140fb8; dim3=dim3(0x80000000040); dim3=dim3(0x1); void**=0x100000040,NULL,0
2025-10-01 16:49:43.398,1875020,hipLaunchKernel,ENTER,const void*=0x7fe663140fc0; dim3=dim3(0x80000000040); dim3=dim3(0x1); void**=0x100000040,,0
2025-10-01 16:49:43.398,1875021,hipStreamDestroy,LEAVE,hipStream_t=0x7fa624d45130,NULL,54
2025-10-01 16:49:43.398,1875021,hipMemcpyAsync,ENTER,void*=0x7f9020a00000; const void*=0x7f9fb2e00f00; size_t=0x2000000; hipMemcpyKind=hipMemcpyDeviceToHost,,0
2025-10-01 16:49:43.399,1875020,hipLaunchKernel,LEAVE,const void*=0x7fe663140fc0; dim3=dim3(0x80000000040); dim3=dim3(0x1); void**=0x100000040,NULL,1
2025-10-01 16:49:43.399,1875020,hipLaunchKernel,ENTER,const void*=0x7fe663140fc8; dim3=dim3(0x80000000040); dim3=dim3(0x1); void**=0x100000040,,0
2025-10-01 16:49:43.399,1875021,hipMemcpyAsync,LEAVE,void*=0x7f9020a00000; const void*=0x7f9fb2e00f00; size_t=0x2000000; hipMemcpyKind=hipMemcpyDeviceToHost,NULL,0
2025-10-01 16:49:43.399,1875021,hipStreamSynchronize,ENTER,hipStream_t=0x7fa62431a950,,0
2025-10-01 16:49:43.399,1875020,hipLaunchKernel,LEAVE,const void*=0x7fe663140fc8; dim3=dim3(0x80000000040); dim3=dim3(0x1); void**=0x100000040,NULL,0
2025-10-01 16:49:43.399,1875021,hipStreamSynchronize,LEAVE,hipStream_t=0x7fa62431a950,NULL,0
2025-10-01 16:49:43.399,1875021,hipFree,ENTER,void*=0x7f9fb2e00f00,,0
2025-10-01 16:49:43.400,1875020,hipLaunchKernel,ENTER,const void*=0x7fe663140fb0; dim3=dim3(0x80000000040); dim3=dim3(0x1); void**=0x100000040,,0
2025-10-01 16:49:43.400,1875021,hipFree,LEAVE,void*=0x7f9fb2e00f00,NULL,0
2025-10-01 16:49:43.400,1875021,hipFree,ENTER,void*=0x7f9fb4e01000,,0
2025-10-01 16:49:43.400,1875021,hipFree,LEAVE,void*=0x7f9fb4e01000,NULL,0
2025-10-01 16:49:43.400,1875021,hipFree,ENTER,void*=0x7f9fb6e01100,,0
2025-10-01 16:49:43.400,1875021,hipFree,LEAVE,void*=0x7f9fb6e01100,NULL,0
2025-10-01 16:49:43.401,1875020,hipLaunchKernel,LEAVE,const void*=0x7fe663140fb0; dim3=dim3(0x80000000040); dim3=dim3(0x1); void**=0x100000040,NULL,1
2025-10-01 16:49:43.401,1875020,hipLaunchKernel,ENTER,const void*=0x7fe663140fb8; dim3=dim3(0x80000000040); dim3=dim3(0x1); void**=0x100000040,,0
2025-10-01 16:49:43.401,1875020,hipLaunchKernel,LEAVE,const void*=0x7fe663140fb8; dim3=dim3(0x80000000040); dim3=dim3(0x1); void**=0x100000040,NULL,0
2025-10-01 16:49:43.401,1875020,hipLaunchKernel,ENTER,const void*=0x7fe663140fc0; dim3=dim3(0x80000000040); dim3=dim3(0x1); void**=0x100000040,,0
2025-10-01 16:49:43.401,1875020,hipLaunchKernel,LEAVE,const void*=0x7fe663140fc0; dim3=dim3(0x80000000040); dim3=dim3(0x1); void**=0x100000040,NULL,0
2025-10-01 16:49:43.401,1875020,hipLaunchKernel,ENTER,const void*=0x7fe663140fc8; dim3=dim3(0x80000000040); dim3=dim3(0x1); void**=0x100000040,,0
2025-10-01 16:49:43.401,1875020,hipLaunchKernel,LEAVE,const void*=0x7fe663140fc8; dim3=dim3(0x80000000040); dim3=dim3(0x1); void**=0x100000040,NULL,0
2025-10-01 16:49:43.401,1875020,hipLaunchKernel,ENTER,const void*=0x7fe663140fb0; dim3=dim3(0x80000000040); dim3=dim3(0x1); void**=0x100000040,,0
2025-10-01 16:49:43.402,1875020,hipLaunchKernel,LEAVE,const void*=0x7fe663140fb0; dim3=dim3(0x80000000040); dim3=dim3(0x1); void**=0x100000040,NULL,0
2025-10-01 16:49:43.402,1875020,hipLaunchKernel,ENTER,const void*=0x7fe663140fb8; dim3=dim3(0x80000000040); dim3=dim3(0x1); void**=0x100000040,,0
2025-10-01 16:49:43.402,1875020,hipLaunchKernel,LEAVE,const void*=0x7fe663140fb8; dim3=dim3(0x80000000040); dim3=dim3(0x1); void**=0x100000040,NULL,0
2025-10-01 16:49:43.402,1875020,hipLaunchKernel,ENTER,const void*=0x7fe663140fc0; dim3=dim3(0x80000000040); dim3=dim3(0x1); void**=0x100000040,,0
2025-10-01 16:49:43.402,1875020,hipLaunchKernel,LEAVE,const void*=0x7fe663140fc0; dim3=dim3(0x80000000040); dim3=dim3(0x1); void**=0x100000040,NULL,0
2025-10-01 16:49:43.402,1875020,hipLaunchKernel,ENTER,const void*=0x7fe663140fc8; dim3=dim3(0x80000000040); dim3=dim3(0x1); void**=0x100000040,,0
2025-10-01 16:49:43.402,1875020,hipLaunchKernel,LEAVE,const void*=0x7fe663140fc8; dim3=dim3(0x80000000040); dim3=dim3(0x1); void**=0x100000040,NULL,0
2025-10-01 16:49:43.403,1875020,hipLaunchKernel,ENTER,const void*=0x7fe663140fb0; dim3=dim3(0x80000000040); dim3=dim3(0x1); void**=0x100000040,,0
2025-10-01 16:49:43.403,1875020,hipLaunchKernel,LEAVE,const void*=0x7fe663140fb0; dim3=dim3(0x80000000040); dim3=dim3(0x1); void**=0x100000040,NULL,0
2025-10-01 16:49:43.403,1875020,hipLaunchKernel,ENTER,const void*=0x7fe663140fb8; dim3=dim3(0x80000000040); dim3=dim3(0x1); void**=0x100000040,,0
2025-10-01 16:49:43.403,1875020,hipLaunchKernel,LEAVE,const void*=0x7fe663140fb8; dim3=dim3(0x80000000040); dim3=dim3(0x1); void**=0x100000040,NULL,0
2025-10-01 16:49:43.403,1875020,hipLaunchKernel,ENTER,const void*=0x7fe663140fc0; dim3=dim3(0x80000000040); dim3=dim3(0x1); void**=0x100000040,,0
2025-10-01 16:49:43.403,1875020,hipLaunchKernel,LEAVE,const void*=0x7fe663140fc0; dim3=dim3(0x80000000040); dim3=dim3(0x1); void**=0x100000040,NULL,0
2025-10-01 16:49:43.403,1875020,hipLaunchKernel,ENTER,const void*=0x7fe663140fc8; dim3=dim3(0x80000000040); dim3=dim3(0x1); void**=0x100000040,,0
2025-10-01 16:49:43.404,1875020,hipLaunchKernel,LEAVE,const void*=0x7fe663140fc8; dim3=dim3(0x80000000040); dim3=dim3(0x1); void**=0x100000040,NULL,0
2025-10-01 16:49:43.404,1875020,hipLaunchKernel,ENTER,const void*=0x7fe663140fb0; dim3=dim3(0x80000000040); dim3=dim3(0x1); void**=0x100000040,,0
2025-10-01 16:49:43.404,1875020,hipLaunchKernel,LEAVE,const void*=0x7fe663140fb0; dim3=dim3(0x80000000040); dim3=dim3(0x1); void**=0x100000040,NULL,0
2025-10-01 16:49:43.404,1875020,hipLaunchKernel,ENTER,const void*=0x7fe663140fb8; dim3=dim3(0x80000000040); dim3=dim3(0x1); void**=0x100000040,,0
2025-10-01 16:49:43.404,1875020,hipLaunchKernel,LEAVE,const void*=0x7fe663140fb8; dim3=dim3(0x80000000040); dim3=dim3(0x1); void**=0x100000040,NULL,0
2025-10-01 16:49:43.404,1875020,hipLaunchKernel,ENTER,const void*=0x7fe663140fc0; dim3=dim3(0x80000000040); dim3=dim3(0x1); void**=0x100000040,,0
2025-10-01 16:49:43.404,1875020,hipLaunchKernel,LEAVE,const void*=0x7fe663140fc0; dim3=dim3(0x80000000040); dim3=dim3(0x1); void**=0x100000040,NULL,0
2025-10-01 16:49:43.404,1875020,hipLaunchKernel,ENTER,const void*=0x7fe663140fc8; dim3=dim3(0x80000000040); dim3=dim3(0x1); void**=0x100000040,,0
2025-10-01 16:49:43.405,1875020,hipLaunchKernel,LEAVE,const void*=0x7fe663140fc8; dim3=dim3(0x80000000040); dim3=dim3(0x1); void**=0x100000040,NULL,0
2025-10-01 16:49:43.405,1875020,hipStreamSynchronize,ENTER,hipStream_t=0x7fa6180014c0,,0
2025-10-01 16:49:43.405,1875020,hipStreamSynchronize,LEAVE,hipStream_t=0x7fa6180014c0,NULL,0
2025-10-01 16:49:43.405,1875020,hipStreamSynchronize,ENTER,hipStream_t=0x7fa618d178d0,,0
2025-10-01 16:49:43.405,1875020,hipStreamSynchronize,LEAVE,hipStream_t=0x7fa618d178d0,NULL,0
2025-10-01 16:49:43.405,1875020,hipStreamSynchronize,ENTER,hipStream_t=0x7fa618d18c40,,0
2025-10-01 16:49:43.405,1875020,hipStreamSynchronize,LEAVE,hipStream_t=0x7fa618d18c40,NULL,0
2025-10-01 16:49:43.405,1875020,hipStreamSynchronize,ENTER,hipStream_t=0x7fa618bf7f40,,0
2025-10-01 16:49:43.406,1875020,hipStreamSynchronize,LEAVE,hipStream_t=0x7fa618bf7f40,NULL,0
2025-10-01 16:49:43.406,1875020,hipStreamSynchronize,ENTER,hipStream_t=0x7fa618e51840,,0
2025-10-01 16:49:43.406,1875020,hipStreamSynchronize,LEAVE,hipStream_t=0x7fa618e51840,NULL,0
2025-10-01 16:49:43.406,1875020,hipStreamSynchronize,ENTER,hipStream_t=0x7fa61831aed0,,0
2025-10-01 16:49:43.406,1875020,hipStreamSynchronize,LEAVE,hipStream_t=0x7fa61831aed0,NULL,0
2025-10-01 16:49:43.406,1875020,hipStreamSynchronize,ENTER,hipStream_t=0x7fa618006eb0,,0
2025-10-01 16:49:43.406,1875020,hipStreamSynchronize,LEAVE,hipStream_t=0x7fa618006eb0,NULL,0
2025-10-01 16:49:43.406,1875020,hipStreamSynchronize,ENTER,hipStream_t=0x7fa618e50460,,0
2025-10-01 16:49:43.407,1875020,hipStreamSynchronize,LEAVE,hipStream_t=0x7fa618e50460,NULL,1
2025-10-01 16:49:43.407,1875020,hipMemcpyAsync,ENTER,void*=0x7f9e9d800000; const void*=0x7f97bb200100; size_t=0x2000000; hipMemcpyKind=hipMemcpyDeviceToHost,,0
2025-10-01 16:49:43.407,1875020,hipMemcpyAsync,LEAVE,void*=0x7f9e9d800000; const void*=0x7f97bb200100; size_t=0x2000000; hipMemcpyKind=hipMemcpyDeviceToHost,NULL,0
2025-10-01 16:49:43.407,1875020,hipStreamSynchronize,ENTER,hipStream_t=0x7fa6180014c0,,0
2025-10-01 16:49:43.407,1875020,hipStreamSynchronize,LEAVE,hipStream_t=0x7fa6180014c0,NULL,0
2025-10-01 16:49:43.408,1875020,hipFree,ENTER,void*=0x7f97bb200100,,0
2025-10-01 16:49:43.408,1875020,hipFree,LEAVE,void*=0x7f97bb200100,NULL,0
2025-10-01 16:49:43.408,1875020,hipFree,ENTER,void*=0x7f97bd200100,,0
2025-10-01 16:49:43.408,1875020,hipFree,LEAVE,void*=0x7f97bd200100,NULL,0
2025-10-01 16:49:43.408,1875020,hipFree,ENTER,void*=0x7f97bf200200,,0
2025-10-01 16:49:43.408,1875020,hipFree,LEAVE,void*=0x7f97bf200200,NULL,0
2025-10-01 16:49:43.566,1875019,hipMemcpyAsync,ENTER,void*=0x7f8a30401300; const void*=0x7f9f3e600000; size_t=0x2000000; hipMemcpyKind=hipMemcpyHostToDevice,,0
2025-10-01 16:49:43.567,1875019,hipMemcpyAsync,LEAVE,void*=0x7f8a30401300; const void*=0x7f9f3e600000; size_t=0x2000000; hipMemcpyKind=hipMemcpyHostToDevice,NULL,0
2025-10-01 16:49:43.567,1875019,hipMemcpyAsync,ENTER,void*=0x7f8a32401400; const void*=0x7f9f3c400000; size_t=0x2000000; hipMemcpyKind=hipMemcpyHostToDevice,,0
2025-10-01 16:49:43.567,1875019,hipMemcpyAsync,LEAVE,void*=0x7f8a32401400; const void*=0x7f9f3c400000; size_t=0x2000000; hipMemcpyKind=hipMemcpyHostToDevice,NULL,0
2025-10-01 16:49:43.611,1875021,hipStreamDestroy,ENTER,hipStream_t=0x7fa62431a950,,0
2025-10-01 16:49:43.667,1875021,hipStreamDestroy,LEAVE,hipStream_t=0x7fa62431a950,NULL,55
2025-10-01 16:49:43.667,1875021,hipMemcpyAsync,ENTER,void*=0x7f8956a00000; const void*=0x7f9fb8e01200; size_t=0x2000000; hipMemcpyKind=hipMemcpyDeviceToHost,,0
2025-10-01 16:49:43.667,1875021,hipMemcpyAsync,LEAVE,void*=0x7f8956a00000; const void*=0x7f9fb8e01200; size_t=0x2000000; hipMemcpyKind=hipMemcpyDeviceToHost,NULL,0
2025-10-01 16:49:43.667,1875021,hipStreamSynchronize,ENTER,hipStream_t=0x7fa624bfbdf0,,0
2025-10-01 16:49:43.668,1875021,hipStreamSynchronize,LEAVE,hipStream_t=0x7fa624bfbdf0,NULL,0
2025-10-01 16:49:43.668,1875021,hipFree,ENTER,void*=0x7f9fb8e01200,,0
2025-10-01 16:49:43.668,1875021,hipFree,LEAVE,void*=0x7f9fb8e01200,NULL,0
2025-10-01 16:49:43.668,1875021,hipFree,ENTER,void*=0x7f9fbae01300,,0
2025-10-01 16:49:43.669,1875021,hipFree,LEAVE,void*=0x7f9fbae01300,NULL,0
2025-10-01 16:49:43.669,1875021,hipFree,ENTER,void*=0x7f9fbce01400,,0
2025-10-01 16:49:43.669,1875021,hipFree,LEAVE,void*=0x7f9fbce01400,NULL,0
2025-10-01 16:49:43.919,1875022,hipMemcpyAsync,ENTER,void*=0x7f9056601600; const void*=0x7f9f37600000; size_t=0x2000000; hipMemcpyKind=hipMemcpyHostToDevice,,0
2025-10-01 16:49:43.919,1875022,hipMemcpyAsync,LEAVE,void*=0x7f9056601600; const void*=0x7f9f37600000; size_t=0x2000000; hipMemcpyKind=hipMemcpyHostToDevice,NULL,0
2025-10-01 16:49:43.919,1875022,hipMemcpyAsync,ENTER,void*=0x7f9058601700; const void*=0x7f9f35400000; size_t=0x2000000; hipMemcpyKind=hipMemcpyHostToDevice,,0
2025-10-01 16:49:43.920,1875022,hipMemcpyAsync,LEAVE,void*=0x7f9058601700; const void*=0x7f9f35400000; size_t=0x2000000; hipMemcpyKind=hipMemcpyHostToDevice,NULL,0
2025-10-01 16:49:43.920,1875022,hipStreamSynchronize,ENTER,hipStream_t=0x7fa61c0014c0,,0
2025-10-01 16:49:43.920,1875022,hipStreamSynchronize,LEAVE,hipStream_t=0x7fa61c0014c0,NULL,0
2025-10-01 16:49:43.920,1875022,hipStreamSynchronize,ENTER,hipStream_t=0x7fa61c3ac660,,0
2025-10-01 16:49:43.920,1875022,hipStreamSynchronize,LEAVE,hipStream_t=0x7fa61c3ac660,NULL,0
2025-10-01 16:49:43.920,1875022,hipStreamSynchronize,ENTER,hipStream_t=0x7fa61cca07c0,,0
2025-10-01 16:49:43.920,1875022,hipStreamSynchronize,LEAVE,hipStream_t=0x7fa61cca07c0,NULL,0
2025-10-01 16:49:43.920,1875022,hipStreamSynchronize,ENTER,hipStream_t=0x7fa61cd1cdf0,,0
2025-10-01 16:49:43.920,1875022,hipStreamSynchronize,LEAVE,hipStream_t=0x7fa61cd1cdf0,NULL,0
2025-10-01 16:49:43.920,1875022,hipStreamSynchronize,ENTER,hipStream_t=0x7fa61ce5c7e0,,0
2025-10-01 16:49:43.920,1875022,hipStreamSynchronize,LEAVE,hipStream_t=0x7fa61ce5c7e0,NULL,0
2025-10-01 16:49:43.920,1875022,hipStreamSynchronize,ENTER,hipStream_t=0x7fa61ce49290,,0
2025-10-01 16:49:43.920,1875022,hipStreamSynchronize,LEAVE,hipStream_t=0x7fa61ce49290,NULL,0
2025-10-01 16:49:43.921,1875022,hipStreamSynchronize,ENTER,hipStream_t=0x7fa61c3aee50,,0
2025-10-01 16:49:43.921,1875022,hipStreamSynchronize,LEAVE,hipStream_t=0x7fa61c3aee50,NULL,0
2025-10-01 16:49:43.921,1875022,hipStreamSynchronize,ENTER,hipStream_t=0x7fa61c316a70,,0
2025-10-01 16:49:43.921,1875022,hipStreamSynchronize,LEAVE,hipStream_t=0x7fa61c316a70,NULL,0
2025-10-01 16:49:43.921,1875022,hipLaunchKernel,ENTER,const void*=0x7fe663140fb0; dim3=dim3(0x80000000040); dim3=dim3(0x1); void**=0x100000040,,0
2025-10-01 16:49:43.971,1875022,hipLaunchKernel,LEAVE,const void*=0x7fe663140fb0; dim3=dim3(0x80000000040); dim3=dim3(0x1); void**=0x100000040,NULL,50
2025-10-01 16:49:43.971,1875022,hipLaunchKernel,ENTER,const void*=0x7fe663140fb8; dim3=dim3(0x80000000040); dim3=dim3(0x1); void**=0x100000040,,0
2025-10-01 16:49:43.971,1875022,hipLaunchKernel,LEAVE,const void*=0x7fe663140fb8; dim3=dim3(0x80000000040); dim3=dim3(0x1); void**=0x100000040,NULL,0
2025-10-01 16:49:43.971,1875022,hipLaunchKernel,ENTER,const void*=0x7fe663140fc0; dim3=dim3(0x80000000040); dim3=dim3(0x1); void**=0x100000040,,0
2025-10-01 16:49:43.971,1875022,hipLaunchKernel,LEAVE,const void*=0x7fe663140fc0; dim3=dim3(0x80000000040); dim3=dim3(0x1); void**=0x100000040,NULL,0
2025-10-01 16:49:43.971,1875022,hipLaunchKernel,ENTER,const void*=0x7fe663140fc8; dim3=dim3(0x80000000040); dim3=dim3(0x1); void**=0x100000040,,0
2025-10-01 16:49:43.971,1875022,hipLaunchKernel,LEAVE,const void*=0x7fe663140fc8; dim3=dim3(0x80000000040); dim3=dim3(0x1); void**=0x100000040,NULL,0
2025-10-01 16:49:43.972,1875022,hipLaunchKernel,ENTER,const void*=0x7fe663140fb0; dim3=dim3(0x80000000040); dim3=dim3(0x1); void**=0x100000040,,0
2025-10-01 16:49:43.972,1875022,hipLaunchKernel,LEAVE,const void*=0x7fe663140fb0; dim3=dim3(0x80000000040); dim3=dim3(0x1); void**=0x100000040,NULL,0
2025-10-01 16:49:43.972,1875022,hipLaunchKernel,ENTER,const void*=0x7fe663140fb8; dim3=dim3(0x80000000040); dim3=dim3(0x1); void**=0x100000040,,0
2025-10-01 16:49:43.972,1875022,hipLaunchKernel,LEAVE,const void*=0x7fe663140fb8; dim3=dim3(0x80000000040); dim3=dim3(0x1); void**=0x100000040,NULL,0
2025-10-01 16:49:43.972,1875022,hipLaunchKernel,ENTER,const void*=0x7fe663140fc0; dim3=dim3(0x80000000040); dim3=dim3(0x1); void**=0x100000040,,0
2025-10-01 16:49:43.972,1875022,hipLaunchKernel,LEAVE,const void*=0x7fe663140fc0; dim3=dim3(0x80000000040); dim3=dim3(0x1); void**=0x100000040,NULL,0
2025-10-01 16:49:43.972,1875022,hipLaunchKernel,ENTER,const void*=0x7fe663140fc8; dim3=dim3(0x80000000040); dim3=dim3(0x1); void**=0x100000040,,0
2025-10-01 16:49:43.972,1875022,hipLaunchKernel,LEAVE,const void*=0x7fe663140fc8; dim3=dim3(0x80000000040); dim3=dim3(0x1); void**=0x100000040,NULL,0
2025-10-01 16:49:43.972,1875022,hipLaunchKernel,ENTER,const void*=0x7fe663140fb0; dim3=dim3(0x80000000040); dim3=dim3(0x1); void**=0x100000040,,0
2025-10-01 16:49:43.973,1875022,hipLaunchKernel,LEAVE,const void*=0x7fe663140fb0; dim3=dim3(0x80000000040); dim3=dim3(0x1); void**=0x100000040,NULL,0
2025-10-01 16:49:43.973,1875022,hipLaunchKernel,ENTER,const void*=0x7fe663140fb8; dim3=dim3(0x80000000040); dim3=dim3(0x1); void**=0x100000040,,0
2025-10-01 16:49:43.973,1875022,hipLaunchKernel,LEAVE,const void*=0x7fe663140fb8; dim3=dim3(0x80000000040); dim3=dim3(0x1); void**=0x100000040,NULL,0
2025-10-01 16:49:43.973,1875022,hipLaunchKernel,ENTER,const void*=0x7fe663140fc0; dim3=dim3(0x80000000040); dim3=dim3(0x1); void**=0x100000040,,0
2025-10-01 16:49:43.973,1875022,hipLaunchKernel,LEAVE,const void*=0x7fe663140fc0; dim3=dim3(0x80000000040); dim3=dim3(0x1); void**=0x100000040,NULL,0
2025-10-01 16:49:43.973,1875022,hipLaunchKernel,ENTER,const void*=0x7fe663140fc8; dim3=dim3(0x80000000040); dim3=dim3(0x1); void**=0x100000040,,0
2025-10-01 16:49:43.973,1875022,hipLaunchKernel,LEAVE,const void*=0x7fe663140fc8; dim3=dim3(0x80000000040); dim3=dim3(0x1); void**=0x100000040,NULL,0
2025-10-01 16:49:43.973,1875022,hipLaunchKernel,ENTER,const void*=0x7fe663140fb0; dim3=dim3(0x80000000040); dim3=dim3(0x1); void**=0x100000040,,0
2025-10-01 16:49:43.973,1875022,hipLaunchKernel,LEAVE,const void*=0x7fe663140fb0; dim3=dim3(0x80000000040); dim3=dim3(0x1); void**=0x100000040,NULL,0
2025-10-01 16:49:43.973,1875022,hipLaunchKernel,ENTER,const void*=0x7fe663140fb8; dim3=dim3(0x80000000040); dim3=dim3(0x1); void**=0x100000040,,0
2025-10-01 16:49:43.974,1875022,hipLaunchKernel,LEAVE,const void*=0x7fe663140fb8; dim3=dim3(0x80000000040); dim3=dim3(0x1); void**=0x100000040,NULL,0
2025-10-01 16:49:43.974,1875022,hipLaunchKernel,ENTER,const void*=0x7fe663140fc0; dim3=dim3(0x80000000040); dim3=dim3(0x1); void**=0x100000040,,0
2025-10-01 16:49:43.974,1875022,hipLaunchKernel,LEAVE,const void*=0x7fe663140fc0; dim3=dim3(0x80000000040); dim3=dim3(0x1); void**=0x100000040,NULL,0
2025-10-01 16:49:43.974,1875022,hipLaunchKernel,ENTER,const void*=0x7fe663140fc8; dim3=dim3(0x80000000040); dim3=dim3(0x1); void**=0x100000040,,0
2025-10-01 16:49:43.974,1875022,hipLaunchKernel,LEAVE,const void*=0x7fe663140fc8; dim3=dim3(0x80000000040); dim3=dim3(0x1); void**=0x100000040,NULL,0
2025-10-01 16:49:43.974,1875022,hipLaunchKernel,ENTER,const void*=0x7fe663140fb0; dim3=dim3(0x80000000040); dim3=dim3(0x1); void**=0x100000040,,0
2025-10-01 16:49:43.974,1875022,hipLaunchKernel,LEAVE,const void*=0x7fe663140fb0; dim3=dim3(0x80000000040); dim3=dim3(0x1); void**=0x100000040,NULL,0
2025-10-01 16:49:43.974,1875022,hipLaunchKernel,ENTER,const void*=0x7fe663140fb8; dim3=dim3(0x80000000040); dim3=dim3(0x1); void**=0x100000040,,0
2025-10-01 16:49:43.974,1875022,hipLaunchKernel,LEAVE,const void*=0x7fe663140fb8; dim3=dim3(0x80000000040); dim3=dim3(0x1); void**=0x100000040,NULL,0
2025-10-01 16:49:43.975,1875022,hipLaunchKernel,ENTER,const void*=0x7fe663140fc0; dim3=dim3(0x80000000040); dim3=dim3(0x1); void**=0x100000040,,0
2025-10-01 16:49:43.975,1875022,hipLaunchKernel,LEAVE,const void*=0x7fe663140fc0; dim3=dim3(0x80000000040); dim3=dim3(0x1); void**=0x100000040,NULL,0
2025-10-01 16:49:43.975,1875022,hipLaunchKernel,ENTER,const void*=0x7fe663140fc8; dim3=dim3(0x80000000040); dim3=dim3(0x1); void**=0x100000040,,0
2025-10-01 16:49:43.975,1875022,hipLaunchKernel,LEAVE,const void*=0x7fe663140fc8; dim3=dim3(0x80000000040); dim3=dim3(0x1); void**=0x100000040,NULL,0
2025-10-01 16:49:43.975,1875022,hipLaunchKernel,ENTER,const void*=0x7fe663140fb0; dim3=dim3(0x80000000040); dim3=dim3(0x1); void**=0x100000040,,0
2025-10-01 16:49:43.975,1875022,hipLaunchKernel,LEAVE,const void*=0x7fe663140fb0; dim3=dim3(0x80000000040); dim3=dim3(0x1); void**=0x100000040,NULL,0
2025-10-01 16:49:43.975,1875022,hipLaunchKernel,ENTER,const void*=0x7fe663140fb8; dim3=dim3(0x80000000040); dim3=dim3(0x1); void**=0x100000040,,0
2025-10-01 16:49:43.975,1875022,hipLaunchKernel,LEAVE,const void*=0x7fe663140fb8; dim3=dim3(0x80000000040); dim3=dim3(0x1); void**=0x100000040,NULL,0
2025-10-01 16:49:43.975,1875022,hipLaunchKernel,ENTER,const void*=0x7fe663140fc0; dim3=dim3(0x80000000040); dim3=dim3(0x1); void**=0x100000040,,0
2025-10-01 16:49:43.975,1875022,hipLaunchKernel,LEAVE,const void*=0x7fe663140fc0; dim3=dim3(0x80000000040); dim3=dim3(0x1); void**=0x100000040,NULL,0
2025-10-01 16:49:43.975,1875022,hipLaunchKernel,ENTER,const void*=0x7fe663140fc8; dim3=dim3(0x80000000040); dim3=dim3(0x1); void**=0x100000040,,0
2025-10-01 16:49:43.976,1875022,hipLaunchKernel,LEAVE,const void*=0x7fe663140fc8; dim3=dim3(0x80000000040); dim3=dim3(0x1); void**=0x100000040,NULL,0
2025-10-01 16:49:43.976,1875022,hipLaunchKernel,ENTER,const void*=0x7fe663140fb0; dim3=dim3(0x80000000040); dim3=dim3(0x1); void**=0x100000040,,0
2025-10-01 16:49:43.976,1875022,hipLaunchKernel,LEAVE,const void*=0x7fe663140fb0; dim3=dim3(0x80000000040); dim3=dim3(0x1); void**=0x100000040,NULL,0
2025-10-01 16:49:43.976,1875022,hipLaunchKernel,ENTER,const void*=0x7fe663140fb8; dim3=dim3(0x80000000040); dim3=dim3(0x1); void**=0x100000040,,0
2025-10-01 16:49:43.976,1875022,hipLaunchKernel,LEAVE,const void*=0x7fe663140fb8; dim3=dim3(0x80000000040); dim3=dim3(0x1); void**=0x100000040,NULL,0
2025-10-01 16:49:43.976,1875022,hipLaunchKernel,ENTER,const void*=0x7fe663140fc0; dim3=dim3(0x80000000040); dim3=dim3(0x1); void**=0x100000040,,0
2025-10-01 16:49:43.976,1875022,hipLaunchKernel,LEAVE,const void*=0x7fe663140fc0; dim3=dim3(0x80000000040); dim3=dim3(0x1); void**=0x100000040,NULL,0
2025-10-01 16:49:43.976,1875022,hipLaunchKernel,ENTER,const void*=0x7fe663140fc8; dim3=dim3(0x80000000040); dim3=dim3(0x1); void**=0x100000040,,0
2025-10-01 16:49:43.977,1875022,hipLaunchKernel,LEAVE,const void*=0x7fe663140fc8; dim3=dim3(0x80000000040); dim3=dim3(0x1); void**=0x100000040,NULL,1
2025-10-01 16:49:43.977,1875022,hipLaunchKernel,ENTER,const void*=0x7fe663140fb0; dim3=dim3(0x80000000040); dim3=dim3(0x1); void**=0x100000040,,0
2025-10-01 16:49:43.977,1875022,hipLaunchKernel,LEAVE,const void*=0x7fe663140fb0; dim3=dim3(0x80000000040); dim3=dim3(0x1); void**=0x100000040,NULL,0
2025-10-01 16:49:43.977,1875022,hipLaunchKernel,ENTER,const void*=0x7fe663140fb8; dim3=dim3(0x80000000040); dim3=dim3(0x1); void**=0x100000040,,0
2025-10-01 16:49:43.977,1875022,hipLaunchKernel,LEAVE,const void*=0x7fe663140fb8; dim3=dim3(0x80000000040); dim3=dim3(0x1); void**=0x100000040,NULL,0
2025-10-01 16:49:43.977,1875022,hipLaunchKernel,ENTER,const void*=0x7fe663140fc0; dim3=dim3(0x80000000040); dim3=dim3(0x1); void**=0x100000040,,0
2025-10-01 16:49:43.977,1875022,hipLaunchKernel,LEAVE,const void*=0x7fe663140fc0; dim3=dim3(0x80000000040); dim3=dim3(0x1); void**=0x100000040,NULL,0
2025-10-01 16:49:43.977,1875022,hipLaunchKernel,ENTER,const void*=0x7fe663140fc8; dim3=dim3(0x80000000040); dim3=dim3(0x1); void**=0x100000040,,0
2025-10-01 16:49:43.977,1875022,hipLaunchKernel,LEAVE,const void*=0x7fe663140fc8; dim3=dim3(0x80000000040); dim3=dim3(0x1); void**=0x100000040,NULL,0
2025-10-01 16:49:43.977,1875022,hipStreamSynchronize,ENTER,hipStream_t=0x7fa61c0014c0,,0
2025-10-01 16:49:43.978,1875022,hipStreamSynchronize,LEAVE,hipStream_t=0x7fa61c0014c0,NULL,0
2025-10-01 16:49:43.978,1875022,hipStreamSynchronize,ENTER,hipStream_t=0x7fa61c3ac660,,0
2025-10-01 16:49:43.978,1875022,hipStreamSynchronize,LEAVE,hipStream_t=0x7fa61c3ac660,NULL,0
2025-10-01 16:49:43.978,1875022,hipStreamSynchronize,ENTER,hipStream_t=0x7fa61cca07c0,,0
2025-10-01 16:49:43.978,1875022,hipStreamSynchronize,LEAVE,hipStream_t=0x7fa61cca07c0,NULL,0
2025-10-01 16:49:43.978,1875022,hipStreamSynchronize,ENTER,hipStream_t=0x7fa61cd1cdf0,,0
2025-10-01 16:49:43.978,1875022,hipStreamSynchronize,LEAVE,hipStream_t=0x7fa61cd1cdf0,NULL,0
2025-10-01 16:49:43.978,1875022,hipStreamSynchronize,ENTER,hipStream_t=0x7fa61ce5c7e0,,0
2025-10-01 16:49:43.978,1875022,hipStreamSynchronize,LEAVE,hipStream_t=0x7fa61ce5c7e0,NULL,0
2025-10-01 16:49:43.978,1875022,hipStreamSynchronize,ENTER,hipStream_t=0x7fa61ce49290,,0
2025-10-01 16:49:43.979,1875022,hipStreamSynchronize,LEAVE,hipStream_t=0x7fa61ce49290,NULL,1
2025-10-01 16:49:43.979,1875022,hipStreamSynchronize,ENTER,hipStream_t=0x7fa61c3aee50,,0
2025-10-01 16:49:43.979,1875022,hipStreamSynchronize,LEAVE,hipStream_t=0x7fa61c3aee50,NULL,0
2025-10-01 16:49:43.979,1875022,hipStreamSynchronize,ENTER,hipStream_t=0x7fa61c316a70,,0
2025-10-01 16:49:43.979,1875022,hipStreamSynchronize,LEAVE,hipStream_t=0x7fa61c316a70,NULL,0
2025-10-01 16:49:43.979,1875022,hipMemcpyAsync,ENTER,void*=0x7f962fc00000; const void*=0x7f902a600100; size_t=0x2000000; hipMemcpyKind=hipMemcpyDeviceToHost,,0
2025-10-01 16:49:43.979,1875022,hipMemcpyAsync,LEAVE,void*=0x7f962fc00000; const void*=0x7f902a600100; size_t=0x2000000; hipMemcpyKind=hipMemcpyDeviceToHost,NULL,0
2025-10-01 16:49:43.979,1875022,hipStreamSynchronize,ENTER,hipStream_t=0x7fa61c0014c0,,0
2025-10-01 16:49:43.980,1875022,hipStreamSynchronize,LEAVE,hipStream_t=0x7fa61c0014c0,NULL,1
2025-10-01 16:49:43.980,1875022,hipFree,ENTER,void*=0x7f902a600100,,0
2025-10-01 16:49:43.980,1875022,hipFree,LEAVE,void*=0x7f902a600100,NULL,0
2025-10-01 16:49:43.980,1875022,hipFree,ENTER,void*=0x7f902c600100,,0
2025-10-01 16:49:43.980,1875022,hipFree,LEAVE,void*=0x7f902c600100,NULL,0
2025-10-01 16:49:43.980,1875022,hipFree,ENTER,void*=0x7f902e600200,,0
2025-10-01 16:49:43.980,1875022,hipFree,LEAVE,void*=0x7f902e600200,NULL,0
2025-10-01 16:49:43.981,1875019,hipMemcpyAsync,ENTER,void*=0x7f8a36401600; const void*=0x7f9f31000000; size_t=0x2000000; hipMemcpyKind=hipMemcpyHostToDevice,,0
2025-10-01 16:49:43.981,1875019,hipMemcpyAsync,LEAVE,void*=0x7f8a36401600; const void*=0x7f9f31000000; size_t=0x2000000; hipMemcpyKind=hipMemcpyHostToDevice,NULL,0
2025-10-01 16:49:43.982,1875019,hipMemcpyAsync,ENTER,void*=0x7f8a38401700; const void*=0x7f9f2ee00000; size_t=0x2000000; hipMemcpyKind=hipMemcpyHostToDevice,,0
2025-10-01 16:49:43.982,1875019,hipMemcpyAsync,LEAVE,void*=0x7f8a38401700; const void*=0x7f9f2ee00000; size_t=0x2000000; hipMemcpyKind=hipMemcpyHostToDevice,NULL,0
2025-10-01 16:49:43.982,1875019,hipStreamSynchronize,ENTER,hipStream_t=0x7fa6200014c0,,0
2025-10-01 16:49:43.982,1875019,hipStreamSynchronize,LEAVE,hipStream_t=0x7fa6200014c0,NULL,0
2025-10-01 16:49:43.982,1875019,hipStreamSynchronize,ENTER,hipStream_t=0x7fa62003bdf0,,0
2025-10-01 16:49:43.982,1875019,hipStreamSynchronize,LEAVE,hipStream_t=0x7fa62003bdf0,NULL,0
2025-10-01 16:49:43.983,1875019,hipStreamSynchronize,ENTER,hipStream_t=0x7fa620934a10,,0
2025-10-01 16:49:43.983,1875019,hipStreamSynchronize,LEAVE,hipStream_t=0x7fa620934a10,NULL,0
2025-10-01 16:49:43.983,1875019,hipStreamSynchronize,ENTER,hipStream_t=0x7fa62000b540,,0
2025-10-01 16:49:43.983,1875019,hipStreamSynchronize,LEAVE,hipStream_t=0x7fa62000b540,NULL,0
2025-10-01 16:49:43.983,1875019,hipStreamSynchronize,ENTER,hipStream_t=0x7fa620a494c0,,0
2025-10-01 16:49:43.983,1875019,hipStreamSynchronize,LEAVE,hipStream_t=0x7fa620a494c0,NULL,0
2025-10-01 16:49:43.983,1875019,hipStreamSynchronize,ENTER,hipStream_t=0x7fa620a5aa10,,0
2025-10-01 16:49:43.984,1875019,hipStreamSynchronize,LEAVE,hipStream_t=0x7fa620a5aa10,NULL,0
2025-10-01 16:49:43.984,1875019,hipStreamSynchronize,ENTER,hipStream_t=0x7fa620a271b0,,0
2025-10-01 16:49:43.984,1875019,hipStreamSynchronize,LEAVE,hipStream_t=0x7fa620a271b0,NULL,0
2025-10-01 16:49:43.984,1875019,hipStreamSynchronize,ENTER,hipStream_t=0x7fa6200b43a0,,0
2025-10-01 16:49:43.984,1875019,hipStreamSynchronize,LEAVE,hipStream_t=0x7fa6200b43a0,NULL,0
2025-10-01 16:49:43.984,1875019,hipLaunchKernel,ENTER,const void*=0x7fe663140fb0; dim3=dim3(0x80000000040); dim3=dim3(0x1); void**=0x100000040,,0
2025-10-01 16:49:44.040,1875022,hipStreamDestroy,ENTER,hipStream_t=0x7fa61c0014c0,,0
2025-10-01 16:49:44.060,1875022,hipStreamDestroy,LEAVE,hipStream_t=0x7fa61c0014c0,NULL,19
2025-10-01 16:49:44.061,1875022,hipMemcpyAsync,ENTER,void*=0x7f88e3400000; const void*=0x7f9030600300; size_t=0x2000000; hipMemcpyKind=hipMemcpyDeviceToHost,,0
2025-10-01 16:49:44.061,1875022,hipMemcpyAsync,LEAVE,void*=0x7f88e3400000; const void*=0x7f9030600300; size_t=0x2000000; hipMemcpyKind=hipMemcpyDeviceToHost,NULL,0
2025-10-01 16:49:44.061,1875022,hipStreamSynchronize,ENTER,hipStream_t=0x7fa61c3ac660,,0
2025-10-01 16:49:44.061,1875022,hipStreamSynchronize,LEAVE,hipStream_t=0x7fa61c3ac660,NULL,0
2025-10-01 16:49:44.061,1875022,hipFree,ENTER,void*=0x7f9030600300,,0
2025-10-01 16:49:44.061,1875022,hipFree,LEAVE,void*=0x7f9030600300,NULL,0
2025-10-01 16:49:44.061,1875022,hipFree,ENTER,void*=0x7f9032600400,,0
2025-10-01 16:49:44.062,1875022,hipFree,LEAVE,void*=0x7f9032600400,NULL,0
2025-10-01 16:49:44.062,1875022,hipFree,ENTER,void*=0x7f9034600500,,0
2025-10-01 16:49:44.062,1875022,hipFree,LEAVE,void*=0x7f9034600500,NULL,0
2025-10-01 16:49:44.096,1875021,hipStreamDestroy,ENTER,hipStream_t=0x7fa624bfbdf0,,0
2025-10-01 16:49:44.098,1875019,hipLaunchKernel,LEAVE,const void*=0x7fe663140fb0; dim3=dim3(0x80000000040); dim3=dim3(0x1); void**=0x100000040,NULL,114
2025-10-01 16:49:44.098,1875019,hipLaunchKernel,ENTER,const void*=0x7fe663140fb8; dim3=dim3(0x80000000040); dim3=dim3(0x1); void**=0x100000040,,0
2025-10-01 16:49:44.098,1875019,hipLaunchKernel,LEAVE,const void*=0x7fe663140fb8; dim3=dim3(0x80000000040); dim3=dim3(0x1); void**=0x100000040,NULL,0
2025-10-01 16:49:44.098,1875019,hipLaunchKernel,ENTER,const void*=0x7fe663140fc0; dim3=dim3(0x80000000040); dim3=dim3(0x1); void**=0x100000040,,0
2025-10-01 16:49:44.099,1875019,hipLaunchKernel,LEAVE,const void*=0x7fe663140fc0; dim3=dim3(0x80000000040); dim3=dim3(0x1); void**=0x100000040,NULL,0
2025-10-01 16:49:44.099,1875019,hipLaunchKernel,ENTER,const void*=0x7fe663140fc8; dim3=dim3(0x80000000040); dim3=dim3(0x1); void**=0x100000040,,0
2025-10-01 16:49:44.099,1875019,hipLaunchKernel,LEAVE,const void*=0x7fe663140fc8; dim3=dim3(0x80000000040); dim3=dim3(0x1); void**=0x100000040,NULL,0
2025-10-01 16:49:44.099,1875019,hipLaunchKernel,ENTER,const void*=0x7fe663140fb0; dim3=dim3(0x80000000040); dim3=dim3(0x1); void**=0x100000040,,0
2025-10-01 16:49:44.099,1875019,hipLaunchKernel,LEAVE,const void*=0x7fe663140fb0; dim3=dim3(0x80000000040); dim3=dim3(0x1); void**=0x100000040,NULL,0
2025-10-01 16:49:44.100,1875019,hipLaunchKernel,ENTER,const void*=0x7fe663140fb8; dim3=dim3(0x80000000040); dim3=dim3(0x1); void**=0x100000040,,0
2025-10-01 16:49:44.100,1875019,hipLaunchKernel,LEAVE,const void*=0x7fe663140fb8; dim3=dim3(0x80000000040); dim3=dim3(0x1); void**=0x100000040,NULL,0
2025-10-01 16:49:44.100,1875019,hipLaunchKernel,ENTER,const void*=0x7fe663140fc0; dim3=dim3(0x80000000040); dim3=dim3(0x1); void**=0x100000040,,0
2025-10-01 16:49:44.100,1875019,hipLaunchKernel,LEAVE,const void*=0x7fe663140fc0; dim3=dim3(0x80000000040); dim3=dim3(0x1); void**=0x100000040,NULL,0
2025-10-01 16:49:44.100,1875019,hipLaunchKernel,ENTER,const void*=0x7fe663140fc8; dim3=dim3(0x80000000040); dim3=dim3(0x1); void**=0x100000040,,0
2025-10-01 16:49:44.101,1875019,hipLaunchKernel,LEAVE,const void*=0x7fe663140fc8; dim3=dim3(0x80000000040); dim3=dim3(0x1); void**=0x100000040,NULL,0
2025-10-01 16:49:44.101,1875019,hipLaunchKernel,ENTER,const void*=0x7fe663140fb0; dim3=dim3(0x80000000040); dim3=dim3(0x1); void**=0x100000040,,0
2025-10-01 16:49:44.101,1875019,hipLaunchKernel,LEAVE,const void*=0x7fe663140fb0; dim3=dim3(0x80000000040); dim3=dim3(0x1); void**=0x100000040,NULL,0
2025-10-01 16:49:44.101,1875019,hipLaunchKernel,ENTER,const void*=0x7fe663140fb8; dim3=dim3(0x80000000040); dim3=dim3(0x1); void**=0x100000040,,0
2025-10-01 16:49:44.101,1875019,hipLaunchKernel,LEAVE,const void*=0x7fe663140fb8; dim3=dim3(0x80000000040); dim3=dim3(0x1); void**=0x100000040,NULL,0
2025-10-01 16:49:44.102,1875019,hipLaunchKernel,ENTER,const void*=0x7fe663140fc0; dim3=dim3(0x80000000040); dim3=dim3(0x1); void**=0x100000040,,0
2025-10-01 16:49:44.102,1875019,hipLaunchKernel,LEAVE,const void*=0x7fe663140fc0; dim3=dim3(0x80000000040); dim3=dim3(0x1); void**=0x100000040,NULL,0
2025-10-01 16:49:44.102,1875019,hipLaunchKernel,ENTER,const void*=0x7fe663140fc8; dim3=dim3(0x80000000040); dim3=dim3(0x1); void**=0x100000040,,0
2025-10-01 16:49:44.102,1875019,hipLaunchKernel,LEAVE,const void*=0x7fe663140fc8; dim3=dim3(0x80000000040); dim3=dim3(0x1); void**=0x100000040,NULL,0
2025-10-01 16:49:44.102,1875019,hipLaunchKernel,ENTER,const void*=0x7fe663140fb0; dim3=dim3(0x80000000040); dim3=dim3(0x1); void**=0x100000040,,0
2025-10-01 16:49:44.103,1875019,hipLaunchKernel,LEAVE,const void*=0x7fe663140fb0; dim3=dim3(0x80000000040); dim3=dim3(0x1); void**=0x100000040,NULL,0
2025-10-01 16:49:44.103,1875019,hipLaunchKernel,ENTER,const void*=0x7fe663140fb8; dim3=dim3(0x80000000040); dim3=dim3(0x1); void**=0x100000040,,0
2025-10-01 16:49:44.103,1875019,hipLaunchKernel,LEAVE,const void*=0x7fe663140fb8; dim3=dim3(0x80000000040); dim3=dim3(0x1); void**=0x100000040,NULL,0
2025-10-01 16:49:44.103,1875019,hipLaunchKernel,ENTER,const void*=0x7fe663140fc0; dim3=dim3(0x80000000040); dim3=dim3(0x1); void**=0x100000040,,0
2025-10-01 16:49:44.103,1875019,hipLaunchKernel,LEAVE,const void*=0x7fe663140fc0; dim3=dim3(0x80000000040); dim3=dim3(0x1); void**=0x100000040,NULL,0
2025-10-01 16:49:44.103,1875019,hipLaunchKernel,ENTER,const void*=0x7fe663140fc8; dim3=dim3(0x80000000040); dim3=dim3(0x1); void**=0x100000040,,0
2025-10-01 16:49:44.104,1875019,hipLaunchKernel,LEAVE,const void*=0x7fe663140fc8; dim3=dim3(0x80000000040); dim3=dim3(0x1); void**=0x100000040,NULL,0
2025-10-01 16:49:44.104,1875019,hipLaunchKernel,ENTER,const void*=0x7fe663140fb0; dim3=dim3(0x80000000040); dim3=dim3(0x1); void**=0x100000040,,0
2025-10-01 16:49:44.104,1875019,hipLaunchKernel,LEAVE,const void*=0x7fe663140fb0; dim3=dim3(0x80000000040); dim3=dim3(0x1); void**=0x100000040,NULL,0
2025-10-01 16:49:44.104,1875019,hipLaunchKernel,ENTER,const void*=0x7fe663140fb8; dim3=dim3(0x80000000040); dim3=dim3(0x1); void**=0x100000040,,0
2025-10-01 16:49:44.104,1875019,hipLaunchKernel,LEAVE,const void*=0x7fe663140fb8; dim3=dim3(0x80000000040); dim3=dim3(0x1); void**=0x100000040,NULL,0
2025-10-01 16:49:44.104,1875019,hipLaunchKernel,ENTER,const void*=0x7fe663140fc0; dim3=dim3(0x80000000040); dim3=dim3(0x1); void**=0x100000040,,0
2025-10-01 16:49:44.105,1875019,hipLaunchKernel,LEAVE,const void*=0x7fe663140fc0; dim3=dim3(0x80000000040); dim3=dim3(0x1); void**=0x100000040,NULL,0
2025-10-01 16:49:44.105,1875019,hipLaunchKernel,ENTER,const void*=0x7fe663140fc8; dim3=dim3(0x80000000040); dim3=dim3(0x1); void**=0x100000040,,0
2025-10-01 16:49:44.105,1875019,hipLaunchKernel,LEAVE,const void*=0x7fe663140fc8; dim3=dim3(0x80000000040); dim3=dim3(0x1); void**=0x100000040,NULL,0
2025-10-01 16:49:44.105,1875019,hipLaunchKernel,ENTER,const void*=0x7fe663140fb0; dim3=dim3(0x80000000040); dim3=dim3(0x1); void**=0x100000040,,0
2025-10-01 16:49:44.105,1875019,hipLaunchKernel,LEAVE,const void*=0x7fe663140fb0; dim3=dim3(0x80000000040); dim3=dim3(0x1); void**=0x100000040,NULL,0
2025-10-01 16:49:44.106,1875019,hipLaunchKernel,ENTER,const void*=0x7fe663140fb8; dim3=dim3(0x80000000040); dim3=dim3(0x1); void**=0x100000040,,0
2025-10-01 16:49:44.106,1875019,hipLaunchKernel,LEAVE,const void*=0x7fe663140fb8; dim3=dim3(0x80000000040); dim3=dim3(0x1); void**=0x100000040,NULL,0
2025-10-01 16:49:44.106,1875019,hipLaunchKernel,ENTER,const void*=0x7fe663140fc0; dim3=dim3(0x80000000040); dim3=dim3(0x1); void**=0x100000040,,0
2025-10-01 16:49:44.106,1875019,hipLaunchKernel,LEAVE,const void*=0x7fe663140fc0; dim3=dim3(0x80000000040); dim3=dim3(0x1); void**=0x100000040,NULL,0
2025-10-01 16:49:44.106,1875019,hipLaunchKernel,ENTER,const void*=0x7fe663140fc8; dim3=dim3(0x80000000040); dim3=dim3(0x1); void**=0x100000040,,0
2025-10-01 16:49:44.106,1875019,hipLaunchKernel,LEAVE,const void*=0x7fe663140fc8; dim3=dim3(0x80000000040); dim3=dim3(0x1); void**=0x100000040,NULL,0
2025-10-01 16:49:44.107,1875019,hipLaunchKernel,ENTER,const void*=0x7fe663140fb0; dim3=dim3(0x80000000040); dim3=dim3(0x1); void**=0x100000040,,0
2025-10-01 16:49:44.107,1875019,hipLaunchKernel,LEAVE,const void*=0x7fe663140fb0; dim3=dim3(0x80000000040); dim3=dim3(0x1); void**=0x100000040,NULL,0
2025-10-01 16:49:44.107,1875019,hipLaunchKernel,ENTER,const void*=0x7fe663140fb8; dim3=dim3(0x80000000040); dim3=dim3(0x1); void**=0x100000040,,0
2025-10-01 16:49:44.107,1875019,hipLaunchKernel,LEAVE,const void*=0x7fe663140fb8; dim3=dim3(0x80000000040); dim3=dim3(0x1); void**=0x100000040,NULL,0
2025-10-01 16:49:44.107,1875019,hipLaunchKernel,ENTER,const void*=0x7fe663140fc0; dim3=dim3(0x80000000040); dim3=dim3(0x1); void**=0x100000040,,0
2025-10-01 16:49:44.108,1875019,hipLaunchKernel,LEAVE,const void*=0x7fe663140fc0; dim3=dim3(0x80000000040); dim3=dim3(0x1); void**=0x100000040,NULL,0
2025-10-01 16:49:44.108,1875019,hipLaunchKernel,ENTER,const void*=0x7fe663140fc8; dim3=dim3(0x80000000040); dim3=dim3(0x1); void**=0x100000040,,0
2025-10-01 16:49:44.108,1875019,hipLaunchKernel,LEAVE,const void*=0x7fe663140fc8; dim3=dim3(0x80000000040); dim3=dim3(0x1); void**=0x100000040,NULL,0
2025-10-01 16:49:44.108,1875019,hipLaunchKernel,ENTER,const void*=0x7fe663140fb0; dim3=dim3(0x80000000040); dim3=dim3(0x1); void**=0x100000040,,0
2025-10-01 16:49:44.108,1875019,hipLaunchKernel,LEAVE,const void*=0x7fe663140fb0; dim3=dim3(0x80000000040); dim3=dim3(0x1); void**=0x100000040,NULL,0
2025-10-01 16:49:44.108,1875019,hipLaunchKernel,ENTER,const void*=0x7fe663140fb8; dim3=dim3(0x80000000040); dim3=dim3(0x1); void**=0x100000040,,0
2025-10-01 16:49:44.109,1875019,hipLaunchKernel,LEAVE,const void*=0x7fe663140fb8; dim3=dim3(0x80000000040); dim3=dim3(0x1); void**=0x100000040,NULL,0
2025-10-01 16:49:44.109,1875019,hipLaunchKernel,ENTER,const void*=0x7fe663140fc0; dim3=dim3(0x80000000040); dim3=dim3(0x1); void**=0x100000040,,0
2025-10-01 16:49:44.109,1875019,hipLaunchKernel,LEAVE,const void*=0x7fe663140fc0; dim3=dim3(0x80000000040); dim3=dim3(0x1); void**=0x100000040,NULL,0
2025-10-01 16:49:44.109,1875019,hipLaunchKernel,ENTER,const void*=0x7fe663140fc8; dim3=dim3(0x80000000040); dim3=dim3(0x1); void**=0x100000040,,0
2025-10-01 16:49:44.109,1875019,hipLaunchKernel,LEAVE,const void*=0x7fe663140fc8; dim3=dim3(0x80000000040); dim3=dim3(0x1); void**=0x100000040,NULL,0
2025-10-01 16:49:44.110,1875019,hipStreamSynchronize,ENTER,hipStream_t=0x7fa6200014c0,,0
2025-10-01 16:49:44.110,1875019,hipStreamSynchronize,LEAVE,hipStream_t=0x7fa6200014c0,NULL,0
2025-10-01 16:49:44.110,1875019,hipStreamSynchronize,ENTER,hipStream_t=0x7fa62003bdf0,,0
2025-10-01 16:49:44.110,1875019,hipStreamSynchronize,LEAVE,hipStream_t=0x7fa62003bdf0,NULL,0
2025-10-01 16:49:44.110,1875019,hipStreamSynchronize,ENTER,hipStream_t=0x7fa620934a10,,0
2025-10-01 16:49:44.110,1875019,hipStreamSynchronize,LEAVE,hipStream_t=0x7fa620934a10,NULL,0
2025-10-01 16:49:44.111,1875019,hipStreamSynchronize,ENTER,hipStream_t=0x7fa62000b540,,0
2025-10-01 16:49:44.111,1875019,hipStreamSynchronize,LEAVE,hipStream_t=0x7fa62000b540,NULL,0
2025-10-01 16:49:44.111,1875019,hipStreamSynchronize,ENTER,hipStream_t=0x7fa620a494c0,,0
2025-10-01 16:49:44.111,1875019,hipStreamSynchronize,LEAVE,hipStream_t=0x7fa620a494c0,NULL,0
2025-10-01 16:49:44.111,1875019,hipStreamSynchronize,ENTER,hipStream_t=0x7fa620a5aa10,,0
2025-10-01 16:49:44.111,1875019,hipStreamSynchronize,LEAVE,hipStream_t=0x7fa620a5aa10,NULL,0
2025-10-01 16:49:44.111,1875019,hipStreamSynchronize,ENTER,hipStream_t=0x7fa620a271b0,,0
2025-10-01 16:49:44.112,1875019,hipStreamSynchronize,LEAVE,hipStream_t=0x7fa620a271b0,NULL,0
2025-10-01 16:49:44.112,1875019,hipStreamSynchronize,ENTER,hipStream_t=0x7fa6200b43a0,,0
2025-10-01 16:49:44.112,1875019,hipStreamSynchronize,LEAVE,hipStream_t=0x7fa6200b43a0,NULL,0
2025-10-01 16:49:44.112,1875019,hipMemcpyAsync,ENTER,void*=0x7f9028400000; const void*=0x7f8a0a400100; size_t=0x2000000; hipMemcpyKind=hipMemcpyDeviceToHost,,0
2025-10-01 16:49:44.112,1875019,hipMemcpyAsync,LEAVE,void*=0x7f9028400000; const void*=0x7f8a0a400100; size_t=0x2000000; hipMemcpyKind=hipMemcpyDeviceToHost,NULL,0
2025-10-01 16:49:44.117,1875019,hipStreamSynchronize,ENTER,hipStream_t=0x7fa6200014c0,,0
2025-10-01 16:49:44.125,1875022,hipStreamDestroy,ENTER,hipStream_t=0x7fa61c3ac660,,0
2025-10-01 16:49:44.130,1875019,hipStreamSynchronize,LEAVE,hipStream_t=0x7fa6200014c0,NULL,13
2025-10-01 16:49:44.130,1875019,hipFree,ENTER,void*=0x7f8a0a400100,,0
2025-10-01 16:49:44.130,1875019,hipFree,LEAVE,void*=0x7f8a0a400100,NULL,0
2025-10-01 16:49:44.131,1875019,hipFree,ENTER,void*=0x7f8a0c400100,,0
2025-10-01 16:49:44.131,1875019,hipFree,LEAVE,void*=0x7f8a0c400100,NULL,0
2025-10-01 16:49:44.131,1875019,hipFree,ENTER,void*=0x7f8a0e400200,,0
2025-10-01 16:49:44.131,1875019,hipFree,LEAVE,void*=0x7f8a0e400200,NULL,0
2025-10-01 16:49:44.133,1875021,hipStreamDestroy,LEAVE,hipStream_t=0x7fa624bfbdf0,NULL,37
2025-10-01 16:49:44.133,1875021,hipMemcpyAsync,ENTER,void*=0x7f88dce00000; const void*=0x7f9fbee01500; size_t=0x2000000; hipMemcpyKind=hipMemcpyDeviceToHost,,0
2025-10-01 16:49:44.134,1875021,hipMemcpyAsync,LEAVE,void*=0x7f88dce00000; const void*=0x7f9fbee01500; size_t=0x2000000; hipMemcpyKind=hipMemcpyDeviceToHost,NULL,0
2025-10-01 16:49:44.134,1875021,hipStreamSynchronize,ENTER,hipStream_t=0x7fa624e90c60,,0
2025-10-01 16:49:44.134,1875021,hipStreamSynchronize,LEAVE,hipStream_t=0x7fa624e90c60,NULL,0
2025-10-01 16:49:44.135,1875021,hipFree,ENTER,void*=0x7f9fbee01500,,0
2025-10-01 16:49:44.135,1875021,hipFree,LEAVE,void*=0x7f9fbee01500,NULL,0
2025-10-01 16:49:44.135,1875021,hipFree,ENTER,void*=0x7f9fc0e01600,,0
2025-10-01 16:49:44.135,1875021,hipFree,LEAVE,void*=0x7f9fc0e01600,NULL,0
2025-10-01 16:49:44.135,1875021,hipFree,ENTER,void*=0x7f9fc2e01700,,0
2025-10-01 16:49:44.138,1875021,hipFree,LEAVE,void*=0x7f9fc2e01700,NULL,3
2025-10-01 16:49:44.153,1875020,hipStreamDestroy,ENTER,hipStream_t=0x7fa6180014c0,,0
2025-10-01 16:49:44.155,1875022,hipStreamDestroy,LEAVE,hipStream_t=0x7fa61c3ac660,NULL,30
2025-10-01 16:49:44.155,1875022,hipMemcpyAsync,ENTER,void*=0x7f9f85a00000; const void*=0x7f9036600600; size_t=0x2000000; hipMemcpyKind=hipMemcpyDeviceToHost,,0
2025-10-01 16:49:44.155,1875022,hipMemcpyAsync,LEAVE,void*=0x7f9f85a00000; const void*=0x7f9036600600; size_t=0x2000000; hipMemcpyKind=hipMemcpyDeviceToHost,NULL,0
2025-10-01 16:49:44.156,1875022,hipStreamSynchronize,ENTER,hipStream_t=0x7fa61cca07c0,,0
2025-10-01 16:49:44.156,1875022,hipStreamSynchronize,LEAVE,hipStream_t=0x7fa61cca07c0,NULL,0
2025-10-01 16:49:44.156,1875022,hipFree,ENTER,void*=0x7f9036600600,,0
2025-10-01 16:49:44.156,1875022,hipFree,LEAVE,void*=0x7f9036600600,NULL,0
2025-10-01 16:49:44.156,1875022,hipFree,ENTER,void*=0x7f9038600700,,0
2025-10-01 16:49:44.156,1875022,hipFree,LEAVE,void*=0x7f9038600700,NULL,0
2025-10-01 16:49:44.157,1875022,hipFree,ENTER,void*=0x7f903a600800,,0
2025-10-01 16:49:44.157,1875022,hipFree,LEAVE,void*=0x7f903a600800,NULL,0
2025-10-01 16:49:44.178,1875020,hipStreamDestroy,LEAVE,hipStream_t=0x7fa6180014c0,NULL,25
2025-10-01 16:49:44.178,1875020,hipMemcpyAsync,ENTER,void*=0x7f89bac00000; const void*=0x7f97c1200300; size_t=0x2000000; hipMemcpyKind=hipMemcpyDeviceToHost,,0
2025-10-01 16:49:44.178,1875020,hipMemcpyAsync,LEAVE,void*=0x7f89bac00000; const void*=0x7f97c1200300; size_t=0x2000000; hipMemcpyKind=hipMemcpyDeviceToHost,NULL,0
2025-10-01 16:49:44.179,1875020,hipStreamSynchronize,ENTER,hipStream_t=0x7fa618d178d0,,0
2025-10-01 16:49:44.179,1875020,hipStreamSynchronize,LEAVE,hipStream_t=0x7fa618d178d0,NULL,0
2025-10-01 16:49:44.179,1875020,hipFree,ENTER,void*=0x7f97c1200300,,0
2025-10-01 16:49:44.179,1875020,hipFree,LEAVE,void*=0x7f97c1200300,NULL,0
2025-10-01 16:49:44.180,1875020,hipFree,ENTER,void*=0x7f97c3200400,,0
2025-10-01 16:49:44.180,1875020,hipFree,LEAVE,void*=0x7f97c3200400,NULL,0
2025-10-01 16:49:44.180,1875020,hipFree,ENTER,void*=0x7f97c5200500,,0
2025-10-01 16:49:44.180,1875020,hipFree,LEAVE,void*=0x7f97c5200500,NULL,0
2025-10-01 16:49:44.212,1875019,hipStreamDestroy,ENTER,hipStream_t=0x7fa6200014c0,,0
2025-10-01 16:49:44.233,1875019,hipStreamDestroy,LEAVE,hipStream_t=0x7fa6200014c0,NULL,21
2025-10-01 16:49:44.233,1875019,hipMemcpyAsync,ENTER,void*=0x7f894f800000; const void*=0x7f8a10400300; size_t=0x2000000; hipMemcpyKind=hipMemcpyDeviceToHost,,0
2025-10-01 16:49:44.234,1875019,hipMemcpyAsync,LEAVE,void*=0x7f894f800000; const void*=0x7f8a10400300; size_t=0x2000000; hipMemcpyKind=hipMemcpyDeviceToHost,NULL,0
2025-10-01 16:49:44.234,1875019,hipStreamSynchronize,ENTER,hipStream_t=0x7fa62003bdf0,,0
2025-10-01 16:49:44.234,1875019,hipStreamSynchronize,LEAVE,hipStream_t=0x7fa62003bdf0,NULL,0
2025-10-01 16:49:44.234,1875019,hipFree,ENTER,void*=0x7f8a10400300,,0
2025-10-01 16:49:44.235,1875019,hipFree,LEAVE,void*=0x7f8a10400300,NULL,0
2025-10-01 16:49:44.235,1875019,hipFree,ENTER,void*=0x7f8a12400400,,0
2025-10-01 16:49:44.235,1875019,hipFree,LEAVE,void*=0x7f8a12400400,NULL,0
2025-10-01 16:49:44.235,1875019,hipFree,ENTER,void*=0x7f8a14400500,,0
2025-10-01 16:49:44.235,1875019,hipFree,LEAVE,void*=0x7f8a14400500,NULL,0
2025-10-01 16:49:44.267,1875021,hipStreamDestroy,ENTER,hipStream_t=0x7fa624e90c60,,0
2025-10-01 16:49:44.319,1875020,hipStreamDestroy,ENTER,hipStream_t=0x7fa618d178d0,,0
2025-10-01 16:49:44.340,1875020,hipStreamDestroy,LEAVE,hipStream_t=0x7fa618d178d0,NULL,21
2025-10-01 16:49:44.340,1875020,hipMemcpyAsync,ENTER,void*=0x7f8948c00000; const void*=0x7f97c7200600; size_t=0x2000000; hipMemcpyKind=hipMemcpyDeviceToHost,,0
2025-10-01 16:49:44.340,1875020,hipMemcpyAsync,LEAVE,void*=0x7f8948c00000; const void*=0x7f97c7200600; size_t=0x2000000; hipMemcpyKind=hipMemcpyDeviceToHost,NULL,0
2025-10-01 16:49:44.340,1875020,hipStreamSynchronize,ENTER,hipStream_t=0x7fa618d18c40,,0
2025-10-01 16:49:44.341,1875020,hipStreamSynchronize,LEAVE,hipStream_t=0x7fa618d18c40,NULL,1
2025-10-01 16:49:44.341,1875020,hipFree,ENTER,void*=0x7f97c7200600,,0
2025-10-01 16:49:44.341,1875020,hipFree,LEAVE,void*=0x7f97c7200600,NULL,0
2025-10-01 16:49:44.341,1875020,hipFree,ENTER,void*=0x7f97c9200700,,0
2025-10-01 16:49:44.341,1875020,hipFree,LEAVE,void*=0x7f97c9200700,NULL,0
2025-10-01 16:49:44.341,1875020,hipFree,ENTER,void*=0x7f97cb200800,,0
2025-10-01 16:49:44.342,1875020,hipFree,LEAVE,void*=0x7f97cb200800,NULL,0
2025-10-01 16:49:44.343,1875021,hipStreamDestroy,LEAVE,hipStream_t=0x7fa624e90c60,NULL,76
2025-10-01 16:49:44.377,1875019,hipStreamDestroy,ENTER,hipStream_t=0x7fa62003bdf0,,0
2025-10-01 16:49:44.433,1875020,hipStreamDestroy,ENTER,hipStream_t=0x7fa618d18c40,,0
2025-10-01 16:49:44.436,1875019,hipStreamDestroy,LEAVE,hipStream_t=0x7fa62003bdf0,NULL,58
2025-10-01 16:49:44.437,1875019,hipMemcpyAsync,ENTER,void*=0x7f88d6800000; const void*=0x7f8a16400600; size_t=0x2000000; hipMemcpyKind=hipMemcpyDeviceToHost,,0
2025-10-01 16:49:44.437,1875019,hipMemcpyAsync,LEAVE,void*=0x7f88d6800000; const void*=0x7f8a16400600; size_t=0x2000000; hipMemcpyKind=hipMemcpyDeviceToHost,NULL,0
2025-10-01 16:49:44.437,1875019,hipStreamSynchronize,ENTER,hipStream_t=0x7fa620934a10,,0
2025-10-01 16:49:44.438,1875019,hipStreamSynchronize,LEAVE,hipStream_t=0x7fa620934a10,NULL,1
2025-10-01 16:49:44.438,1875019,hipFree,ENTER,void*=0x7f8a16400600,,0
2025-10-01 16:49:44.438,1875019,hipFree,LEAVE,void*=0x7f8a16400600,NULL,0
2025-10-01 16:49:44.438,1875019,hipFree,ENTER,void*=0x7f8a18400700,,0
2025-10-01 16:49:44.438,1875019,hipFree,LEAVE,void*=0x7f8a18400700,NULL,0
2025-10-01 16:49:44.438,1875019,hipFree,ENTER,void*=0x7f8a1a400800,,0
2025-10-01 16:49:44.438,1875019,hipFree,LEAVE,void*=0x7f8a1a400800,NULL,0
2025-10-01 16:49:44.458,1875020,hipStreamDestroy,LEAVE,hipStream_t=0x7fa618d18c40,NULL,25
2025-10-01 16:49:44.459,1875020,hipMemcpyAsync,ENTER,void*=0x7f9f92c00000; const void*=0x7f97cd200900; size_t=0x2000000; hipMemcpyKind=hipMemcpyDeviceToHost,,0
2025-10-01 16:49:44.459,1875020,hipMemcpyAsync,LEAVE,void*=0x7f9f92c00000; const void*=0x7f97cd200900; size_t=0x2000000; hipMemcpyKind=hipMemcpyDeviceToHost,NULL,0
2025-10-01 16:49:44.459,1875020,hipStreamSynchronize,ENTER,hipStream_t=0x7fa618bf7f40,,0
2025-10-01 16:49:44.460,1875020,hipStreamSynchronize,LEAVE,hipStream_t=0x7fa618bf7f40,NULL,1
2025-10-01 16:49:44.460,1875020,hipFree,ENTER,void*=0x7f97cd200900,,0
2025-10-01 16:49:44.460,1875020,hipFree,LEAVE,void*=0x7f97cd200900,NULL,0
2025-10-01 16:49:44.460,1875020,hipFree,ENTER,void*=0x7f97cf200a00,,0
2025-10-01 16:49:44.460,1875020,hipFree,LEAVE,void*=0x7f97cf200a00,NULL,0
2025-10-01 16:49:44.460,1875020,hipFree,ENTER,void*=0x7f97d1200b00,,0
2025-10-01 16:49:44.460,1875020,hipFree,LEAVE,void*=0x7f97d1200b00,NULL,0
2025-10-01 16:49:44.510,1875019,hipStreamDestroy,ENTER,hipStream_t=0x7fa620934a10,,0
2025-10-01 16:49:44.531,1875019,hipStreamDestroy,LEAVE,hipStream_t=0x7fa620934a10,NULL,21
2025-10-01 16:49:44.532,1875019,hipMemcpyAsync,ENTER,void*=0x7f9f8c000000; const void*=0x7f8a1c400900; size_t=0x2000000; hipMemcpyKind=hipMemcpyDeviceToHost,,0
2025-10-01 16:49:44.532,1875019,hipMemcpyAsync,LEAVE,void*=0x7f9f8c000000; const void*=0x7f8a1c400900; size_t=0x2000000; hipMemcpyKind=hipMemcpyDeviceToHost,NULL,0
2025-10-01 16:49:44.532,1875019,hipStreamSynchronize,ENTER,hipStream_t=0x7fa62000b540,,0
2025-10-01 16:49:44.533,1875019,hipStreamSynchronize,LEAVE,hipStream_t=0x7fa62000b540,NULL,1
2025-10-01 16:49:44.533,1875019,hipFree,ENTER,void*=0x7f8a1c400900,,0
2025-10-01 16:49:44.533,1875019,hipFree,LEAVE,void*=0x7f8a1c400900,NULL,0
2025-10-01 16:49:44.533,1875019,hipFree,ENTER,void*=0x7f8a1e400a00,,0
2025-10-01 16:49:44.533,1875019,hipFree,LEAVE,void*=0x7f8a1e400a00,NULL,0
2025-10-01 16:49:44.533,1875019,hipFree,ENTER,void*=0x7f8a20400b00,,0
2025-10-01 16:49:44.533,1875019,hipFree,LEAVE,void*=0x7f8a20400b00,NULL,0
2025-10-01 16:49:44.550,1875022,hipStreamDestroy,ENTER,hipStream_t=0x7fa61cca07c0,,0
2025-10-01 16:49:44.572,1875022,hipStreamDestroy,LEAVE,hipStream_t=0x7fa61cca07c0,NULL,22
2025-10-01 16:49:44.572,1875022,hipMemcpyAsync,ENTER,void*=0x7fa5e0c00000; const void*=0x7f903c600900; size_t=0x2000000; hipMemcpyKind=hipMemcpyDeviceToHost,,0
2025-10-01 16:49:44.572,1875022,hipMemcpyAsync,LEAVE,void*=0x7fa5e0c00000; const void*=0x7f903c600900; size_t=0x2000000; hipMemcpyKind=hipMemcpyDeviceToHost,NULL,0
2025-10-01 16:49:44.572,1875022,hipStreamSynchronize,ENTER,hipStream_t=0x7fa61cd1cdf0,,0
2025-10-01 16:49:44.573,1875022,hipStreamSynchronize,LEAVE,hipStream_t=0x7fa61cd1cdf0,NULL,1
2025-10-01 16:49:44.573,1875022,hipFree,ENTER,void*=0x7f903c600900,,0
2025-10-01 16:49:44.573,1875022,hipFree,LEAVE,void*=0x7f903c600900,NULL,0
2025-10-01 16:49:44.573,1875022,hipFree,ENTER,void*=0x7f903e600a00,,0
2025-10-01 16:49:44.573,1875022,hipFree,LEAVE,void*=0x7f903e600a00,NULL,0
2025-10-01 16:49:44.573,1875022,hipFree,ENTER,void*=0x7f9040600b00,,0
2025-10-01 16:49:44.574,1875022,hipFree,LEAVE,void*=0x7f9040600b00,NULL,0
2025-10-01 16:49:44.605,1875020,hipStreamDestroy,ENTER,hipStream_t=0x7fa618bf7f40,,0
2025-10-01 16:49:44.664,1875022,hipStreamDestroy,ENTER,hipStream_t=0x7fa61cd1cdf0,,0
2025-10-01 16:49:44.668,1875020,hipStreamDestroy,LEAVE,hipStream_t=0x7fa618bf7f40,NULL,62
2025-10-01 16:49:44.668,1875020,hipMemcpyAsync,ENTER,void*=0x7f9f7e400000; const void*=0x7f97d3200c00; size_t=0x2000000; hipMemcpyKind=hipMemcpyDeviceToHost,,0
2025-10-01 16:49:44.668,1875020,hipMemcpyAsync,LEAVE,void*=0x7f9f7e400000; const void*=0x7f97d3200c00; size_t=0x2000000; hipMemcpyKind=hipMemcpyDeviceToHost,NULL,0
2025-10-01 16:49:44.668,1875020,hipStreamSynchronize,ENTER,hipStream_t=0x7fa618e51840,,0
2025-10-01 16:49:44.669,1875020,hipStreamSynchronize,LEAVE,hipStream_t=0x7fa618e51840,NULL,1
2025-10-01 16:49:44.669,1875020,hipFree,ENTER,void*=0x7f97d3200c00,,0
2025-10-01 16:49:44.669,1875020,hipFree,LEAVE,void*=0x7f97d3200c00,NULL,0
2025-10-01 16:49:44.669,1875020,hipFree,ENTER,void*=0x7f97d5200d00,,0
2025-10-01 16:49:44.669,1875020,hipFree,LEAVE,void*=0x7f97d5200d00,NULL,0
2025-10-01 16:49:44.669,1875020,hipFree,ENTER,void*=0x7f97d7200e00,,0
2025-10-01 16:49:44.670,1875020,hipFree,LEAVE,void*=0x7f97d7200e00,NULL,0
2025-10-01 16:49:44.688,1875022,hipStreamDestroy,LEAVE,hipStream_t=0x7fa61cd1cdf0,NULL,24
2025-10-01 16:49:44.688,1875022,hipMemcpyAsync,ENTER,void*=0x7f9f70c00000; const void*=0x7f9042600c00; size_t=0x2000000; hipMemcpyKind=hipMemcpyDeviceToHost,,0
2025-10-01 16:49:44.688,1875022,hipMemcpyAsync,LEAVE,void*=0x7f9f70c00000; const void*=0x7f9042600c00; size_t=0x2000000; hipMemcpyKind=hipMemcpyDeviceToHost,NULL,0
2025-10-01 16:49:44.688,1875022,hipStreamSynchronize,ENTER,hipStream_t=0x7fa61ce5c7e0,,0
2025-10-01 16:49:44.689,1875022,hipStreamSynchronize,LEAVE,hipStream_t=0x7fa61ce5c7e0,NULL,1
2025-10-01 16:49:44.689,1875022,hipFree,ENTER,void*=0x7f9042600c00,,0
2025-10-01 16:49:44.689,1875022,hipFree,LEAVE,void*=0x7f9042600c00,NULL,0
2025-10-01 16:49:44.689,1875022,hipFree,ENTER,void*=0x7f9044600d00,,0
2025-10-01 16:49:44.689,1875022,hipFree,LEAVE,void*=0x7f9044600d00,NULL,0
2025-10-01 16:49:44.689,1875022,hipFree,ENTER,void*=0x7f9046600e00,,0
2025-10-01 16:49:44.689,1875022,hipFree,LEAVE,void*=0x7f9046600e00,NULL,0
2025-10-01 16:49:44.740,1875020,hipStreamDestroy,ENTER,hipStream_t=0x7fa618e51840,,0
2025-10-01 16:49:44.760,1875020,hipStreamDestroy,LEAVE,hipStream_t=0x7fa618e51840,NULL,20
2025-10-01 16:49:44.761,1875020,hipMemcpyAsync,ENTER,void*=0x7f9f77200000; const void*=0x7f97d9200f00; size_t=0x2000000; hipMemcpyKind=hipMemcpyDeviceToHost,,0
2025-10-01 16:49:44.761,1875020,hipMemcpyAsync,LEAVE,void*=0x7f9f77200000; const void*=0x7f97d9200f00; size_t=0x2000000; hipMemcpyKind=hipMemcpyDeviceToHost,NULL,0
2025-10-01 16:49:44.761,1875020,hipStreamSynchronize,ENTER,hipStream_t=0x7fa61831aed0,,0
2025-10-01 16:49:44.762,1875020,hipStreamSynchronize,LEAVE,hipStream_t=0x7fa61831aed0,NULL,1
2025-10-01 16:49:44.762,1875020,hipFree,ENTER,void*=0x7f97d9200f00,,0
2025-10-01 16:49:44.762,1875020,hipFree,LEAVE,void*=0x7f97d9200f00,NULL,0
2025-10-01 16:49:44.762,1875020,hipFree,ENTER,void*=0x7f97db201000,,0
2025-10-01 16:49:44.762,1875020,hipFree,LEAVE,void*=0x7f97db201000,NULL,0
2025-10-01 16:49:44.762,1875020,hipFree,ENTER,void*=0x7f97dd201100,,0
2025-10-01 16:49:44.762,1875020,hipFree,LEAVE,void*=0x7f97dd201100,NULL,0
2025-10-01 16:49:44.778,1875019,hipStreamDestroy,ENTER,hipStream_t=0x7fa62000b540,,0
2025-10-01 16:49:44.796,1875019,hipStreamDestroy,LEAVE,hipStream_t=0x7fa62000b540,NULL,18
2025-10-01 16:49:44.796,1875019,hipMemcpyAsync,ENTER,void*=0x7f9f6a000000; const void*=0x7f8a22400c00; size_t=0x2000000; hipMemcpyKind=hipMemcpyDeviceToHost,,0
2025-10-01 16:49:44.796,1875019,hipMemcpyAsync,LEAVE,void*=0x7f9f6a000000; const void*=0x7f8a22400c00; size_t=0x2000000; hipMemcpyKind=hipMemcpyDeviceToHost,NULL,0
2025-10-01 16:49:44.796,1875019,hipStreamSynchronize,ENTER,hipStream_t=0x7fa620a494c0,,0
2025-10-01 16:49:44.797,1875019,hipStreamSynchronize,LEAVE,hipStream_t=0x7fa620a494c0,NULL,0
2025-10-01 16:49:44.797,1875019,hipFree,ENTER,void*=0x7f8a22400c00,,0
2025-10-01 16:49:44.797,1875019,hipFree,LEAVE,void*=0x7f8a22400c00,NULL,0
2025-10-01 16:49:44.797,1875019,hipFree,ENTER,void*=0x7f8a24400d00,,0
2025-10-01 16:49:44.798,1875019,hipFree,LEAVE,void*=0x7f8a24400d00,NULL,0
2025-10-01 16:49:44.798,1875019,hipFree,ENTER,void*=0x7f8a26400e00,,0
2025-10-01 16:49:44.798,1875019,hipFree,LEAVE,void*=0x7f8a26400e00,NULL,0
2025-10-01 16:49:44.825,1875022,hipStreamDestroy,ENTER,hipStream_t=0x7fa61ce5c7e0,,0
2025-10-01 16:49:44.844,1875022,hipStreamDestroy,LEAVE,hipStream_t=0x7fa61ce5c7e0,NULL,19
2025-10-01 16:49:44.845,1875022,hipMemcpyAsync,ENTER,void*=0x7f9f62600000; const void*=0x7f9048600f00; size_t=0x2000000; hipMemcpyKind=hipMemcpyDeviceToHost,,0
2025-10-01 16:49:44.845,1875022,hipMemcpyAsync,LEAVE,void*=0x7f9f62600000; const void*=0x7f9048600f00; size_t=0x2000000; hipMemcpyKind=hipMemcpyDeviceToHost,NULL,0
2025-10-01 16:49:44.845,1875022,hipStreamSynchronize,ENTER,hipStream_t=0x7fa61ce49290,,0
2025-10-01 16:49:44.845,1875022,hipStreamSynchronize,LEAVE,hipStream_t=0x7fa61ce49290,NULL,0
2025-10-01 16:49:44.846,1875022,hipFree,ENTER,void*=0x7f9048600f00,,0
2025-10-01 16:49:44.846,1875022,hipFree,LEAVE,void*=0x7f9048600f00,NULL,0
2025-10-01 16:49:44.846,1875022,hipFree,ENTER,void*=0x7f904a601000,,0
2025-10-01 16:49:44.846,1875022,hipFree,LEAVE,void*=0x7f904a601000,NULL,0
2025-10-01 16:49:44.846,1875022,hipFree,ENTER,void*=0x7f904c601100,,0
2025-10-01 16:49:44.846,1875022,hipFree,LEAVE,void*=0x7f904c601100,NULL,0
2025-10-01 16:49:44.878,1875019,hipStreamDestroy,ENTER,hipStream_t=0x7fa620a494c0,,0
2025-10-01 16:49:44.898,1875019,hipStreamDestroy,LEAVE,hipStream_t=0x7fa620a494c0,NULL,19
2025-10-01 16:49:44.899,1875019,hipMemcpyAsync,ENTER,void*=0x7f9f55400000; const void*=0x7f8a28400f00; size_t=0x2000000; hipMemcpyKind=hipMemcpyDeviceToHost,,0
2025-10-01 16:49:44.899,1875019,hipMemcpyAsync,LEAVE,void*=0x7f9f55400000; const void*=0x7f8a28400f00; size_t=0x2000000; hipMemcpyKind=hipMemcpyDeviceToHost,NULL,0
2025-10-01 16:49:44.899,1875019,hipStreamSynchronize,ENTER,hipStream_t=0x7fa620a5aa10,,0
2025-10-01 16:49:44.900,1875019,hipStreamSynchronize,LEAVE,hipStream_t=0x7fa620a5aa10,NULL,1
2025-10-01 16:49:44.900,1875019,hipFree,ENTER,void*=0x7f8a28400f00,,0
2025-10-01 16:49:44.900,1875019,hipFree,LEAVE,void*=0x7f8a28400f00,NULL,0
2025-10-01 16:49:44.900,1875019,hipFree,ENTER,void*=0x7f8a2a401000,,0
2025-10-01 16:49:44.900,1875019,hipFree,LEAVE,void*=0x7f8a2a401000,NULL,0
2025-10-01 16:49:44.900,1875019,hipFree,ENTER,void*=0x7f8a2c401100,,0
2025-10-01 16:49:44.900,1875019,hipFree,LEAVE,void*=0x7f8a2c401100,NULL,0
2025-10-01 16:49:44.931,1875022,hipStreamDestroy,ENTER,hipStream_t=0x7fa61ce49290,,0
2025-10-01 16:49:44.953,1875022,hipStreamDestroy,LEAVE,hipStream_t=0x7fa61ce49290,NULL,22
2025-10-01 16:49:44.953,1875022,hipMemcpyAsync,ENTER,void*=0x7f9f4de00000; const void*=0x7f904e601200; size_t=0x2000000; hipMemcpyKind=hipMemcpyDeviceToHost,,0
2025-10-01 16:49:44.953,1875022,hipMemcpyAsync,LEAVE,void*=0x7f9f4de00000; const void*=0x7f904e601200; size_t=0x2000000; hipMemcpyKind=hipMemcpyDeviceToHost,NULL,0
2025-10-01 16:49:44.953,1875022,hipStreamSynchronize,ENTER,hipStream_t=0x7fa61c3aee50,,0
2025-10-01 16:49:44.954,1875022,hipStreamSynchronize,LEAVE,hipStream_t=0x7fa61c3aee50,NULL,1
2025-10-01 16:49:44.954,1875022,hipFree,ENTER,void*=0x7f904e601200,,0
2025-10-01 16:49:44.954,1875022,hipFree,LEAVE,void*=0x7f904e601200,NULL,0
2025-10-01 16:49:44.954,1875022,hipFree,ENTER,void*=0x7f9050601300,,0
2025-10-01 16:49:44.954,1875022,hipFree,LEAVE,void*=0x7f9050601300,NULL,0
2025-10-01 16:49:44.954,1875022,hipFree,ENTER,void*=0x7f9052601400,,0
2025-10-01 16:49:44.954,1875022,hipFree,LEAVE,void*=0x7f9052601400,NULL,0
2025-10-01 16:49:44.988,1875019,hipStreamDestroy,ENTER,hipStream_t=0x7fa620a5aa10,,0
2025-10-01 16:49:45.038,1875022,hipStreamDestroy,ENTER,hipStream_t=0x7fa61c3aee50,,0
2025-10-01 16:49:45.041,1875019,hipStreamDestroy,LEAVE,hipStream_t=0x7fa620a5aa10,NULL,53
2025-10-01 16:49:45.042,1875019,hipMemcpyAsync,ENTER,void*=0x7f9f40800000; const void*=0x7f8a2e401200; size_t=0x2000000; hipMemcpyKind=hipMemcpyDeviceToHost,,0
2025-10-01 16:49:45.042,1875019,hipMemcpyAsync,LEAVE,void*=0x7f9f40800000; const void*=0x7f8a2e401200; size_t=0x2000000; hipMemcpyKind=hipMemcpyDeviceToHost,NULL,0
2025-10-01 16:49:45.042,1875019,hipStreamSynchronize,ENTER,hipStream_t=0x7fa620a271b0,,0
2025-10-01 16:49:45.043,1875019,hipStreamSynchronize,LEAVE,hipStream_t=0x7fa620a271b0,NULL,1
2025-10-01 16:49:45.043,1875019,hipFree,ENTER,void*=0x7f8a2e401200,,0
2025-10-01 16:49:45.043,1875019,hipFree,LEAVE,void*=0x7f8a2e401200,NULL,0
2025-10-01 16:49:45.043,1875019,hipFree,ENTER,void*=0x7f8a30401300,,0
2025-10-01 16:49:45.043,1875019,hipFree,LEAVE,void*=0x7f8a30401300,NULL,0
2025-10-01 16:49:45.043,1875019,hipFree,ENTER,void*=0x7f8a32401400,,0
2025-10-01 16:49:45.043,1875019,hipFree,LEAVE,void*=0x7f8a32401400,NULL,0
2025-10-01 16:49:45.064,1875022,hipStreamDestroy,LEAVE,hipStream_t=0x7fa61c3aee50,NULL,26
2025-10-01 16:49:45.064,1875022,hipMemcpyAsync,ENTER,void*=0x7f9f39e00000; const void*=0x7f9054601500; size_t=0x2000000; hipMemcpyKind=hipMemcpyDeviceToHost,,0
2025-10-01 16:49:45.065,1875022,hipMemcpyAsync,LEAVE,void*=0x7f9f39e00000; const void*=0x7f9054601500; size_t=0x2000000; hipMemcpyKind=hipMemcpyDeviceToHost,NULL,0
2025-10-01 16:49:45.065,1875022,hipStreamSynchronize,ENTER,hipStream_t=0x7fa61c316a70,,0
2025-10-01 16:49:45.065,1875022,hipStreamSynchronize,LEAVE,hipStream_t=0x7fa61c316a70,NULL,0
2025-10-01 16:49:45.065,1875022,hipFree,ENTER,void*=0x7f9054601500,,0
2025-10-01 16:49:45.066,1875022,hipFree,LEAVE,void*=0x7f9054601500,NULL,0
2025-10-01 16:49:45.066,1875022,hipFree,ENTER,void*=0x7f9056601600,,0
2025-10-01 16:49:45.066,1875022,hipFree,LEAVE,void*=0x7f9056601600,NULL,0
2025-10-01 16:49:45.066,1875022,hipFree,ENTER,void*=0x7f9058601700,,0
2025-10-01 16:49:45.069,1875022,hipFree,LEAVE,void*=0x7f9058601700,NULL,3
2025-10-01 16:49:45.123,1875020,hipStreamDestroy,ENTER,hipStream_t=0x7fa61831aed0,,0
2025-10-01 16:49:45.145,1875020,hipStreamDestroy,LEAVE,hipStream_t=0x7fa61831aed0,NULL,22
2025-10-01 16:49:45.145,1875020,hipMemcpyAsync,ENTER,void*=0x7f9f5c000000; const void*=0x7f97df201200; size_t=0x2000000; hipMemcpyKind=hipMemcpyDeviceToHost,,0
2025-10-01 16:49:45.145,1875020,hipMemcpyAsync,LEAVE,void*=0x7f9f5c000000; const void*=0x7f97df201200; size_t=0x2000000; hipMemcpyKind=hipMemcpyDeviceToHost,NULL,0
2025-10-01 16:49:45.146,1875020,hipStreamSynchronize,ENTER,hipStream_t=0x7fa618006eb0,,0
2025-10-01 16:49:45.146,1875020,hipStreamSynchronize,LEAVE,hipStream_t=0x7fa618006eb0,NULL,0
2025-10-01 16:49:45.146,1875020,hipFree,ENTER,void*=0x7f97df201200,,0
2025-10-01 16:49:45.146,1875020,hipFree,LEAVE,void*=0x7f97df201200,NULL,0
2025-10-01 16:49:45.147,1875020,hipFree,ENTER,void*=0x7f97e1201300,,0
2025-10-01 16:49:45.147,1875020,hipFree,LEAVE,void*=0x7f97e1201300,NULL,0
2025-10-01 16:49:45.147,1875020,hipFree,ENTER,void*=0x7f97e3201400,,0
2025-10-01 16:49:45.147,1875020,hipFree,LEAVE,void*=0x7f97e3201400,NULL,0
2025-10-01 16:49:45.164,1875019,hipStreamDestroy,ENTER,hipStream_t=0x7fa620a271b0,,0
2025-10-01 16:49:45.187,1875019,hipStreamDestroy,LEAVE,hipStream_t=0x7fa620a271b0,NULL,23
2025-10-01 16:49:45.188,1875019,hipMemcpyAsync,ENTER,void*=0x7f9f33200000; const void*=0x7f8a34401500; size_t=0x2000000; hipMemcpyKind=hipMemcpyDeviceToHost,,0
2025-10-01 16:49:45.188,1875019,hipMemcpyAsync,LEAVE,void*=0x7f9f33200000; const void*=0x7f8a34401500; size_t=0x2000000; hipMemcpyKind=hipMemcpyDeviceToHost,NULL,0
2025-10-01 16:49:45.188,1875019,hipStreamSynchronize,ENTER,hipStream_t=0x7fa6200b43a0,,0
2025-10-01 16:49:45.188,1875019,hipStreamSynchronize,LEAVE,hipStream_t=0x7fa6200b43a0,NULL,0
2025-10-01 16:49:45.189,1875019,hipFree,ENTER,void*=0x7f8a34401500,,0
2025-10-01 16:49:45.189,1875019,hipFree,LEAVE,void*=0x7f8a34401500,NULL,0
2025-10-01 16:49:45.189,1875019,hipFree,ENTER,void*=0x7f8a36401600,,0
2025-10-01 16:49:45.189,1875019,hipFree,LEAVE,void*=0x7f8a36401600,NULL,0
2025-10-01 16:49:45.189,1875019,hipFree,ENTER,void*=0x7f8a38401700,,0
2025-10-01 16:49:45.192,1875019,hipFree,LEAVE,void*=0x7f8a38401700,NULL,3
2025-10-01 16:49:45.243,1875020,hipStreamDestroy,ENTER,hipStream_t=0x7fa618006eb0,,0
2025-10-01 16:49:45.266,1875020,hipStreamDestroy,LEAVE,hipStream_t=0x7fa618006eb0,NULL,23
2025-10-01 16:49:45.266,1875020,hipMemcpyAsync,ENTER,void*=0x7f9f47800000; const void*=0x7f97e5201500; size_t=0x2000000; hipMemcpyKind=hipMemcpyDeviceToHost,,0
2025-10-01 16:49:45.266,1875020,hipMemcpyAsync,LEAVE,void*=0x7f9f47800000; const void*=0x7f97e5201500; size_t=0x2000000; hipMemcpyKind=hipMemcpyDeviceToHost,NULL,0
2025-10-01 16:49:45.267,1875020,hipStreamSynchronize,ENTER,hipStream_t=0x7fa618e50460,,0
2025-10-01 16:49:45.267,1875020,hipStreamSynchronize,LEAVE,hipStream_t=0x7fa618e50460,NULL,0
2025-10-01 16:49:45.267,1875020,hipFree,ENTER,void*=0x7f97e5201500,,0
2025-10-01 16:49:45.267,1875020,hipFree,LEAVE,void*=0x7f97e5201500,NULL,0
2025-10-01 16:49:45.267,1875020,hipFree,ENTER,void*=0x7f97e7201600,,0
2025-10-01 16:49:45.268,1875020,hipFree,LEAVE,void*=0x7f97e7201600,NULL,0
2025-10-01 16:49:45.268,1875020,hipFree,ENTER,void*=0x7f97e9201700,,0
2025-10-01 16:49:45.270,1875020,hipFree,LEAVE,void*=0x7f97e9201700,NULL,2
2025-10-01 16:49:45.284,1875022,hipStreamDestroy,ENTER,hipStream_t=0x7fa61c316a70,,0
2025-10-01 16:49:45.337,1875019,hipStreamDestroy,ENTER,hipStream_t=0x7fa6200b43a0,,0
2025-10-01 16:49:45.340,1875022,hipStreamDestroy,LEAVE,hipStream_t=0x7fa61c316a70,NULL,56
2025-10-01 16:49:45.395,1875020,hipStreamDestroy,ENTER,hipStream_t=0x7fa618e50460,,0
2025-10-01 16:49:45.399,1875019,hipStreamDestroy,LEAVE,hipStream_t=0x7fa6200b43a0,NULL,62
2025-10-01 16:49:45.403,1875020,hipStreamDestroy,LEAVE,hipStream_t=0x7fa618e50460,NULL,7
2025-10-01 16:49:45.404,1875009,hipSetDevice,ENTER,int=0x0,,0
2025-10-01 16:49:45.404,1875009,hipSetDevice,LEAVE,int=0x0,NULL,0
2025-10-01 16:49:45.404,1875009,hipDeviceSynchronize,ENTER,,,0
2025-10-01 16:49:45.404,1875009,hipDeviceSynchronize,LEAVE,,NULL,0
2025-10-01 16:49:45.404,1875009,hipSetDevice,ENTER,int=0x1,,0
2025-10-01 16:49:45.404,1875009,hipSetDevice,LEAVE,int=0x1,NULL,0
2025-10-01 16:49:45.405,1875009,hipDeviceSynchronize,ENTER,,,0
2025-10-01 16:49:45.405,1875009,hipDeviceSynchronize,LEAVE,,NULL,0
2025-10-01 16:49:45.405,1875009,hipSetDevice,ENTER,int=0x2,,0
2025-10-01 16:49:45.405,1875009,hipSetDevice,LEAVE,int=0x2,NULL,0
2025-10-01 16:49:45.405,1875009,hipDeviceSynchronize,ENTER,,,0
2025-10-01 16:49:45.405,1875009,hipDeviceSynchronize,LEAVE,,NULL,0
2025-10-01 16:49:45.405,1875009,hipSetDevice,ENTER,int=0x3,,0
2025-10-01 16:49:45.405,1875009,hipSetDevice,LEAVE,int=0x3,NULL,0
2025-10-01 16:49:45.405,1875009,hipDeviceSynchronize,ENTER,,,0
2025-10-01 16:49:45.405,1875009,hipDeviceSynchronize,LEAVE,,NULL,0
2025-10-01 16:49:45.405,1875009,hipSetDevice,ENTER,int=0x4,,0
2025-10-01 16:49:45.405,1875009,hipSetDevice,LEAVE,int=0x4,NULL,0
2025-10-01 16:49:45.406,1875009,hipDeviceSynchronize,ENTER,,,0
2025-10-01 16:49:45.406,1875009,hipDeviceSynchronize,LEAVE,,NULL,0
2025-10-01 16:49:45.406,1875009,hipSetDevice,ENTER,int=0x5,,0
2025-10-01 16:49:45.406,1875009,hipSetDevice,LEAVE,int=0x5,NULL,0
2025-10-01 16:49:45.406,1875009,hipDeviceSynchronize,ENTER,,,0
2025-10-01 16:49:45.406,1875009,hipDeviceSynchronize,LEAVE,,NULL,0
2025-10-01 16:49:45.406,1875009,hipSetDevice,ENTER,int=0x6,,0
2025-10-01 16:49:45.406,1875009,hipSetDevice,LEAVE,int=0x6,NULL,0
2025-10-01 16:49:45.406,1875009,hipDeviceSynchronize,ENTER,,,0
2025-10-01 16:49:45.406,1875009,hipDeviceSynchronize,LEAVE,,NULL,0
2025-10-01 16:49:45.406,1875009,hipSetDevice,ENTER,int=0x7,,0
2025-10-01 16:49:45.406,1875009,hipSetDevice,LEAVE,int=0x7,NULL,0
2025-10-01 16:49:45.406,1875009,hipDeviceSynchronize,ENTER,,,0
2025-10-01 16:49:45.407,1875009,hipDeviceSynchronize,LEAVE,,NULL,0
2025-10-01 16:49:45.407,1875009,hipSetDevice,ENTER,int=0x0,,0
2025-10-01 16:49:45.407,1875009,hipSetDevice,LEAVE,int=0x0,NULL,0
2025-10-01 16:49:45.407,1875009,hipSetDevice,ENTER,int=0x1,,0
2025-10-01 16:49:45.407,1875009,hipSetDevice,LEAVE,int=0x1,NULL,0
2025-10-01 16:49:45.407,1875009,hipSetDevice,ENTER,int=0x2,,0
2025-10-01 16:49:45.407,1875009,hipSetDevice,LEAVE,int=0x2,NULL,0
2025-10-01 16:49:45.407,1875009,hipSetDevice,ENTER,int=0x3,,0
2025-10-01 16:49:45.407,1875009,hipSetDevice,LEAVE,int=0x3,NULL,0
2025-10-01 16:49:45.407,1875009,hipSetDevice,ENTER,int=0x4,,0
2025-10-01 16:49:45.407,1875009,hipSetDevice,LEAVE,int=0x4,NULL,1
2025-10-01 16:49:45.408,1875009,hipSetDevice,ENTER,int=0x5,,0
2025-10-01 16:49:45.408,1875009,hipSetDevice,LEAVE,int=0x5,NULL,0
2025-10-01 16:49:45.408,1875009,hipSetDevice,ENTER,int=0x6,,0
2025-10-01 16:49:45.408,1875009,hipSetDevice,LEAVE,int=0x6,NULL,0
2025-10-01 16:49:45.408,1875009,hipSetDevice,ENTER,int=0x7,,0
2025-10-01 16:49:45.408,1875009,hipSetDevice,LEAVE,int=0x7,NULL,0
