[OUTPUT] 
Internal ctest changing into directory: /home/ephoukon/rocm-systems/projects/rocprofiler-sdk/build

[HANDLER_OUTPUT] 
Test project /home/ephoukon/rocm-systems/projects/rocprofiler-sdk/build

      Start 446: tests.integration.execute.counter-collection
    Test #446: tests.integration.execute.counter-collection .................................................................................   Passed    5.97 sec
      Start 446: tests.integration.execute.counter-collection
    Test #446: tests.integration.execute.counter-collection .................................................................................   Passed    2.70 sec
      Start 446: tests.integration.execute.counter-collection
    Test #446: tests.integration.execute.counter-collection .................................................................................   Passed    2.81 sec
      Start 446: tests.integration.execute.counter-collection
    Test #446: tests.integration.execute.counter-collection .................................................................................   Passed    2.86 sec
      Start 446: tests.integration.execute.counter-collection
    Test #446: tests.integration.execute.counter-collection .................................................................................   Passed    2.85 sec
      Start 446: tests.integration.execute.counter-collection
    Test #446: tests.integration.execute.counter-collection .................................................................................   Passed    2.99 sec
      Start 446: tests.integration.execute.counter-collection
    Test #446: tests.integration.execute.counter-collection .................................................................................   Passed    3.01 sec
      Start 446: tests.integration.execute.counter-collection
    Test #446: tests.integration.execute.counter-collection .................................................................................   Passed    3.20 sec
      Start 446: tests.integration.execute.counter-collection
    Test #446: tests.integration.execute.counter-collection .................................................................................   Passed    3.22 sec
      Start 446: tests.integration.execute.counter-collection
    Test #446: tests.integration.execute.counter-collection .................................................................................   Passed    5.00 sec
      Start 446: tests.integration.execute.counter-collection
    Test #446: tests.integration.execute.counter-collection .................................................................................   Passed    3.11 sec
      Start 446: tests.integration.execute.counter-collection
    Test #446: tests.integration.execute.counter-collection .................................................................................   Passed    2.81 sec
      Start 446: tests.integration.execute.counter-collection
    Test #446: tests.integration.execute.counter-collection .................................................................................   Passed    2.98 sec
      Start 446: tests.integration.execute.counter-collection
    Test #446: tests.integration.execute.counter-collection .................................................................................   Passed    3.04 sec
      Start 446: tests.integration.execute.counter-collection
    Test #446: tests.integration.execute.counter-collection .................................................................................   Passed    3.20 sec
      Start 446: tests.integration.execute.counter-collection
    Test #446: tests.integration.execute.counter-collection .................................................................................   Passed    3.09 sec
      Start 446: tests.integration.execute.counter-collection
    Test #446: tests.integration.execute.counter-collection .................................................................................   Passed    5.53 sec
      Start 446: tests.integration.execute.counter-collection
    Test #446: tests.integration.execute.counter-collection .................................................................................   Passed    3.08 sec
      Start 446: tests.integration.execute.counter-collection
    Test #446: tests.integration.execute.counter-collection .................................................................................   Passed    3.04 sec
      Start 446: tests.integration.execute.counter-collection
    Test #446: tests.integration.execute.counter-collection .................................................................................   Passed    6.26 sec
      Start 446: tests.integration.execute.counter-collection
    Test #446: tests.integration.execute.counter-collection .................................................................................   Passed    3.71 sec
      Start 446: tests.integration.execute.counter-collection
    Test #446: tests.integration.execute.counter-collection .................................................................................   Passed    5.49 sec
      Start 446: tests.integration.execute.counter-collection
    Test #446: tests.integration.execute.counter-collection .................................................................................   Passed    3.19 sec
      Start 446: tests.integration.execute.counter-collection
    Test #446: tests.integration.execute.counter-collection .................................................................................   Passed    3.13 sec
      Start 446: tests.integration.execute.counter-collection
    Test #446: tests.integration.execute.counter-collection .................................................................................   Passed    2.99 sec
      Start 446: tests.integration.execute.counter-collection
    Test #446: tests.integration.execute.counter-collection .................................................................................   Passed    2.83 sec
      Start 446: tests.integration.execute.counter-collection
    Test #446: tests.integration.execute.counter-collection .................................................................................   Passed    3.05 sec
      Start 446: tests.integration.execute.counter-collection
    Test #446: tests.integration.execute.counter-collection .................................................................................   Passed    4.72 sec
      Start 446: tests.integration.execute.counter-collection
    Test #446: tests.integration.execute.counter-collection .................................................................................   Passed    3.05 sec
      Start 446: tests.integration.execute.counter-collection
    Test #446: tests.integration.execute.counter-collection .................................................................................   Passed    3.11 sec
      Start 446: tests.integration.execute.counter-collection
    Test #446: tests.integration.execute.counter-collection .................................................................................   Passed    4.67 sec
      Start 446: tests.integration.execute.counter-collection
    Test #446: tests.integration.execute.counter-collection .................................................................................   Passed    3.07 sec
      Start 446: tests.integration.execute.counter-collection
    Test #446: tests.integration.execute.counter-collection .................................................................................   Passed    3.11 sec
      Start 446: tests.integration.execute.counter-collection
    Test #446: tests.integration.execute.counter-collection .................................................................................   Passed    6.06 sec
      Start 446: tests.integration.execute.counter-collection
    Test #446: tests.integration.execute.counter-collection .................................................................................   Passed    2.37 sec
      Start 446: tests.integration.execute.counter-collection
    Test #446: tests.integration.execute.counter-collection .................................................................................   Passed    3.01 sec
      Start 446: tests.integration.execute.counter-collection
    Test #446: tests.integration.execute.counter-collection .................................................................................   Passed    3.11 sec
      Start 446: tests.integration.execute.counter-collection
    Test #446: tests.integration.execute.counter-collection .................................................................................   Passed    2.94 sec
      Start 446: tests.integration.execute.counter-collection
    Test #446: tests.integration.execute.counter-collection .................................................................................   Passed    3.07 sec
      Start 446: tests.integration.execute.counter-collection
    Test #446: tests.integration.execute.counter-collection .................................................................................   Passed    5.91 sec
      Start 446: tests.integration.execute.counter-collection
    Test #446: tests.integration.execute.counter-collection .................................................................................   Passed    3.11 sec
      Start 446: tests.integration.execute.counter-collection
    Test #446: tests.integration.execute.counter-collection .................................................................................   Passed    6.22 sec
      Start 446: tests.integration.execute.counter-collection
    Test #446: tests.integration.execute.counter-collection .................................................................................   Passed    3.13 sec
      Start 446: tests.integration.execute.counter-collection
    Test #446: tests.integration.execute.counter-collection .................................................................................   Passed    6.12 sec
      Start 446: tests.integration.execute.counter-collection
    Test #446: tests.integration.execute.counter-collection .................................................................................   Passed    2.47 sec
      Start 446: tests.integration.execute.counter-collection
    Test #446: tests.integration.execute.counter-collection .................................................................................   Passed    3.12 sec
      Start 446: tests.integration.execute.counter-collection
    Test #446: tests.integration.execute.counter-collection .................................................................................   Passed    2.90 sec
      Start 446: tests.integration.execute.counter-collection
    Test #446: tests.integration.execute.counter-collection .................................................................................   Passed    3.10 sec
      Start 446: tests.integration.execute.counter-collection
    Test #446: tests.integration.execute.counter-collection .................................................................................   Passed    3.23 sec
      Start 446: tests.integration.execute.counter-collection
    Test #446: tests.integration.execute.counter-collection .................................................................................   Passed    3.48 sec
      Start 446: tests.integration.execute.counter-collection
    Test #446: tests.integration.execute.counter-collection .................................................................................   Passed    7.19 sec
      Start 446: tests.integration.execute.counter-collection
    Test #446: tests.integration.execute.counter-collection .................................................................................   Passed    6.06 sec
      Start 446: tests.integration.execute.counter-collection
    Test #446: tests.integration.execute.counter-collection .................................................................................   Passed    2.38 sec
      Start 446: tests.integration.execute.counter-collection
    Test #446: tests.integration.execute.counter-collection .................................................................................   Passed    2.96 sec
      Start 446: tests.integration.execute.counter-collection
    Test #446: tests.integration.execute.counter-collection .................................................................................   Passed    2.74 sec
      Start 446: tests.integration.execute.counter-collection
    Test #446: tests.integration.execute.counter-collection .................................................................................   Passed    3.06 sec
      Start 446: tests.integration.execute.counter-collection
    Test #446: tests.integration.execute.counter-collection .................................................................................   Passed    3.56 sec
      Start 446: tests.integration.execute.counter-collection
    Test #446: tests.integration.execute.counter-collection .................................................................................   Passed    4.47 sec
      Start 446: tests.integration.execute.counter-collection
    Test #446: tests.integration.execute.counter-collection .................................................................................   Passed    2.93 sec
      Start 446: tests.integration.execute.counter-collection
    Test #446: tests.integration.execute.counter-collection .................................................................................   Passed    3.12 sec
      Start 446: tests.integration.execute.counter-collection
    Test #446: tests.integration.execute.counter-collection .................................................................................   Passed    6.04 sec
      Start 446: tests.integration.execute.counter-collection
    Test #446: tests.integration.execute.counter-collection .................................................................................   Passed    2.92 sec
      Start 446: tests.integration.execute.counter-collection
    Test #446: tests.integration.execute.counter-collection .................................................................................   Passed    7.27 sec
      Start 446: tests.integration.execute.counter-collection
    Test #446: tests.integration.execute.counter-collection .................................................................................   Passed    2.58 sec
      Start 446: tests.integration.execute.counter-collection
    Test #446: tests.integration.execute.counter-collection .................................................................................   Passed    2.63 sec
      Start 446: tests.integration.execute.counter-collection
    Test #446: tests.integration.execute.counter-collection .................................................................................   Passed    2.76 sec
      Start 446: tests.integration.execute.counter-collection
    Test #446: tests.integration.execute.counter-collection .................................................................................   Passed    3.11 sec
      Start 446: tests.integration.execute.counter-collection
    Test #446: tests.integration.execute.counter-collection .................................................................................   Passed    3.27 sec
      Start 446: tests.integration.execute.counter-collection
    Test #446: tests.integration.execute.counter-collection .................................................................................   Passed    2.89 sec
      Start 446: tests.integration.execute.counter-collection
    Test #446: tests.integration.execute.counter-collection .................................................................................   Passed    3.00 sec
      Start 446: tests.integration.execute.counter-collection
    Test #446: tests.integration.execute.counter-collection .................................................................................   Passed    3.08 sec
      Start 446: tests.integration.execute.counter-collection
    Test #446: tests.integration.execute.counter-collection .................................................................................   Passed    7.31 sec
      Start 446: tests.integration.execute.counter-collection
    Test #446: tests.integration.execute.counter-collection .................................................................................   Passed    5.08 sec
      Start 446: tests.integration.execute.counter-collection
    Test #446: tests.integration.execute.counter-collection .................................................................................   Passed    2.85 sec
      Start 446: tests.integration.execute.counter-collection
    Test #446: tests.integration.execute.counter-collection .................................................................................   Passed    2.92 sec
      Start 446: tests.integration.execute.counter-collection
    Test #446: tests.integration.execute.counter-collection .................................................................................   Passed    3.07 sec
      Start 446: tests.integration.execute.counter-collection
    Test #446: tests.integration.execute.counter-collection .................................................................................   Passed    4.57 sec
      Start 446: tests.integration.execute.counter-collection
    Test #446: tests.integration.execute.counter-collection .................................................................................   Passed    3.13 sec
      Start 446: tests.integration.execute.counter-collection
    Test #446: tests.integration.execute.counter-collection .................................................................................   Passed    2.95 sec
      Start 446: tests.integration.execute.counter-collection
    Test #446: tests.integration.execute.counter-collection .................................................................................   Passed    6.37 sec
      Start 446: tests.integration.execute.counter-collection
    Test #446: tests.integration.execute.counter-collection .................................................................................   Passed    3.42 sec
      Start 446: tests.integration.execute.counter-collection
    Test #446: tests.integration.execute.counter-collection .................................................................................   Passed    5.98 sec
      Start 446: tests.integration.execute.counter-collection
    Test #446: tests.integration.execute.counter-collection .................................................................................   Passed    5.51 sec
      Start 446: tests.integration.execute.counter-collection
    Test #446: tests.integration.execute.counter-collection .................................................................................   Passed    2.86 sec
      Start 446: tests.integration.execute.counter-collection
    Test #446: tests.integration.execute.counter-collection .................................................................................   Passed    5.81 sec
      Start 446: tests.integration.execute.counter-collection
    Test #446: tests.integration.execute.counter-collection .................................................................................   Passed    4.75 sec
      Start 446: tests.integration.execute.counter-collection
    Test #446: tests.integration.execute.counter-collection .................................................................................   Passed    2.74 sec
      Start 446: tests.integration.execute.counter-collection
    Test #446: tests.integration.execute.counter-collection .................................................................................   Passed    2.88 sec
      Start 446: tests.integration.execute.counter-collection
    Test #446: tests.integration.execute.counter-collection .................................................................................   Passed    2.78 sec
      Start 446: tests.integration.execute.counter-collection
    Test #446: tests.integration.execute.counter-collection .................................................................................   Passed    2.97 sec
      Start 446: tests.integration.execute.counter-collection
    Test #446: tests.integration.execute.counter-collection .................................................................................   Passed    6.10 sec
      Start 446: tests.integration.execute.counter-collection
    Test #446: tests.integration.execute.counter-collection .................................................................................   Passed    5.49 sec
      Start 446: tests.integration.execute.counter-collection
    Test #446: tests.integration.execute.counter-collection .................................................................................   Passed    3.11 sec
      Start 446: tests.integration.execute.counter-collection
    Test #446: tests.integration.execute.counter-collection .................................................................................   Passed    3.11 sec
      Start 446: tests.integration.execute.counter-collection
    Test #446: tests.integration.execute.counter-collection .................................................................................   Passed    6.30 sec
      Start 446: tests.integration.execute.counter-collection
    Test #446: tests.integration.execute.counter-collection .................................................................................   Passed    5.35 sec
      Start 446: tests.integration.execute.counter-collection
    Test #446: tests.integration.execute.counter-collection .................................................................................   Passed    3.08 sec
      Start 446: tests.integration.execute.counter-collection
    Test #446: tests.integration.execute.counter-collection .................................................................................   Passed    2.97 sec
      Start 446: tests.integration.execute.counter-collection
    Test #446: tests.integration.execute.counter-collection .................................................................................   Passed    4.44 sec
      Start 446: tests.integration.execute.counter-collection
    Test #446: tests.integration.execute.counter-collection .................................................................................   Passed    2.99 sec
      Start 446: tests.integration.execute.counter-collection
    Test #446: tests.integration.execute.counter-collection .................................................................................   Passed    3.21 sec
      Start 446: tests.integration.execute.counter-collection
    Test #446: tests.integration.execute.counter-collection .................................................................................   Passed    6.71 sec
      Start 446: tests.integration.execute.counter-collection
    Test #446: tests.integration.execute.counter-collection .................................................................................   Passed    3.11 sec
      Start 446: tests.integration.execute.counter-collection
    Test #446: tests.integration.execute.counter-collection .................................................................................   Passed    6.26 sec
      Start 446: tests.integration.execute.counter-collection
    Test #446: tests.integration.execute.counter-collection .................................................................................   Passed    3.32 sec
      Start 446: tests.integration.execute.counter-collection
    Test #446: tests.integration.execute.counter-collection .................................................................................   Passed    3.02 sec
      Start 446: tests.integration.execute.counter-collection
    Test #446: tests.integration.execute.counter-collection .................................................................................   Passed    3.02 sec
      Start 446: tests.integration.execute.counter-collection
    Test #446: tests.integration.execute.counter-collection .................................................................................   Passed    3.19 sec
      Start 446: tests.integration.execute.counter-collection
    Test #446: tests.integration.execute.counter-collection .................................................................................   Passed    6.42 sec
      Start 446: tests.integration.execute.counter-collection
    Test #446: tests.integration.execute.counter-collection .................................................................................   Passed    3.15 sec
      Start 446: tests.integration.execute.counter-collection
    Test #446: tests.integration.execute.counter-collection .................................................................................   Passed    7.14 sec
      Start 446: tests.integration.execute.counter-collection
    Test #446: tests.integration.execute.counter-collection .................................................................................   Passed    6.52 sec
      Start 446: tests.integration.execute.counter-collection
    Test #446: tests.integration.execute.counter-collection .................................................................................   Passed    2.60 sec
      Start 446: tests.integration.execute.counter-collection
    Test #446: tests.integration.execute.counter-collection .................................................................................   Passed    2.68 sec
      Start 446: tests.integration.execute.counter-collection
    Test #446: tests.integration.execute.counter-collection .................................................................................   Passed    3.05 sec
      Start 446: tests.integration.execute.counter-collection
    Test #446: tests.integration.execute.counter-collection .................................................................................   Passed    3.77 sec
      Start 446: tests.integration.execute.counter-collection
    Test #446: tests.integration.execute.counter-collection .................................................................................   Passed    4.97 sec
      Start 446: tests.integration.execute.counter-collection
    Test #446: tests.integration.execute.counter-collection .................................................................................   Passed    2.97 sec
      Start 446: tests.integration.execute.counter-collection
    Test #446: tests.integration.execute.counter-collection .................................................................................   Passed    2.89 sec
      Start 446: tests.integration.execute.counter-collection
    Test #446: tests.integration.execute.counter-collection .................................................................................   Passed    3.00 sec
      Start 446: tests.integration.execute.counter-collection
    Test #446: tests.integration.execute.counter-collection .................................................................................   Passed    3.10 sec
      Start 446: tests.integration.execute.counter-collection
    Test #446: tests.integration.execute.counter-collection .................................................................................   Passed    6.30 sec
      Start 446: tests.integration.execute.counter-collection
    Test #446: tests.integration.execute.counter-collection .................................................................................   Passed    3.07 sec
      Start 446: tests.integration.execute.counter-collection
    Test #446: tests.integration.execute.counter-collection .................................................................................   Passed    7.31 sec
      Start 446: tests.integration.execute.counter-collection
    Test #446: tests.integration.execute.counter-collection .................................................................................   Passed    2.41 sec
      Start 446: tests.integration.execute.counter-collection
    Test #446: tests.integration.execute.counter-collection .................................................................................   Passed    2.75 sec
      Start 446: tests.integration.execute.counter-collection
    Test #446: tests.integration.execute.counter-collection .................................................................................   Passed    2.86 sec
      Start 446: tests.integration.execute.counter-collection
    Test #446: tests.integration.execute.counter-collection .................................................................................   Passed    2.83 sec
      Start 446: tests.integration.execute.counter-collection
    Test #446: tests.integration.execute.counter-collection .................................................................................   Passed    3.07 sec
      Start 446: tests.integration.execute.counter-collection
    Test #446: tests.integration.execute.counter-collection .................................................................................   Passed    5.57 sec
      Start 446: tests.integration.execute.counter-collection
    Test #446: tests.integration.execute.counter-collection .................................................................................   Passed    3.00 sec
      Start 446: tests.integration.execute.counter-collection
    Test #446: tests.integration.execute.counter-collection .................................................................................   Passed    3.14 sec
      Start 446: tests.integration.execute.counter-collection
    Test #446: tests.integration.execute.counter-collection .................................................................................   Passed    6.65 sec
      Start 446: tests.integration.execute.counter-collection
    Test #446: tests.integration.execute.counter-collection .................................................................................   Passed    5.53 sec
      Start 446: tests.integration.execute.counter-collection
    Test #446: tests.integration.execute.counter-collection .................................................................................   Passed    3.02 sec
      Start 446: tests.integration.execute.counter-collection
    Test #446: tests.integration.execute.counter-collection .................................................................................   Passed    3.08 sec
      Start 446: tests.integration.execute.counter-collection
    Test #446: tests.integration.execute.counter-collection .................................................................................   Passed    3.15 sec
      Start 446: tests.integration.execute.counter-collection
    Test #446: tests.integration.execute.counter-collection .................................................................................   Passed    7.44 sec
      Start 446: tests.integration.execute.counter-collection
    Test #446: tests.integration.execute.counter-collection .................................................................................   Passed    2.62 sec
      Start 446: tests.integration.execute.counter-collection
    Test #446: tests.integration.execute.counter-collection .................................................................................   Passed    2.58 sec
      Start 446: tests.integration.execute.counter-collection
    Test #446: tests.integration.execute.counter-collection .................................................................................   Passed    2.89 sec
      Start 446: tests.integration.execute.counter-collection
    Test #446: tests.integration.execute.counter-collection .................................................................................   Passed    2.90 sec
      Start 446: tests.integration.execute.counter-collection
    Test #446: tests.integration.execute.counter-collection .................................................................................   Passed    2.88 sec
      Start 446: tests.integration.execute.counter-collection
    Test #446: tests.integration.execute.counter-collection .................................................................................   Passed    2.77 sec
      Start 446: tests.integration.execute.counter-collection
    Test #446: tests.integration.execute.counter-collection .................................................................................   Passed    2.80 sec
      Start 446: tests.integration.execute.counter-collection
    Test #446: tests.integration.execute.counter-collection .................................................................................   Passed    3.07 sec
      Start 446: tests.integration.execute.counter-collection
    Test #446: tests.integration.execute.counter-collection .................................................................................   Passed    3.13 sec
      Start 446: tests.integration.execute.counter-collection
    Test #446: tests.integration.execute.counter-collection .................................................................................   Passed    5.68 sec
      Start 446: tests.integration.execute.counter-collection
    Test #446: tests.integration.execute.counter-collection .................................................................................   Passed    2.92 sec
      Start 446: tests.integration.execute.counter-collection
    Test #446: tests.integration.execute.counter-collection .................................................................................   Passed    5.97 sec
      Start 446: tests.integration.execute.counter-collection
    Test #446: tests.integration.execute.counter-collection .................................................................................   Passed    4.41 sec
      Start 446: tests.integration.execute.counter-collection
    Test #446: tests.integration.execute.counter-collection .................................................................................   Passed    4.74 sec
      Start 446: tests.integration.execute.counter-collection
    Test #446: tests.integration.execute.counter-collection .................................................................................   Passed    2.82 sec
      Start 446: tests.integration.execute.counter-collection
    Test #446: tests.integration.execute.counter-collection .................................................................................   Passed    2.94 sec
      Start 446: tests.integration.execute.counter-collection
    Test #446: tests.integration.execute.counter-collection .................................................................................   Passed    2.93 sec
      Start 446: tests.integration.execute.counter-collection
    Test #446: tests.integration.execute.counter-collection .................................................................................   Passed    3.00 sec
      Start 446: tests.integration.execute.counter-collection
    Test #446: tests.integration.execute.counter-collection .................................................................................   Passed    3.09 sec
      Start 446: tests.integration.execute.counter-collection
    Test #446: tests.integration.execute.counter-collection .................................................................................   Passed    3.02 sec
      Start 446: tests.integration.execute.counter-collection
    Test #446: tests.integration.execute.counter-collection .................................................................................   Passed    6.27 sec
      Start 446: tests.integration.execute.counter-collection
    Test #446: tests.integration.execute.counter-collection .................................................................................   Passed    3.10 sec
      Start 446: tests.integration.execute.counter-collection
    Test #446: tests.integration.execute.counter-collection .................................................................................   Passed    6.02 sec
      Start 446: tests.integration.execute.counter-collection
    Test #446: tests.integration.execute.counter-collection .................................................................................   Passed    3.12 sec
      Start 446: tests.integration.execute.counter-collection
    Test #446: tests.integration.execute.counter-collection .................................................................................   Passed    3.07 sec
      Start 446: tests.integration.execute.counter-collection
    Test #446: tests.integration.execute.counter-collection .................................................................................   Passed    3.12 sec
      Start 446: tests.integration.execute.counter-collection
    Test #446: tests.integration.execute.counter-collection .................................................................................   Passed    6.86 sec
      Start 446: tests.integration.execute.counter-collection
    Test #446: tests.integration.execute.counter-collection .................................................................................   Passed    2.48 sec
      Start 446: tests.integration.execute.counter-collection
    Test #446: tests.integration.execute.counter-collection .................................................................................   Passed    2.93 sec
      Start 446: tests.integration.execute.counter-collection
    Test #446: tests.integration.execute.counter-collection .................................................................................   Passed    2.75 sec
      Start 446: tests.integration.execute.counter-collection
    Test #446: tests.integration.execute.counter-collection .................................................................................   Passed    3.01 sec
      Start 446: tests.integration.execute.counter-collection
    Test #446: tests.integration.execute.counter-collection .................................................................................   Passed    3.14 sec
      Start 446: tests.integration.execute.counter-collection
    Test #446: tests.integration.execute.counter-collection .................................................................................   Passed    5.71 sec
      Start 446: tests.integration.execute.counter-collection
    Test #446: tests.integration.execute.counter-collection .................................................................................   Passed    2.96 sec
      Start 446: tests.integration.execute.counter-collection
    Test #446: tests.integration.execute.counter-collection .................................................................................   Passed    3.09 sec
      Start 446: tests.integration.execute.counter-collection
    Test #446: tests.integration.execute.counter-collection .................................................................................   Passed    2.93 sec
      Start 446: tests.integration.execute.counter-collection
    Test #446: tests.integration.execute.counter-collection .................................................................................   Passed    2.84 sec
      Start 446: tests.integration.execute.counter-collection
    Test #446: tests.integration.execute.counter-collection .................................................................................   Passed    2.82 sec
      Start 446: tests.integration.execute.counter-collection
    Test #446: tests.integration.execute.counter-collection .................................................................................   Passed    2.96 sec
      Start 446: tests.integration.execute.counter-collection
    Test #446: tests.integration.execute.counter-collection .................................................................................   Passed    2.96 sec
      Start 446: tests.integration.execute.counter-collection
    Test #446: tests.integration.execute.counter-collection .................................................................................   Passed    4.44 sec
      Start 446: tests.integration.execute.counter-collection
    Test #446: tests.integration.execute.counter-collection .................................................................................   Passed    3.08 sec
      Start 446: tests.integration.execute.counter-collection
    Test #446: tests.integration.execute.counter-collection .................................................................................   Passed    4.40 sec
      Start 446: tests.integration.execute.counter-collection
    Test #446: tests.integration.execute.counter-collection .................................................................................   Passed    3.09 sec
      Start 446: tests.integration.execute.counter-collection
    Test #446: tests.integration.execute.counter-collection .................................................................................   Passed    2.91 sec
      Start 446: tests.integration.execute.counter-collection
    Test #446: tests.integration.execute.counter-collection .................................................................................   Passed    5.84 sec
      Start 446: tests.integration.execute.counter-collection
    Test #446: tests.integration.execute.counter-collection .................................................................................   Passed    6.86 sec
      Start 446: tests.integration.execute.counter-collection
    Test #446: tests.integration.execute.counter-collection .................................................................................   Passed    6.40 sec
      Start 446: tests.integration.execute.counter-collection
    Test #446: tests.integration.execute.counter-collection .................................................................................   Passed    2.95 sec
      Start 446: tests.integration.execute.counter-collection
    Test #446: tests.integration.execute.counter-collection .................................................................................   Passed    5.47 sec
      Start 446: tests.integration.execute.counter-collection
    Test #446: tests.integration.execute.counter-collection .................................................................................   Passed    3.02 sec
      Start 446: tests.integration.execute.counter-collection
    Test #446: tests.integration.execute.counter-collection .................................................................................   Passed    3.12 sec
      Start 446: tests.integration.execute.counter-collection
    Test #446: tests.integration.execute.counter-collection .................................................................................   Passed    3.60 sec
      Start 446: tests.integration.execute.counter-collection
    Test #446: tests.integration.execute.counter-collection .................................................................................   Passed    6.29 sec
      Start 446: tests.integration.execute.counter-collection
    Test #446: tests.integration.execute.counter-collection .................................................................................   Passed    4.09 sec
      Start 446: tests.integration.execute.counter-collection
    Test #446: tests.integration.execute.counter-collection .................................................................................   Passed    3.00 sec
      Start 446: tests.integration.execute.counter-collection
    Test #446: tests.integration.execute.counter-collection .................................................................................   Passed    7.05 sec
      Start 446: tests.integration.execute.counter-collection
    Test #446: tests.integration.execute.counter-collection .................................................................................   Passed    7.14 sec
      Start 446: tests.integration.execute.counter-collection
    Test #446: tests.integration.execute.counter-collection .................................................................................   Passed    6.95 sec
      Start 446: tests.integration.execute.counter-collection
    Test #446: tests.integration.execute.counter-collection .................................................................................   Passed    2.52 sec
      Start 446: tests.integration.execute.counter-collection
    Test #446: tests.integration.execute.counter-collection .................................................................................   Passed    2.78 sec
      Start 446: tests.integration.execute.counter-collection
    Test #446: tests.integration.execute.counter-collection .................................................................................   Passed    3.13 sec
      Start 446: tests.integration.execute.counter-collection
    Test #446: tests.integration.execute.counter-collection .................................................................................   Passed    3.18 sec
      Start 446: tests.integration.execute.counter-collection
    Test #446: tests.integration.execute.counter-collection .................................................................................   Passed    3.74 sec
      Start 446: tests.integration.execute.counter-collection
    Test #446: tests.integration.execute.counter-collection .................................................................................   Passed    2.81 sec
      Start 446: tests.integration.execute.counter-collection
    Test #446: tests.integration.execute.counter-collection .................................................................................   Passed    3.24 sec
      Start 446: tests.integration.execute.counter-collection
    Test #446: tests.integration.execute.counter-collection .................................................................................   Passed    3.00 sec
      Start 446: tests.integration.execute.counter-collection
    Test #446: tests.integration.execute.counter-collection .................................................................................   Passed    3.48 sec
      Start 446: tests.integration.execute.counter-collection
    Test #446: tests.integration.execute.counter-collection .................................................................................   Passed    3.11 sec
      Start 446: tests.integration.execute.counter-collection
    Test #446: tests.integration.execute.counter-collection .................................................................................   Passed    3.38 sec
      Start 446: tests.integration.execute.counter-collection
    Test #446: tests.integration.execute.counter-collection .................................................................................   Passed    6.11 sec
      Start 446: tests.integration.execute.counter-collection
    Test #446: tests.integration.execute.counter-collection .................................................................................   Passed    2.92 sec
      Start 446: tests.integration.execute.counter-collection
    Test #446: tests.integration.execute.counter-collection .................................................................................   Passed    4.68 sec
      Start 446: tests.integration.execute.counter-collection
    Test #446: tests.integration.execute.counter-collection .................................................................................   Passed    2.39 sec
      Start 446: tests.integration.execute.counter-collection
    Test #446: tests.integration.execute.counter-collection .................................................................................   Passed    2.29 sec
      Start 446: tests.integration.execute.counter-collection
    Test #446: tests.integration.execute.counter-collection .................................................................................   Passed    2.35 sec
      Start 446: tests.integration.execute.counter-collection
    Test #446: tests.integration.execute.counter-collection .................................................................................   Passed    2.38 sec
      Start 446: tests.integration.execute.counter-collection
    Test #446: tests.integration.execute.counter-collection .................................................................................   Passed    2.55 sec
      Start 446: tests.integration.execute.counter-collection
    Test #446: tests.integration.execute.counter-collection .................................................................................   Passed    2.44 sec
      Start 446: tests.integration.execute.counter-collection
    Test #446: tests.integration.execute.counter-collection .................................................................................   Passed    2.46 sec
      Start 446: tests.integration.execute.counter-collection
    Test #446: tests.integration.execute.counter-collection .................................................................................   Passed    2.50 sec
      Start 446: tests.integration.execute.counter-collection
    Test #446: tests.integration.execute.counter-collection .................................................................................   Passed    2.61 sec
      Start 446: tests.integration.execute.counter-collection
    Test #446: tests.integration.execute.counter-collection .................................................................................   Passed    2.49 sec
      Start 446: tests.integration.execute.counter-collection
    Test #446: tests.integration.execute.counter-collection .................................................................................   Passed    2.43 sec
      Start 446: tests.integration.execute.counter-collection
    Test #446: tests.integration.execute.counter-collection .................................................................................   Passed    2.46 sec
      Start 446: tests.integration.execute.counter-collection
    Test #446: tests.integration.execute.counter-collection .................................................................................   Passed    2.45 sec
      Start 446: tests.integration.execute.counter-collection
    Test #446: tests.integration.execute.counter-collection .................................................................................   Passed    2.52 sec
      Start 446: tests.integration.execute.counter-collection
    Test #446: tests.integration.execute.counter-collection .................................................................................   Passed    2.46 sec
      Start 446: tests.integration.execute.counter-collection
    Test #446: tests.integration.execute.counter-collection .................................................................................   Passed    2.39 sec
      Start 446: tests.integration.execute.counter-collection
    Test #446: tests.integration.execute.counter-collection .................................................................................   Passed    2.43 sec
      Start 446: tests.integration.execute.counter-collection
    Test #446: tests.integration.execute.counter-collection .................................................................................   Passed    2.37 sec
      Start 446: tests.integration.execute.counter-collection
    Test #446: tests.integration.execute.counter-collection .................................................................................   Passed    2.78 sec
      Start 446: tests.integration.execute.counter-collection
    Test #446: tests.integration.execute.counter-collection .................................................................................   Passed    2.91 sec
      Start 446: tests.integration.execute.counter-collection
    Test #446: tests.integration.execute.counter-collection .................................................................................   Passed    2.35 sec
      Start 446: tests.integration.execute.counter-collection
    Test #446: tests.integration.execute.counter-collection .................................................................................   Passed    2.60 sec
      Start 446: tests.integration.execute.counter-collection
    Test #446: tests.integration.execute.counter-collection .................................................................................   Passed    2.41 sec
      Start 446: tests.integration.execute.counter-collection
    Test #446: tests.integration.execute.counter-collection .................................................................................   Passed    3.12 sec
      Start 446: tests.integration.execute.counter-collection
    Test #446: tests.integration.execute.counter-collection .................................................................................   Passed    2.40 sec
      Start 446: tests.integration.execute.counter-collection
    Test #446: tests.integration.execute.counter-collection .................................................................................   Passed    2.45 sec
      Start 446: tests.integration.execute.counter-collection
    Test #446: tests.integration.execute.counter-collection .................................................................................   Passed    2.38 sec
      Start 446: tests.integration.execute.counter-collection
    Test #446: tests.integration.execute.counter-collection .................................................................................   Passed    2.53 sec
      Start 446: tests.integration.execute.counter-collection
    Test #446: tests.integration.execute.counter-collection .................................................................................   Passed    2.57 sec
      Start 446: tests.integration.execute.counter-collection
    Test #446: tests.integration.execute.counter-collection .................................................................................Subprocess aborted***Exception:   5.38 sec
rocprofiler-sdk-json-tool (priority=0) is using rocprofiler-sdk v1.3.2 (1.3.2)
Excluding context: SPM_BUFFER_DISPATCH_COLLECTION
Excluding context: KFD_PAGE_MIGRATE
Excluding context: KFD_DROPPED_EVENTS
Excluding context: KFD_EVENT_UNMAP_FROM_GPU
Excluding context: KFD_EVENT_QUEUE
Excluding context: KFD_PAGE_FAULT
Excluding context: RUNTIME_INIT_BUFFERED
Excluding context: HIP_API_BUFFERED
Excluding context: RCCL_API_CALLBACK
Excluding context: OMPT_CALLBACK
Excluding context: MEMORY_ALLOCATION_CALLBACK
Excluding context: KERNEL_DISPATCH_BUFFERED
Excluding context: SCRATCH_MEMORY
Excluding context: MEMORY_COPY_CALLBACK
Excluding context: CODE_OBJECT
Excluding context: RCCL_API_BUFFERED
Excluding context: MARKER_API_CALLBACK
Excluding context: HIP_API_CALLBACK
Excluding context: MEMORY_ALLOCATION_BUFFERED
Excluding context: ROCDECODE_API_BUFFERED
Enabling context: COUNTER_COLLECTION
Excluding context: KFD_EVENT_PAGE_FAULT
Excluding context: KERNEL_DISPATCH_CALLBACK
Excluding context: HSA_API_CALLBACK
Excluding context: RUNTIME_INIT_CALLBACK
Excluding context: MEMORY_COPY_BUFFERED
Excluding context: ROCDECODE_API_EXT_BUFFERED
Excluding context: SPM_DISPATCH_COLLECTION
Excluding context: MARKER_API_BUFFERED
Excluding context: ROCDECODE_API_CALLBACK
Excluding context: KFD_QUEUE
Excluding context: CORRELATION_ID_RETIREMENT
Excluding context: ROCJPEG_API_CALLBACK
Excluding context: HSA_API_BUFFERED
Excluding context: KFD_EVENT_PAGE_MIGRATE
Excluding context: ROCJPEG_API_BUFFERED
Excluding context: OMPT_BUFFERED
unspecified launch failure

      Start 444: tests.integration.validate.counter-collection.test_data_structure
Failed test dependencies: tests.integration.execute.counter-collection
    Test #444: tests.integration.validate.counter-collection.test_data_structure ............................................................***Not Run   0.00 sec
      Start 445: tests.integration.validate.counter-collection.test_counter_values
Failed test dependencies: tests.integration.execute.counter-collection
    Test #445: tests.integration.validate.counter-collection.test_counter_values ............................................................***Not Run   0.00 sec
      Start 565: tests.integration.execute.rocprofv3-test-counter-collection-multiplex
    Test #565: tests.integration.execute.rocprofv3-test-counter-collection-multiplex ........................................................   Passed    0.96 sec
      Start 565: tests.integration.execute.rocprofv3-test-counter-collection-multiplex
    Test #565: tests.integration.execute.rocprofv3-test-counter-collection-multiplex ........................................................   Passed    0.97 sec
      Start 565: tests.integration.execute.rocprofv3-test-counter-collection-multiplex
    Test #565: tests.integration.execute.rocprofv3-test-counter-collection-multiplex ........................................................   Passed    0.96 sec
      Start 565: tests.integration.execute.rocprofv3-test-counter-collection-multiplex
    Test #565: tests.integration.execute.rocprofv3-test-counter-collection-multiplex ........................................................   Passed    0.95 sec
      Start 565: tests.integration.execute.rocprofv3-test-counter-collection-multiplex
    Test #565: tests.integration.execute.rocprofv3-test-counter-collection-multiplex ........................................................   Passed    0.95 sec
      Start 565: tests.integration.execute.rocprofv3-test-counter-collection-multiplex
    Test #565: tests.integration.execute.rocprofv3-test-counter-collection-multiplex ........................................................   Passed    0.98 sec
      Start 565: tests.integration.execute.rocprofv3-test-counter-collection-multiplex
    Test #565: tests.integration.execute.rocprofv3-test-counter-collection-multiplex ........................................................   Passed    0.97 sec
      Start 565: tests.integration.execute.rocprofv3-test-counter-collection-multiplex
    Test #565: tests.integration.execute.rocprofv3-test-counter-collection-multiplex ........................................................   Passed    0.97 sec
      Start 565: tests.integration.execute.rocprofv3-test-counter-collection-multiplex
    Test #565: tests.integration.execute.rocprofv3-test-counter-collection-multiplex ........................................................   Passed    0.97 sec
      Start 565: tests.integration.execute.rocprofv3-test-counter-collection-multiplex
    Test #565: tests.integration.execute.rocprofv3-test-counter-collection-multiplex ........................................................   Passed    0.97 sec
      Start 565: tests.integration.execute.rocprofv3-test-counter-collection-multiplex
    Test #565: tests.integration.execute.rocprofv3-test-counter-collection-multiplex ........................................................   Passed    0.97 sec
      Start 565: tests.integration.execute.rocprofv3-test-counter-collection-multiplex
    Test #565: tests.integration.execute.rocprofv3-test-counter-collection-multiplex ........................................................   Passed    0.96 sec
      Start 565: tests.integration.execute.rocprofv3-test-counter-collection-multiplex
    Test #565: tests.integration.execute.rocprofv3-test-counter-collection-multiplex ........................................................   Passed    0.95 sec
      Start 565: tests.integration.execute.rocprofv3-test-counter-collection-multiplex
    Test #565: tests.integration.execute.rocprofv3-test-counter-collection-multiplex ........................................................   Passed    0.96 sec
      Start 565: tests.integration.execute.rocprofv3-test-counter-collection-multiplex
    Test #565: tests.integration.execute.rocprofv3-test-counter-collection-multiplex ........................................................   Passed    0.96 sec
      Start 565: tests.integration.execute.rocprofv3-test-counter-collection-multiplex
    Test #565: tests.integration.execute.rocprofv3-test-counter-collection-multiplex ........................................................   Passed    0.96 sec
      Start 565: tests.integration.execute.rocprofv3-test-counter-collection-multiplex
    Test #565: tests.integration.execute.rocprofv3-test-counter-collection-multiplex ........................................................   Passed    0.96 sec
      Start 565: tests.integration.execute.rocprofv3-test-counter-collection-multiplex
    Test #565: tests.integration.execute.rocprofv3-test-counter-collection-multiplex ........................................................   Passed    0.97 sec
      Start 565: tests.integration.execute.rocprofv3-test-counter-collection-multiplex
    Test #565: tests.integration.execute.rocprofv3-test-counter-collection-multiplex ........................................................   Passed    0.96 sec
      Start 565: tests.integration.execute.rocprofv3-test-counter-collection-multiplex
    Test #565: tests.integration.execute.rocprofv3-test-counter-collection-multiplex ........................................................   Passed    0.95 sec
      Start 565: tests.integration.execute.rocprofv3-test-counter-collection-multiplex
    Test #565: tests.integration.execute.rocprofv3-test-counter-collection-multiplex ........................................................   Passed    0.96 sec
      Start 565: tests.integration.execute.rocprofv3-test-counter-collection-multiplex
    Test #565: tests.integration.execute.rocprofv3-test-counter-collection-multiplex ........................................................   Passed    0.95 sec
      Start 565: tests.integration.execute.rocprofv3-test-counter-collection-multiplex
    Test #565: tests.integration.execute.rocprofv3-test-counter-collection-multiplex ........................................................   Passed    0.95 sec
      Start 565: tests.integration.execute.rocprofv3-test-counter-collection-multiplex
    Test #565: tests.integration.execute.rocprofv3-test-counter-collection-multiplex ........................................................   Passed    0.95 sec
      Start 565: tests.integration.execute.rocprofv3-test-counter-collection-multiplex
    Test #565: tests.integration.execute.rocprofv3-test-counter-collection-multiplex ........................................................   Passed    0.96 sec
      Start 565: tests.integration.execute.rocprofv3-test-counter-collection-multiplex
    Test #565: tests.integration.execute.rocprofv3-test-counter-collection-multiplex ........................................................   Passed    0.99 sec
      Start 565: tests.integration.execute.rocprofv3-test-counter-collection-multiplex
    Test #565: tests.integration.execute.rocprofv3-test-counter-collection-multiplex ........................................................   Passed    0.97 sec
      Start 565: tests.integration.execute.rocprofv3-test-counter-collection-multiplex
    Test #565: tests.integration.execute.rocprofv3-test-counter-collection-multiplex ........................................................   Passed    0.97 sec
      Start 565: tests.integration.execute.rocprofv3-test-counter-collection-multiplex
    Test #565: tests.integration.execute.rocprofv3-test-counter-collection-multiplex ........................................................   Passed    0.98 sec
      Start 565: tests.integration.execute.rocprofv3-test-counter-collection-multiplex
    Test #565: tests.integration.execute.rocprofv3-test-counter-collection-multiplex ........................................................   Passed    0.97 sec
      Start 565: tests.integration.execute.rocprofv3-test-counter-collection-multiplex
    Test #565: tests.integration.execute.rocprofv3-test-counter-collection-multiplex ........................................................   Passed    0.96 sec
      Start 565: tests.integration.execute.rocprofv3-test-counter-collection-multiplex
    Test #565: tests.integration.execute.rocprofv3-test-counter-collection-multiplex ........................................................   Passed    0.95 sec
      Start 565: tests.integration.execute.rocprofv3-test-counter-collection-multiplex
    Test #565: tests.integration.execute.rocprofv3-test-counter-collection-multiplex ........................................................   Passed    0.96 sec
      Start 565: tests.integration.execute.rocprofv3-test-counter-collection-multiplex
    Test #565: tests.integration.execute.rocprofv3-test-counter-collection-multiplex ........................................................   Passed    0.96 sec
      Start 565: tests.integration.execute.rocprofv3-test-counter-collection-multiplex
    Test #565: tests.integration.execute.rocprofv3-test-counter-collection-multiplex ........................................................   Passed    0.96 sec
      Start 565: tests.integration.execute.rocprofv3-test-counter-collection-multiplex
    Test #565: tests.integration.execute.rocprofv3-test-counter-collection-multiplex ........................................................   Passed    0.96 sec
      Start 565: tests.integration.execute.rocprofv3-test-counter-collection-multiplex
    Test #565: tests.integration.execute.rocprofv3-test-counter-collection-multiplex ........................................................   Passed    0.96 sec
      Start 565: tests.integration.execute.rocprofv3-test-counter-collection-multiplex
    Test #565: tests.integration.execute.rocprofv3-test-counter-collection-multiplex ........................................................   Passed    0.95 sec
      Start 565: tests.integration.execute.rocprofv3-test-counter-collection-multiplex
    Test #565: tests.integration.execute.rocprofv3-test-counter-collection-multiplex ........................................................   Passed    0.95 sec
      Start 565: tests.integration.execute.rocprofv3-test-counter-collection-multiplex
    Test #565: tests.integration.execute.rocprofv3-test-counter-collection-multiplex ........................................................   Passed    0.97 sec
      Start 565: tests.integration.execute.rocprofv3-test-counter-collection-multiplex
    Test #565: tests.integration.execute.rocprofv3-test-counter-collection-multiplex ........................................................   Passed    0.96 sec
      Start 565: tests.integration.execute.rocprofv3-test-counter-collection-multiplex
    Test #565: tests.integration.execute.rocprofv3-test-counter-collection-multiplex ........................................................   Passed    0.96 sec
      Start 565: tests.integration.execute.rocprofv3-test-counter-collection-multiplex
    Test #565: tests.integration.execute.rocprofv3-test-counter-collection-multiplex ........................................................   Passed    0.98 sec
      Start 565: tests.integration.execute.rocprofv3-test-counter-collection-multiplex
    Test #565: tests.integration.execute.rocprofv3-test-counter-collection-multiplex ........................................................   Passed    0.95 sec
      Start 565: tests.integration.execute.rocprofv3-test-counter-collection-multiplex
    Test #565: tests.integration.execute.rocprofv3-test-counter-collection-multiplex ........................................................   Passed    0.97 sec
      Start 565: tests.integration.execute.rocprofv3-test-counter-collection-multiplex
    Test #565: tests.integration.execute.rocprofv3-test-counter-collection-multiplex ........................................................   Passed    0.98 sec
      Start 565: tests.integration.execute.rocprofv3-test-counter-collection-multiplex
    Test #565: tests.integration.execute.rocprofv3-test-counter-collection-multiplex ........................................................   Passed    0.99 sec
      Start 565: tests.integration.execute.rocprofv3-test-counter-collection-multiplex
    Test #565: tests.integration.execute.rocprofv3-test-counter-collection-multiplex ........................................................   Passed    0.98 sec
      Start 565: tests.integration.execute.rocprofv3-test-counter-collection-multiplex
    Test #565: tests.integration.execute.rocprofv3-test-counter-collection-multiplex ........................................................   Passed    0.97 sec
      Start 565: tests.integration.execute.rocprofv3-test-counter-collection-multiplex
    Test #565: tests.integration.execute.rocprofv3-test-counter-collection-multiplex ........................................................   Passed    1.01 sec
      Start 565: tests.integration.execute.rocprofv3-test-counter-collection-multiplex
    Test #565: tests.integration.execute.rocprofv3-test-counter-collection-multiplex ........................................................   Passed    0.97 sec
      Start 565: tests.integration.execute.rocprofv3-test-counter-collection-multiplex
    Test #565: tests.integration.execute.rocprofv3-test-counter-collection-multiplex ........................................................   Passed    0.97 sec
      Start 565: tests.integration.execute.rocprofv3-test-counter-collection-multiplex
    Test #565: tests.integration.execute.rocprofv3-test-counter-collection-multiplex ........................................................   Passed    0.96 sec
      Start 565: tests.integration.execute.rocprofv3-test-counter-collection-multiplex
    Test #565: tests.integration.execute.rocprofv3-test-counter-collection-multiplex ........................................................   Passed    0.97 sec
      Start 565: tests.integration.execute.rocprofv3-test-counter-collection-multiplex
    Test #565: tests.integration.execute.rocprofv3-test-counter-collection-multiplex ........................................................   Passed    0.96 sec
      Start 565: tests.integration.execute.rocprofv3-test-counter-collection-multiplex
    Test #565: tests.integration.execute.rocprofv3-test-counter-collection-multiplex ........................................................   Passed    0.97 sec
      Start 565: tests.integration.execute.rocprofv3-test-counter-collection-multiplex
    Test #565: tests.integration.execute.rocprofv3-test-counter-collection-multiplex ........................................................   Passed    0.96 sec
      Start 565: tests.integration.execute.rocprofv3-test-counter-collection-multiplex
    Test #565: tests.integration.execute.rocprofv3-test-counter-collection-multiplex ........................................................   Passed    0.97 sec
      Start 565: tests.integration.execute.rocprofv3-test-counter-collection-multiplex
    Test #565: tests.integration.execute.rocprofv3-test-counter-collection-multiplex ........................................................   Passed    0.97 sec
      Start 565: tests.integration.execute.rocprofv3-test-counter-collection-multiplex
    Test #565: tests.integration.execute.rocprofv3-test-counter-collection-multiplex ........................................................   Passed    0.97 sec
      Start 565: tests.integration.execute.rocprofv3-test-counter-collection-multiplex
    Test #565: tests.integration.execute.rocprofv3-test-counter-collection-multiplex ........................................................   Passed    0.97 sec
      Start 565: tests.integration.execute.rocprofv3-test-counter-collection-multiplex
    Test #565: tests.integration.execute.rocprofv3-test-counter-collection-multiplex ........................................................   Passed    0.96 sec
      Start 565: tests.integration.execute.rocprofv3-test-counter-collection-multiplex
    Test #565: tests.integration.execute.rocprofv3-test-counter-collection-multiplex ........................................................   Passed    0.97 sec
      Start 565: tests.integration.execute.rocprofv3-test-counter-collection-multiplex
    Test #565: tests.integration.execute.rocprofv3-test-counter-collection-multiplex ........................................................   Passed    0.96 sec
      Start 565: tests.integration.execute.rocprofv3-test-counter-collection-multiplex
    Test #565: tests.integration.execute.rocprofv3-test-counter-collection-multiplex ........................................................   Passed    1.00 sec
      Start 565: tests.integration.execute.rocprofv3-test-counter-collection-multiplex
    Test #565: tests.integration.execute.rocprofv3-test-counter-collection-multiplex ........................................................   Passed    0.97 sec
      Start 565: tests.integration.execute.rocprofv3-test-counter-collection-multiplex
    Test #565: tests.integration.execute.rocprofv3-test-counter-collection-multiplex ........................................................   Passed    0.98 sec
      Start 565: tests.integration.execute.rocprofv3-test-counter-collection-multiplex
    Test #565: tests.integration.execute.rocprofv3-test-counter-collection-multiplex ........................................................   Passed    0.98 sec
      Start 565: tests.integration.execute.rocprofv3-test-counter-collection-multiplex
    Test #565: tests.integration.execute.rocprofv3-test-counter-collection-multiplex ........................................................   Passed    0.97 sec
      Start 565: tests.integration.execute.rocprofv3-test-counter-collection-multiplex
    Test #565: tests.integration.execute.rocprofv3-test-counter-collection-multiplex ........................................................   Passed    0.96 sec
      Start 565: tests.integration.execute.rocprofv3-test-counter-collection-multiplex
    Test #565: tests.integration.execute.rocprofv3-test-counter-collection-multiplex ........................................................   Passed    0.98 sec
      Start 565: tests.integration.execute.rocprofv3-test-counter-collection-multiplex
    Test #565: tests.integration.execute.rocprofv3-test-counter-collection-multiplex ........................................................   Passed    0.98 sec
      Start 565: tests.integration.execute.rocprofv3-test-counter-collection-multiplex
    Test #565: tests.integration.execute.rocprofv3-test-counter-collection-multiplex ........................................................   Passed    0.97 sec
      Start 565: tests.integration.execute.rocprofv3-test-counter-collection-multiplex
    Test #565: tests.integration.execute.rocprofv3-test-counter-collection-multiplex ........................................................   Passed    0.96 sec
      Start 565: tests.integration.execute.rocprofv3-test-counter-collection-multiplex
    Test #565: tests.integration.execute.rocprofv3-test-counter-collection-multiplex ........................................................   Passed    0.96 sec
      Start 565: tests.integration.execute.rocprofv3-test-counter-collection-multiplex
    Test #565: tests.integration.execute.rocprofv3-test-counter-collection-multiplex ........................................................   Passed    0.96 sec
      Start 565: tests.integration.execute.rocprofv3-test-counter-collection-multiplex
    Test #565: tests.integration.execute.rocprofv3-test-counter-collection-multiplex ........................................................   Passed    0.95 sec
      Start 565: tests.integration.execute.rocprofv3-test-counter-collection-multiplex
    Test #565: tests.integration.execute.rocprofv3-test-counter-collection-multiplex ........................................................   Passed    0.96 sec
      Start 565: tests.integration.execute.rocprofv3-test-counter-collection-multiplex
    Test #565: tests.integration.execute.rocprofv3-test-counter-collection-multiplex ........................................................   Passed    0.96 sec
      Start 565: tests.integration.execute.rocprofv3-test-counter-collection-multiplex
    Test #565: tests.integration.execute.rocprofv3-test-counter-collection-multiplex ........................................................   Passed    0.96 sec
      Start 565: tests.integration.execute.rocprofv3-test-counter-collection-multiplex
    Test #565: tests.integration.execute.rocprofv3-test-counter-collection-multiplex ........................................................   Passed    0.95 sec
      Start 565: tests.integration.execute.rocprofv3-test-counter-collection-multiplex
    Test #565: tests.integration.execute.rocprofv3-test-counter-collection-multiplex ........................................................   Passed    0.95 sec
      Start 565: tests.integration.execute.rocprofv3-test-counter-collection-multiplex
    Test #565: tests.integration.execute.rocprofv3-test-counter-collection-multiplex ........................................................   Passed    0.96 sec
      Start 565: tests.integration.execute.rocprofv3-test-counter-collection-multiplex
    Test #565: tests.integration.execute.rocprofv3-test-counter-collection-multiplex ........................................................   Passed    0.96 sec
      Start 565: tests.integration.execute.rocprofv3-test-counter-collection-multiplex
    Test #565: tests.integration.execute.rocprofv3-test-counter-collection-multiplex ........................................................   Passed    0.96 sec
      Start 565: tests.integration.execute.rocprofv3-test-counter-collection-multiplex
    Test #565: tests.integration.execute.rocprofv3-test-counter-collection-multiplex ........................................................   Passed    0.96 sec
      Start 565: tests.integration.execute.rocprofv3-test-counter-collection-multiplex
    Test #565: tests.integration.execute.rocprofv3-test-counter-collection-multiplex ........................................................   Passed    0.96 sec
      Start 565: tests.integration.execute.rocprofv3-test-counter-collection-multiplex
    Test #565: tests.integration.execute.rocprofv3-test-counter-collection-multiplex ........................................................   Passed    0.96 sec
      Start 565: tests.integration.execute.rocprofv3-test-counter-collection-multiplex
    Test #565: tests.integration.execute.rocprofv3-test-counter-collection-multiplex ........................................................   Passed    0.96 sec
      Start 565: tests.integration.execute.rocprofv3-test-counter-collection-multiplex
    Test #565: tests.integration.execute.rocprofv3-test-counter-collection-multiplex ........................................................   Passed    0.95 sec
      Start 565: tests.integration.execute.rocprofv3-test-counter-collection-multiplex
    Test #565: tests.integration.execute.rocprofv3-test-counter-collection-multiplex ........................................................   Passed    0.96 sec
      Start 565: tests.integration.execute.rocprofv3-test-counter-collection-multiplex
    Test #565: tests.integration.execute.rocprofv3-test-counter-collection-multiplex ........................................................   Passed    0.96 sec
      Start 565: tests.integration.execute.rocprofv3-test-counter-collection-multiplex
    Test #565: tests.integration.execute.rocprofv3-test-counter-collection-multiplex ........................................................   Passed    0.96 sec
      Start 565: tests.integration.execute.rocprofv3-test-counter-collection-multiplex
    Test #565: tests.integration.execute.rocprofv3-test-counter-collection-multiplex ........................................................   Passed    0.96 sec
      Start 565: tests.integration.execute.rocprofv3-test-counter-collection-multiplex
    Test #565: tests.integration.execute.rocprofv3-test-counter-collection-multiplex ........................................................   Passed    0.96 sec
      Start 565: tests.integration.execute.rocprofv3-test-counter-collection-multiplex
    Test #565: tests.integration.execute.rocprofv3-test-counter-collection-multiplex ........................................................   Passed    0.96 sec
      Start 565: tests.integration.execute.rocprofv3-test-counter-collection-multiplex
    Test #565: tests.integration.execute.rocprofv3-test-counter-collection-multiplex ........................................................   Passed    0.95 sec
      Start 565: tests.integration.execute.rocprofv3-test-counter-collection-multiplex
    Test #565: tests.integration.execute.rocprofv3-test-counter-collection-multiplex ........................................................   Passed    0.97 sec
      Start 565: tests.integration.execute.rocprofv3-test-counter-collection-multiplex
    Test #565: tests.integration.execute.rocprofv3-test-counter-collection-multiplex ........................................................   Passed    0.96 sec
      Start 565: tests.integration.execute.rocprofv3-test-counter-collection-multiplex
    Test #565: tests.integration.execute.rocprofv3-test-counter-collection-multiplex ........................................................   Passed    0.95 sec
      Start 565: tests.integration.execute.rocprofv3-test-counter-collection-multiplex
    Test #565: tests.integration.execute.rocprofv3-test-counter-collection-multiplex ........................................................   Passed    0.96 sec
      Start 565: tests.integration.execute.rocprofv3-test-counter-collection-multiplex
    Test #565: tests.integration.execute.rocprofv3-test-counter-collection-multiplex ........................................................   Passed    0.96 sec
      Start 565: tests.integration.execute.rocprofv3-test-counter-collection-multiplex
    Test #565: tests.integration.execute.rocprofv3-test-counter-collection-multiplex ........................................................   Passed    0.96 sec
      Start 565: tests.integration.execute.rocprofv3-test-counter-collection-multiplex
    Test #565: tests.integration.execute.rocprofv3-test-counter-collection-multiplex ........................................................   Passed    0.96 sec
      Start 565: tests.integration.execute.rocprofv3-test-counter-collection-multiplex
    Test #565: tests.integration.execute.rocprofv3-test-counter-collection-multiplex ........................................................   Passed    0.96 sec
      Start 565: tests.integration.execute.rocprofv3-test-counter-collection-multiplex
    Test #565: tests.integration.execute.rocprofv3-test-counter-collection-multiplex ........................................................   Passed    0.96 sec
      Start 565: tests.integration.execute.rocprofv3-test-counter-collection-multiplex
    Test #565: tests.integration.execute.rocprofv3-test-counter-collection-multiplex ........................................................   Passed    0.96 sec
      Start 565: tests.integration.execute.rocprofv3-test-counter-collection-multiplex
    Test #565: tests.integration.execute.rocprofv3-test-counter-collection-multiplex ........................................................   Passed    0.96 sec
      Start 565: tests.integration.execute.rocprofv3-test-counter-collection-multiplex
    Test #565: tests.integration.execute.rocprofv3-test-counter-collection-multiplex ........................................................   Passed    0.96 sec
      Start 565: tests.integration.execute.rocprofv3-test-counter-collection-multiplex
    Test #565: tests.integration.execute.rocprofv3-test-counter-collection-multiplex ........................................................   Passed    0.95 sec
      Start 565: tests.integration.execute.rocprofv3-test-counter-collection-multiplex
    Test #565: tests.integration.execute.rocprofv3-test-counter-collection-multiplex ........................................................   Passed    0.96 sec
      Start 565: tests.integration.execute.rocprofv3-test-counter-collection-multiplex
    Test #565: tests.integration.execute.rocprofv3-test-counter-collection-multiplex ........................................................   Passed    0.96 sec
      Start 565: tests.integration.execute.rocprofv3-test-counter-collection-multiplex
    Test #565: tests.integration.execute.rocprofv3-test-counter-collection-multiplex ........................................................   Passed    0.96 sec
      Start 565: tests.integration.execute.rocprofv3-test-counter-collection-multiplex
    Test #565: tests.integration.execute.rocprofv3-test-counter-collection-multiplex ........................................................   Passed    0.96 sec
      Start 565: tests.integration.execute.rocprofv3-test-counter-collection-multiplex
    Test #565: tests.integration.execute.rocprofv3-test-counter-collection-multiplex ........................................................   Passed    0.96 sec
      Start 565: tests.integration.execute.rocprofv3-test-counter-collection-multiplex
    Test #565: tests.integration.execute.rocprofv3-test-counter-collection-multiplex ........................................................   Passed    0.97 sec
      Start 565: tests.integration.execute.rocprofv3-test-counter-collection-multiplex
    Test #565: tests.integration.execute.rocprofv3-test-counter-collection-multiplex ........................................................   Passed    0.97 sec
      Start 565: tests.integration.execute.rocprofv3-test-counter-collection-multiplex
    Test #565: tests.integration.execute.rocprofv3-test-counter-collection-multiplex ........................................................   Passed    0.95 sec
      Start 565: tests.integration.execute.rocprofv3-test-counter-collection-multiplex
    Test #565: tests.integration.execute.rocprofv3-test-counter-collection-multiplex ........................................................   Passed    0.96 sec
      Start 565: tests.integration.execute.rocprofv3-test-counter-collection-multiplex
    Test #565: tests.integration.execute.rocprofv3-test-counter-collection-multiplex ........................................................   Passed    0.96 sec
      Start 565: tests.integration.execute.rocprofv3-test-counter-collection-multiplex
    Test #565: tests.integration.execute.rocprofv3-test-counter-collection-multiplex ........................................................   Passed    0.96 sec
      Start 565: tests.integration.execute.rocprofv3-test-counter-collection-multiplex
    Test #565: tests.integration.execute.rocprofv3-test-counter-collection-multiplex ........................................................   Passed    0.96 sec
      Start 565: tests.integration.execute.rocprofv3-test-counter-collection-multiplex
    Test #565: tests.integration.execute.rocprofv3-test-counter-collection-multiplex ........................................................   Passed    0.96 sec
      Start 565: tests.integration.execute.rocprofv3-test-counter-collection-multiplex
    Test #565: tests.integration.execute.rocprofv3-test-counter-collection-multiplex ........................................................   Passed    0.95 sec
      Start 565: tests.integration.execute.rocprofv3-test-counter-collection-multiplex
    Test #565: tests.integration.execute.rocprofv3-test-counter-collection-multiplex ........................................................   Passed    0.96 sec
      Start 565: tests.integration.execute.rocprofv3-test-counter-collection-multiplex
    Test #565: tests.integration.execute.rocprofv3-test-counter-collection-multiplex ........................................................   Passed    0.95 sec
      Start 565: tests.integration.execute.rocprofv3-test-counter-collection-multiplex
    Test #565: tests.integration.execute.rocprofv3-test-counter-collection-multiplex ........................................................   Passed    0.96 sec
      Start 565: tests.integration.execute.rocprofv3-test-counter-collection-multiplex
    Test #565: tests.integration.execute.rocprofv3-test-counter-collection-multiplex ........................................................   Passed    0.98 sec
      Start 565: tests.integration.execute.rocprofv3-test-counter-collection-multiplex
    Test #565: tests.integration.execute.rocprofv3-test-counter-collection-multiplex ........................................................   Passed    0.97 sec
      Start 565: tests.integration.execute.rocprofv3-test-counter-collection-multiplex
    Test #565: tests.integration.execute.rocprofv3-test-counter-collection-multiplex ........................................................   Passed    0.96 sec
      Start 565: tests.integration.execute.rocprofv3-test-counter-collection-multiplex
    Test #565: tests.integration.execute.rocprofv3-test-counter-collection-multiplex ........................................................   Passed    0.97 sec
      Start 565: tests.integration.execute.rocprofv3-test-counter-collection-multiplex
    Test #565: tests.integration.execute.rocprofv3-test-counter-collection-multiplex ........................................................   Passed    0.96 sec
      Start 565: tests.integration.execute.rocprofv3-test-counter-collection-multiplex
    Test #565: tests.integration.execute.rocprofv3-test-counter-collection-multiplex ........................................................   Passed    0.96 sec
      Start 565: tests.integration.execute.rocprofv3-test-counter-collection-multiplex
    Test #565: tests.integration.execute.rocprofv3-test-counter-collection-multiplex ........................................................   Passed    0.96 sec
      Start 565: tests.integration.execute.rocprofv3-test-counter-collection-multiplex
    Test #565: tests.integration.execute.rocprofv3-test-counter-collection-multiplex ........................................................   Passed    0.97 sec
      Start 565: tests.integration.execute.rocprofv3-test-counter-collection-multiplex
    Test #565: tests.integration.execute.rocprofv3-test-counter-collection-multiplex ........................................................   Passed    0.98 sec
      Start 565: tests.integration.execute.rocprofv3-test-counter-collection-multiplex
    Test #565: tests.integration.execute.rocprofv3-test-counter-collection-multiplex ........................................................   Passed    0.98 sec
      Start 565: tests.integration.execute.rocprofv3-test-counter-collection-multiplex
    Test #565: tests.integration.execute.rocprofv3-test-counter-collection-multiplex ........................................................   Passed    0.97 sec
      Start 565: tests.integration.execute.rocprofv3-test-counter-collection-multiplex
    Test #565: tests.integration.execute.rocprofv3-test-counter-collection-multiplex ........................................................   Passed    0.97 sec
      Start 565: tests.integration.execute.rocprofv3-test-counter-collection-multiplex
    Test #565: tests.integration.execute.rocprofv3-test-counter-collection-multiplex ........................................................   Passed    0.96 sec
      Start 565: tests.integration.execute.rocprofv3-test-counter-collection-multiplex
    Test #565: tests.integration.execute.rocprofv3-test-counter-collection-multiplex ........................................................   Passed    0.97 sec
      Start 565: tests.integration.execute.rocprofv3-test-counter-collection-multiplex
    Test #565: tests.integration.execute.rocprofv3-test-counter-collection-multiplex ........................................................   Passed    0.97 sec
      Start 565: tests.integration.execute.rocprofv3-test-counter-collection-multiplex
    Test #565: tests.integration.execute.rocprofv3-test-counter-collection-multiplex ........................................................   Passed    0.96 sec
      Start 565: tests.integration.execute.rocprofv3-test-counter-collection-multiplex
    Test #565: tests.integration.execute.rocprofv3-test-counter-collection-multiplex ........................................................   Passed    0.97 sec
      Start 565: tests.integration.execute.rocprofv3-test-counter-collection-multiplex
    Test #565: tests.integration.execute.rocprofv3-test-counter-collection-multiplex ........................................................   Passed    0.98 sec
      Start 565: tests.integration.execute.rocprofv3-test-counter-collection-multiplex
    Test #565: tests.integration.execute.rocprofv3-test-counter-collection-multiplex ........................................................   Passed    0.96 sec
      Start 565: tests.integration.execute.rocprofv3-test-counter-collection-multiplex
    Test #565: tests.integration.execute.rocprofv3-test-counter-collection-multiplex ........................................................   Passed    0.97 sec
      Start 565: tests.integration.execute.rocprofv3-test-counter-collection-multiplex
    Test #565: tests.integration.execute.rocprofv3-test-counter-collection-multiplex ........................................................   Passed    0.97 sec
      Start 565: tests.integration.execute.rocprofv3-test-counter-collection-multiplex
    Test #565: tests.integration.execute.rocprofv3-test-counter-collection-multiplex ........................................................   Passed    0.98 sec
      Start 565: tests.integration.execute.rocprofv3-test-counter-collection-multiplex
    Test #565: tests.integration.execute.rocprofv3-test-counter-collection-multiplex ........................................................   Passed    0.98 sec
      Start 565: tests.integration.execute.rocprofv3-test-counter-collection-multiplex
    Test #565: tests.integration.execute.rocprofv3-test-counter-collection-multiplex ........................................................   Passed    0.98 sec
      Start 565: tests.integration.execute.rocprofv3-test-counter-collection-multiplex
    Test #565: tests.integration.execute.rocprofv3-test-counter-collection-multiplex ........................................................   Passed    0.98 sec
      Start 565: tests.integration.execute.rocprofv3-test-counter-collection-multiplex
    Test #565: tests.integration.execute.rocprofv3-test-counter-collection-multiplex ........................................................   Passed    1.01 sec
      Start 565: tests.integration.execute.rocprofv3-test-counter-collection-multiplex
    Test #565: tests.integration.execute.rocprofv3-test-counter-collection-multiplex ........................................................   Passed    0.98 sec
      Start 565: tests.integration.execute.rocprofv3-test-counter-collection-multiplex
    Test #565: tests.integration.execute.rocprofv3-test-counter-collection-multiplex ........................................................   Passed    0.98 sec
      Start 565: tests.integration.execute.rocprofv3-test-counter-collection-multiplex
    Test #565: tests.integration.execute.rocprofv3-test-counter-collection-multiplex ........................................................   Passed    0.97 sec
      Start 565: tests.integration.execute.rocprofv3-test-counter-collection-multiplex
    Test #565: tests.integration.execute.rocprofv3-test-counter-collection-multiplex ........................................................   Passed    0.97 sec
      Start 565: tests.integration.execute.rocprofv3-test-counter-collection-multiplex
    Test #565: tests.integration.execute.rocprofv3-test-counter-collection-multiplex ........................................................   Passed    0.97 sec
      Start 565: tests.integration.execute.rocprofv3-test-counter-collection-multiplex
    Test #565: tests.integration.execute.rocprofv3-test-counter-collection-multiplex ........................................................   Passed    0.97 sec
      Start 565: tests.integration.execute.rocprofv3-test-counter-collection-multiplex
    Test #565: tests.integration.execute.rocprofv3-test-counter-collection-multiplex ........................................................   Passed    0.98 sec
      Start 565: tests.integration.execute.rocprofv3-test-counter-collection-multiplex
    Test #565: tests.integration.execute.rocprofv3-test-counter-collection-multiplex ........................................................   Passed    0.96 sec
      Start 565: tests.integration.execute.rocprofv3-test-counter-collection-multiplex
    Test #565: tests.integration.execute.rocprofv3-test-counter-collection-multiplex ........................................................   Passed    0.98 sec
      Start 565: tests.integration.execute.rocprofv3-test-counter-collection-multiplex
    Test #565: tests.integration.execute.rocprofv3-test-counter-collection-multiplex ........................................................   Passed    0.97 sec
      Start 565: tests.integration.execute.rocprofv3-test-counter-collection-multiplex
    Test #565: tests.integration.execute.rocprofv3-test-counter-collection-multiplex ........................................................   Passed    0.97 sec
      Start 565: tests.integration.execute.rocprofv3-test-counter-collection-multiplex
    Test #565: tests.integration.execute.rocprofv3-test-counter-collection-multiplex ........................................................   Passed    0.97 sec
      Start 565: tests.integration.execute.rocprofv3-test-counter-collection-multiplex
    Test #565: tests.integration.execute.rocprofv3-test-counter-collection-multiplex ........................................................   Passed    0.98 sec
      Start 565: tests.integration.execute.rocprofv3-test-counter-collection-multiplex
    Test #565: tests.integration.execute.rocprofv3-test-counter-collection-multiplex ........................................................   Passed    0.98 sec
      Start 565: tests.integration.execute.rocprofv3-test-counter-collection-multiplex
    Test #565: tests.integration.execute.rocprofv3-test-counter-collection-multiplex ........................................................   Passed    0.98 sec
      Start 565: tests.integration.execute.rocprofv3-test-counter-collection-multiplex
    Test #565: tests.integration.execute.rocprofv3-test-counter-collection-multiplex ........................................................   Passed    0.97 sec
      Start 565: tests.integration.execute.rocprofv3-test-counter-collection-multiplex
    Test #565: tests.integration.execute.rocprofv3-test-counter-collection-multiplex ........................................................   Passed    0.97 sec
      Start 565: tests.integration.execute.rocprofv3-test-counter-collection-multiplex
    Test #565: tests.integration.execute.rocprofv3-test-counter-collection-multiplex ........................................................   Passed    0.97 sec
      Start 565: tests.integration.execute.rocprofv3-test-counter-collection-multiplex
    Test #565: tests.integration.execute.rocprofv3-test-counter-collection-multiplex ........................................................   Passed    0.97 sec
      Start 565: tests.integration.execute.rocprofv3-test-counter-collection-multiplex
    Test #565: tests.integration.execute.rocprofv3-test-counter-collection-multiplex ........................................................   Passed    0.98 sec
      Start 565: tests.integration.execute.rocprofv3-test-counter-collection-multiplex
    Test #565: tests.integration.execute.rocprofv3-test-counter-collection-multiplex ........................................................   Passed    0.96 sec
      Start 565: tests.integration.execute.rocprofv3-test-counter-collection-multiplex
    Test #565: tests.integration.execute.rocprofv3-test-counter-collection-multiplex ........................................................   Passed    0.98 sec
      Start 565: tests.integration.execute.rocprofv3-test-counter-collection-multiplex
    Test #565: tests.integration.execute.rocprofv3-test-counter-collection-multiplex ........................................................   Passed    0.98 sec
      Start 565: tests.integration.execute.rocprofv3-test-counter-collection-multiplex
    Test #565: tests.integration.execute.rocprofv3-test-counter-collection-multiplex ........................................................   Passed    0.98 sec
      Start 565: tests.integration.execute.rocprofv3-test-counter-collection-multiplex
    Test #565: tests.integration.execute.rocprofv3-test-counter-collection-multiplex ........................................................   Passed    0.98 sec
      Start 565: tests.integration.execute.rocprofv3-test-counter-collection-multiplex
    Test #565: tests.integration.execute.rocprofv3-test-counter-collection-multiplex ........................................................   Passed    0.97 sec
      Start 565: tests.integration.execute.rocprofv3-test-counter-collection-multiplex
    Test #565: tests.integration.execute.rocprofv3-test-counter-collection-multiplex ........................................................   Passed    0.97 sec
      Start 565: tests.integration.execute.rocprofv3-test-counter-collection-multiplex
    Test #565: tests.integration.execute.rocprofv3-test-counter-collection-multiplex ........................................................   Passed    0.99 sec
      Start 565: tests.integration.execute.rocprofv3-test-counter-collection-multiplex
    Test #565: tests.integration.execute.rocprofv3-test-counter-collection-multiplex ........................................................   Passed    0.97 sec
      Start 565: tests.integration.execute.rocprofv3-test-counter-collection-multiplex
    Test #565: tests.integration.execute.rocprofv3-test-counter-collection-multiplex ........................................................   Passed    0.97 sec
      Start 565: tests.integration.execute.rocprofv3-test-counter-collection-multiplex
    Test #565: tests.integration.execute.rocprofv3-test-counter-collection-multiplex ........................................................   Passed    0.97 sec
      Start 565: tests.integration.execute.rocprofv3-test-counter-collection-multiplex
    Test #565: tests.integration.execute.rocprofv3-test-counter-collection-multiplex ........................................................   Passed    0.97 sec
      Start 565: tests.integration.execute.rocprofv3-test-counter-collection-multiplex
    Test #565: tests.integration.execute.rocprofv3-test-counter-collection-multiplex ........................................................   Passed    0.98 sec
      Start 565: tests.integration.execute.rocprofv3-test-counter-collection-multiplex
    Test #565: tests.integration.execute.rocprofv3-test-counter-collection-multiplex ........................................................   Passed    0.97 sec
      Start 565: tests.integration.execute.rocprofv3-test-counter-collection-multiplex
    Test #565: tests.integration.execute.rocprofv3-test-counter-collection-multiplex ........................................................   Passed    0.97 sec
      Start 565: tests.integration.execute.rocprofv3-test-counter-collection-multiplex
    Test #565: tests.integration.execute.rocprofv3-test-counter-collection-multiplex ........................................................   Passed    0.98 sec
      Start 565: tests.integration.execute.rocprofv3-test-counter-collection-multiplex
    Test #565: tests.integration.execute.rocprofv3-test-counter-collection-multiplex ........................................................   Passed    0.97 sec
      Start 565: tests.integration.execute.rocprofv3-test-counter-collection-multiplex
    Test #565: tests.integration.execute.rocprofv3-test-counter-collection-multiplex ........................................................   Passed    0.96 sec
      Start 565: tests.integration.execute.rocprofv3-test-counter-collection-multiplex
    Test #565: tests.integration.execute.rocprofv3-test-counter-collection-multiplex ........................................................   Passed    0.97 sec
      Start 565: tests.integration.execute.rocprofv3-test-counter-collection-multiplex
    Test #565: tests.integration.execute.rocprofv3-test-counter-collection-multiplex ........................................................   Passed    0.97 sec
      Start 565: tests.integration.execute.rocprofv3-test-counter-collection-multiplex
    Test #565: tests.integration.execute.rocprofv3-test-counter-collection-multiplex ........................................................   Passed    0.97 sec
      Start 565: tests.integration.execute.rocprofv3-test-counter-collection-multiplex
    Test #565: tests.integration.execute.rocprofv3-test-counter-collection-multiplex ........................................................   Passed    0.97 sec
      Start 565: tests.integration.execute.rocprofv3-test-counter-collection-multiplex
    Test #565: tests.integration.execute.rocprofv3-test-counter-collection-multiplex ........................................................   Passed    0.97 sec
      Start 565: tests.integration.execute.rocprofv3-test-counter-collection-multiplex
    Test #565: tests.integration.execute.rocprofv3-test-counter-collection-multiplex ........................................................   Passed    0.97 sec
      Start 565: tests.integration.execute.rocprofv3-test-counter-collection-multiplex
    Test #565: tests.integration.execute.rocprofv3-test-counter-collection-multiplex ........................................................   Passed    0.98 sec
      Start 565: tests.integration.execute.rocprofv3-test-counter-collection-multiplex
    Test #565: tests.integration.execute.rocprofv3-test-counter-collection-multiplex ........................................................   Passed    0.97 sec
      Start 565: tests.integration.execute.rocprofv3-test-counter-collection-multiplex
    Test #565: tests.integration.execute.rocprofv3-test-counter-collection-multiplex ........................................................   Passed    0.97 sec
      Start 565: tests.integration.execute.rocprofv3-test-counter-collection-multiplex
    Test #565: tests.integration.execute.rocprofv3-test-counter-collection-multiplex ........................................................   Passed    0.98 sec
      Start 565: tests.integration.execute.rocprofv3-test-counter-collection-multiplex
    Test #565: tests.integration.execute.rocprofv3-test-counter-collection-multiplex ........................................................   Passed    0.98 sec
      Start 565: tests.integration.execute.rocprofv3-test-counter-collection-multiplex
    Test #565: tests.integration.execute.rocprofv3-test-counter-collection-multiplex ........................................................   Passed    0.98 sec
      Start 565: tests.integration.execute.rocprofv3-test-counter-collection-multiplex
    Test #565: tests.integration.execute.rocprofv3-test-counter-collection-multiplex ........................................................   Passed    0.98 sec
      Start 565: tests.integration.execute.rocprofv3-test-counter-collection-multiplex
    Test #565: tests.integration.execute.rocprofv3-test-counter-collection-multiplex ........................................................   Passed    0.98 sec
      Start 565: tests.integration.execute.rocprofv3-test-counter-collection-multiplex
    Test #565: tests.integration.execute.rocprofv3-test-counter-collection-multiplex ........................................................   Passed    0.99 sec
      Start 565: tests.integration.execute.rocprofv3-test-counter-collection-multiplex
    Test #565: tests.integration.execute.rocprofv3-test-counter-collection-multiplex ........................................................   Passed    0.97 sec
      Start 565: tests.integration.execute.rocprofv3-test-counter-collection-multiplex
    Test #565: tests.integration.execute.rocprofv3-test-counter-collection-multiplex ........................................................   Passed    0.98 sec
      Start 565: tests.integration.execute.rocprofv3-test-counter-collection-multiplex
    Test #565: tests.integration.execute.rocprofv3-test-counter-collection-multiplex ........................................................   Passed    0.97 sec
      Start 565: tests.integration.execute.rocprofv3-test-counter-collection-multiplex
    Test #565: tests.integration.execute.rocprofv3-test-counter-collection-multiplex ........................................................   Passed    0.98 sec
      Start 565: tests.integration.execute.rocprofv3-test-counter-collection-multiplex
    Test #565: tests.integration.execute.rocprofv3-test-counter-collection-multiplex ........................................................   Passed    0.97 sec
      Start 565: tests.integration.execute.rocprofv3-test-counter-collection-multiplex
    Test #565: tests.integration.execute.rocprofv3-test-counter-collection-multiplex ........................................................   Passed    0.97 sec
      Start 565: tests.integration.execute.rocprofv3-test-counter-collection-multiplex
    Test #565: tests.integration.execute.rocprofv3-test-counter-collection-multiplex ........................................................   Passed    0.98 sec
      Start 565: tests.integration.execute.rocprofv3-test-counter-collection-multiplex
    Test #565: tests.integration.execute.rocprofv3-test-counter-collection-multiplex ........................................................   Passed    0.96 sec
      Start 565: tests.integration.execute.rocprofv3-test-counter-collection-multiplex
    Test #565: tests.integration.execute.rocprofv3-test-counter-collection-multiplex ........................................................   Passed    0.97 sec
      Start 565: tests.integration.execute.rocprofv3-test-counter-collection-multiplex
    Test #565: tests.integration.execute.rocprofv3-test-counter-collection-multiplex ........................................................   Passed    0.97 sec
      Start 565: tests.integration.execute.rocprofv3-test-counter-collection-multiplex
    Test #565: tests.integration.execute.rocprofv3-test-counter-collection-multiplex ........................................................   Passed    0.97 sec
      Start 565: tests.integration.execute.rocprofv3-test-counter-collection-multiplex
    Test #565: tests.integration.execute.rocprofv3-test-counter-collection-multiplex ........................................................   Passed    0.98 sec
      Start 565: tests.integration.execute.rocprofv3-test-counter-collection-multiplex
    Test #565: tests.integration.execute.rocprofv3-test-counter-collection-multiplex ........................................................   Passed    0.98 sec
      Start 565: tests.integration.execute.rocprofv3-test-counter-collection-multiplex
    Test #565: tests.integration.execute.rocprofv3-test-counter-collection-multiplex ........................................................   Passed    0.97 sec
      Start 565: tests.integration.execute.rocprofv3-test-counter-collection-multiplex
    Test #565: tests.integration.execute.rocprofv3-test-counter-collection-multiplex ........................................................   Passed    0.97 sec
      Start 565: tests.integration.execute.rocprofv3-test-counter-collection-multiplex
    Test #565: tests.integration.execute.rocprofv3-test-counter-collection-multiplex ........................................................   Passed    0.96 sec
      Start 565: tests.integration.execute.rocprofv3-test-counter-collection-multiplex
    Test #565: tests.integration.execute.rocprofv3-test-counter-collection-multiplex ........................................................   Passed    0.97 sec
      Start 565: tests.integration.execute.rocprofv3-test-counter-collection-multiplex
    Test #565: tests.integration.execute.rocprofv3-test-counter-collection-multiplex ........................................................   Passed    0.97 sec
      Start 565: tests.integration.execute.rocprofv3-test-counter-collection-multiplex
    Test #565: tests.integration.execute.rocprofv3-test-counter-collection-multiplex ........................................................   Passed    0.97 sec
      Start 565: tests.integration.execute.rocprofv3-test-counter-collection-multiplex
    Test #565: tests.integration.execute.rocprofv3-test-counter-collection-multiplex ........................................................   Passed    0.97 sec
      Start 565: tests.integration.execute.rocprofv3-test-counter-collection-multiplex
    Test #565: tests.integration.execute.rocprofv3-test-counter-collection-multiplex ........................................................   Passed    0.97 sec
      Start 565: tests.integration.execute.rocprofv3-test-counter-collection-multiplex
    Test #565: tests.integration.execute.rocprofv3-test-counter-collection-multiplex ........................................................   Passed    0.97 sec
      Start 565: tests.integration.execute.rocprofv3-test-counter-collection-multiplex
    Test #565: tests.integration.execute.rocprofv3-test-counter-collection-multiplex ........................................................   Passed    0.96 sec
      Start 565: tests.integration.execute.rocprofv3-test-counter-collection-multiplex
    Test #565: tests.integration.execute.rocprofv3-test-counter-collection-multiplex ........................................................   Passed    0.96 sec
      Start 565: tests.integration.execute.rocprofv3-test-counter-collection-multiplex
    Test #565: tests.integration.execute.rocprofv3-test-counter-collection-multiplex ........................................................   Passed    0.96 sec
      Start 565: tests.integration.execute.rocprofv3-test-counter-collection-multiplex
    Test #565: tests.integration.execute.rocprofv3-test-counter-collection-multiplex ........................................................   Passed    0.97 sec
      Start 565: tests.integration.execute.rocprofv3-test-counter-collection-multiplex
    Test #565: tests.integration.execute.rocprofv3-test-counter-collection-multiplex ........................................................   Passed    0.98 sec
      Start 565: tests.integration.execute.rocprofv3-test-counter-collection-multiplex
    Test #565: tests.integration.execute.rocprofv3-test-counter-collection-multiplex ........................................................   Passed    0.98 sec
      Start 565: tests.integration.execute.rocprofv3-test-counter-collection-multiplex
    Test #565: tests.integration.execute.rocprofv3-test-counter-collection-multiplex ........................................................   Passed    0.98 sec
      Start 565: tests.integration.execute.rocprofv3-test-counter-collection-multiplex
    Test #565: tests.integration.execute.rocprofv3-test-counter-collection-multiplex ........................................................   Passed    0.98 sec
      Start 565: tests.integration.execute.rocprofv3-test-counter-collection-multiplex
    Test #565: tests.integration.execute.rocprofv3-test-counter-collection-multiplex ........................................................   Passed    0.98 sec
      Start 565: tests.integration.execute.rocprofv3-test-counter-collection-multiplex
    Test #565: tests.integration.execute.rocprofv3-test-counter-collection-multiplex ........................................................   Passed    0.97 sec
      Start 565: tests.integration.execute.rocprofv3-test-counter-collection-multiplex
    Test #565: tests.integration.execute.rocprofv3-test-counter-collection-multiplex ........................................................   Passed    0.97 sec
      Start 565: tests.integration.execute.rocprofv3-test-counter-collection-multiplex
    Test #565: tests.integration.execute.rocprofv3-test-counter-collection-multiplex ........................................................   Passed    0.97 sec
      Start 565: tests.integration.execute.rocprofv3-test-counter-collection-multiplex
    Test #565: tests.integration.execute.rocprofv3-test-counter-collection-multiplex ........................................................   Passed    0.98 sec
      Start 565: tests.integration.execute.rocprofv3-test-counter-collection-multiplex
    Test #565: tests.integration.execute.rocprofv3-test-counter-collection-multiplex ........................................................   Passed    0.97 sec
      Start 565: tests.integration.execute.rocprofv3-test-counter-collection-multiplex
    Test #565: tests.integration.execute.rocprofv3-test-counter-collection-multiplex ........................................................   Passed    0.97 sec
      Start 565: tests.integration.execute.rocprofv3-test-counter-collection-multiplex
    Test #565: tests.integration.execute.rocprofv3-test-counter-collection-multiplex ........................................................   Passed    0.98 sec
      Start 565: tests.integration.execute.rocprofv3-test-counter-collection-multiplex
    Test #565: tests.integration.execute.rocprofv3-test-counter-collection-multiplex ........................................................   Passed    0.98 sec
      Start 565: tests.integration.execute.rocprofv3-test-counter-collection-multiplex
    Test #565: tests.integration.execute.rocprofv3-test-counter-collection-multiplex ........................................................   Passed    0.98 sec
      Start 565: tests.integration.execute.rocprofv3-test-counter-collection-multiplex
    Test #565: tests.integration.execute.rocprofv3-test-counter-collection-multiplex ........................................................   Passed    0.97 sec
      Start 565: tests.integration.execute.rocprofv3-test-counter-collection-multiplex
    Test #565: tests.integration.execute.rocprofv3-test-counter-collection-multiplex ........................................................   Passed    0.97 sec
      Start 565: tests.integration.execute.rocprofv3-test-counter-collection-multiplex
    Test #565: tests.integration.execute.rocprofv3-test-counter-collection-multiplex ........................................................   Passed    0.97 sec
      Start 565: tests.integration.execute.rocprofv3-test-counter-collection-multiplex
    Test #565: tests.integration.execute.rocprofv3-test-counter-collection-multiplex ........................................................   Passed    0.98 sec
      Start 565: tests.integration.execute.rocprofv3-test-counter-collection-multiplex
    Test #565: tests.integration.execute.rocprofv3-test-counter-collection-multiplex ........................................................   Passed    0.97 sec
      Start 565: tests.integration.execute.rocprofv3-test-counter-collection-multiplex
    Test #565: tests.integration.execute.rocprofv3-test-counter-collection-multiplex ........................................................   Passed    0.97 sec
      Start 565: tests.integration.execute.rocprofv3-test-counter-collection-multiplex
    Test #565: tests.integration.execute.rocprofv3-test-counter-collection-multiplex ........................................................   Passed    0.97 sec
      Start 565: tests.integration.execute.rocprofv3-test-counter-collection-multiplex
    Test #565: tests.integration.execute.rocprofv3-test-counter-collection-multiplex ........................................................   Passed    0.99 sec
      Start 565: tests.integration.execute.rocprofv3-test-counter-collection-multiplex
    Test #565: tests.integration.execute.rocprofv3-test-counter-collection-multiplex ........................................................   Passed    0.97 sec
      Start 565: tests.integration.execute.rocprofv3-test-counter-collection-multiplex
    Test #565: tests.integration.execute.rocprofv3-test-counter-collection-multiplex ........................................................   Passed    0.97 sec
      Start 565: tests.integration.execute.rocprofv3-test-counter-collection-multiplex
    Test #565: tests.integration.execute.rocprofv3-test-counter-collection-multiplex ........................................................   Passed    0.97 sec
      Start 565: tests.integration.execute.rocprofv3-test-counter-collection-multiplex
    Test #565: tests.integration.execute.rocprofv3-test-counter-collection-multiplex ........................................................   Passed    0.97 sec
      Start 565: tests.integration.execute.rocprofv3-test-counter-collection-multiplex
    Test #565: tests.integration.execute.rocprofv3-test-counter-collection-multiplex ........................................................   Passed    0.97 sec
      Start 565: tests.integration.execute.rocprofv3-test-counter-collection-multiplex
    Test #565: tests.integration.execute.rocprofv3-test-counter-collection-multiplex ........................................................   Passed    0.97 sec
      Start 565: tests.integration.execute.rocprofv3-test-counter-collection-multiplex
    Test #565: tests.integration.execute.rocprofv3-test-counter-collection-multiplex ........................................................   Passed    0.98 sec
      Start 565: tests.integration.execute.rocprofv3-test-counter-collection-multiplex
    Test #565: tests.integration.execute.rocprofv3-test-counter-collection-multiplex ........................................................   Passed    0.97 sec
      Start 565: tests.integration.execute.rocprofv3-test-counter-collection-multiplex
    Test #565: tests.integration.execute.rocprofv3-test-counter-collection-multiplex ........................................................   Passed    0.96 sec
      Start 565: tests.integration.execute.rocprofv3-test-counter-collection-multiplex
    Test #565: tests.integration.execute.rocprofv3-test-counter-collection-multiplex ........................................................   Passed    0.99 sec
      Start 565: tests.integration.execute.rocprofv3-test-counter-collection-multiplex
    Test #565: tests.integration.execute.rocprofv3-test-counter-collection-multiplex ........................................................   Passed    0.97 sec
      Start 565: tests.integration.execute.rocprofv3-test-counter-collection-multiplex
    Test #565: tests.integration.execute.rocprofv3-test-counter-collection-multiplex ........................................................   Passed    0.97 sec
      Start 565: tests.integration.execute.rocprofv3-test-counter-collection-multiplex
    Test #565: tests.integration.execute.rocprofv3-test-counter-collection-multiplex ........................................................   Passed    0.97 sec
      Start 565: tests.integration.execute.rocprofv3-test-counter-collection-multiplex
    Test #565: tests.integration.execute.rocprofv3-test-counter-collection-multiplex ........................................................   Passed    0.97 sec
      Start 565: tests.integration.execute.rocprofv3-test-counter-collection-multiplex
    Test #565: tests.integration.execute.rocprofv3-test-counter-collection-multiplex ........................................................   Passed    0.98 sec
      Start 565: tests.integration.execute.rocprofv3-test-counter-collection-multiplex
    Test #565: tests.integration.execute.rocprofv3-test-counter-collection-multiplex ........................................................   Passed    0.97 sec
      Start 565: tests.integration.execute.rocprofv3-test-counter-collection-multiplex
    Test #565: tests.integration.execute.rocprofv3-test-counter-collection-multiplex ........................................................   Passed    0.98 sec
      Start 565: tests.integration.execute.rocprofv3-test-counter-collection-multiplex
    Test #565: tests.integration.execute.rocprofv3-test-counter-collection-multiplex ........................................................   Passed    0.97 sec
      Start 565: tests.integration.execute.rocprofv3-test-counter-collection-multiplex
    Test #565: tests.integration.execute.rocprofv3-test-counter-collection-multiplex ........................................................   Passed    0.97 sec
      Start 565: tests.integration.execute.rocprofv3-test-counter-collection-multiplex
    Test #565: tests.integration.execute.rocprofv3-test-counter-collection-multiplex ........................................................   Passed    0.97 sec
      Start 565: tests.integration.execute.rocprofv3-test-counter-collection-multiplex
    Test #565: tests.integration.execute.rocprofv3-test-counter-collection-multiplex ........................................................   Passed    0.97 sec
      Start 565: tests.integration.execute.rocprofv3-test-counter-collection-multiplex
    Test #565: tests.integration.execute.rocprofv3-test-counter-collection-multiplex ........................................................   Passed    0.97 sec
      Start 565: tests.integration.execute.rocprofv3-test-counter-collection-multiplex
    Test #565: tests.integration.execute.rocprofv3-test-counter-collection-multiplex ........................................................   Passed    0.98 sec
      Start 565: tests.integration.execute.rocprofv3-test-counter-collection-multiplex
    Test #565: tests.integration.execute.rocprofv3-test-counter-collection-multiplex ........................................................   Passed    0.98 sec
      Start 565: tests.integration.execute.rocprofv3-test-counter-collection-multiplex
    Test #565: tests.integration.execute.rocprofv3-test-counter-collection-multiplex ........................................................   Passed    0.98 sec
      Start 565: tests.integration.execute.rocprofv3-test-counter-collection-multiplex
    Test #565: tests.integration.execute.rocprofv3-test-counter-collection-multiplex ........................................................   Passed    0.98 sec
      Start 565: tests.integration.execute.rocprofv3-test-counter-collection-multiplex
    Test #565: tests.integration.execute.rocprofv3-test-counter-collection-multiplex ........................................................   Passed    0.97 sec
      Start 565: tests.integration.execute.rocprofv3-test-counter-collection-multiplex
    Test #565: tests.integration.execute.rocprofv3-test-counter-collection-multiplex ........................................................   Passed    0.98 sec
      Start 565: tests.integration.execute.rocprofv3-test-counter-collection-multiplex
    Test #565: tests.integration.execute.rocprofv3-test-counter-collection-multiplex ........................................................   Passed    0.98 sec
      Start 565: tests.integration.execute.rocprofv3-test-counter-collection-multiplex
    Test #565: tests.integration.execute.rocprofv3-test-counter-collection-multiplex ........................................................   Passed    0.99 sec
      Start 565: tests.integration.execute.rocprofv3-test-counter-collection-multiplex
    Test #565: tests.integration.execute.rocprofv3-test-counter-collection-multiplex ........................................................   Passed    0.97 sec
      Start 565: tests.integration.execute.rocprofv3-test-counter-collection-multiplex
    Test #565: tests.integration.execute.rocprofv3-test-counter-collection-multiplex ........................................................   Passed    0.96 sec
      Start 565: tests.integration.execute.rocprofv3-test-counter-collection-multiplex
    Test #565: tests.integration.execute.rocprofv3-test-counter-collection-multiplex ........................................................   Passed    0.97 sec
      Start 565: tests.integration.execute.rocprofv3-test-counter-collection-multiplex
    Test #565: tests.integration.execute.rocprofv3-test-counter-collection-multiplex ........................................................   Passed    0.97 sec
      Start 565: tests.integration.execute.rocprofv3-test-counter-collection-multiplex
    Test #565: tests.integration.execute.rocprofv3-test-counter-collection-multiplex ........................................................   Passed    0.97 sec
      Start 565: tests.integration.execute.rocprofv3-test-counter-collection-multiplex
    Test #565: tests.integration.execute.rocprofv3-test-counter-collection-multiplex ........................................................   Passed    0.97 sec
      Start 565: tests.integration.execute.rocprofv3-test-counter-collection-multiplex
    Test #565: tests.integration.execute.rocprofv3-test-counter-collection-multiplex ........................................................   Passed    0.98 sec
      Start 565: tests.integration.execute.rocprofv3-test-counter-collection-multiplex
    Test #565: tests.integration.execute.rocprofv3-test-counter-collection-multiplex ........................................................   Passed    0.98 sec
      Start 565: tests.integration.execute.rocprofv3-test-counter-collection-multiplex
    Test #565: tests.integration.execute.rocprofv3-test-counter-collection-multiplex ........................................................   Passed    0.98 sec
      Start 565: tests.integration.execute.rocprofv3-test-counter-collection-multiplex
    Test #565: tests.integration.execute.rocprofv3-test-counter-collection-multiplex ........................................................   Passed    0.97 sec
      Start 565: tests.integration.execute.rocprofv3-test-counter-collection-multiplex
    Test #565: tests.integration.execute.rocprofv3-test-counter-collection-multiplex ........................................................   Passed    0.98 sec
      Start 565: tests.integration.execute.rocprofv3-test-counter-collection-multiplex
    Test #565: tests.integration.execute.rocprofv3-test-counter-collection-multiplex ........................................................   Passed    0.99 sec
      Start 565: tests.integration.execute.rocprofv3-test-counter-collection-multiplex
    Test #565: tests.integration.execute.rocprofv3-test-counter-collection-multiplex ........................................................   Passed    0.98 sec
      Start 565: tests.integration.execute.rocprofv3-test-counter-collection-multiplex
    Test #565: tests.integration.execute.rocprofv3-test-counter-collection-multiplex ........................................................   Passed    0.99 sec
      Start 565: tests.integration.execute.rocprofv3-test-counter-collection-multiplex
    Test #565: tests.integration.execute.rocprofv3-test-counter-collection-multiplex ........................................................   Passed    0.97 sec
      Start 565: tests.integration.execute.rocprofv3-test-counter-collection-multiplex
    Test #565: tests.integration.execute.rocprofv3-test-counter-collection-multiplex ........................................................   Passed    0.97 sec
      Start 565: tests.integration.execute.rocprofv3-test-counter-collection-multiplex
    Test #565: tests.integration.execute.rocprofv3-test-counter-collection-multiplex ........................................................   Passed    0.97 sec
      Start 565: tests.integration.execute.rocprofv3-test-counter-collection-multiplex
    Test #565: tests.integration.execute.rocprofv3-test-counter-collection-multiplex ........................................................   Passed    0.97 sec
      Start 565: tests.integration.execute.rocprofv3-test-counter-collection-multiplex
    Test #565: tests.integration.execute.rocprofv3-test-counter-collection-multiplex ........................................................   Passed    0.96 sec
      Start 565: tests.integration.execute.rocprofv3-test-counter-collection-multiplex
    Test #565: tests.integration.execute.rocprofv3-test-counter-collection-multiplex ........................................................   Passed    0.96 sec
      Start 565: tests.integration.execute.rocprofv3-test-counter-collection-multiplex
    Test #565: tests.integration.execute.rocprofv3-test-counter-collection-multiplex ........................................................   Passed    0.96 sec
      Start 565: tests.integration.execute.rocprofv3-test-counter-collection-multiplex
    Test #565: tests.integration.execute.rocprofv3-test-counter-collection-multiplex ........................................................   Passed    0.96 sec
      Start 565: tests.integration.execute.rocprofv3-test-counter-collection-multiplex
    Test #565: tests.integration.execute.rocprofv3-test-counter-collection-multiplex ........................................................   Passed    0.96 sec
      Start 565: tests.integration.execute.rocprofv3-test-counter-collection-multiplex
    Test #565: tests.integration.execute.rocprofv3-test-counter-collection-multiplex ........................................................   Passed    0.97 sec
      Start 565: tests.integration.execute.rocprofv3-test-counter-collection-multiplex
    Test #565: tests.integration.execute.rocprofv3-test-counter-collection-multiplex ........................................................   Passed    0.97 sec
      Start 565: tests.integration.execute.rocprofv3-test-counter-collection-multiplex
    Test #565: tests.integration.execute.rocprofv3-test-counter-collection-multiplex ........................................................   Passed    0.97 sec
      Start 565: tests.integration.execute.rocprofv3-test-counter-collection-multiplex
    Test #565: tests.integration.execute.rocprofv3-test-counter-collection-multiplex ........................................................   Passed    0.98 sec
      Start 565: tests.integration.execute.rocprofv3-test-counter-collection-multiplex
    Test #565: tests.integration.execute.rocprofv3-test-counter-collection-multiplex ........................................................   Passed    0.97 sec
      Start 565: tests.integration.execute.rocprofv3-test-counter-collection-multiplex
    Test #565: tests.integration.execute.rocprofv3-test-counter-collection-multiplex ........................................................   Passed    0.98 sec
      Start 565: tests.integration.execute.rocprofv3-test-counter-collection-multiplex
    Test #565: tests.integration.execute.rocprofv3-test-counter-collection-multiplex ........................................................   Passed    0.97 sec
      Start 565: tests.integration.execute.rocprofv3-test-counter-collection-multiplex
    Test #565: tests.integration.execute.rocprofv3-test-counter-collection-multiplex ........................................................   Passed    0.98 sec
      Start 565: tests.integration.execute.rocprofv3-test-counter-collection-multiplex
    Test #565: tests.integration.execute.rocprofv3-test-counter-collection-multiplex ........................................................   Passed    0.97 sec
      Start 565: tests.integration.execute.rocprofv3-test-counter-collection-multiplex
    Test #565: tests.integration.execute.rocprofv3-test-counter-collection-multiplex ........................................................   Passed    0.97 sec
      Start 565: tests.integration.execute.rocprofv3-test-counter-collection-multiplex
    Test #565: tests.integration.execute.rocprofv3-test-counter-collection-multiplex ........................................................   Passed    0.98 sec
      Start 565: tests.integration.execute.rocprofv3-test-counter-collection-multiplex
    Test #565: tests.integration.execute.rocprofv3-test-counter-collection-multiplex ........................................................   Passed    0.97 sec
      Start 565: tests.integration.execute.rocprofv3-test-counter-collection-multiplex
    Test #565: tests.integration.execute.rocprofv3-test-counter-collection-multiplex ........................................................   Passed    0.98 sec
      Start 565: tests.integration.execute.rocprofv3-test-counter-collection-multiplex
    Test #565: tests.integration.execute.rocprofv3-test-counter-collection-multiplex ........................................................   Passed    0.97 sec
      Start 565: tests.integration.execute.rocprofv3-test-counter-collection-multiplex
    Test #565: tests.integration.execute.rocprofv3-test-counter-collection-multiplex ........................................................   Passed    0.98 sec
      Start 565: tests.integration.execute.rocprofv3-test-counter-collection-multiplex
    Test #565: tests.integration.execute.rocprofv3-test-counter-collection-multiplex ........................................................   Passed    0.97 sec
      Start 565: tests.integration.execute.rocprofv3-test-counter-collection-multiplex
    Test #565: tests.integration.execute.rocprofv3-test-counter-collection-multiplex ........................................................   Passed    0.97 sec
      Start 565: tests.integration.execute.rocprofv3-test-counter-collection-multiplex
    Test #565: tests.integration.execute.rocprofv3-test-counter-collection-multiplex ........................................................   Passed    0.97 sec
      Start 565: tests.integration.execute.rocprofv3-test-counter-collection-multiplex
    Test #565: tests.integration.execute.rocprofv3-test-counter-collection-multiplex ........................................................   Passed    0.97 sec
      Start 565: tests.integration.execute.rocprofv3-test-counter-collection-multiplex
    Test #565: tests.integration.execute.rocprofv3-test-counter-collection-multiplex ........................................................   Passed    0.97 sec
      Start 565: tests.integration.execute.rocprofv3-test-counter-collection-multiplex
    Test #565: tests.integration.execute.rocprofv3-test-counter-collection-multiplex ........................................................   Passed    0.97 sec
      Start 565: tests.integration.execute.rocprofv3-test-counter-collection-multiplex
    Test #565: tests.integration.execute.rocprofv3-test-counter-collection-multiplex ........................................................   Passed    0.98 sec
      Start 565: tests.integration.execute.rocprofv3-test-counter-collection-multiplex
    Test #565: tests.integration.execute.rocprofv3-test-counter-collection-multiplex ........................................................   Passed    0.97 sec
      Start 565: tests.integration.execute.rocprofv3-test-counter-collection-multiplex
    Test #565: tests.integration.execute.rocprofv3-test-counter-collection-multiplex ........................................................   Passed    0.98 sec
      Start 565: tests.integration.execute.rocprofv3-test-counter-collection-multiplex
    Test #565: tests.integration.execute.rocprofv3-test-counter-collection-multiplex ........................................................   Passed    0.99 sec
      Start 565: tests.integration.execute.rocprofv3-test-counter-collection-multiplex
    Test #565: tests.integration.execute.rocprofv3-test-counter-collection-multiplex ........................................................   Passed    0.97 sec
      Start 565: tests.integration.execute.rocprofv3-test-counter-collection-multiplex
    Test #565: tests.integration.execute.rocprofv3-test-counter-collection-multiplex ........................................................   Passed    0.98 sec
      Start 565: tests.integration.execute.rocprofv3-test-counter-collection-multiplex
    Test #565: tests.integration.execute.rocprofv3-test-counter-collection-multiplex ........................................................   Passed    0.97 sec
      Start 565: tests.integration.execute.rocprofv3-test-counter-collection-multiplex
    Test #565: tests.integration.execute.rocprofv3-test-counter-collection-multiplex ........................................................   Passed    0.97 sec
      Start 565: tests.integration.execute.rocprofv3-test-counter-collection-multiplex
    Test #565: tests.integration.execute.rocprofv3-test-counter-collection-multiplex ........................................................   Passed    0.97 sec
      Start 565: tests.integration.execute.rocprofv3-test-counter-collection-multiplex
    Test #565: tests.integration.execute.rocprofv3-test-counter-collection-multiplex ........................................................   Passed    0.97 sec
      Start 565: tests.integration.execute.rocprofv3-test-counter-collection-multiplex
    Test #565: tests.integration.execute.rocprofv3-test-counter-collection-multiplex ........................................................   Passed    0.98 sec
      Start 565: tests.integration.execute.rocprofv3-test-counter-collection-multiplex
    Test #565: tests.integration.execute.rocprofv3-test-counter-collection-multiplex ........................................................   Passed    0.98 sec
      Start 565: tests.integration.execute.rocprofv3-test-counter-collection-multiplex
    Test #565: tests.integration.execute.rocprofv3-test-counter-collection-multiplex ........................................................   Passed    0.97 sec
      Start 565: tests.integration.execute.rocprofv3-test-counter-collection-multiplex
    Test #565: tests.integration.execute.rocprofv3-test-counter-collection-multiplex ........................................................   Passed    0.96 sec
      Start 565: tests.integration.execute.rocprofv3-test-counter-collection-multiplex
    Test #565: tests.integration.execute.rocprofv3-test-counter-collection-multiplex ........................................................   Passed    0.97 sec
      Start 565: tests.integration.execute.rocprofv3-test-counter-collection-multiplex
    Test #565: tests.integration.execute.rocprofv3-test-counter-collection-multiplex ........................................................   Passed    0.97 sec
      Start 565: tests.integration.execute.rocprofv3-test-counter-collection-multiplex
    Test #565: tests.integration.execute.rocprofv3-test-counter-collection-multiplex ........................................................   Passed    0.96 sec
      Start 565: tests.integration.execute.rocprofv3-test-counter-collection-multiplex
    Test #565: tests.integration.execute.rocprofv3-test-counter-collection-multiplex ........................................................   Passed    0.96 sec
      Start 565: tests.integration.execute.rocprofv3-test-counter-collection-multiplex
    Test #565: tests.integration.execute.rocprofv3-test-counter-collection-multiplex ........................................................   Passed    0.97 sec
      Start 565: tests.integration.execute.rocprofv3-test-counter-collection-multiplex
    Test #565: tests.integration.execute.rocprofv3-test-counter-collection-multiplex ........................................................   Passed    0.96 sec
      Start 565: tests.integration.execute.rocprofv3-test-counter-collection-multiplex
    Test #565: tests.integration.execute.rocprofv3-test-counter-collection-multiplex ........................................................   Passed    0.97 sec
      Start 565: tests.integration.execute.rocprofv3-test-counter-collection-multiplex
    Test #565: tests.integration.execute.rocprofv3-test-counter-collection-multiplex ........................................................   Passed    0.97 sec
      Start 565: tests.integration.execute.rocprofv3-test-counter-collection-multiplex
    Test #565: tests.integration.execute.rocprofv3-test-counter-collection-multiplex ........................................................   Passed    0.97 sec
      Start 565: tests.integration.execute.rocprofv3-test-counter-collection-multiplex
    Test #565: tests.integration.execute.rocprofv3-test-counter-collection-multiplex ........................................................   Passed    0.97 sec
      Start 565: tests.integration.execute.rocprofv3-test-counter-collection-multiplex
    Test #565: tests.integration.execute.rocprofv3-test-counter-collection-multiplex ........................................................   Passed    0.97 sec
      Start 565: tests.integration.execute.rocprofv3-test-counter-collection-multiplex
    Test #565: tests.integration.execute.rocprofv3-test-counter-collection-multiplex ........................................................   Passed    0.98 sec
      Start 565: tests.integration.execute.rocprofv3-test-counter-collection-multiplex
    Test #565: tests.integration.execute.rocprofv3-test-counter-collection-multiplex ........................................................   Passed    0.97 sec
      Start 565: tests.integration.execute.rocprofv3-test-counter-collection-multiplex
    Test #565: tests.integration.execute.rocprofv3-test-counter-collection-multiplex ........................................................   Passed    0.97 sec
      Start 565: tests.integration.execute.rocprofv3-test-counter-collection-multiplex
    Test #565: tests.integration.execute.rocprofv3-test-counter-collection-multiplex ........................................................   Passed    0.98 sec
      Start 565: tests.integration.execute.rocprofv3-test-counter-collection-multiplex
    Test #565: tests.integration.execute.rocprofv3-test-counter-collection-multiplex ........................................................   Passed    0.96 sec
      Start 565: tests.integration.execute.rocprofv3-test-counter-collection-multiplex
    Test #565: tests.integration.execute.rocprofv3-test-counter-collection-multiplex ........................................................   Passed    0.97 sec
      Start 565: tests.integration.execute.rocprofv3-test-counter-collection-multiplex
    Test #565: tests.integration.execute.rocprofv3-test-counter-collection-multiplex ........................................................   Passed    0.97 sec
      Start 565: tests.integration.execute.rocprofv3-test-counter-collection-multiplex
    Test #565: tests.integration.execute.rocprofv3-test-counter-collection-multiplex ........................................................   Passed    0.97 sec
      Start 565: tests.integration.execute.rocprofv3-test-counter-collection-multiplex
    Test #565: tests.integration.execute.rocprofv3-test-counter-collection-multiplex ........................................................   Passed    0.98 sec
      Start 565: tests.integration.execute.rocprofv3-test-counter-collection-multiplex
    Test #565: tests.integration.execute.rocprofv3-test-counter-collection-multiplex ........................................................   Passed    0.97 sec
      Start 565: tests.integration.execute.rocprofv3-test-counter-collection-multiplex
    Test #565: tests.integration.execute.rocprofv3-test-counter-collection-multiplex ........................................................   Passed    0.98 sec
      Start 565: tests.integration.execute.rocprofv3-test-counter-collection-multiplex
    Test #565: tests.integration.execute.rocprofv3-test-counter-collection-multiplex ........................................................   Passed    0.96 sec
      Start 565: tests.integration.execute.rocprofv3-test-counter-collection-multiplex
    Test #565: tests.integration.execute.rocprofv3-test-counter-collection-multiplex ........................................................   Passed    0.96 sec
      Start 565: tests.integration.execute.rocprofv3-test-counter-collection-multiplex
    Test #565: tests.integration.execute.rocprofv3-test-counter-collection-multiplex ........................................................   Passed    0.98 sec
      Start 565: tests.integration.execute.rocprofv3-test-counter-collection-multiplex
    Test #565: tests.integration.execute.rocprofv3-test-counter-collection-multiplex ........................................................   Passed    0.96 sec
      Start 565: tests.integration.execute.rocprofv3-test-counter-collection-multiplex
    Test #565: tests.integration.execute.rocprofv3-test-counter-collection-multiplex ........................................................   Passed    0.98 sec
      Start 565: tests.integration.execute.rocprofv3-test-counter-collection-multiplex
    Test #565: tests.integration.execute.rocprofv3-test-counter-collection-multiplex ........................................................   Passed    0.98 sec
      Start 565: tests.integration.execute.rocprofv3-test-counter-collection-multiplex
    Test #565: tests.integration.execute.rocprofv3-test-counter-collection-multiplex ........................................................   Passed    0.97 sec
      Start 565: tests.integration.execute.rocprofv3-test-counter-collection-multiplex
    Test #565: tests.integration.execute.rocprofv3-test-counter-collection-multiplex ........................................................   Passed    0.97 sec
      Start 565: tests.integration.execute.rocprofv3-test-counter-collection-multiplex
    Test #565: tests.integration.execute.rocprofv3-test-counter-collection-multiplex ........................................................   Passed    0.98 sec
      Start 565: tests.integration.execute.rocprofv3-test-counter-collection-multiplex
    Test #565: tests.integration.execute.rocprofv3-test-counter-collection-multiplex ........................................................   Passed    0.97 sec
      Start 565: tests.integration.execute.rocprofv3-test-counter-collection-multiplex
    Test #565: tests.integration.execute.rocprofv3-test-counter-collection-multiplex ........................................................   Passed    0.99 sec
      Start 565: tests.integration.execute.rocprofv3-test-counter-collection-multiplex
    Test #565: tests.integration.execute.rocprofv3-test-counter-collection-multiplex ........................................................   Passed    0.97 sec
      Start 565: tests.integration.execute.rocprofv3-test-counter-collection-multiplex
    Test #565: tests.integration.execute.rocprofv3-test-counter-collection-multiplex ........................................................   Passed    0.97 sec
      Start 565: tests.integration.execute.rocprofv3-test-counter-collection-multiplex
    Test #565: tests.integration.execute.rocprofv3-test-counter-collection-multiplex ........................................................   Passed    0.98 sec
      Start 565: tests.integration.execute.rocprofv3-test-counter-collection-multiplex
    Test #565: tests.integration.execute.rocprofv3-test-counter-collection-multiplex ........................................................   Passed    0.97 sec
      Start 565: tests.integration.execute.rocprofv3-test-counter-collection-multiplex
    Test #565: tests.integration.execute.rocprofv3-test-counter-collection-multiplex ........................................................   Passed    0.98 sec
      Start 565: tests.integration.execute.rocprofv3-test-counter-collection-multiplex
    Test #565: tests.integration.execute.rocprofv3-test-counter-collection-multiplex ........................................................   Passed    0.98 sec
      Start 565: tests.integration.execute.rocprofv3-test-counter-collection-multiplex
    Test #565: tests.integration.execute.rocprofv3-test-counter-collection-multiplex ........................................................   Passed    0.97 sec
      Start 565: tests.integration.execute.rocprofv3-test-counter-collection-multiplex
    Test #565: tests.integration.execute.rocprofv3-test-counter-collection-multiplex ........................................................   Passed    0.97 sec
      Start 565: tests.integration.execute.rocprofv3-test-counter-collection-multiplex
    Test #565: tests.integration.execute.rocprofv3-test-counter-collection-multiplex ........................................................   Passed    0.97 sec
      Start 565: tests.integration.execute.rocprofv3-test-counter-collection-multiplex
    Test #565: tests.integration.execute.rocprofv3-test-counter-collection-multiplex ........................................................   Passed    0.96 sec
      Start 565: tests.integration.execute.rocprofv3-test-counter-collection-multiplex
    Test #565: tests.integration.execute.rocprofv3-test-counter-collection-multiplex ........................................................   Passed    0.98 sec
      Start 565: tests.integration.execute.rocprofv3-test-counter-collection-multiplex
    Test #565: tests.integration.execute.rocprofv3-test-counter-collection-multiplex ........................................................   Passed    0.97 sec
      Start 565: tests.integration.execute.rocprofv3-test-counter-collection-multiplex
    Test #565: tests.integration.execute.rocprofv3-test-counter-collection-multiplex ........................................................   Passed    0.98 sec
      Start 565: tests.integration.execute.rocprofv3-test-counter-collection-multiplex
    Test #565: tests.integration.execute.rocprofv3-test-counter-collection-multiplex ........................................................   Passed    0.97 sec
      Start 565: tests.integration.execute.rocprofv3-test-counter-collection-multiplex
    Test #565: tests.integration.execute.rocprofv3-test-counter-collection-multiplex ........................................................   Passed    0.98 sec
      Start 565: tests.integration.execute.rocprofv3-test-counter-collection-multiplex
    Test #565: tests.integration.execute.rocprofv3-test-counter-collection-multiplex ........................................................   Passed    0.98 sec
      Start 565: tests.integration.execute.rocprofv3-test-counter-collection-multiplex
    Test #565: tests.integration.execute.rocprofv3-test-counter-collection-multiplex ........................................................   Passed    0.98 sec
      Start 565: tests.integration.execute.rocprofv3-test-counter-collection-multiplex
    Test #565: tests.integration.execute.rocprofv3-test-counter-collection-multiplex ........................................................   Passed    0.97 sec
      Start 565: tests.integration.execute.rocprofv3-test-counter-collection-multiplex
    Test #565: tests.integration.execute.rocprofv3-test-counter-collection-multiplex ........................................................   Passed    0.96 sec
      Start 565: tests.integration.execute.rocprofv3-test-counter-collection-multiplex
    Test #565: tests.integration.execute.rocprofv3-test-counter-collection-multiplex ........................................................   Passed    0.98 sec
      Start 565: tests.integration.execute.rocprofv3-test-counter-collection-multiplex
    Test #565: tests.integration.execute.rocprofv3-test-counter-collection-multiplex ........................................................   Passed    0.97 sec
      Start 565: tests.integration.execute.rocprofv3-test-counter-collection-multiplex
    Test #565: tests.integration.execute.rocprofv3-test-counter-collection-multiplex ........................................................   Passed    0.97 sec
      Start 565: tests.integration.execute.rocprofv3-test-counter-collection-multiplex
    Test #565: tests.integration.execute.rocprofv3-test-counter-collection-multiplex ........................................................   Passed    0.96 sec
      Start 565: tests.integration.execute.rocprofv3-test-counter-collection-multiplex
    Test #565: tests.integration.execute.rocprofv3-test-counter-collection-multiplex ........................................................   Passed    0.96 sec
      Start 565: tests.integration.execute.rocprofv3-test-counter-collection-multiplex
    Test #565: tests.integration.execute.rocprofv3-test-counter-collection-multiplex ........................................................   Passed    0.98 sec
      Start 565: tests.integration.execute.rocprofv3-test-counter-collection-multiplex
    Test #565: tests.integration.execute.rocprofv3-test-counter-collection-multiplex ........................................................   Passed    0.96 sec
      Start 565: tests.integration.execute.rocprofv3-test-counter-collection-multiplex
    Test #565: tests.integration.execute.rocprofv3-test-counter-collection-multiplex ........................................................   Passed    0.98 sec
      Start 565: tests.integration.execute.rocprofv3-test-counter-collection-multiplex
    Test #565: tests.integration.execute.rocprofv3-test-counter-collection-multiplex ........................................................   Passed    0.98 sec
      Start 565: tests.integration.execute.rocprofv3-test-counter-collection-multiplex
    Test #565: tests.integration.execute.rocprofv3-test-counter-collection-multiplex ........................................................   Passed    0.98 sec
      Start 565: tests.integration.execute.rocprofv3-test-counter-collection-multiplex
    Test #565: tests.integration.execute.rocprofv3-test-counter-collection-multiplex ........................................................   Passed    0.97 sec
      Start 565: tests.integration.execute.rocprofv3-test-counter-collection-multiplex
    Test #565: tests.integration.execute.rocprofv3-test-counter-collection-multiplex ........................................................   Passed    0.96 sec
      Start 565: tests.integration.execute.rocprofv3-test-counter-collection-multiplex
    Test #565: tests.integration.execute.rocprofv3-test-counter-collection-multiplex ........................................................   Passed    0.98 sec
      Start 565: tests.integration.execute.rocprofv3-test-counter-collection-multiplex
    Test #565: tests.integration.execute.rocprofv3-test-counter-collection-multiplex ........................................................   Passed    0.97 sec
      Start 565: tests.integration.execute.rocprofv3-test-counter-collection-multiplex
    Test #565: tests.integration.execute.rocprofv3-test-counter-collection-multiplex ........................................................   Passed    0.95 sec
      Start 565: tests.integration.execute.rocprofv3-test-counter-collection-multiplex
    Test #565: tests.integration.execute.rocprofv3-test-counter-collection-multiplex ........................................................   Passed    0.98 sec
      Start 565: tests.integration.execute.rocprofv3-test-counter-collection-multiplex
    Test #565: tests.integration.execute.rocprofv3-test-counter-collection-multiplex ........................................................   Passed    0.97 sec
      Start 565: tests.integration.execute.rocprofv3-test-counter-collection-multiplex
    Test #565: tests.integration.execute.rocprofv3-test-counter-collection-multiplex ........................................................   Passed    0.96 sec
      Start 565: tests.integration.execute.rocprofv3-test-counter-collection-multiplex
    Test #565: tests.integration.execute.rocprofv3-test-counter-collection-multiplex ........................................................   Passed    0.97 sec
      Start 565: tests.integration.execute.rocprofv3-test-counter-collection-multiplex
    Test #565: tests.integration.execute.rocprofv3-test-counter-collection-multiplex ........................................................   Passed    0.96 sec
      Start 565: tests.integration.execute.rocprofv3-test-counter-collection-multiplex
    Test #565: tests.integration.execute.rocprofv3-test-counter-collection-multiplex ........................................................   Passed    0.96 sec
      Start 565: tests.integration.execute.rocprofv3-test-counter-collection-multiplex
    Test #565: tests.integration.execute.rocprofv3-test-counter-collection-multiplex ........................................................   Passed    0.98 sec
      Start 565: tests.integration.execute.rocprofv3-test-counter-collection-multiplex
    Test #565: tests.integration.execute.rocprofv3-test-counter-collection-multiplex ........................................................   Passed    0.95 sec
      Start 565: tests.integration.execute.rocprofv3-test-counter-collection-multiplex
    Test #565: tests.integration.execute.rocprofv3-test-counter-collection-multiplex ........................................................   Passed    0.96 sec
      Start 565: tests.integration.execute.rocprofv3-test-counter-collection-multiplex
    Test #565: tests.integration.execute.rocprofv3-test-counter-collection-multiplex ........................................................   Passed    0.97 sec
      Start 565: tests.integration.execute.rocprofv3-test-counter-collection-multiplex
    Test #565: tests.integration.execute.rocprofv3-test-counter-collection-multiplex ........................................................   Passed    0.96 sec
      Start 565: tests.integration.execute.rocprofv3-test-counter-collection-multiplex
    Test #565: tests.integration.execute.rocprofv3-test-counter-collection-multiplex ........................................................   Passed    0.97 sec
      Start 565: tests.integration.execute.rocprofv3-test-counter-collection-multiplex
    Test #565: tests.integration.execute.rocprofv3-test-counter-collection-multiplex ........................................................   Passed    0.98 sec
      Start 565: tests.integration.execute.rocprofv3-test-counter-collection-multiplex
    Test #565: tests.integration.execute.rocprofv3-test-counter-collection-multiplex ........................................................   Passed    0.99 sec
      Start 565: tests.integration.execute.rocprofv3-test-counter-collection-multiplex
    Test #565: tests.integration.execute.rocprofv3-test-counter-collection-multiplex ........................................................   Passed    0.97 sec
      Start 565: tests.integration.execute.rocprofv3-test-counter-collection-multiplex
    Test #565: tests.integration.execute.rocprofv3-test-counter-collection-multiplex ........................................................   Passed    0.97 sec
      Start 565: tests.integration.execute.rocprofv3-test-counter-collection-multiplex
    Test #565: tests.integration.execute.rocprofv3-test-counter-collection-multiplex ........................................................   Passed    0.99 sec
      Start 565: tests.integration.execute.rocprofv3-test-counter-collection-multiplex
    Test #565: tests.integration.execute.rocprofv3-test-counter-collection-multiplex ........................................................   Passed    0.98 sec
      Start 565: tests.integration.execute.rocprofv3-test-counter-collection-multiplex
    Test #565: tests.integration.execute.rocprofv3-test-counter-collection-multiplex ........................................................   Passed    0.97 sec
      Start 565: tests.integration.execute.rocprofv3-test-counter-collection-multiplex
    Test #565: tests.integration.execute.rocprofv3-test-counter-collection-multiplex ........................................................   Passed    0.99 sec
      Start 565: tests.integration.execute.rocprofv3-test-counter-collection-multiplex
    Test #565: tests.integration.execute.rocprofv3-test-counter-collection-multiplex ........................................................   Passed    0.98 sec
      Start 565: tests.integration.execute.rocprofv3-test-counter-collection-multiplex
    Test #565: tests.integration.execute.rocprofv3-test-counter-collection-multiplex ........................................................   Passed    0.97 sec
      Start 565: tests.integration.execute.rocprofv3-test-counter-collection-multiplex
    Test #565: tests.integration.execute.rocprofv3-test-counter-collection-multiplex ........................................................   Passed    0.98 sec
      Start 565: tests.integration.execute.rocprofv3-test-counter-collection-multiplex
    Test #565: tests.integration.execute.rocprofv3-test-counter-collection-multiplex ........................................................   Passed    0.98 sec
      Start 565: tests.integration.execute.rocprofv3-test-counter-collection-multiplex
    Test #565: tests.integration.execute.rocprofv3-test-counter-collection-multiplex ........................................................   Passed    0.97 sec
      Start 565: tests.integration.execute.rocprofv3-test-counter-collection-multiplex
    Test #565: tests.integration.execute.rocprofv3-test-counter-collection-multiplex ........................................................   Passed    0.99 sec
      Start 565: tests.integration.execute.rocprofv3-test-counter-collection-multiplex
    Test #565: tests.integration.execute.rocprofv3-test-counter-collection-multiplex ........................................................   Passed    0.96 sec
      Start 565: tests.integration.execute.rocprofv3-test-counter-collection-multiplex
    Test #565: tests.integration.execute.rocprofv3-test-counter-collection-multiplex ........................................................   Passed    0.96 sec
      Start 565: tests.integration.execute.rocprofv3-test-counter-collection-multiplex
    Test #565: tests.integration.execute.rocprofv3-test-counter-collection-multiplex ........................................................   Passed    0.98 sec
      Start 565: tests.integration.execute.rocprofv3-test-counter-collection-multiplex
    Test #565: tests.integration.execute.rocprofv3-test-counter-collection-multiplex ........................................................   Passed    0.98 sec
      Start 565: tests.integration.execute.rocprofv3-test-counter-collection-multiplex
    Test #565: tests.integration.execute.rocprofv3-test-counter-collection-multiplex ........................................................   Passed    0.96 sec
      Start 565: tests.integration.execute.rocprofv3-test-counter-collection-multiplex
    Test #565: tests.integration.execute.rocprofv3-test-counter-collection-multiplex ........................................................   Passed    0.97 sec
      Start 565: tests.integration.execute.rocprofv3-test-counter-collection-multiplex
    Test #565: tests.integration.execute.rocprofv3-test-counter-collection-multiplex ........................................................   Passed    0.96 sec
      Start 565: tests.integration.execute.rocprofv3-test-counter-collection-multiplex
    Test #565: tests.integration.execute.rocprofv3-test-counter-collection-multiplex ........................................................   Passed    0.97 sec
      Start 565: tests.integration.execute.rocprofv3-test-counter-collection-multiplex
    Test #565: tests.integration.execute.rocprofv3-test-counter-collection-multiplex ........................................................   Passed    0.96 sec
      Start 565: tests.integration.execute.rocprofv3-test-counter-collection-multiplex
    Test #565: tests.integration.execute.rocprofv3-test-counter-collection-multiplex ........................................................   Passed    0.98 sec
      Start 565: tests.integration.execute.rocprofv3-test-counter-collection-multiplex
    Test #565: tests.integration.execute.rocprofv3-test-counter-collection-multiplex ........................................................   Passed    0.96 sec
      Start 565: tests.integration.execute.rocprofv3-test-counter-collection-multiplex
    Test #565: tests.integration.execute.rocprofv3-test-counter-collection-multiplex ........................................................   Passed    0.99 sec
      Start 565: tests.integration.execute.rocprofv3-test-counter-collection-multiplex
    Test #565: tests.integration.execute.rocprofv3-test-counter-collection-multiplex ........................................................   Passed    0.99 sec
      Start 565: tests.integration.execute.rocprofv3-test-counter-collection-multiplex
    Test #565: tests.integration.execute.rocprofv3-test-counter-collection-multiplex ........................................................   Passed    0.98 sec
      Start 565: tests.integration.execute.rocprofv3-test-counter-collection-multiplex
    Test #565: tests.integration.execute.rocprofv3-test-counter-collection-multiplex ........................................................   Passed    0.97 sec
      Start 565: tests.integration.execute.rocprofv3-test-counter-collection-multiplex
    Test #565: tests.integration.execute.rocprofv3-test-counter-collection-multiplex ........................................................   Passed    0.99 sec
      Start 565: tests.integration.execute.rocprofv3-test-counter-collection-multiplex
    Test #565: tests.integration.execute.rocprofv3-test-counter-collection-multiplex ........................................................   Passed    0.97 sec
      Start 565: tests.integration.execute.rocprofv3-test-counter-collection-multiplex
    Test #565: tests.integration.execute.rocprofv3-test-counter-collection-multiplex ........................................................   Passed    0.96 sec
      Start 565: tests.integration.execute.rocprofv3-test-counter-collection-multiplex
    Test #565: tests.integration.execute.rocprofv3-test-counter-collection-multiplex ........................................................   Passed    0.99 sec
      Start 565: tests.integration.execute.rocprofv3-test-counter-collection-multiplex
    Test #565: tests.integration.execute.rocprofv3-test-counter-collection-multiplex ........................................................   Passed    0.98 sec
      Start 565: tests.integration.execute.rocprofv3-test-counter-collection-multiplex
    Test #565: tests.integration.execute.rocprofv3-test-counter-collection-multiplex ........................................................   Passed    0.96 sec
      Start 565: tests.integration.execute.rocprofv3-test-counter-collection-multiplex
    Test #565: tests.integration.execute.rocprofv3-test-counter-collection-multiplex ........................................................   Passed    0.96 sec
      Start 565: tests.integration.execute.rocprofv3-test-counter-collection-multiplex
    Test #565: tests.integration.execute.rocprofv3-test-counter-collection-multiplex ........................................................   Passed    0.97 sec
      Start 565: tests.integration.execute.rocprofv3-test-counter-collection-multiplex
    Test #565: tests.integration.execute.rocprofv3-test-counter-collection-multiplex ........................................................   Passed    0.95 sec
      Start 565: tests.integration.execute.rocprofv3-test-counter-collection-multiplex
    Test #565: tests.integration.execute.rocprofv3-test-counter-collection-multiplex ........................................................   Passed    0.99 sec
      Start 565: tests.integration.execute.rocprofv3-test-counter-collection-multiplex
    Test #565: tests.integration.execute.rocprofv3-test-counter-collection-multiplex ........................................................   Passed    0.96 sec
      Start 565: tests.integration.execute.rocprofv3-test-counter-collection-multiplex
    Test #565: tests.integration.execute.rocprofv3-test-counter-collection-multiplex ........................................................   Passed    0.97 sec
      Start 565: tests.integration.execute.rocprofv3-test-counter-collection-multiplex
    Test #565: tests.integration.execute.rocprofv3-test-counter-collection-multiplex ........................................................   Passed    0.99 sec
      Start 565: tests.integration.execute.rocprofv3-test-counter-collection-multiplex
    Test #565: tests.integration.execute.rocprofv3-test-counter-collection-multiplex ........................................................   Passed    0.96 sec
      Start 565: tests.integration.execute.rocprofv3-test-counter-collection-multiplex
    Test #565: tests.integration.execute.rocprofv3-test-counter-collection-multiplex ........................................................   Passed    0.97 sec
      Start 565: tests.integration.execute.rocprofv3-test-counter-collection-multiplex
    Test #565: tests.integration.execute.rocprofv3-test-counter-collection-multiplex ........................................................   Passed    0.99 sec
      Start 565: tests.integration.execute.rocprofv3-test-counter-collection-multiplex
    Test #565: tests.integration.execute.rocprofv3-test-counter-collection-multiplex ........................................................   Passed    0.95 sec
      Start 565: tests.integration.execute.rocprofv3-test-counter-collection-multiplex
    Test #565: tests.integration.execute.rocprofv3-test-counter-collection-multiplex ........................................................   Passed    0.97 sec
      Start 565: tests.integration.execute.rocprofv3-test-counter-collection-multiplex
    Test #565: tests.integration.execute.rocprofv3-test-counter-collection-multiplex ........................................................   Passed    0.97 sec
      Start 565: tests.integration.execute.rocprofv3-test-counter-collection-multiplex
    Test #565: tests.integration.execute.rocprofv3-test-counter-collection-multiplex ........................................................   Passed    0.98 sec
      Start 565: tests.integration.execute.rocprofv3-test-counter-collection-multiplex
    Test #565: tests.integration.execute.rocprofv3-test-counter-collection-multiplex ........................................................   Passed    0.97 sec
      Start 565: tests.integration.execute.rocprofv3-test-counter-collection-multiplex
    Test #565: tests.integration.execute.rocprofv3-test-counter-collection-multiplex ........................................................   Passed    0.97 sec
      Start 565: tests.integration.execute.rocprofv3-test-counter-collection-multiplex
    Test #565: tests.integration.execute.rocprofv3-test-counter-collection-multiplex ........................................................   Passed    0.97 sec
      Start 565: tests.integration.execute.rocprofv3-test-counter-collection-multiplex
    Test #565: tests.integration.execute.rocprofv3-test-counter-collection-multiplex ........................................................   Passed    0.97 sec
      Start 565: tests.integration.execute.rocprofv3-test-counter-collection-multiplex
    Test #565: tests.integration.execute.rocprofv3-test-counter-collection-multiplex ........................................................   Passed    0.99 sec
      Start 565: tests.integration.execute.rocprofv3-test-counter-collection-multiplex
    Test #565: tests.integration.execute.rocprofv3-test-counter-collection-multiplex ........................................................   Passed    0.98 sec
      Start 565: tests.integration.execute.rocprofv3-test-counter-collection-multiplex
    Test #565: tests.integration.execute.rocprofv3-test-counter-collection-multiplex ........................................................   Passed    0.95 sec
      Start 565: tests.integration.execute.rocprofv3-test-counter-collection-multiplex
    Test #565: tests.integration.execute.rocprofv3-test-counter-collection-multiplex ........................................................   Passed    0.96 sec
      Start 565: tests.integration.execute.rocprofv3-test-counter-collection-multiplex
    Test #565: tests.integration.execute.rocprofv3-test-counter-collection-multiplex ........................................................   Passed    0.97 sec
      Start 565: tests.integration.execute.rocprofv3-test-counter-collection-multiplex
    Test #565: tests.integration.execute.rocprofv3-test-counter-collection-multiplex ........................................................   Passed    0.96 sec
      Start 565: tests.integration.execute.rocprofv3-test-counter-collection-multiplex
    Test #565: tests.integration.execute.rocprofv3-test-counter-collection-multiplex ........................................................   Passed    0.97 sec
      Start 565: tests.integration.execute.rocprofv3-test-counter-collection-multiplex
    Test #565: tests.integration.execute.rocprofv3-test-counter-collection-multiplex ........................................................   Passed    0.99 sec
      Start 565: tests.integration.execute.rocprofv3-test-counter-collection-multiplex
    Test #565: tests.integration.execute.rocprofv3-test-counter-collection-multiplex ........................................................   Passed    0.99 sec
      Start 565: tests.integration.execute.rocprofv3-test-counter-collection-multiplex
    Test #565: tests.integration.execute.rocprofv3-test-counter-collection-multiplex ........................................................   Passed    0.98 sec
      Start 565: tests.integration.execute.rocprofv3-test-counter-collection-multiplex
    Test #565: tests.integration.execute.rocprofv3-test-counter-collection-multiplex ........................................................   Passed    0.96 sec
      Start 565: tests.integration.execute.rocprofv3-test-counter-collection-multiplex
    Test #565: tests.integration.execute.rocprofv3-test-counter-collection-multiplex ........................................................   Passed    0.98 sec
      Start 565: tests.integration.execute.rocprofv3-test-counter-collection-multiplex
    Test #565: tests.integration.execute.rocprofv3-test-counter-collection-multiplex ........................................................   Passed    0.98 sec
      Start 565: tests.integration.execute.rocprofv3-test-counter-collection-multiplex
    Test #565: tests.integration.execute.rocprofv3-test-counter-collection-multiplex ........................................................   Passed    0.96 sec
      Start 565: tests.integration.execute.rocprofv3-test-counter-collection-multiplex
    Test #565: tests.integration.execute.rocprofv3-test-counter-collection-multiplex ........................................................   Passed    0.99 sec
      Start 565: tests.integration.execute.rocprofv3-test-counter-collection-multiplex
    Test #565: tests.integration.execute.rocprofv3-test-counter-collection-multiplex ........................................................   Passed    0.97 sec
      Start 565: tests.integration.execute.rocprofv3-test-counter-collection-multiplex
    Test #565: tests.integration.execute.rocprofv3-test-counter-collection-multiplex ........................................................   Passed    0.96 sec
      Start 565: tests.integration.execute.rocprofv3-test-counter-collection-multiplex
    Test #565: tests.integration.execute.rocprofv3-test-counter-collection-multiplex ........................................................   Passed    0.99 sec
      Start 565: tests.integration.execute.rocprofv3-test-counter-collection-multiplex
    Test #565: tests.integration.execute.rocprofv3-test-counter-collection-multiplex ........................................................   Passed    0.96 sec
      Start 565: tests.integration.execute.rocprofv3-test-counter-collection-multiplex
    Test #565: tests.integration.execute.rocprofv3-test-counter-collection-multiplex ........................................................   Passed    0.97 sec
      Start 565: tests.integration.execute.rocprofv3-test-counter-collection-multiplex
    Test #565: tests.integration.execute.rocprofv3-test-counter-collection-multiplex ........................................................   Passed    0.97 sec
      Start 565: tests.integration.execute.rocprofv3-test-counter-collection-multiplex
    Test #565: tests.integration.execute.rocprofv3-test-counter-collection-multiplex ........................................................   Passed    0.97 sec
      Start 565: tests.integration.execute.rocprofv3-test-counter-collection-multiplex
    Test #565: tests.integration.execute.rocprofv3-test-counter-collection-multiplex ........................................................   Passed    0.97 sec
      Start 565: tests.integration.execute.rocprofv3-test-counter-collection-multiplex
    Test #565: tests.integration.execute.rocprofv3-test-counter-collection-multiplex ........................................................   Passed    0.98 sec
      Start 565: tests.integration.execute.rocprofv3-test-counter-collection-multiplex
    Test #565: tests.integration.execute.rocprofv3-test-counter-collection-multiplex ........................................................   Passed    0.97 sec
      Start 565: tests.integration.execute.rocprofv3-test-counter-collection-multiplex
 4/14 Test #565: tests.integration.execute.rocprofv3-test-counter-collection-multiplex ........................................................   Passed    0.97 sec
      Start 561: tests.integration.validate.rocprofv3-test-counter-collection-multiplex.test_agent_info
    Test #561: tests.integration.validate.rocprofv3-test-counter-collection-multiplex.test_agent_info .......................................   Passed    0.45 sec
      Start 561: tests.integration.validate.rocprofv3-test-counter-collection-multiplex.test_agent_info
    Test #561: tests.integration.validate.rocprofv3-test-counter-collection-multiplex.test_agent_info .......................................   Passed    0.34 sec
      Start 561: tests.integration.validate.rocprofv3-test-counter-collection-multiplex.test_agent_info
    Test #561: tests.integration.validate.rocprofv3-test-counter-collection-multiplex.test_agent_info .......................................   Passed    0.34 sec
      Start 561: tests.integration.validate.rocprofv3-test-counter-collection-multiplex.test_agent_info
    Test #561: tests.integration.validate.rocprofv3-test-counter-collection-multiplex.test_agent_info .......................................   Passed    0.34 sec
      Start 561: tests.integration.validate.rocprofv3-test-counter-collection-multiplex.test_agent_info
    Test #561: tests.integration.validate.rocprofv3-test-counter-collection-multiplex.test_agent_info .......................................   Passed    0.34 sec
      Start 561: tests.integration.validate.rocprofv3-test-counter-collection-multiplex.test_agent_info
    Test #561: tests.integration.validate.rocprofv3-test-counter-collection-multiplex.test_agent_info .......................................   Passed    0.34 sec
      Start 561: tests.integration.validate.rocprofv3-test-counter-collection-multiplex.test_agent_info
    Test #561: tests.integration.validate.rocprofv3-test-counter-collection-multiplex.test_agent_info .......................................   Passed    0.34 sec
      Start 561: tests.integration.validate.rocprofv3-test-counter-collection-multiplex.test_agent_info
    Test #561: tests.integration.validate.rocprofv3-test-counter-collection-multiplex.test_agent_info .......................................   Passed    0.34 sec
      Start 561: tests.integration.validate.rocprofv3-test-counter-collection-multiplex.test_agent_info
    Test #561: tests.integration.validate.rocprofv3-test-counter-collection-multiplex.test_agent_info .......................................   Passed    0.34 sec
      Start 561: tests.integration.validate.rocprofv3-test-counter-collection-multiplex.test_agent_info
    Test #561: tests.integration.validate.rocprofv3-test-counter-collection-multiplex.test_agent_info .......................................   Passed    0.33 sec
      Start 561: tests.integration.validate.rocprofv3-test-counter-collection-multiplex.test_agent_info
    Test #561: tests.integration.validate.rocprofv3-test-counter-collection-multiplex.test_agent_info .......................................   Passed    0.33 sec
      Start 561: tests.integration.validate.rocprofv3-test-counter-collection-multiplex.test_agent_info
    Test #561: tests.integration.validate.rocprofv3-test-counter-collection-multiplex.test_agent_info .......................................   Passed    0.33 sec
      Start 561: tests.integration.validate.rocprofv3-test-counter-collection-multiplex.test_agent_info
    Test #561: tests.integration.validate.rocprofv3-test-counter-collection-multiplex.test_agent_info .......................................   Passed    0.33 sec
      Start 561: tests.integration.validate.rocprofv3-test-counter-collection-multiplex.test_agent_info
    Test #561: tests.integration.validate.rocprofv3-test-counter-collection-multiplex.test_agent_info .......................................   Passed    0.34 sec
      Start 561: tests.integration.validate.rocprofv3-test-counter-collection-multiplex.test_agent_info
    Test #561: tests.integration.validate.rocprofv3-test-counter-collection-multiplex.test_agent_info .......................................   Passed    0.34 sec
      Start 561: tests.integration.validate.rocprofv3-test-counter-collection-multiplex.test_agent_info
    Test #561: tests.integration.validate.rocprofv3-test-counter-collection-multiplex.test_agent_info .......................................   Passed    0.34 sec
      Start 561: tests.integration.validate.rocprofv3-test-counter-collection-multiplex.test_agent_info
    Test #561: tests.integration.validate.rocprofv3-test-counter-collection-multiplex.test_agent_info .......................................   Passed    0.33 sec
      Start 561: tests.integration.validate.rocprofv3-test-counter-collection-multiplex.test_agent_info
    Test #561: tests.integration.validate.rocprofv3-test-counter-collection-multiplex.test_agent_info .......................................   Passed    0.33 sec
      Start 561: tests.integration.validate.rocprofv3-test-counter-collection-multiplex.test_agent_info
    Test #561: tests.integration.validate.rocprofv3-test-counter-collection-multiplex.test_agent_info .......................................   Passed    0.33 sec
      Start 561: tests.integration.validate.rocprofv3-test-counter-collection-multiplex.test_agent_info
    Test #561: tests.integration.validate.rocprofv3-test-counter-collection-multiplex.test_agent_info .......................................   Passed    0.34 sec
      Start 561: tests.integration.validate.rocprofv3-test-counter-collection-multiplex.test_agent_info
    Test #561: tests.integration.validate.rocprofv3-test-counter-collection-multiplex.test_agent_info .......................................   Passed    0.34 sec
      Start 561: tests.integration.validate.rocprofv3-test-counter-collection-multiplex.test_agent_info
    Test #561: tests.integration.validate.rocprofv3-test-counter-collection-multiplex.test_agent_info .......................................   Passed    0.34 sec
      Start 561: tests.integration.validate.rocprofv3-test-counter-collection-multiplex.test_agent_info
    Test #561: tests.integration.validate.rocprofv3-test-counter-collection-multiplex.test_agent_info .......................................   Passed    0.34 sec
      Start 561: tests.integration.validate.rocprofv3-test-counter-collection-multiplex.test_agent_info
    Test #561: tests.integration.validate.rocprofv3-test-counter-collection-multiplex.test_agent_info .......................................   Passed    0.34 sec
      Start 561: tests.integration.validate.rocprofv3-test-counter-collection-multiplex.test_agent_info
    Test #561: tests.integration.validate.rocprofv3-test-counter-collection-multiplex.test_agent_info .......................................   Passed    0.34 sec
      Start 561: tests.integration.validate.rocprofv3-test-counter-collection-multiplex.test_agent_info
    Test #561: tests.integration.validate.rocprofv3-test-counter-collection-multiplex.test_agent_info .......................................   Passed    0.34 sec
      Start 561: tests.integration.validate.rocprofv3-test-counter-collection-multiplex.test_agent_info
    Test #561: tests.integration.validate.rocprofv3-test-counter-collection-multiplex.test_agent_info .......................................   Passed    0.34 sec
      Start 561: tests.integration.validate.rocprofv3-test-counter-collection-multiplex.test_agent_info
    Test #561: tests.integration.validate.rocprofv3-test-counter-collection-multiplex.test_agent_info .......................................   Passed    0.34 sec
      Start 561: tests.integration.validate.rocprofv3-test-counter-collection-multiplex.test_agent_info
    Test #561: tests.integration.validate.rocprofv3-test-counter-collection-multiplex.test_agent_info .......................................   Passed    0.34 sec
      Start 561: tests.integration.validate.rocprofv3-test-counter-collection-multiplex.test_agent_info
    Test #561: tests.integration.validate.rocprofv3-test-counter-collection-multiplex.test_agent_info .......................................   Passed    0.34 sec
      Start 561: tests.integration.validate.rocprofv3-test-counter-collection-multiplex.test_agent_info
    Test #561: tests.integration.validate.rocprofv3-test-counter-collection-multiplex.test_agent_info .......................................   Passed    0.34 sec
      Start 561: tests.integration.validate.rocprofv3-test-counter-collection-multiplex.test_agent_info
    Test #561: tests.integration.validate.rocprofv3-test-counter-collection-multiplex.test_agent_info .......................................   Passed    0.34 sec
      Start 561: tests.integration.validate.rocprofv3-test-counter-collection-multiplex.test_agent_info
    Test #561: tests.integration.validate.rocprofv3-test-counter-collection-multiplex.test_agent_info .......................................   Passed    0.34 sec
      Start 561: tests.integration.validate.rocprofv3-test-counter-collection-multiplex.test_agent_info
    Test #561: tests.integration.validate.rocprofv3-test-counter-collection-multiplex.test_agent_info .......................................   Passed    0.34 sec
      Start 561: tests.integration.validate.rocprofv3-test-counter-collection-multiplex.test_agent_info
    Test #561: tests.integration.validate.rocprofv3-test-counter-collection-multiplex.test_agent_info .......................................   Passed    0.34 sec
      Start 561: tests.integration.validate.rocprofv3-test-counter-collection-multiplex.test_agent_info
    Test #561: tests.integration.validate.rocprofv3-test-counter-collection-multiplex.test_agent_info .......................................   Passed    0.34 sec
      Start 561: tests.integration.validate.rocprofv3-test-counter-collection-multiplex.test_agent_info
    Test #561: tests.integration.validate.rocprofv3-test-counter-collection-multiplex.test_agent_info .......................................   Passed    0.34 sec
      Start 561: tests.integration.validate.rocprofv3-test-counter-collection-multiplex.test_agent_info
    Test #561: tests.integration.validate.rocprofv3-test-counter-collection-multiplex.test_agent_info .......................................   Passed    0.34 sec
      Start 561: tests.integration.validate.rocprofv3-test-counter-collection-multiplex.test_agent_info
    Test #561: tests.integration.validate.rocprofv3-test-counter-collection-multiplex.test_agent_info .......................................   Passed    0.34 sec
      Start 561: tests.integration.validate.rocprofv3-test-counter-collection-multiplex.test_agent_info
    Test #561: tests.integration.validate.rocprofv3-test-counter-collection-multiplex.test_agent_info .......................................   Passed    0.34 sec
      Start 561: tests.integration.validate.rocprofv3-test-counter-collection-multiplex.test_agent_info
    Test #561: tests.integration.validate.rocprofv3-test-counter-collection-multiplex.test_agent_info .......................................   Passed    0.34 sec
      Start 561: tests.integration.validate.rocprofv3-test-counter-collection-multiplex.test_agent_info
    Test #561: tests.integration.validate.rocprofv3-test-counter-collection-multiplex.test_agent_info .......................................   Passed    0.34 sec
      Start 561: tests.integration.validate.rocprofv3-test-counter-collection-multiplex.test_agent_info
    Test #561: tests.integration.validate.rocprofv3-test-counter-collection-multiplex.test_agent_info .......................................   Passed    0.34 sec
      Start 561: tests.integration.validate.rocprofv3-test-counter-collection-multiplex.test_agent_info
    Test #561: tests.integration.validate.rocprofv3-test-counter-collection-multiplex.test_agent_info .......................................   Passed    0.34 sec
      Start 561: tests.integration.validate.rocprofv3-test-counter-collection-multiplex.test_agent_info
    Test #561: tests.integration.validate.rocprofv3-test-counter-collection-multiplex.test_agent_info .......................................   Passed    0.34 sec
      Start 561: tests.integration.validate.rocprofv3-test-counter-collection-multiplex.test_agent_info
    Test #561: tests.integration.validate.rocprofv3-test-counter-collection-multiplex.test_agent_info .......................................   Passed    0.34 sec
      Start 561: tests.integration.validate.rocprofv3-test-counter-collection-multiplex.test_agent_info
    Test #561: tests.integration.validate.rocprofv3-test-counter-collection-multiplex.test_agent_info .......................................   Passed    0.34 sec
      Start 561: tests.integration.validate.rocprofv3-test-counter-collection-multiplex.test_agent_info
    Test #561: tests.integration.validate.rocprofv3-test-counter-collection-multiplex.test_agent_info .......................................   Passed    0.34 sec
      Start 561: tests.integration.validate.rocprofv3-test-counter-collection-multiplex.test_agent_info
    Test #561: tests.integration.validate.rocprofv3-test-counter-collection-multiplex.test_agent_info .......................................   Passed    0.34 sec
      Start 561: tests.integration.validate.rocprofv3-test-counter-collection-multiplex.test_agent_info
    Test #561: tests.integration.validate.rocprofv3-test-counter-collection-multiplex.test_agent_info .......................................   Passed    0.34 sec
      Start 561: tests.integration.validate.rocprofv3-test-counter-collection-multiplex.test_agent_info
    Test #561: tests.integration.validate.rocprofv3-test-counter-collection-multiplex.test_agent_info .......................................   Passed    0.34 sec
      Start 561: tests.integration.validate.rocprofv3-test-counter-collection-multiplex.test_agent_info
    Test #561: tests.integration.validate.rocprofv3-test-counter-collection-multiplex.test_agent_info .......................................   Passed    0.34 sec
      Start 561: tests.integration.validate.rocprofv3-test-counter-collection-multiplex.test_agent_info
    Test #561: tests.integration.validate.rocprofv3-test-counter-collection-multiplex.test_agent_info .......................................   Passed    0.34 sec
      Start 561: tests.integration.validate.rocprofv3-test-counter-collection-multiplex.test_agent_info
    Test #561: tests.integration.validate.rocprofv3-test-counter-collection-multiplex.test_agent_info .......................................   Passed    0.35 sec
      Start 561: tests.integration.validate.rocprofv3-test-counter-collection-multiplex.test_agent_info
    Test #561: tests.integration.validate.rocprofv3-test-counter-collection-multiplex.test_agent_info .......................................   Passed    0.34 sec
      Start 561: tests.integration.validate.rocprofv3-test-counter-collection-multiplex.test_agent_info
    Test #561: tests.integration.validate.rocprofv3-test-counter-collection-multiplex.test_agent_info .......................................   Passed    0.34 sec
      Start 561: tests.integration.validate.rocprofv3-test-counter-collection-multiplex.test_agent_info
    Test #561: tests.integration.validate.rocprofv3-test-counter-collection-multiplex.test_agent_info .......................................   Passed    0.34 sec
      Start 561: tests.integration.validate.rocprofv3-test-counter-collection-multiplex.test_agent_info
    Test #561: tests.integration.validate.rocprofv3-test-counter-collection-multiplex.test_agent_info .......................................   Passed    0.34 sec
      Start 561: tests.integration.validate.rocprofv3-test-counter-collection-multiplex.test_agent_info
    Test #561: tests.integration.validate.rocprofv3-test-counter-collection-multiplex.test_agent_info .......................................   Passed    0.34 sec
      Start 561: tests.integration.validate.rocprofv3-test-counter-collection-multiplex.test_agent_info
    Test #561: tests.integration.validate.rocprofv3-test-counter-collection-multiplex.test_agent_info .......................................   Passed    0.34 sec
      Start 561: tests.integration.validate.rocprofv3-test-counter-collection-multiplex.test_agent_info
    Test #561: tests.integration.validate.rocprofv3-test-counter-collection-multiplex.test_agent_info .......................................   Passed    0.33 sec
      Start 561: tests.integration.validate.rocprofv3-test-counter-collection-multiplex.test_agent_info
    Test #561: tests.integration.validate.rocprofv3-test-counter-collection-multiplex.test_agent_info .......................................   Passed    0.33 sec
      Start 561: tests.integration.validate.rocprofv3-test-counter-collection-multiplex.test_agent_info
    Test #561: tests.integration.validate.rocprofv3-test-counter-collection-multiplex.test_agent_info .......................................   Passed    0.33 sec
      Start 561: tests.integration.validate.rocprofv3-test-counter-collection-multiplex.test_agent_info
    Test #561: tests.integration.validate.rocprofv3-test-counter-collection-multiplex.test_agent_info .......................................   Passed    0.33 sec
      Start 561: tests.integration.validate.rocprofv3-test-counter-collection-multiplex.test_agent_info
    Test #561: tests.integration.validate.rocprofv3-test-counter-collection-multiplex.test_agent_info .......................................   Passed    0.33 sec
      Start 561: tests.integration.validate.rocprofv3-test-counter-collection-multiplex.test_agent_info
    Test #561: tests.integration.validate.rocprofv3-test-counter-collection-multiplex.test_agent_info .......................................   Passed    0.34 sec
      Start 561: tests.integration.validate.rocprofv3-test-counter-collection-multiplex.test_agent_info
    Test #561: tests.integration.validate.rocprofv3-test-counter-collection-multiplex.test_agent_info .......................................   Passed    0.34 sec
      Start 561: tests.integration.validate.rocprofv3-test-counter-collection-multiplex.test_agent_info
    Test #561: tests.integration.validate.rocprofv3-test-counter-collection-multiplex.test_agent_info .......................................   Passed    0.34 sec
      Start 561: tests.integration.validate.rocprofv3-test-counter-collection-multiplex.test_agent_info
    Test #561: tests.integration.validate.rocprofv3-test-counter-collection-multiplex.test_agent_info .......................................   Passed    0.34 sec
      Start 561: tests.integration.validate.rocprofv3-test-counter-collection-multiplex.test_agent_info
    Test #561: tests.integration.validate.rocprofv3-test-counter-collection-multiplex.test_agent_info .......................................   Passed    0.34 sec
      Start 561: tests.integration.validate.rocprofv3-test-counter-collection-multiplex.test_agent_info
    Test #561: tests.integration.validate.rocprofv3-test-counter-collection-multiplex.test_agent_info .......................................   Passed    0.34 sec
      Start 561: tests.integration.validate.rocprofv3-test-counter-collection-multiplex.test_agent_info
    Test #561: tests.integration.validate.rocprofv3-test-counter-collection-multiplex.test_agent_info .......................................   Passed    0.33 sec
      Start 561: tests.integration.validate.rocprofv3-test-counter-collection-multiplex.test_agent_info
    Test #561: tests.integration.validate.rocprofv3-test-counter-collection-multiplex.test_agent_info .......................................   Passed    0.34 sec
      Start 561: tests.integration.validate.rocprofv3-test-counter-collection-multiplex.test_agent_info
    Test #561: tests.integration.validate.rocprofv3-test-counter-collection-multiplex.test_agent_info .......................................   Passed    0.34 sec
      Start 561: tests.integration.validate.rocprofv3-test-counter-collection-multiplex.test_agent_info
    Test #561: tests.integration.validate.rocprofv3-test-counter-collection-multiplex.test_agent_info .......................................   Passed    0.33 sec
      Start 561: tests.integration.validate.rocprofv3-test-counter-collection-multiplex.test_agent_info
    Test #561: tests.integration.validate.rocprofv3-test-counter-collection-multiplex.test_agent_info .......................................   Passed    0.34 sec
      Start 561: tests.integration.validate.rocprofv3-test-counter-collection-multiplex.test_agent_info
    Test #561: tests.integration.validate.rocprofv3-test-counter-collection-multiplex.test_agent_info .......................................   Passed    0.33 sec
      Start 561: tests.integration.validate.rocprofv3-test-counter-collection-multiplex.test_agent_info
    Test #561: tests.integration.validate.rocprofv3-test-counter-collection-multiplex.test_agent_info .......................................   Passed    0.34 sec
      Start 561: tests.integration.validate.rocprofv3-test-counter-collection-multiplex.test_agent_info
    Test #561: tests.integration.validate.rocprofv3-test-counter-collection-multiplex.test_agent_info .......................................   Passed    0.33 sec
      Start 561: tests.integration.validate.rocprofv3-test-counter-collection-multiplex.test_agent_info
    Test #561: tests.integration.validate.rocprofv3-test-counter-collection-multiplex.test_agent_info .......................................   Passed    0.34 sec
      Start 561: tests.integration.validate.rocprofv3-test-counter-collection-multiplex.test_agent_info
    Test #561: tests.integration.validate.rocprofv3-test-counter-collection-multiplex.test_agent_info .......................................   Passed    0.33 sec
      Start 561: tests.integration.validate.rocprofv3-test-counter-collection-multiplex.test_agent_info
    Test #561: tests.integration.validate.rocprofv3-test-counter-collection-multiplex.test_agent_info .......................................   Passed    0.33 sec
      Start 561: tests.integration.validate.rocprofv3-test-counter-collection-multiplex.test_agent_info
    Test #561: tests.integration.validate.rocprofv3-test-counter-collection-multiplex.test_agent_info .......................................   Passed    0.34 sec
      Start 561: tests.integration.validate.rocprofv3-test-counter-collection-multiplex.test_agent_info
    Test #561: tests.integration.validate.rocprofv3-test-counter-collection-multiplex.test_agent_info .......................................   Passed    0.34 sec
      Start 561: tests.integration.validate.rocprofv3-test-counter-collection-multiplex.test_agent_info
    Test #561: tests.integration.validate.rocprofv3-test-counter-collection-multiplex.test_agent_info .......................................   Passed    0.33 sec
      Start 561: tests.integration.validate.rocprofv3-test-counter-collection-multiplex.test_agent_info
    Test #561: tests.integration.validate.rocprofv3-test-counter-collection-multiplex.test_agent_info .......................................   Passed    0.33 sec
      Start 561: tests.integration.validate.rocprofv3-test-counter-collection-multiplex.test_agent_info
    Test #561: tests.integration.validate.rocprofv3-test-counter-collection-multiplex.test_agent_info .......................................   Passed    0.34 sec
      Start 561: tests.integration.validate.rocprofv3-test-counter-collection-multiplex.test_agent_info
    Test #561: tests.integration.validate.rocprofv3-test-counter-collection-multiplex.test_agent_info .......................................   Passed    0.33 sec
      Start 561: tests.integration.validate.rocprofv3-test-counter-collection-multiplex.test_agent_info
    Test #561: tests.integration.validate.rocprofv3-test-counter-collection-multiplex.test_agent_info .......................................   Passed    0.34 sec
      Start 561: tests.integration.validate.rocprofv3-test-counter-collection-multiplex.test_agent_info
    Test #561: tests.integration.validate.rocprofv3-test-counter-collection-multiplex.test_agent_info .......................................   Passed    0.33 sec
      Start 561: tests.integration.validate.rocprofv3-test-counter-collection-multiplex.test_agent_info
    Test #561: tests.integration.validate.rocprofv3-test-counter-collection-multiplex.test_agent_info .......................................   Passed    0.33 sec
      Start 561: tests.integration.validate.rocprofv3-test-counter-collection-multiplex.test_agent_info
    Test #561: tests.integration.validate.rocprofv3-test-counter-collection-multiplex.test_agent_info .......................................   Passed    0.33 sec
      Start 561: tests.integration.validate.rocprofv3-test-counter-collection-multiplex.test_agent_info
    Test #561: tests.integration.validate.rocprofv3-test-counter-collection-multiplex.test_agent_info .......................................   Passed    0.33 sec
      Start 561: tests.integration.validate.rocprofv3-test-counter-collection-multiplex.test_agent_info
    Test #561: tests.integration.validate.rocprofv3-test-counter-collection-multiplex.test_agent_info .......................................   Passed    0.33 sec
      Start 561: tests.integration.validate.rocprofv3-test-counter-collection-multiplex.test_agent_info
    Test #561: tests.integration.validate.rocprofv3-test-counter-collection-multiplex.test_agent_info .......................................   Passed    0.33 sec
      Start 561: tests.integration.validate.rocprofv3-test-counter-collection-multiplex.test_agent_info
    Test #561: tests.integration.validate.rocprofv3-test-counter-collection-multiplex.test_agent_info .......................................   Passed    0.34 sec
      Start 561: tests.integration.validate.rocprofv3-test-counter-collection-multiplex.test_agent_info
    Test #561: tests.integration.validate.rocprofv3-test-counter-collection-multiplex.test_agent_info .......................................   Passed    0.34 sec
      Start 561: tests.integration.validate.rocprofv3-test-counter-collection-multiplex.test_agent_info
    Test #561: tests.integration.validate.rocprofv3-test-counter-collection-multiplex.test_agent_info .......................................   Passed    0.33 sec
      Start 561: tests.integration.validate.rocprofv3-test-counter-collection-multiplex.test_agent_info
    Test #561: tests.integration.validate.rocprofv3-test-counter-collection-multiplex.test_agent_info .......................................   Passed    0.34 sec
      Start 561: tests.integration.validate.rocprofv3-test-counter-collection-multiplex.test_agent_info
    Test #561: tests.integration.validate.rocprofv3-test-counter-collection-multiplex.test_agent_info .......................................   Passed    0.34 sec
      Start 561: tests.integration.validate.rocprofv3-test-counter-collection-multiplex.test_agent_info
    Test #561: tests.integration.validate.rocprofv3-test-counter-collection-multiplex.test_agent_info .......................................   Passed    0.34 sec
      Start 561: tests.integration.validate.rocprofv3-test-counter-collection-multiplex.test_agent_info
    Test #561: tests.integration.validate.rocprofv3-test-counter-collection-multiplex.test_agent_info .......................................   Passed    0.34 sec
      Start 561: tests.integration.validate.rocprofv3-test-counter-collection-multiplex.test_agent_info
    Test #561: tests.integration.validate.rocprofv3-test-counter-collection-multiplex.test_agent_info .......................................   Passed    0.33 sec
      Start 561: tests.integration.validate.rocprofv3-test-counter-collection-multiplex.test_agent_info
    Test #561: tests.integration.validate.rocprofv3-test-counter-collection-multiplex.test_agent_info .......................................   Passed    0.33 sec
      Start 561: tests.integration.validate.rocprofv3-test-counter-collection-multiplex.test_agent_info
    Test #561: tests.integration.validate.rocprofv3-test-counter-collection-multiplex.test_agent_info .......................................   Passed    0.34 sec
      Start 561: tests.integration.validate.rocprofv3-test-counter-collection-multiplex.test_agent_info
    Test #561: tests.integration.validate.rocprofv3-test-counter-collection-multiplex.test_agent_info .......................................   Passed    0.34 sec
      Start 561: tests.integration.validate.rocprofv3-test-counter-collection-multiplex.test_agent_info
    Test #561: tests.integration.validate.rocprofv3-test-counter-collection-multiplex.test_agent_info .......................................   Passed    0.33 sec
      Start 561: tests.integration.validate.rocprofv3-test-counter-collection-multiplex.test_agent_info
    Test #561: tests.integration.validate.rocprofv3-test-counter-collection-multiplex.test_agent_info .......................................   Passed    0.34 sec
      Start 561: tests.integration.validate.rocprofv3-test-counter-collection-multiplex.test_agent_info
    Test #561: tests.integration.validate.rocprofv3-test-counter-collection-multiplex.test_agent_info .......................................   Passed    0.33 sec
      Start 561: tests.integration.validate.rocprofv3-test-counter-collection-multiplex.test_agent_info
    Test #561: tests.integration.validate.rocprofv3-test-counter-collection-multiplex.test_agent_info .......................................   Passed    0.33 sec
      Start 561: tests.integration.validate.rocprofv3-test-counter-collection-multiplex.test_agent_info
    Test #561: tests.integration.validate.rocprofv3-test-counter-collection-multiplex.test_agent_info .......................................   Passed    0.33 sec
      Start 561: tests.integration.validate.rocprofv3-test-counter-collection-multiplex.test_agent_info
    Test #561: tests.integration.validate.rocprofv3-test-counter-collection-multiplex.test_agent_info .......................................   Passed    0.34 sec
      Start 561: tests.integration.validate.rocprofv3-test-counter-collection-multiplex.test_agent_info
    Test #561: tests.integration.validate.rocprofv3-test-counter-collection-multiplex.test_agent_info .......................................   Passed    0.34 sec
      Start 561: tests.integration.validate.rocprofv3-test-counter-collection-multiplex.test_agent_info
    Test #561: tests.integration.validate.rocprofv3-test-counter-collection-multiplex.test_agent_info .......................................   Passed    0.34 sec
      Start 561: tests.integration.validate.rocprofv3-test-counter-collection-multiplex.test_agent_info
    Test #561: tests.integration.validate.rocprofv3-test-counter-collection-multiplex.test_agent_info .......................................   Passed    0.34 sec
      Start 561: tests.integration.validate.rocprofv3-test-counter-collection-multiplex.test_agent_info
    Test #561: tests.integration.validate.rocprofv3-test-counter-collection-multiplex.test_agent_info .......................................   Passed    0.33 sec
      Start 561: tests.integration.validate.rocprofv3-test-counter-collection-multiplex.test_agent_info
    Test #561: tests.integration.validate.rocprofv3-test-counter-collection-multiplex.test_agent_info .......................................   Passed    0.34 sec
      Start 561: tests.integration.validate.rocprofv3-test-counter-collection-multiplex.test_agent_info
    Test #561: tests.integration.validate.rocprofv3-test-counter-collection-multiplex.test_agent_info .......................................   Passed    0.33 sec
      Start 561: tests.integration.validate.rocprofv3-test-counter-collection-multiplex.test_agent_info
    Test #561: tests.integration.validate.rocprofv3-test-counter-collection-multiplex.test_agent_info .......................................   Passed    0.34 sec
      Start 561: tests.integration.validate.rocprofv3-test-counter-collection-multiplex.test_agent_info
    Test #561: tests.integration.validate.rocprofv3-test-counter-collection-multiplex.test_agent_info .......................................   Passed    0.33 sec
      Start 561: tests.integration.validate.rocprofv3-test-counter-collection-multiplex.test_agent_info
    Test #561: tests.integration.validate.rocprofv3-test-counter-collection-multiplex.test_agent_info .......................................   Passed    0.33 sec
      Start 561: tests.integration.validate.rocprofv3-test-counter-collection-multiplex.test_agent_info
    Test #561: tests.integration.validate.rocprofv3-test-counter-collection-multiplex.test_agent_info .......................................   Passed    0.34 sec
      Start 561: tests.integration.validate.rocprofv3-test-counter-collection-multiplex.test_agent_info
    Test #561: tests.integration.validate.rocprofv3-test-counter-collection-multiplex.test_agent_info .......................................   Passed    0.33 sec
      Start 561: tests.integration.validate.rocprofv3-test-counter-collection-multiplex.test_agent_info
    Test #561: tests.integration.validate.rocprofv3-test-counter-collection-multiplex.test_agent_info .......................................   Passed    0.34 sec
      Start 561: tests.integration.validate.rocprofv3-test-counter-collection-multiplex.test_agent_info
    Test #561: tests.integration.validate.rocprofv3-test-counter-collection-multiplex.test_agent_info .......................................   Passed    0.33 sec
      Start 561: tests.integration.validate.rocprofv3-test-counter-collection-multiplex.test_agent_info
    Test #561: tests.integration.validate.rocprofv3-test-counter-collection-multiplex.test_agent_info .......................................   Passed    0.33 sec
      Start 561: tests.integration.validate.rocprofv3-test-counter-collection-multiplex.test_agent_info
    Test #561: tests.integration.validate.rocprofv3-test-counter-collection-multiplex.test_agent_info .......................................   Passed    0.33 sec
      Start 561: tests.integration.validate.rocprofv3-test-counter-collection-multiplex.test_agent_info
    Test #561: tests.integration.validate.rocprofv3-test-counter-collection-multiplex.test_agent_info .......................................   Passed    0.33 sec
      Start 561: tests.integration.validate.rocprofv3-test-counter-collection-multiplex.test_agent_info
    Test #561: tests.integration.validate.rocprofv3-test-counter-collection-multiplex.test_agent_info .......................................   Passed    0.34 sec
      Start 561: tests.integration.validate.rocprofv3-test-counter-collection-multiplex.test_agent_info
    Test #561: tests.integration.validate.rocprofv3-test-counter-collection-multiplex.test_agent_info .......................................   Passed    0.34 sec
      Start 561: tests.integration.validate.rocprofv3-test-counter-collection-multiplex.test_agent_info
    Test #561: tests.integration.validate.rocprofv3-test-counter-collection-multiplex.test_agent_info .......................................   Passed    0.33 sec
      Start 561: tests.integration.validate.rocprofv3-test-counter-collection-multiplex.test_agent_info
    Test #561: tests.integration.validate.rocprofv3-test-counter-collection-multiplex.test_agent_info .......................................   Passed    0.34 sec
      Start 561: tests.integration.validate.rocprofv3-test-counter-collection-multiplex.test_agent_info
    Test #561: tests.integration.validate.rocprofv3-test-counter-collection-multiplex.test_agent_info .......................................   Passed    0.34 sec
      Start 561: tests.integration.validate.rocprofv3-test-counter-collection-multiplex.test_agent_info
    Test #561: tests.integration.validate.rocprofv3-test-counter-collection-multiplex.test_agent_info .......................................   Passed    0.34 sec
      Start 561: tests.integration.validate.rocprofv3-test-counter-collection-multiplex.test_agent_info
    Test #561: tests.integration.validate.rocprofv3-test-counter-collection-multiplex.test_agent_info .......................................   Passed    0.34 sec
      Start 561: tests.integration.validate.rocprofv3-test-counter-collection-multiplex.test_agent_info
    Test #561: tests.integration.validate.rocprofv3-test-counter-collection-multiplex.test_agent_info .......................................   Passed    0.34 sec
      Start 561: tests.integration.validate.rocprofv3-test-counter-collection-multiplex.test_agent_info
    Test #561: tests.integration.validate.rocprofv3-test-counter-collection-multiplex.test_agent_info .......................................   Passed    0.34 sec
      Start 561: tests.integration.validate.rocprofv3-test-counter-collection-multiplex.test_agent_info
    Test #561: tests.integration.validate.rocprofv3-test-counter-collection-multiplex.test_agent_info .......................................   Passed    0.33 sec
      Start 561: tests.integration.validate.rocprofv3-test-counter-collection-multiplex.test_agent_info
    Test #561: tests.integration.validate.rocprofv3-test-counter-collection-multiplex.test_agent_info .......................................   Passed    0.34 sec
      Start 561: tests.integration.validate.rocprofv3-test-counter-collection-multiplex.test_agent_info
    Test #561: tests.integration.validate.rocprofv3-test-counter-collection-multiplex.test_agent_info .......................................   Passed    0.33 sec
      Start 561: tests.integration.validate.rocprofv3-test-counter-collection-multiplex.test_agent_info
    Test #561: tests.integration.validate.rocprofv3-test-counter-collection-multiplex.test_agent_info .......................................   Passed    0.34 sec
      Start 561: tests.integration.validate.rocprofv3-test-counter-collection-multiplex.test_agent_info
    Test #561: tests.integration.validate.rocprofv3-test-counter-collection-multiplex.test_agent_info .......................................   Passed    0.33 sec
      Start 561: tests.integration.validate.rocprofv3-test-counter-collection-multiplex.test_agent_info
    Test #561: tests.integration.validate.rocprofv3-test-counter-collection-multiplex.test_agent_info .......................................   Passed    0.33 sec
      Start 561: tests.integration.validate.rocprofv3-test-counter-collection-multiplex.test_agent_info
    Test #561: tests.integration.validate.rocprofv3-test-counter-collection-multiplex.test_agent_info .......................................   Passed    0.34 sec
      Start 561: tests.integration.validate.rocprofv3-test-counter-collection-multiplex.test_agent_info
    Test #561: tests.integration.validate.rocprofv3-test-counter-collection-multiplex.test_agent_info .......................................   Passed    0.34 sec
      Start 561: tests.integration.validate.rocprofv3-test-counter-collection-multiplex.test_agent_info
    Test #561: tests.integration.validate.rocprofv3-test-counter-collection-multiplex.test_agent_info .......................................   Passed    0.34 sec
      Start 561: tests.integration.validate.rocprofv3-test-counter-collection-multiplex.test_agent_info
    Test #561: tests.integration.validate.rocprofv3-test-counter-collection-multiplex.test_agent_info .......................................   Passed    0.34 sec
      Start 561: tests.integration.validate.rocprofv3-test-counter-collection-multiplex.test_agent_info
    Test #561: tests.integration.validate.rocprofv3-test-counter-collection-multiplex.test_agent_info .......................................   Passed    0.34 sec
      Start 561: tests.integration.validate.rocprofv3-test-counter-collection-multiplex.test_agent_info
    Test #561: tests.integration.validate.rocprofv3-test-counter-collection-multiplex.test_agent_info .......................................   Passed    0.34 sec
      Start 561: tests.integration.validate.rocprofv3-test-counter-collection-multiplex.test_agent_info
    Test #561: tests.integration.validate.rocprofv3-test-counter-collection-multiplex.test_agent_info .......................................   Passed    0.34 sec
      Start 561: tests.integration.validate.rocprofv3-test-counter-collection-multiplex.test_agent_info
    Test #561: tests.integration.validate.rocprofv3-test-counter-collection-multiplex.test_agent_info .......................................   Passed    0.34 sec
      Start 561: tests.integration.validate.rocprofv3-test-counter-collection-multiplex.test_agent_info
    Test #561: tests.integration.validate.rocprofv3-test-counter-collection-multiplex.test_agent_info .......................................   Passed    0.34 sec
      Start 561: tests.integration.validate.rocprofv3-test-counter-collection-multiplex.test_agent_info
    Test #561: tests.integration.validate.rocprofv3-test-counter-collection-multiplex.test_agent_info .......................................   Passed    0.34 sec
      Start 561: tests.integration.validate.rocprofv3-test-counter-collection-multiplex.test_agent_info
    Test #561: tests.integration.validate.rocprofv3-test-counter-collection-multiplex.test_agent_info .......................................   Passed    0.34 sec
      Start 561: tests.integration.validate.rocprofv3-test-counter-collection-multiplex.test_agent_info
    Test #561: tests.integration.validate.rocprofv3-test-counter-collection-multiplex.test_agent_info .......................................   Passed    0.34 sec
      Start 561: tests.integration.validate.rocprofv3-test-counter-collection-multiplex.test_agent_info
    Test #561: tests.integration.validate.rocprofv3-test-counter-collection-multiplex.test_agent_info .......................................   Passed    0.34 sec
      Start 561: tests.integration.validate.rocprofv3-test-counter-collection-multiplex.test_agent_info
    Test #561: tests.integration.validate.rocprofv3-test-counter-collection-multiplex.test_agent_info .......................................   Passed    0.34 sec
      Start 561: tests.integration.validate.rocprofv3-test-counter-collection-multiplex.test_agent_info
    Test #561: tests.integration.validate.rocprofv3-test-counter-collection-multiplex.test_agent_info .......................................   Passed    0.35 sec
      Start 561: tests.integration.validate.rocprofv3-test-counter-collection-multiplex.test_agent_info
    Test #561: tests.integration.validate.rocprofv3-test-counter-collection-multiplex.test_agent_info .......................................   Passed    0.34 sec
      Start 561: tests.integration.validate.rocprofv3-test-counter-collection-multiplex.test_agent_info
    Test #561: tests.integration.validate.rocprofv3-test-counter-collection-multiplex.test_agent_info .......................................   Passed    0.35 sec
      Start 561: tests.integration.validate.rocprofv3-test-counter-collection-multiplex.test_agent_info
    Test #561: tests.integration.validate.rocprofv3-test-counter-collection-multiplex.test_agent_info .......................................   Passed    0.34 sec
      Start 561: tests.integration.validate.rocprofv3-test-counter-collection-multiplex.test_agent_info
    Test #561: tests.integration.validate.rocprofv3-test-counter-collection-multiplex.test_agent_info .......................................   Passed    0.34 sec
      Start 561: tests.integration.validate.rocprofv3-test-counter-collection-multiplex.test_agent_info
    Test #561: tests.integration.validate.rocprofv3-test-counter-collection-multiplex.test_agent_info .......................................   Passed    0.34 sec
      Start 561: tests.integration.validate.rocprofv3-test-counter-collection-multiplex.test_agent_info
    Test #561: tests.integration.validate.rocprofv3-test-counter-collection-multiplex.test_agent_info .......................................   Passed    0.34 sec
      Start 561: tests.integration.validate.rocprofv3-test-counter-collection-multiplex.test_agent_info
    Test #561: tests.integration.validate.rocprofv3-test-counter-collection-multiplex.test_agent_info .......................................   Passed    0.34 sec
      Start 561: tests.integration.validate.rocprofv3-test-counter-collection-multiplex.test_agent_info
    Test #561: tests.integration.validate.rocprofv3-test-counter-collection-multiplex.test_agent_info .......................................   Passed    0.34 sec
      Start 561: tests.integration.validate.rocprofv3-test-counter-collection-multiplex.test_agent_info
    Test #561: tests.integration.validate.rocprofv3-test-counter-collection-multiplex.test_agent_info .......................................   Passed    0.34 sec
      Start 561: tests.integration.validate.rocprofv3-test-counter-collection-multiplex.test_agent_info
    Test #561: tests.integration.validate.rocprofv3-test-counter-collection-multiplex.test_agent_info .......................................   Passed    0.34 sec
      Start 561: tests.integration.validate.rocprofv3-test-counter-collection-multiplex.test_agent_info
    Test #561: tests.integration.validate.rocprofv3-test-counter-collection-multiplex.test_agent_info .......................................   Passed    0.34 sec
      Start 561: tests.integration.validate.rocprofv3-test-counter-collection-multiplex.test_agent_info
    Test #561: tests.integration.validate.rocprofv3-test-counter-collection-multiplex.test_agent_info .......................................   Passed    0.34 sec
      Start 561: tests.integration.validate.rocprofv3-test-counter-collection-multiplex.test_agent_info
    Test #561: tests.integration.validate.rocprofv3-test-counter-collection-multiplex.test_agent_info .......................................   Passed    0.34 sec
      Start 561: tests.integration.validate.rocprofv3-test-counter-collection-multiplex.test_agent_info
    Test #561: tests.integration.validate.rocprofv3-test-counter-collection-multiplex.test_agent_info .......................................   Passed    0.34 sec
      Start 561: tests.integration.validate.rocprofv3-test-counter-collection-multiplex.test_agent_info
    Test #561: tests.integration.validate.rocprofv3-test-counter-collection-multiplex.test_agent_info .......................................   Passed    0.34 sec
      Start 561: tests.integration.validate.rocprofv3-test-counter-collection-multiplex.test_agent_info
    Test #561: tests.integration.validate.rocprofv3-test-counter-collection-multiplex.test_agent_info .......................................   Passed    0.34 sec
      Start 561: tests.integration.validate.rocprofv3-test-counter-collection-multiplex.test_agent_info
    Test #561: tests.integration.validate.rocprofv3-test-counter-collection-multiplex.test_agent_info .......................................   Passed    0.34 sec
      Start 561: tests.integration.validate.rocprofv3-test-counter-collection-multiplex.test_agent_info
    Test #561: tests.integration.validate.rocprofv3-test-counter-collection-multiplex.test_agent_info .......................................   Passed    0.34 sec
      Start 561: tests.integration.validate.rocprofv3-test-counter-collection-multiplex.test_agent_info
    Test #561: tests.integration.validate.rocprofv3-test-counter-collection-multiplex.test_agent_info .......................................   Passed    0.34 sec
      Start 561: tests.integration.validate.rocprofv3-test-counter-collection-multiplex.test_agent_info
    Test #561: tests.integration.validate.rocprofv3-test-counter-collection-multiplex.test_agent_info .......................................   Passed    0.34 sec
      Start 561: tests.integration.validate.rocprofv3-test-counter-collection-multiplex.test_agent_info
    Test #561: tests.integration.validate.rocprofv3-test-counter-collection-multiplex.test_agent_info .......................................   Passed    0.34 sec
      Start 561: tests.integration.validate.rocprofv3-test-counter-collection-multiplex.test_agent_info
    Test #561: tests.integration.validate.rocprofv3-test-counter-collection-multiplex.test_agent_info .......................................   Passed    0.34 sec
      Start 561: tests.integration.validate.rocprofv3-test-counter-collection-multiplex.test_agent_info
    Test #561: tests.integration.validate.rocprofv3-test-counter-collection-multiplex.test_agent_info .......................................   Passed    0.34 sec
      Start 561: tests.integration.validate.rocprofv3-test-counter-collection-multiplex.test_agent_info
    Test #561: tests.integration.validate.rocprofv3-test-counter-collection-multiplex.test_agent_info .......................................   Passed    0.34 sec
      Start 561: tests.integration.validate.rocprofv3-test-counter-collection-multiplex.test_agent_info
    Test #561: tests.integration.validate.rocprofv3-test-counter-collection-multiplex.test_agent_info .......................................   Passed    0.34 sec
      Start 561: tests.integration.validate.rocprofv3-test-counter-collection-multiplex.test_agent_info
    Test #561: tests.integration.validate.rocprofv3-test-counter-collection-multiplex.test_agent_info .......................................   Passed    0.34 sec
      Start 561: tests.integration.validate.rocprofv3-test-counter-collection-multiplex.test_agent_info
    Test #561: tests.integration.validate.rocprofv3-test-counter-collection-multiplex.test_agent_info .......................................   Passed    0.34 sec
      Start 561: tests.integration.validate.rocprofv3-test-counter-collection-multiplex.test_agent_info
    Test #561: tests.integration.validate.rocprofv3-test-counter-collection-multiplex.test_agent_info .......................................   Passed    0.34 sec
      Start 561: tests.integration.validate.rocprofv3-test-counter-collection-multiplex.test_agent_info
    Test #561: tests.integration.validate.rocprofv3-test-counter-collection-multiplex.test_agent_info .......................................   Passed    0.34 sec
      Start 561: tests.integration.validate.rocprofv3-test-counter-collection-multiplex.test_agent_info
    Test #561: tests.integration.validate.rocprofv3-test-counter-collection-multiplex.test_agent_info .......................................   Passed    0.34 sec
      Start 561: tests.integration.validate.rocprofv3-test-counter-collection-multiplex.test_agent_info
    Test #561: tests.integration.validate.rocprofv3-test-counter-collection-multiplex.test_agent_info .......................................   Passed    0.34 sec
      Start 561: tests.integration.validate.rocprofv3-test-counter-collection-multiplex.test_agent_info
    Test #561: tests.integration.validate.rocprofv3-test-counter-collection-multiplex.test_agent_info .......................................   Passed    0.34 sec
      Start 561: tests.integration.validate.rocprofv3-test-counter-collection-multiplex.test_agent_info
    Test #561: tests.integration.validate.rocprofv3-test-counter-collection-multiplex.test_agent_info .......................................   Passed    0.34 sec
      Start 561: tests.integration.validate.rocprofv3-test-counter-collection-multiplex.test_agent_info
    Test #561: tests.integration.validate.rocprofv3-test-counter-collection-multiplex.test_agent_info .......................................   Passed    0.34 sec
      Start 561: tests.integration.validate.rocprofv3-test-counter-collection-multiplex.test_agent_info
    Test #561: tests.integration.validate.rocprofv3-test-counter-collection-multiplex.test_agent_info .......................................   Passed    0.34 sec
      Start 561: tests.integration.validate.rocprofv3-test-counter-collection-multiplex.test_agent_info
    Test #561: tests.integration.validate.rocprofv3-test-counter-collection-multiplex.test_agent_info .......................................   Passed    0.33 sec
      Start 561: tests.integration.validate.rocprofv3-test-counter-collection-multiplex.test_agent_info
    Test #561: tests.integration.validate.rocprofv3-test-counter-collection-multiplex.test_agent_info .......................................   Passed    0.34 sec
      Start 561: tests.integration.validate.rocprofv3-test-counter-collection-multiplex.test_agent_info
    Test #561: tests.integration.validate.rocprofv3-test-counter-collection-multiplex.test_agent_info .......................................   Passed    0.34 sec
      Start 561: tests.integration.validate.rocprofv3-test-counter-collection-multiplex.test_agent_info
    Test #561: tests.integration.validate.rocprofv3-test-counter-collection-multiplex.test_agent_info .......................................   Passed    0.34 sec
      Start 561: tests.integration.validate.rocprofv3-test-counter-collection-multiplex.test_agent_info
    Test #561: tests.integration.validate.rocprofv3-test-counter-collection-multiplex.test_agent_info .......................................   Passed    0.34 sec
      Start 561: tests.integration.validate.rocprofv3-test-counter-collection-multiplex.test_agent_info
    Test #561: tests.integration.validate.rocprofv3-test-counter-collection-multiplex.test_agent_info .......................................   Passed    0.34 sec
      Start 561: tests.integration.validate.rocprofv3-test-counter-collection-multiplex.test_agent_info
    Test #561: tests.integration.validate.rocprofv3-test-counter-collection-multiplex.test_agent_info .......................................   Passed    0.34 sec
      Start 561: tests.integration.validate.rocprofv3-test-counter-collection-multiplex.test_agent_info
    Test #561: tests.integration.validate.rocprofv3-test-counter-collection-multiplex.test_agent_info .......................................   Passed    0.34 sec
      Start 561: tests.integration.validate.rocprofv3-test-counter-collection-multiplex.test_agent_info
    Test #561: tests.integration.validate.rocprofv3-test-counter-collection-multiplex.test_agent_info .......................................   Passed    0.34 sec
      Start 561: tests.integration.validate.rocprofv3-test-counter-collection-multiplex.test_agent_info
    Test #561: tests.integration.validate.rocprofv3-test-counter-collection-multiplex.test_agent_info .......................................   Passed    0.33 sec
      Start 561: tests.integration.validate.rocprofv3-test-counter-collection-multiplex.test_agent_info
    Test #561: tests.integration.validate.rocprofv3-test-counter-collection-multiplex.test_agent_info .......................................   Passed    0.34 sec
      Start 561: tests.integration.validate.rocprofv3-test-counter-collection-multiplex.test_agent_info
    Test #561: tests.integration.validate.rocprofv3-test-counter-collection-multiplex.test_agent_info .......................................   Passed    0.34 sec
      Start 561: tests.integration.validate.rocprofv3-test-counter-collection-multiplex.test_agent_info
    Test #561: tests.integration.validate.rocprofv3-test-counter-collection-multiplex.test_agent_info .......................................   Passed    0.34 sec
      Start 561: tests.integration.validate.rocprofv3-test-counter-collection-multiplex.test_agent_info
    Test #561: tests.integration.validate.rocprofv3-test-counter-collection-multiplex.test_agent_info .......................................   Passed    0.34 sec
      Start 561: tests.integration.validate.rocprofv3-test-counter-collection-multiplex.test_agent_info
    Test #561: tests.integration.validate.rocprofv3-test-counter-collection-multiplex.test_agent_info .......................................   Passed    0.34 sec
      Start 561: tests.integration.validate.rocprofv3-test-counter-collection-multiplex.test_agent_info
    Test #561: tests.integration.validate.rocprofv3-test-counter-collection-multiplex.test_agent_info .......................................   Passed    0.33 sec
      Start 561: tests.integration.validate.rocprofv3-test-counter-collection-multiplex.test_agent_info
    Test #561: tests.integration.validate.rocprofv3-test-counter-collection-multiplex.test_agent_info .......................................   Passed    0.34 sec
      Start 561: tests.integration.validate.rocprofv3-test-counter-collection-multiplex.test_agent_info
    Test #561: tests.integration.validate.rocprofv3-test-counter-collection-multiplex.test_agent_info .......................................   Passed    0.33 sec
      Start 561: tests.integration.validate.rocprofv3-test-counter-collection-multiplex.test_agent_info
    Test #561: tests.integration.validate.rocprofv3-test-counter-collection-multiplex.test_agent_info .......................................   Passed    0.34 sec
      Start 561: tests.integration.validate.rocprofv3-test-counter-collection-multiplex.test_agent_info
    Test #561: tests.integration.validate.rocprofv3-test-counter-collection-multiplex.test_agent_info .......................................   Passed    0.34 sec
      Start 561: tests.integration.validate.rocprofv3-test-counter-collection-multiplex.test_agent_info
    Test #561: tests.integration.validate.rocprofv3-test-counter-collection-multiplex.test_agent_info .......................................   Passed    0.34 sec
      Start 561: tests.integration.validate.rocprofv3-test-counter-collection-multiplex.test_agent_info
    Test #561: tests.integration.validate.rocprofv3-test-counter-collection-multiplex.test_agent_info .......................................   Passed    0.33 sec
      Start 561: tests.integration.validate.rocprofv3-test-counter-collection-multiplex.test_agent_info
    Test #561: tests.integration.validate.rocprofv3-test-counter-collection-multiplex.test_agent_info .......................................   Passed    0.34 sec
      Start 561: tests.integration.validate.rocprofv3-test-counter-collection-multiplex.test_agent_info
    Test #561: tests.integration.validate.rocprofv3-test-counter-collection-multiplex.test_agent_info .......................................   Passed    0.34 sec
      Start 561: tests.integration.validate.rocprofv3-test-counter-collection-multiplex.test_agent_info
    Test #561: tests.integration.validate.rocprofv3-test-counter-collection-multiplex.test_agent_info .......................................   Passed    0.34 sec
      Start 561: tests.integration.validate.rocprofv3-test-counter-collection-multiplex.test_agent_info
    Test #561: tests.integration.validate.rocprofv3-test-counter-collection-multiplex.test_agent_info .......................................   Passed    0.33 sec
      Start 561: tests.integration.validate.rocprofv3-test-counter-collection-multiplex.test_agent_info
    Test #561: tests.integration.validate.rocprofv3-test-counter-collection-multiplex.test_agent_info .......................................   Passed    0.33 sec
      Start 561: tests.integration.validate.rocprofv3-test-counter-collection-multiplex.test_agent_info
    Test #561: tests.integration.validate.rocprofv3-test-counter-collection-multiplex.test_agent_info .......................................   Passed    0.34 sec
      Start 561: tests.integration.validate.rocprofv3-test-counter-collection-multiplex.test_agent_info
    Test #561: tests.integration.validate.rocprofv3-test-counter-collection-multiplex.test_agent_info .......................................   Passed    0.33 sec
      Start 561: tests.integration.validate.rocprofv3-test-counter-collection-multiplex.test_agent_info
    Test #561: tests.integration.validate.rocprofv3-test-counter-collection-multiplex.test_agent_info .......................................   Passed    0.33 sec
      Start 561: tests.integration.validate.rocprofv3-test-counter-collection-multiplex.test_agent_info
    Test #561: tests.integration.validate.rocprofv3-test-counter-collection-multiplex.test_agent_info .......................................   Passed    0.33 sec
      Start 561: tests.integration.validate.rocprofv3-test-counter-collection-multiplex.test_agent_info
    Test #561: tests.integration.validate.rocprofv3-test-counter-collection-multiplex.test_agent_info .......................................   Passed    0.33 sec
      Start 561: tests.integration.validate.rocprofv3-test-counter-collection-multiplex.test_agent_info
    Test #561: tests.integration.validate.rocprofv3-test-counter-collection-multiplex.test_agent_info .......................................   Passed    0.33 sec
      Start 561: tests.integration.validate.rocprofv3-test-counter-collection-multiplex.test_agent_info
    Test #561: tests.integration.validate.rocprofv3-test-counter-collection-multiplex.test_agent_info .......................................   Passed    0.33 sec
      Start 561: tests.integration.validate.rocprofv3-test-counter-collection-multiplex.test_agent_info
    Test #561: tests.integration.validate.rocprofv3-test-counter-collection-multiplex.test_agent_info .......................................   Passed    0.34 sec
      Start 561: tests.integration.validate.rocprofv3-test-counter-collection-multiplex.test_agent_info
    Test #561: tests.integration.validate.rocprofv3-test-counter-collection-multiplex.test_agent_info .......................................   Passed    0.33 sec
      Start 561: tests.integration.validate.rocprofv3-test-counter-collection-multiplex.test_agent_info
    Test #561: tests.integration.validate.rocprofv3-test-counter-collection-multiplex.test_agent_info .......................................   Passed    0.34 sec
      Start 561: tests.integration.validate.rocprofv3-test-counter-collection-multiplex.test_agent_info
    Test #561: tests.integration.validate.rocprofv3-test-counter-collection-multiplex.test_agent_info .......................................   Passed    0.34 sec
      Start 561: tests.integration.validate.rocprofv3-test-counter-collection-multiplex.test_agent_info
    Test #561: tests.integration.validate.rocprofv3-test-counter-collection-multiplex.test_agent_info .......................................   Passed    0.34 sec
      Start 561: tests.integration.validate.rocprofv3-test-counter-collection-multiplex.test_agent_info
    Test #561: tests.integration.validate.rocprofv3-test-counter-collection-multiplex.test_agent_info .......................................   Passed    0.34 sec
      Start 561: tests.integration.validate.rocprofv3-test-counter-collection-multiplex.test_agent_info
    Test #561: tests.integration.validate.rocprofv3-test-counter-collection-multiplex.test_agent_info .......................................   Passed    0.34 sec
      Start 561: tests.integration.validate.rocprofv3-test-counter-collection-multiplex.test_agent_info
    Test #561: tests.integration.validate.rocprofv3-test-counter-collection-multiplex.test_agent_info .......................................   Passed    0.34 sec
      Start 561: tests.integration.validate.rocprofv3-test-counter-collection-multiplex.test_agent_info
    Test #561: tests.integration.validate.rocprofv3-test-counter-collection-multiplex.test_agent_info .......................................   Passed    0.34 sec
      Start 561: tests.integration.validate.rocprofv3-test-counter-collection-multiplex.test_agent_info
    Test #561: tests.integration.validate.rocprofv3-test-counter-collection-multiplex.test_agent_info .......................................   Passed    0.34 sec
      Start 561: tests.integration.validate.rocprofv3-test-counter-collection-multiplex.test_agent_info
    Test #561: tests.integration.validate.rocprofv3-test-counter-collection-multiplex.test_agent_info .......................................   Passed    0.34 sec
      Start 561: tests.integration.validate.rocprofv3-test-counter-collection-multiplex.test_agent_info
    Test #561: tests.integration.validate.rocprofv3-test-counter-collection-multiplex.test_agent_info .......................................   Passed    0.34 sec
      Start 561: tests.integration.validate.rocprofv3-test-counter-collection-multiplex.test_agent_info
    Test #561: tests.integration.validate.rocprofv3-test-counter-collection-multiplex.test_agent_info .......................................   Passed    0.36 sec
      Start 561: tests.integration.validate.rocprofv3-test-counter-collection-multiplex.test_agent_info
    Test #561: tests.integration.validate.rocprofv3-test-counter-collection-multiplex.test_agent_info .......................................   Passed    0.34 sec
      Start 561: tests.integration.validate.rocprofv3-test-counter-collection-multiplex.test_agent_info
    Test #561: tests.integration.validate.rocprofv3-test-counter-collection-multiplex.test_agent_info .......................................   Passed    0.34 sec
      Start 561: tests.integration.validate.rocprofv3-test-counter-collection-multiplex.test_agent_info
    Test #561: tests.integration.validate.rocprofv3-test-counter-collection-multiplex.test_agent_info .......................................   Passed    0.34 sec
      Start 561: tests.integration.validate.rocprofv3-test-counter-collection-multiplex.test_agent_info
    Test #561: tests.integration.validate.rocprofv3-test-counter-collection-multiplex.test_agent_info .......................................   Passed    0.34 sec
      Start 561: tests.integration.validate.rocprofv3-test-counter-collection-multiplex.test_agent_info
    Test #561: tests.integration.validate.rocprofv3-test-counter-collection-multiplex.test_agent_info .......................................   Passed    0.34 sec
      Start 561: tests.integration.validate.rocprofv3-test-counter-collection-multiplex.test_agent_info
    Test #561: tests.integration.validate.rocprofv3-test-counter-collection-multiplex.test_agent_info .......................................   Passed    0.34 sec
      Start 561: tests.integration.validate.rocprofv3-test-counter-collection-multiplex.test_agent_info
    Test #561: tests.integration.validate.rocprofv3-test-counter-collection-multiplex.test_agent_info .......................................   Passed    0.34 sec
      Start 561: tests.integration.validate.rocprofv3-test-counter-collection-multiplex.test_agent_info
    Test #561: tests.integration.validate.rocprofv3-test-counter-collection-multiplex.test_agent_info .......................................   Passed    0.34 sec
      Start 561: tests.integration.validate.rocprofv3-test-counter-collection-multiplex.test_agent_info
    Test #561: tests.integration.validate.rocprofv3-test-counter-collection-multiplex.test_agent_info .......................................   Passed    0.33 sec
      Start 561: tests.integration.validate.rocprofv3-test-counter-collection-multiplex.test_agent_info
    Test #561: tests.integration.validate.rocprofv3-test-counter-collection-multiplex.test_agent_info .......................................   Passed    0.34 sec
      Start 561: tests.integration.validate.rocprofv3-test-counter-collection-multiplex.test_agent_info
    Test #561: tests.integration.validate.rocprofv3-test-counter-collection-multiplex.test_agent_info .......................................   Passed    0.34 sec
      Start 561: tests.integration.validate.rocprofv3-test-counter-collection-multiplex.test_agent_info
    Test #561: tests.integration.validate.rocprofv3-test-counter-collection-multiplex.test_agent_info .......................................   Passed    0.34 sec
      Start 561: tests.integration.validate.rocprofv3-test-counter-collection-multiplex.test_agent_info
    Test #561: tests.integration.validate.rocprofv3-test-counter-collection-multiplex.test_agent_info .......................................   Passed    0.34 sec
      Start 561: tests.integration.validate.rocprofv3-test-counter-collection-multiplex.test_agent_info
    Test #561: tests.integration.validate.rocprofv3-test-counter-collection-multiplex.test_agent_info .......................................   Passed    0.34 sec
      Start 561: tests.integration.validate.rocprofv3-test-counter-collection-multiplex.test_agent_info
    Test #561: tests.integration.validate.rocprofv3-test-counter-collection-multiplex.test_agent_info .......................................   Passed    0.33 sec
      Start 561: tests.integration.validate.rocprofv3-test-counter-collection-multiplex.test_agent_info
    Test #561: tests.integration.validate.rocprofv3-test-counter-collection-multiplex.test_agent_info .......................................   Passed    0.34 sec
      Start 561: tests.integration.validate.rocprofv3-test-counter-collection-multiplex.test_agent_info
    Test #561: tests.integration.validate.rocprofv3-test-counter-collection-multiplex.test_agent_info .......................................   Passed    0.34 sec
      Start 561: tests.integration.validate.rocprofv3-test-counter-collection-multiplex.test_agent_info
    Test #561: tests.integration.validate.rocprofv3-test-counter-collection-multiplex.test_agent_info .......................................   Passed    0.34 sec
      Start 561: tests.integration.validate.rocprofv3-test-counter-collection-multiplex.test_agent_info
    Test #561: tests.integration.validate.rocprofv3-test-counter-collection-multiplex.test_agent_info .......................................   Passed    0.34 sec
      Start 561: tests.integration.validate.rocprofv3-test-counter-collection-multiplex.test_agent_info
    Test #561: tests.integration.validate.rocprofv3-test-counter-collection-multiplex.test_agent_info .......................................   Passed    0.34 sec
      Start 561: tests.integration.validate.rocprofv3-test-counter-collection-multiplex.test_agent_info
    Test #561: tests.integration.validate.rocprofv3-test-counter-collection-multiplex.test_agent_info .......................................   Passed    0.34 sec
      Start 561: tests.integration.validate.rocprofv3-test-counter-collection-multiplex.test_agent_info
    Test #561: tests.integration.validate.rocprofv3-test-counter-collection-multiplex.test_agent_info .......................................   Passed    0.33 sec
      Start 561: tests.integration.validate.rocprofv3-test-counter-collection-multiplex.test_agent_info
    Test #561: tests.integration.validate.rocprofv3-test-counter-collection-multiplex.test_agent_info .......................................   Passed    0.34 sec
      Start 561: tests.integration.validate.rocprofv3-test-counter-collection-multiplex.test_agent_info
    Test #561: tests.integration.validate.rocprofv3-test-counter-collection-multiplex.test_agent_info .......................................   Passed    0.34 sec
      Start 561: tests.integration.validate.rocprofv3-test-counter-collection-multiplex.test_agent_info
    Test #561: tests.integration.validate.rocprofv3-test-counter-collection-multiplex.test_agent_info .......................................   Passed    0.34 sec
      Start 561: tests.integration.validate.rocprofv3-test-counter-collection-multiplex.test_agent_info
    Test #561: tests.integration.validate.rocprofv3-test-counter-collection-multiplex.test_agent_info .......................................   Passed    0.33 sec
      Start 561: tests.integration.validate.rocprofv3-test-counter-collection-multiplex.test_agent_info
    Test #561: tests.integration.validate.rocprofv3-test-counter-collection-multiplex.test_agent_info .......................................   Passed    0.33 sec
      Start 561: tests.integration.validate.rocprofv3-test-counter-collection-multiplex.test_agent_info
    Test #561: tests.integration.validate.rocprofv3-test-counter-collection-multiplex.test_agent_info .......................................   Passed    0.33 sec
      Start 561: tests.integration.validate.rocprofv3-test-counter-collection-multiplex.test_agent_info
    Test #561: tests.integration.validate.rocprofv3-test-counter-collection-multiplex.test_agent_info .......................................   Passed    0.33 sec
      Start 561: tests.integration.validate.rocprofv3-test-counter-collection-multiplex.test_agent_info
    Test #561: tests.integration.validate.rocprofv3-test-counter-collection-multiplex.test_agent_info .......................................   Passed    0.33 sec
      Start 561: tests.integration.validate.rocprofv3-test-counter-collection-multiplex.test_agent_info
    Test #561: tests.integration.validate.rocprofv3-test-counter-collection-multiplex.test_agent_info .......................................   Passed    0.33 sec
      Start 561: tests.integration.validate.rocprofv3-test-counter-collection-multiplex.test_agent_info
    Test #561: tests.integration.validate.rocprofv3-test-counter-collection-multiplex.test_agent_info .......................................   Passed    0.34 sec
      Start 561: tests.integration.validate.rocprofv3-test-counter-collection-multiplex.test_agent_info
    Test #561: tests.integration.validate.rocprofv3-test-counter-collection-multiplex.test_agent_info .......................................   Passed    0.33 sec
      Start 561: tests.integration.validate.rocprofv3-test-counter-collection-multiplex.test_agent_info
    Test #561: tests.integration.validate.rocprofv3-test-counter-collection-multiplex.test_agent_info .......................................   Passed    0.34 sec
      Start 561: tests.integration.validate.rocprofv3-test-counter-collection-multiplex.test_agent_info
    Test #561: tests.integration.validate.rocprofv3-test-counter-collection-multiplex.test_agent_info .......................................   Passed    0.33 sec
      Start 561: tests.integration.validate.rocprofv3-test-counter-collection-multiplex.test_agent_info
    Test #561: tests.integration.validate.rocprofv3-test-counter-collection-multiplex.test_agent_info .......................................   Passed    0.34 sec
      Start 561: tests.integration.validate.rocprofv3-test-counter-collection-multiplex.test_agent_info
    Test #561: tests.integration.validate.rocprofv3-test-counter-collection-multiplex.test_agent_info .......................................   Passed    0.34 sec
      Start 561: tests.integration.validate.rocprofv3-test-counter-collection-multiplex.test_agent_info
    Test #561: tests.integration.validate.rocprofv3-test-counter-collection-multiplex.test_agent_info .......................................   Passed    0.33 sec
      Start 561: tests.integration.validate.rocprofv3-test-counter-collection-multiplex.test_agent_info
    Test #561: tests.integration.validate.rocprofv3-test-counter-collection-multiplex.test_agent_info .......................................   Passed    0.33 sec
      Start 561: tests.integration.validate.rocprofv3-test-counter-collection-multiplex.test_agent_info
    Test #561: tests.integration.validate.rocprofv3-test-counter-collection-multiplex.test_agent_info .......................................   Passed    0.33 sec
      Start 561: tests.integration.validate.rocprofv3-test-counter-collection-multiplex.test_agent_info
    Test #561: tests.integration.validate.rocprofv3-test-counter-collection-multiplex.test_agent_info .......................................   Passed    0.34 sec
      Start 561: tests.integration.validate.rocprofv3-test-counter-collection-multiplex.test_agent_info
    Test #561: tests.integration.validate.rocprofv3-test-counter-collection-multiplex.test_agent_info .......................................   Passed    0.34 sec
      Start 561: tests.integration.validate.rocprofv3-test-counter-collection-multiplex.test_agent_info
    Test #561: tests.integration.validate.rocprofv3-test-counter-collection-multiplex.test_agent_info .......................................   Passed    0.34 sec
      Start 561: tests.integration.validate.rocprofv3-test-counter-collection-multiplex.test_agent_info
    Test #561: tests.integration.validate.rocprofv3-test-counter-collection-multiplex.test_agent_info .......................................   Passed    0.34 sec
      Start 561: tests.integration.validate.rocprofv3-test-counter-collection-multiplex.test_agent_info
    Test #561: tests.integration.validate.rocprofv3-test-counter-collection-multiplex.test_agent_info .......................................   Passed    0.34 sec
      Start 561: tests.integration.validate.rocprofv3-test-counter-collection-multiplex.test_agent_info
    Test #561: tests.integration.validate.rocprofv3-test-counter-collection-multiplex.test_agent_info .......................................   Passed    0.34 sec
      Start 561: tests.integration.validate.rocprofv3-test-counter-collection-multiplex.test_agent_info
    Test #561: tests.integration.validate.rocprofv3-test-counter-collection-multiplex.test_agent_info .......................................   Passed    0.33 sec
      Start 561: tests.integration.validate.rocprofv3-test-counter-collection-multiplex.test_agent_info
    Test #561: tests.integration.validate.rocprofv3-test-counter-collection-multiplex.test_agent_info .......................................   Passed    0.33 sec
      Start 561: tests.integration.validate.rocprofv3-test-counter-collection-multiplex.test_agent_info
    Test #561: tests.integration.validate.rocprofv3-test-counter-collection-multiplex.test_agent_info .......................................   Passed    0.33 sec
      Start 561: tests.integration.validate.rocprofv3-test-counter-collection-multiplex.test_agent_info
    Test #561: tests.integration.validate.rocprofv3-test-counter-collection-multiplex.test_agent_info .......................................   Passed    0.34 sec
      Start 561: tests.integration.validate.rocprofv3-test-counter-collection-multiplex.test_agent_info
    Test #561: tests.integration.validate.rocprofv3-test-counter-collection-multiplex.test_agent_info .......................................   Passed    0.33 sec
      Start 561: tests.integration.validate.rocprofv3-test-counter-collection-multiplex.test_agent_info
    Test #561: tests.integration.validate.rocprofv3-test-counter-collection-multiplex.test_agent_info .......................................   Passed    0.34 sec
      Start 561: tests.integration.validate.rocprofv3-test-counter-collection-multiplex.test_agent_info
    Test #561: tests.integration.validate.rocprofv3-test-counter-collection-multiplex.test_agent_info .......................................   Passed    0.34 sec
      Start 561: tests.integration.validate.rocprofv3-test-counter-collection-multiplex.test_agent_info
    Test #561: tests.integration.validate.rocprofv3-test-counter-collection-multiplex.test_agent_info .......................................   Passed    0.33 sec
      Start 561: tests.integration.validate.rocprofv3-test-counter-collection-multiplex.test_agent_info
    Test #561: tests.integration.validate.rocprofv3-test-counter-collection-multiplex.test_agent_info .......................................   Passed    0.33 sec
      Start 561: tests.integration.validate.rocprofv3-test-counter-collection-multiplex.test_agent_info
    Test #561: tests.integration.validate.rocprofv3-test-counter-collection-multiplex.test_agent_info .......................................   Passed    0.34 sec
      Start 561: tests.integration.validate.rocprofv3-test-counter-collection-multiplex.test_agent_info
    Test #561: tests.integration.validate.rocprofv3-test-counter-collection-multiplex.test_agent_info .......................................   Passed    0.34 sec
      Start 561: tests.integration.validate.rocprofv3-test-counter-collection-multiplex.test_agent_info
    Test #561: tests.integration.validate.rocprofv3-test-counter-collection-multiplex.test_agent_info .......................................   Passed    0.33 sec
      Start 561: tests.integration.validate.rocprofv3-test-counter-collection-multiplex.test_agent_info
    Test #561: tests.integration.validate.rocprofv3-test-counter-collection-multiplex.test_agent_info .......................................   Passed    0.34 sec
      Start 561: tests.integration.validate.rocprofv3-test-counter-collection-multiplex.test_agent_info
    Test #561: tests.integration.validate.rocprofv3-test-counter-collection-multiplex.test_agent_info .......................................   Passed    0.34 sec
      Start 561: tests.integration.validate.rocprofv3-test-counter-collection-multiplex.test_agent_info
    Test #561: tests.integration.validate.rocprofv3-test-counter-collection-multiplex.test_agent_info .......................................   Passed    0.34 sec
      Start 561: tests.integration.validate.rocprofv3-test-counter-collection-multiplex.test_agent_info
    Test #561: tests.integration.validate.rocprofv3-test-counter-collection-multiplex.test_agent_info .......................................   Passed    0.33 sec
      Start 561: tests.integration.validate.rocprofv3-test-counter-collection-multiplex.test_agent_info
    Test #561: tests.integration.validate.rocprofv3-test-counter-collection-multiplex.test_agent_info .......................................   Passed    0.34 sec
      Start 561: tests.integration.validate.rocprofv3-test-counter-collection-multiplex.test_agent_info
    Test #561: tests.integration.validate.rocprofv3-test-counter-collection-multiplex.test_agent_info .......................................   Passed    0.34 sec
      Start 561: tests.integration.validate.rocprofv3-test-counter-collection-multiplex.test_agent_info
    Test #561: tests.integration.validate.rocprofv3-test-counter-collection-multiplex.test_agent_info .......................................   Passed    0.33 sec
      Start 561: tests.integration.validate.rocprofv3-test-counter-collection-multiplex.test_agent_info
    Test #561: tests.integration.validate.rocprofv3-test-counter-collection-multiplex.test_agent_info .......................................   Passed    0.34 sec
      Start 561: tests.integration.validate.rocprofv3-test-counter-collection-multiplex.test_agent_info
    Test #561: tests.integration.validate.rocprofv3-test-counter-collection-multiplex.test_agent_info .......................................   Passed    0.34 sec
      Start 561: tests.integration.validate.rocprofv3-test-counter-collection-multiplex.test_agent_info
    Test #561: tests.integration.validate.rocprofv3-test-counter-collection-multiplex.test_agent_info .......................................   Passed    0.33 sec
      Start 561: tests.integration.validate.rocprofv3-test-counter-collection-multiplex.test_agent_info
    Test #561: tests.integration.validate.rocprofv3-test-counter-collection-multiplex.test_agent_info .......................................   Passed    0.34 sec
      Start 561: tests.integration.validate.rocprofv3-test-counter-collection-multiplex.test_agent_info
    Test #561: tests.integration.validate.rocprofv3-test-counter-collection-multiplex.test_agent_info .......................................   Passed    0.33 sec
      Start 561: tests.integration.validate.rocprofv3-test-counter-collection-multiplex.test_agent_info
    Test #561: tests.integration.validate.rocprofv3-test-counter-collection-multiplex.test_agent_info .......................................   Passed    0.33 sec
      Start 561: tests.integration.validate.rocprofv3-test-counter-collection-multiplex.test_agent_info
    Test #561: tests.integration.validate.rocprofv3-test-counter-collection-multiplex.test_agent_info .......................................   Passed    0.33 sec
      Start 561: tests.integration.validate.rocprofv3-test-counter-collection-multiplex.test_agent_info
    Test #561: tests.integration.validate.rocprofv3-test-counter-collection-multiplex.test_agent_info .......................................   Passed    0.34 sec
      Start 561: tests.integration.validate.rocprofv3-test-counter-collection-multiplex.test_agent_info
    Test #561: tests.integration.validate.rocprofv3-test-counter-collection-multiplex.test_agent_info .......................................   Passed    0.34 sec
      Start 561: tests.integration.validate.rocprofv3-test-counter-collection-multiplex.test_agent_info
    Test #561: tests.integration.validate.rocprofv3-test-counter-collection-multiplex.test_agent_info .......................................   Passed    0.33 sec
      Start 561: tests.integration.validate.rocprofv3-test-counter-collection-multiplex.test_agent_info
    Test #561: tests.integration.validate.rocprofv3-test-counter-collection-multiplex.test_agent_info .......................................   Passed    0.34 sec
      Start 561: tests.integration.validate.rocprofv3-test-counter-collection-multiplex.test_agent_info
    Test #561: tests.integration.validate.rocprofv3-test-counter-collection-multiplex.test_agent_info .......................................   Passed    0.34 sec
      Start 561: tests.integration.validate.rocprofv3-test-counter-collection-multiplex.test_agent_info
    Test #561: tests.integration.validate.rocprofv3-test-counter-collection-multiplex.test_agent_info .......................................   Passed    0.34 sec
      Start 561: tests.integration.validate.rocprofv3-test-counter-collection-multiplex.test_agent_info
    Test #561: tests.integration.validate.rocprofv3-test-counter-collection-multiplex.test_agent_info .......................................   Passed    0.34 sec
      Start 561: tests.integration.validate.rocprofv3-test-counter-collection-multiplex.test_agent_info
    Test #561: tests.integration.validate.rocprofv3-test-counter-collection-multiplex.test_agent_info .......................................   Passed    0.34 sec
      Start 561: tests.integration.validate.rocprofv3-test-counter-collection-multiplex.test_agent_info
    Test #561: tests.integration.validate.rocprofv3-test-counter-collection-multiplex.test_agent_info .......................................   Passed    0.34 sec
      Start 561: tests.integration.validate.rocprofv3-test-counter-collection-multiplex.test_agent_info
    Test #561: tests.integration.validate.rocprofv3-test-counter-collection-multiplex.test_agent_info .......................................   Passed    0.34 sec
      Start 561: tests.integration.validate.rocprofv3-test-counter-collection-multiplex.test_agent_info
    Test #561: tests.integration.validate.rocprofv3-test-counter-collection-multiplex.test_agent_info .......................................   Passed    0.34 sec
      Start 561: tests.integration.validate.rocprofv3-test-counter-collection-multiplex.test_agent_info
    Test #561: tests.integration.validate.rocprofv3-test-counter-collection-multiplex.test_agent_info .......................................   Passed    0.34 sec
      Start 561: tests.integration.validate.rocprofv3-test-counter-collection-multiplex.test_agent_info
    Test #561: tests.integration.validate.rocprofv3-test-counter-collection-multiplex.test_agent_info .......................................   Passed    0.34 sec
      Start 561: tests.integration.validate.rocprofv3-test-counter-collection-multiplex.test_agent_info
    Test #561: tests.integration.validate.rocprofv3-test-counter-collection-multiplex.test_agent_info .......................................   Passed    0.34 sec
      Start 561: tests.integration.validate.rocprofv3-test-counter-collection-multiplex.test_agent_info
    Test #561: tests.integration.validate.rocprofv3-test-counter-collection-multiplex.test_agent_info .......................................   Passed    0.34 sec
      Start 561: tests.integration.validate.rocprofv3-test-counter-collection-multiplex.test_agent_info
    Test #561: tests.integration.validate.rocprofv3-test-counter-collection-multiplex.test_agent_info .......................................   Passed    0.34 sec
      Start 561: tests.integration.validate.rocprofv3-test-counter-collection-multiplex.test_agent_info
    Test #561: tests.integration.validate.rocprofv3-test-counter-collection-multiplex.test_agent_info .......................................   Passed    0.34 sec
      Start 561: tests.integration.validate.rocprofv3-test-counter-collection-multiplex.test_agent_info
    Test #561: tests.integration.validate.rocprofv3-test-counter-collection-multiplex.test_agent_info .......................................   Passed    0.34 sec
      Start 561: tests.integration.validate.rocprofv3-test-counter-collection-multiplex.test_agent_info
    Test #561: tests.integration.validate.rocprofv3-test-counter-collection-multiplex.test_agent_info .......................................   Passed    0.34 sec
      Start 561: tests.integration.validate.rocprofv3-test-counter-collection-multiplex.test_agent_info
    Test #561: tests.integration.validate.rocprofv3-test-counter-collection-multiplex.test_agent_info .......................................   Passed    0.34 sec
      Start 561: tests.integration.validate.rocprofv3-test-counter-collection-multiplex.test_agent_info
    Test #561: tests.integration.validate.rocprofv3-test-counter-collection-multiplex.test_agent_info .......................................   Passed    0.34 sec
      Start 561: tests.integration.validate.rocprofv3-test-counter-collection-multiplex.test_agent_info
    Test #561: tests.integration.validate.rocprofv3-test-counter-collection-multiplex.test_agent_info .......................................   Passed    0.34 sec
      Start 561: tests.integration.validate.rocprofv3-test-counter-collection-multiplex.test_agent_info
    Test #561: tests.integration.validate.rocprofv3-test-counter-collection-multiplex.test_agent_info .......................................   Passed    0.34 sec
      Start 561: tests.integration.validate.rocprofv3-test-counter-collection-multiplex.test_agent_info
    Test #561: tests.integration.validate.rocprofv3-test-counter-collection-multiplex.test_agent_info .......................................   Passed    0.34 sec
      Start 561: tests.integration.validate.rocprofv3-test-counter-collection-multiplex.test_agent_info
    Test #561: tests.integration.validate.rocprofv3-test-counter-collection-multiplex.test_agent_info .......................................   Passed    0.34 sec
      Start 561: tests.integration.validate.rocprofv3-test-counter-collection-multiplex.test_agent_info
    Test #561: tests.integration.validate.rocprofv3-test-counter-collection-multiplex.test_agent_info .......................................   Passed    0.34 sec
      Start 561: tests.integration.validate.rocprofv3-test-counter-collection-multiplex.test_agent_info
    Test #561: tests.integration.validate.rocprofv3-test-counter-collection-multiplex.test_agent_info .......................................   Passed    0.34 sec
      Start 561: tests.integration.validate.rocprofv3-test-counter-collection-multiplex.test_agent_info
    Test #561: tests.integration.validate.rocprofv3-test-counter-collection-multiplex.test_agent_info .......................................   Passed    0.34 sec
      Start 561: tests.integration.validate.rocprofv3-test-counter-collection-multiplex.test_agent_info
    Test #561: tests.integration.validate.rocprofv3-test-counter-collection-multiplex.test_agent_info .......................................   Passed    0.34 sec
      Start 561: tests.integration.validate.rocprofv3-test-counter-collection-multiplex.test_agent_info
    Test #561: tests.integration.validate.rocprofv3-test-counter-collection-multiplex.test_agent_info .......................................   Passed    0.34 sec
      Start 561: tests.integration.validate.rocprofv3-test-counter-collection-multiplex.test_agent_info
    Test #561: tests.integration.validate.rocprofv3-test-counter-collection-multiplex.test_agent_info .......................................   Passed    0.34 sec
      Start 561: tests.integration.validate.rocprofv3-test-counter-collection-multiplex.test_agent_info
    Test #561: tests.integration.validate.rocprofv3-test-counter-collection-multiplex.test_agent_info .......................................   Passed    0.34 sec
      Start 561: tests.integration.validate.rocprofv3-test-counter-collection-multiplex.test_agent_info
    Test #561: tests.integration.validate.rocprofv3-test-counter-collection-multiplex.test_agent_info .......................................   Passed    0.34 sec
      Start 561: tests.integration.validate.rocprofv3-test-counter-collection-multiplex.test_agent_info
    Test #561: tests.integration.validate.rocprofv3-test-counter-collection-multiplex.test_agent_info .......................................   Passed    0.34 sec
      Start 561: tests.integration.validate.rocprofv3-test-counter-collection-multiplex.test_agent_info
    Test #561: tests.integration.validate.rocprofv3-test-counter-collection-multiplex.test_agent_info .......................................   Passed    0.34 sec
      Start 561: tests.integration.validate.rocprofv3-test-counter-collection-multiplex.test_agent_info
    Test #561: tests.integration.validate.rocprofv3-test-counter-collection-multiplex.test_agent_info .......................................   Passed    0.34 sec
      Start 561: tests.integration.validate.rocprofv3-test-counter-collection-multiplex.test_agent_info
    Test #561: tests.integration.validate.rocprofv3-test-counter-collection-multiplex.test_agent_info .......................................   Passed    0.33 sec
      Start 561: tests.integration.validate.rocprofv3-test-counter-collection-multiplex.test_agent_info
    Test #561: tests.integration.validate.rocprofv3-test-counter-collection-multiplex.test_agent_info .......................................   Passed    0.34 sec
      Start 561: tests.integration.validate.rocprofv3-test-counter-collection-multiplex.test_agent_info
    Test #561: tests.integration.validate.rocprofv3-test-counter-collection-multiplex.test_agent_info .......................................   Passed    0.34 sec
      Start 561: tests.integration.validate.rocprofv3-test-counter-collection-multiplex.test_agent_info
    Test #561: tests.integration.validate.rocprofv3-test-counter-collection-multiplex.test_agent_info .......................................   Passed    0.33 sec
      Start 561: tests.integration.validate.rocprofv3-test-counter-collection-multiplex.test_agent_info
    Test #561: tests.integration.validate.rocprofv3-test-counter-collection-multiplex.test_agent_info .......................................   Passed    0.34 sec
      Start 561: tests.integration.validate.rocprofv3-test-counter-collection-multiplex.test_agent_info
    Test #561: tests.integration.validate.rocprofv3-test-counter-collection-multiplex.test_agent_info .......................................   Passed    0.34 sec
      Start 561: tests.integration.validate.rocprofv3-test-counter-collection-multiplex.test_agent_info
    Test #561: tests.integration.validate.rocprofv3-test-counter-collection-multiplex.test_agent_info .......................................   Passed    0.34 sec
      Start 561: tests.integration.validate.rocprofv3-test-counter-collection-multiplex.test_agent_info
    Test #561: tests.integration.validate.rocprofv3-test-counter-collection-multiplex.test_agent_info .......................................   Passed    0.34 sec
      Start 561: tests.integration.validate.rocprofv3-test-counter-collection-multiplex.test_agent_info
    Test #561: tests.integration.validate.rocprofv3-test-counter-collection-multiplex.test_agent_info .......................................   Passed    0.33 sec
      Start 561: tests.integration.validate.rocprofv3-test-counter-collection-multiplex.test_agent_info
    Test #561: tests.integration.validate.rocprofv3-test-counter-collection-multiplex.test_agent_info .......................................   Passed    0.34 sec
      Start 561: tests.integration.validate.rocprofv3-test-counter-collection-multiplex.test_agent_info
    Test #561: tests.integration.validate.rocprofv3-test-counter-collection-multiplex.test_agent_info .......................................   Passed    0.33 sec
      Start 561: tests.integration.validate.rocprofv3-test-counter-collection-multiplex.test_agent_info
    Test #561: tests.integration.validate.rocprofv3-test-counter-collection-multiplex.test_agent_info .......................................   Passed    0.33 sec
      Start 561: tests.integration.validate.rocprofv3-test-counter-collection-multiplex.test_agent_info
    Test #561: tests.integration.validate.rocprofv3-test-counter-collection-multiplex.test_agent_info .......................................   Passed    0.33 sec
      Start 561: tests.integration.validate.rocprofv3-test-counter-collection-multiplex.test_agent_info
    Test #561: tests.integration.validate.rocprofv3-test-counter-collection-multiplex.test_agent_info .......................................   Passed    0.34 sec
      Start 561: tests.integration.validate.rocprofv3-test-counter-collection-multiplex.test_agent_info
    Test #561: tests.integration.validate.rocprofv3-test-counter-collection-multiplex.test_agent_info .......................................   Passed    0.34 sec
      Start 561: tests.integration.validate.rocprofv3-test-counter-collection-multiplex.test_agent_info
    Test #561: tests.integration.validate.rocprofv3-test-counter-collection-multiplex.test_agent_info .......................................   Passed    0.34 sec
      Start 561: tests.integration.validate.rocprofv3-test-counter-collection-multiplex.test_agent_info
    Test #561: tests.integration.validate.rocprofv3-test-counter-collection-multiplex.test_agent_info .......................................   Passed    0.33 sec
      Start 561: tests.integration.validate.rocprofv3-test-counter-collection-multiplex.test_agent_info
    Test #561: tests.integration.validate.rocprofv3-test-counter-collection-multiplex.test_agent_info .......................................   Passed    0.34 sec
      Start 561: tests.integration.validate.rocprofv3-test-counter-collection-multiplex.test_agent_info
    Test #561: tests.integration.validate.rocprofv3-test-counter-collection-multiplex.test_agent_info .......................................   Passed    0.34 sec
      Start 561: tests.integration.validate.rocprofv3-test-counter-collection-multiplex.test_agent_info
    Test #561: tests.integration.validate.rocprofv3-test-counter-collection-multiplex.test_agent_info .......................................   Passed    0.33 sec
      Start 561: tests.integration.validate.rocprofv3-test-counter-collection-multiplex.test_agent_info
    Test #561: tests.integration.validate.rocprofv3-test-counter-collection-multiplex.test_agent_info .......................................   Passed    0.34 sec
      Start 561: tests.integration.validate.rocprofv3-test-counter-collection-multiplex.test_agent_info
    Test #561: tests.integration.validate.rocprofv3-test-counter-collection-multiplex.test_agent_info .......................................   Passed    0.34 sec
      Start 561: tests.integration.validate.rocprofv3-test-counter-collection-multiplex.test_agent_info
    Test #561: tests.integration.validate.rocprofv3-test-counter-collection-multiplex.test_agent_info .......................................   Passed    0.34 sec
      Start 561: tests.integration.validate.rocprofv3-test-counter-collection-multiplex.test_agent_info
    Test #561: tests.integration.validate.rocprofv3-test-counter-collection-multiplex.test_agent_info .......................................   Passed    0.34 sec
      Start 561: tests.integration.validate.rocprofv3-test-counter-collection-multiplex.test_agent_info
    Test #561: tests.integration.validate.rocprofv3-test-counter-collection-multiplex.test_agent_info .......................................   Passed    0.33 sec
      Start 561: tests.integration.validate.rocprofv3-test-counter-collection-multiplex.test_agent_info
    Test #561: tests.integration.validate.rocprofv3-test-counter-collection-multiplex.test_agent_info .......................................   Passed    0.34 sec
      Start 561: tests.integration.validate.rocprofv3-test-counter-collection-multiplex.test_agent_info
    Test #561: tests.integration.validate.rocprofv3-test-counter-collection-multiplex.test_agent_info .......................................   Passed    0.34 sec
      Start 561: tests.integration.validate.rocprofv3-test-counter-collection-multiplex.test_agent_info
    Test #561: tests.integration.validate.rocprofv3-test-counter-collection-multiplex.test_agent_info .......................................   Passed    0.33 sec
      Start 561: tests.integration.validate.rocprofv3-test-counter-collection-multiplex.test_agent_info
    Test #561: tests.integration.validate.rocprofv3-test-counter-collection-multiplex.test_agent_info .......................................   Passed    0.34 sec
      Start 561: tests.integration.validate.rocprofv3-test-counter-collection-multiplex.test_agent_info
    Test #561: tests.integration.validate.rocprofv3-test-counter-collection-multiplex.test_agent_info .......................................   Passed    0.34 sec
      Start 561: tests.integration.validate.rocprofv3-test-counter-collection-multiplex.test_agent_info
    Test #561: tests.integration.validate.rocprofv3-test-counter-collection-multiplex.test_agent_info .......................................   Passed    0.33 sec
      Start 561: tests.integration.validate.rocprofv3-test-counter-collection-multiplex.test_agent_info
    Test #561: tests.integration.validate.rocprofv3-test-counter-collection-multiplex.test_agent_info .......................................   Passed    0.33 sec
      Start 561: tests.integration.validate.rocprofv3-test-counter-collection-multiplex.test_agent_info
    Test #561: tests.integration.validate.rocprofv3-test-counter-collection-multiplex.test_agent_info .......................................   Passed    0.33 sec
      Start 561: tests.integration.validate.rocprofv3-test-counter-collection-multiplex.test_agent_info
    Test #561: tests.integration.validate.rocprofv3-test-counter-collection-multiplex.test_agent_info .......................................   Passed    0.33 sec
      Start 561: tests.integration.validate.rocprofv3-test-counter-collection-multiplex.test_agent_info
    Test #561: tests.integration.validate.rocprofv3-test-counter-collection-multiplex.test_agent_info .......................................   Passed    0.34 sec
      Start 561: tests.integration.validate.rocprofv3-test-counter-collection-multiplex.test_agent_info
    Test #561: tests.integration.validate.rocprofv3-test-counter-collection-multiplex.test_agent_info .......................................   Passed    0.33 sec
      Start 561: tests.integration.validate.rocprofv3-test-counter-collection-multiplex.test_agent_info
    Test #561: tests.integration.validate.rocprofv3-test-counter-collection-multiplex.test_agent_info .......................................   Passed    0.34 sec
      Start 561: tests.integration.validate.rocprofv3-test-counter-collection-multiplex.test_agent_info
    Test #561: tests.integration.validate.rocprofv3-test-counter-collection-multiplex.test_agent_info .......................................   Passed    0.34 sec
      Start 561: tests.integration.validate.rocprofv3-test-counter-collection-multiplex.test_agent_info
    Test #561: tests.integration.validate.rocprofv3-test-counter-collection-multiplex.test_agent_info .......................................   Passed    0.33 sec
      Start 561: tests.integration.validate.rocprofv3-test-counter-collection-multiplex.test_agent_info
    Test #561: tests.integration.validate.rocprofv3-test-counter-collection-multiplex.test_agent_info .......................................   Passed    0.33 sec
      Start 561: tests.integration.validate.rocprofv3-test-counter-collection-multiplex.test_agent_info
    Test #561: tests.integration.validate.rocprofv3-test-counter-collection-multiplex.test_agent_info .......................................   Passed    0.34 sec
      Start 561: tests.integration.validate.rocprofv3-test-counter-collection-multiplex.test_agent_info
    Test #561: tests.integration.validate.rocprofv3-test-counter-collection-multiplex.test_agent_info .......................................   Passed    0.34 sec
      Start 561: tests.integration.validate.rocprofv3-test-counter-collection-multiplex.test_agent_info
    Test #561: tests.integration.validate.rocprofv3-test-counter-collection-multiplex.test_agent_info .......................................   Passed    0.34 sec
      Start 561: tests.integration.validate.rocprofv3-test-counter-collection-multiplex.test_agent_info
    Test #561: tests.integration.validate.rocprofv3-test-counter-collection-multiplex.test_agent_info .......................................   Passed    0.34 sec
      Start 561: tests.integration.validate.rocprofv3-test-counter-collection-multiplex.test_agent_info
    Test #561: tests.integration.validate.rocprofv3-test-counter-collection-multiplex.test_agent_info .......................................   Passed    0.34 sec
      Start 561: tests.integration.validate.rocprofv3-test-counter-collection-multiplex.test_agent_info
    Test #561: tests.integration.validate.rocprofv3-test-counter-collection-multiplex.test_agent_info .......................................   Passed    0.34 sec
      Start 561: tests.integration.validate.rocprofv3-test-counter-collection-multiplex.test_agent_info
    Test #561: tests.integration.validate.rocprofv3-test-counter-collection-multiplex.test_agent_info .......................................   Passed    0.34 sec
      Start 561: tests.integration.validate.rocprofv3-test-counter-collection-multiplex.test_agent_info
    Test #561: tests.integration.validate.rocprofv3-test-counter-collection-multiplex.test_agent_info .......................................   Passed    0.34 sec
      Start 561: tests.integration.validate.rocprofv3-test-counter-collection-multiplex.test_agent_info
    Test #561: tests.integration.validate.rocprofv3-test-counter-collection-multiplex.test_agent_info .......................................   Passed    0.33 sec
      Start 561: tests.integration.validate.rocprofv3-test-counter-collection-multiplex.test_agent_info
    Test #561: tests.integration.validate.rocprofv3-test-counter-collection-multiplex.test_agent_info .......................................   Passed    0.34 sec
      Start 561: tests.integration.validate.rocprofv3-test-counter-collection-multiplex.test_agent_info
    Test #561: tests.integration.validate.rocprofv3-test-counter-collection-multiplex.test_agent_info .......................................   Passed    0.33 sec
      Start 561: tests.integration.validate.rocprofv3-test-counter-collection-multiplex.test_agent_info
    Test #561: tests.integration.validate.rocprofv3-test-counter-collection-multiplex.test_agent_info .......................................   Passed    0.34 sec
      Start 561: tests.integration.validate.rocprofv3-test-counter-collection-multiplex.test_agent_info
    Test #561: tests.integration.validate.rocprofv3-test-counter-collection-multiplex.test_agent_info .......................................   Passed    0.34 sec
      Start 561: tests.integration.validate.rocprofv3-test-counter-collection-multiplex.test_agent_info
    Test #561: tests.integration.validate.rocprofv3-test-counter-collection-multiplex.test_agent_info .......................................   Passed    0.34 sec
      Start 561: tests.integration.validate.rocprofv3-test-counter-collection-multiplex.test_agent_info
    Test #561: tests.integration.validate.rocprofv3-test-counter-collection-multiplex.test_agent_info .......................................   Passed    0.34 sec
      Start 561: tests.integration.validate.rocprofv3-test-counter-collection-multiplex.test_agent_info
    Test #561: tests.integration.validate.rocprofv3-test-counter-collection-multiplex.test_agent_info .......................................   Passed    0.34 sec
      Start 561: tests.integration.validate.rocprofv3-test-counter-collection-multiplex.test_agent_info
    Test #561: tests.integration.validate.rocprofv3-test-counter-collection-multiplex.test_agent_info .......................................   Passed    0.33 sec
      Start 561: tests.integration.validate.rocprofv3-test-counter-collection-multiplex.test_agent_info
    Test #561: tests.integration.validate.rocprofv3-test-counter-collection-multiplex.test_agent_info .......................................   Passed    0.34 sec
      Start 561: tests.integration.validate.rocprofv3-test-counter-collection-multiplex.test_agent_info
    Test #561: tests.integration.validate.rocprofv3-test-counter-collection-multiplex.test_agent_info .......................................   Passed    0.34 sec
      Start 561: tests.integration.validate.rocprofv3-test-counter-collection-multiplex.test_agent_info
    Test #561: tests.integration.validate.rocprofv3-test-counter-collection-multiplex.test_agent_info .......................................   Passed    0.34 sec
      Start 561: tests.integration.validate.rocprofv3-test-counter-collection-multiplex.test_agent_info
    Test #561: tests.integration.validate.rocprofv3-test-counter-collection-multiplex.test_agent_info .......................................   Passed    0.34 sec
      Start 561: tests.integration.validate.rocprofv3-test-counter-collection-multiplex.test_agent_info
    Test #561: tests.integration.validate.rocprofv3-test-counter-collection-multiplex.test_agent_info .......................................   Passed    0.34 sec
      Start 561: tests.integration.validate.rocprofv3-test-counter-collection-multiplex.test_agent_info
    Test #561: tests.integration.validate.rocprofv3-test-counter-collection-multiplex.test_agent_info .......................................   Passed    0.33 sec
      Start 561: tests.integration.validate.rocprofv3-test-counter-collection-multiplex.test_agent_info
    Test #561: tests.integration.validate.rocprofv3-test-counter-collection-multiplex.test_agent_info .......................................   Passed    0.33 sec
      Start 561: tests.integration.validate.rocprofv3-test-counter-collection-multiplex.test_agent_info
    Test #561: tests.integration.validate.rocprofv3-test-counter-collection-multiplex.test_agent_info .......................................   Passed    0.33 sec
      Start 561: tests.integration.validate.rocprofv3-test-counter-collection-multiplex.test_agent_info
    Test #561: tests.integration.validate.rocprofv3-test-counter-collection-multiplex.test_agent_info .......................................   Passed    0.34 sec
      Start 561: tests.integration.validate.rocprofv3-test-counter-collection-multiplex.test_agent_info
    Test #561: tests.integration.validate.rocprofv3-test-counter-collection-multiplex.test_agent_info .......................................   Passed    0.33 sec
      Start 561: tests.integration.validate.rocprofv3-test-counter-collection-multiplex.test_agent_info
    Test #561: tests.integration.validate.rocprofv3-test-counter-collection-multiplex.test_agent_info .......................................   Passed    0.34 sec
      Start 561: tests.integration.validate.rocprofv3-test-counter-collection-multiplex.test_agent_info
    Test #561: tests.integration.validate.rocprofv3-test-counter-collection-multiplex.test_agent_info .......................................   Passed    0.34 sec
      Start 561: tests.integration.validate.rocprofv3-test-counter-collection-multiplex.test_agent_info
    Test #561: tests.integration.validate.rocprofv3-test-counter-collection-multiplex.test_agent_info .......................................   Passed    0.34 sec
      Start 561: tests.integration.validate.rocprofv3-test-counter-collection-multiplex.test_agent_info
    Test #561: tests.integration.validate.rocprofv3-test-counter-collection-multiplex.test_agent_info .......................................   Passed    0.34 sec
      Start 561: tests.integration.validate.rocprofv3-test-counter-collection-multiplex.test_agent_info
    Test #561: tests.integration.validate.rocprofv3-test-counter-collection-multiplex.test_agent_info .......................................   Passed    0.33 sec
      Start 561: tests.integration.validate.rocprofv3-test-counter-collection-multiplex.test_agent_info
    Test #561: tests.integration.validate.rocprofv3-test-counter-collection-multiplex.test_agent_info .......................................   Passed    0.33 sec
      Start 561: tests.integration.validate.rocprofv3-test-counter-collection-multiplex.test_agent_info
    Test #561: tests.integration.validate.rocprofv3-test-counter-collection-multiplex.test_agent_info .......................................   Passed    0.34 sec
      Start 561: tests.integration.validate.rocprofv3-test-counter-collection-multiplex.test_agent_info
    Test #561: tests.integration.validate.rocprofv3-test-counter-collection-multiplex.test_agent_info .......................................   Passed    0.34 sec
      Start 561: tests.integration.validate.rocprofv3-test-counter-collection-multiplex.test_agent_info
    Test #561: tests.integration.validate.rocprofv3-test-counter-collection-multiplex.test_agent_info .......................................   Passed    0.33 sec
      Start 561: tests.integration.validate.rocprofv3-test-counter-collection-multiplex.test_agent_info
    Test #561: tests.integration.validate.rocprofv3-test-counter-collection-multiplex.test_agent_info .......................................   Passed    0.33 sec
      Start 561: tests.integration.validate.rocprofv3-test-counter-collection-multiplex.test_agent_info
    Test #561: tests.integration.validate.rocprofv3-test-counter-collection-multiplex.test_agent_info .......................................   Passed    0.34 sec
      Start 561: tests.integration.validate.rocprofv3-test-counter-collection-multiplex.test_agent_info
    Test #561: tests.integration.validate.rocprofv3-test-counter-collection-multiplex.test_agent_info .......................................   Passed    0.33 sec
      Start 561: tests.integration.validate.rocprofv3-test-counter-collection-multiplex.test_agent_info
    Test #561: tests.integration.validate.rocprofv3-test-counter-collection-multiplex.test_agent_info .......................................   Passed    0.34 sec
      Start 561: tests.integration.validate.rocprofv3-test-counter-collection-multiplex.test_agent_info
    Test #561: tests.integration.validate.rocprofv3-test-counter-collection-multiplex.test_agent_info .......................................   Passed    0.34 sec
      Start 561: tests.integration.validate.rocprofv3-test-counter-collection-multiplex.test_agent_info
    Test #561: tests.integration.validate.rocprofv3-test-counter-collection-multiplex.test_agent_info .......................................   Passed    0.36 sec
      Start 561: tests.integration.validate.rocprofv3-test-counter-collection-multiplex.test_agent_info
    Test #561: tests.integration.validate.rocprofv3-test-counter-collection-multiplex.test_agent_info .......................................   Passed    0.34 sec
      Start 561: tests.integration.validate.rocprofv3-test-counter-collection-multiplex.test_agent_info
    Test #561: tests.integration.validate.rocprofv3-test-counter-collection-multiplex.test_agent_info .......................................   Passed    0.34 sec
      Start 561: tests.integration.validate.rocprofv3-test-counter-collection-multiplex.test_agent_info
    Test #561: tests.integration.validate.rocprofv3-test-counter-collection-multiplex.test_agent_info .......................................   Passed    0.34 sec
      Start 561: tests.integration.validate.rocprofv3-test-counter-collection-multiplex.test_agent_info
    Test #561: tests.integration.validate.rocprofv3-test-counter-collection-multiplex.test_agent_info .......................................   Passed    0.34 sec
      Start 561: tests.integration.validate.rocprofv3-test-counter-collection-multiplex.test_agent_info
    Test #561: tests.integration.validate.rocprofv3-test-counter-collection-multiplex.test_agent_info .......................................   Passed    0.34 sec
      Start 561: tests.integration.validate.rocprofv3-test-counter-collection-multiplex.test_agent_info
    Test #561: tests.integration.validate.rocprofv3-test-counter-collection-multiplex.test_agent_info .......................................   Passed    0.34 sec
      Start 561: tests.integration.validate.rocprofv3-test-counter-collection-multiplex.test_agent_info
    Test #561: tests.integration.validate.rocprofv3-test-counter-collection-multiplex.test_agent_info .......................................   Passed    0.34 sec
      Start 561: tests.integration.validate.rocprofv3-test-counter-collection-multiplex.test_agent_info
    Test #561: tests.integration.validate.rocprofv3-test-counter-collection-multiplex.test_agent_info .......................................   Passed    0.34 sec
      Start 561: tests.integration.validate.rocprofv3-test-counter-collection-multiplex.test_agent_info
    Test #561: tests.integration.validate.rocprofv3-test-counter-collection-multiplex.test_agent_info .......................................   Passed    0.35 sec
      Start 561: tests.integration.validate.rocprofv3-test-counter-collection-multiplex.test_agent_info
    Test #561: tests.integration.validate.rocprofv3-test-counter-collection-multiplex.test_agent_info .......................................   Passed    0.34 sec
      Start 561: tests.integration.validate.rocprofv3-test-counter-collection-multiplex.test_agent_info
    Test #561: tests.integration.validate.rocprofv3-test-counter-collection-multiplex.test_agent_info .......................................   Passed    0.34 sec
      Start 561: tests.integration.validate.rocprofv3-test-counter-collection-multiplex.test_agent_info
    Test #561: tests.integration.validate.rocprofv3-test-counter-collection-multiplex.test_agent_info .......................................   Passed    0.34 sec
      Start 561: tests.integration.validate.rocprofv3-test-counter-collection-multiplex.test_agent_info
    Test #561: tests.integration.validate.rocprofv3-test-counter-collection-multiplex.test_agent_info .......................................   Passed    0.34 sec
      Start 561: tests.integration.validate.rocprofv3-test-counter-collection-multiplex.test_agent_info
    Test #561: tests.integration.validate.rocprofv3-test-counter-collection-multiplex.test_agent_info .......................................   Passed    0.34 sec
      Start 561: tests.integration.validate.rocprofv3-test-counter-collection-multiplex.test_agent_info
    Test #561: tests.integration.validate.rocprofv3-test-counter-collection-multiplex.test_agent_info .......................................   Passed    0.34 sec
      Start 561: tests.integration.validate.rocprofv3-test-counter-collection-multiplex.test_agent_info
    Test #561: tests.integration.validate.rocprofv3-test-counter-collection-multiplex.test_agent_info .......................................   Passed    0.34 sec
      Start 561: tests.integration.validate.rocprofv3-test-counter-collection-multiplex.test_agent_info
    Test #561: tests.integration.validate.rocprofv3-test-counter-collection-multiplex.test_agent_info .......................................   Passed    0.34 sec
      Start 561: tests.integration.validate.rocprofv3-test-counter-collection-multiplex.test_agent_info
    Test #561: tests.integration.validate.rocprofv3-test-counter-collection-multiplex.test_agent_info .......................................   Passed    0.34 sec
      Start 561: tests.integration.validate.rocprofv3-test-counter-collection-multiplex.test_agent_info
    Test #561: tests.integration.validate.rocprofv3-test-counter-collection-multiplex.test_agent_info .......................................   Passed    0.34 sec
      Start 561: tests.integration.validate.rocprofv3-test-counter-collection-multiplex.test_agent_info
    Test #561: tests.integration.validate.rocprofv3-test-counter-collection-multiplex.test_agent_info .......................................   Passed    0.33 sec
      Start 561: tests.integration.validate.rocprofv3-test-counter-collection-multiplex.test_agent_info
    Test #561: tests.integration.validate.rocprofv3-test-counter-collection-multiplex.test_agent_info .......................................   Passed    0.34 sec
      Start 561: tests.integration.validate.rocprofv3-test-counter-collection-multiplex.test_agent_info
    Test #561: tests.integration.validate.rocprofv3-test-counter-collection-multiplex.test_agent_info .......................................   Passed    0.34 sec
      Start 561: tests.integration.validate.rocprofv3-test-counter-collection-multiplex.test_agent_info
    Test #561: tests.integration.validate.rocprofv3-test-counter-collection-multiplex.test_agent_info .......................................   Passed    0.34 sec
      Start 561: tests.integration.validate.rocprofv3-test-counter-collection-multiplex.test_agent_info
    Test #561: tests.integration.validate.rocprofv3-test-counter-collection-multiplex.test_agent_info .......................................   Passed    0.34 sec
      Start 561: tests.integration.validate.rocprofv3-test-counter-collection-multiplex.test_agent_info
    Test #561: tests.integration.validate.rocprofv3-test-counter-collection-multiplex.test_agent_info .......................................   Passed    0.34 sec
      Start 561: tests.integration.validate.rocprofv3-test-counter-collection-multiplex.test_agent_info
    Test #561: tests.integration.validate.rocprofv3-test-counter-collection-multiplex.test_agent_info .......................................   Passed    0.34 sec
      Start 561: tests.integration.validate.rocprofv3-test-counter-collection-multiplex.test_agent_info
    Test #561: tests.integration.validate.rocprofv3-test-counter-collection-multiplex.test_agent_info .......................................   Passed    0.34 sec
      Start 561: tests.integration.validate.rocprofv3-test-counter-collection-multiplex.test_agent_info
    Test #561: tests.integration.validate.rocprofv3-test-counter-collection-multiplex.test_agent_info .......................................   Passed    0.34 sec
      Start 561: tests.integration.validate.rocprofv3-test-counter-collection-multiplex.test_agent_info
    Test #561: tests.integration.validate.rocprofv3-test-counter-collection-multiplex.test_agent_info .......................................   Passed    0.33 sec
      Start 561: tests.integration.validate.rocprofv3-test-counter-collection-multiplex.test_agent_info
    Test #561: tests.integration.validate.rocprofv3-test-counter-collection-multiplex.test_agent_info .......................................   Passed    0.34 sec
      Start 561: tests.integration.validate.rocprofv3-test-counter-collection-multiplex.test_agent_info
    Test #561: tests.integration.validate.rocprofv3-test-counter-collection-multiplex.test_agent_info .......................................   Passed    0.34 sec
      Start 561: tests.integration.validate.rocprofv3-test-counter-collection-multiplex.test_agent_info
    Test #561: tests.integration.validate.rocprofv3-test-counter-collection-multiplex.test_agent_info .......................................   Passed    0.33 sec
      Start 561: tests.integration.validate.rocprofv3-test-counter-collection-multiplex.test_agent_info
    Test #561: tests.integration.validate.rocprofv3-test-counter-collection-multiplex.test_agent_info .......................................   Passed    0.33 sec
      Start 561: tests.integration.validate.rocprofv3-test-counter-collection-multiplex.test_agent_info
    Test #561: tests.integration.validate.rocprofv3-test-counter-collection-multiplex.test_agent_info .......................................   Passed    0.34 sec
      Start 561: tests.integration.validate.rocprofv3-test-counter-collection-multiplex.test_agent_info
    Test #561: tests.integration.validate.rocprofv3-test-counter-collection-multiplex.test_agent_info .......................................   Passed    0.34 sec
      Start 561: tests.integration.validate.rocprofv3-test-counter-collection-multiplex.test_agent_info
    Test #561: tests.integration.validate.rocprofv3-test-counter-collection-multiplex.test_agent_info .......................................   Passed    0.34 sec
      Start 561: tests.integration.validate.rocprofv3-test-counter-collection-multiplex.test_agent_info
    Test #561: tests.integration.validate.rocprofv3-test-counter-collection-multiplex.test_agent_info .......................................   Passed    0.34 sec
      Start 561: tests.integration.validate.rocprofv3-test-counter-collection-multiplex.test_agent_info
    Test #561: tests.integration.validate.rocprofv3-test-counter-collection-multiplex.test_agent_info .......................................   Passed    0.34 sec
      Start 561: tests.integration.validate.rocprofv3-test-counter-collection-multiplex.test_agent_info
    Test #561: tests.integration.validate.rocprofv3-test-counter-collection-multiplex.test_agent_info .......................................   Passed    0.33 sec
      Start 561: tests.integration.validate.rocprofv3-test-counter-collection-multiplex.test_agent_info
    Test #561: tests.integration.validate.rocprofv3-test-counter-collection-multiplex.test_agent_info .......................................   Passed    0.33 sec
      Start 561: tests.integration.validate.rocprofv3-test-counter-collection-multiplex.test_agent_info
    Test #561: tests.integration.validate.rocprofv3-test-counter-collection-multiplex.test_agent_info .......................................   Passed    0.34 sec
      Start 561: tests.integration.validate.rocprofv3-test-counter-collection-multiplex.test_agent_info
    Test #561: tests.integration.validate.rocprofv3-test-counter-collection-multiplex.test_agent_info .......................................   Passed    0.34 sec
      Start 561: tests.integration.validate.rocprofv3-test-counter-collection-multiplex.test_agent_info
    Test #561: tests.integration.validate.rocprofv3-test-counter-collection-multiplex.test_agent_info .......................................   Passed    0.34 sec
      Start 561: tests.integration.validate.rocprofv3-test-counter-collection-multiplex.test_agent_info
    Test #561: tests.integration.validate.rocprofv3-test-counter-collection-multiplex.test_agent_info .......................................   Passed    0.34 sec
      Start 561: tests.integration.validate.rocprofv3-test-counter-collection-multiplex.test_agent_info
    Test #561: tests.integration.validate.rocprofv3-test-counter-collection-multiplex.test_agent_info .......................................   Passed    0.33 sec
      Start 561: tests.integration.validate.rocprofv3-test-counter-collection-multiplex.test_agent_info
    Test #561: tests.integration.validate.rocprofv3-test-counter-collection-multiplex.test_agent_info .......................................   Passed    0.33 sec
      Start 561: tests.integration.validate.rocprofv3-test-counter-collection-multiplex.test_agent_info
    Test #561: tests.integration.validate.rocprofv3-test-counter-collection-multiplex.test_agent_info .......................................   Passed    0.34 sec
      Start 561: tests.integration.validate.rocprofv3-test-counter-collection-multiplex.test_agent_info
    Test #561: tests.integration.validate.rocprofv3-test-counter-collection-multiplex.test_agent_info .......................................   Passed    0.34 sec
      Start 561: tests.integration.validate.rocprofv3-test-counter-collection-multiplex.test_agent_info
    Test #561: tests.integration.validate.rocprofv3-test-counter-collection-multiplex.test_agent_info .......................................   Passed    0.34 sec
      Start 561: tests.integration.validate.rocprofv3-test-counter-collection-multiplex.test_agent_info
    Test #561: tests.integration.validate.rocprofv3-test-counter-collection-multiplex.test_agent_info .......................................   Passed    0.33 sec
      Start 561: tests.integration.validate.rocprofv3-test-counter-collection-multiplex.test_agent_info
    Test #561: tests.integration.validate.rocprofv3-test-counter-collection-multiplex.test_agent_info .......................................   Passed    0.33 sec
      Start 561: tests.integration.validate.rocprofv3-test-counter-collection-multiplex.test_agent_info
    Test #561: tests.integration.validate.rocprofv3-test-counter-collection-multiplex.test_agent_info .......................................   Passed    0.34 sec
      Start 561: tests.integration.validate.rocprofv3-test-counter-collection-multiplex.test_agent_info
    Test #561: tests.integration.validate.rocprofv3-test-counter-collection-multiplex.test_agent_info .......................................   Passed    0.33 sec
      Start 561: tests.integration.validate.rocprofv3-test-counter-collection-multiplex.test_agent_info
    Test #561: tests.integration.validate.rocprofv3-test-counter-collection-multiplex.test_agent_info .......................................   Passed    0.34 sec
      Start 561: tests.integration.validate.rocprofv3-test-counter-collection-multiplex.test_agent_info
    Test #561: tests.integration.validate.rocprofv3-test-counter-collection-multiplex.test_agent_info .......................................   Passed    0.34 sec
      Start 561: tests.integration.validate.rocprofv3-test-counter-collection-multiplex.test_agent_info
    Test #561: tests.integration.validate.rocprofv3-test-counter-collection-multiplex.test_agent_info .......................................   Passed    0.33 sec
      Start 561: tests.integration.validate.rocprofv3-test-counter-collection-multiplex.test_agent_info
    Test #561: tests.integration.validate.rocprofv3-test-counter-collection-multiplex.test_agent_info .......................................   Passed    0.33 sec
      Start 561: tests.integration.validate.rocprofv3-test-counter-collection-multiplex.test_agent_info
    Test #561: tests.integration.validate.rocprofv3-test-counter-collection-multiplex.test_agent_info .......................................   Passed    0.33 sec
      Start 561: tests.integration.validate.rocprofv3-test-counter-collection-multiplex.test_agent_info
    Test #561: tests.integration.validate.rocprofv3-test-counter-collection-multiplex.test_agent_info .......................................   Passed    0.34 sec
      Start 561: tests.integration.validate.rocprofv3-test-counter-collection-multiplex.test_agent_info
    Test #561: tests.integration.validate.rocprofv3-test-counter-collection-multiplex.test_agent_info .......................................   Passed    0.33 sec
      Start 561: tests.integration.validate.rocprofv3-test-counter-collection-multiplex.test_agent_info
    Test #561: tests.integration.validate.rocprofv3-test-counter-collection-multiplex.test_agent_info .......................................   Passed    0.35 sec
      Start 561: tests.integration.validate.rocprofv3-test-counter-collection-multiplex.test_agent_info
    Test #561: tests.integration.validate.rocprofv3-test-counter-collection-multiplex.test_agent_info .......................................   Passed    0.33 sec
      Start 561: tests.integration.validate.rocprofv3-test-counter-collection-multiplex.test_agent_info
    Test #561: tests.integration.validate.rocprofv3-test-counter-collection-multiplex.test_agent_info .......................................   Passed    0.33 sec
      Start 561: tests.integration.validate.rocprofv3-test-counter-collection-multiplex.test_agent_info
    Test #561: tests.integration.validate.rocprofv3-test-counter-collection-multiplex.test_agent_info .......................................   Passed    0.33 sec
      Start 561: tests.integration.validate.rocprofv3-test-counter-collection-multiplex.test_agent_info
    Test #561: tests.integration.validate.rocprofv3-test-counter-collection-multiplex.test_agent_info .......................................   Passed    0.33 sec
      Start 561: tests.integration.validate.rocprofv3-test-counter-collection-multiplex.test_agent_info
    Test #561: tests.integration.validate.rocprofv3-test-counter-collection-multiplex.test_agent_info .......................................   Passed    0.33 sec
      Start 561: tests.integration.validate.rocprofv3-test-counter-collection-multiplex.test_agent_info
    Test #561: tests.integration.validate.rocprofv3-test-counter-collection-multiplex.test_agent_info .......................................   Passed    0.34 sec
      Start 561: tests.integration.validate.rocprofv3-test-counter-collection-multiplex.test_agent_info
    Test #561: tests.integration.validate.rocprofv3-test-counter-collection-multiplex.test_agent_info .......................................   Passed    0.34 sec
      Start 561: tests.integration.validate.rocprofv3-test-counter-collection-multiplex.test_agent_info
    Test #561: tests.integration.validate.rocprofv3-test-counter-collection-multiplex.test_agent_info .......................................   Passed    0.34 sec
      Start 561: tests.integration.validate.rocprofv3-test-counter-collection-multiplex.test_agent_info
 5/14 Test #561: tests.integration.validate.rocprofv3-test-counter-collection-multiplex.test_agent_info .......................................   Passed    0.33 sec
      Start 562: tests.integration.validate.rocprofv3-test-counter-collection-multiplex.test_counter_collection_multiple_yaml
    Test #562: tests.integration.validate.rocprofv3-test-counter-collection-multiplex.test_counter_collection_multiple_yaml .................   Passed    0.34 sec
      Start 562: tests.integration.validate.rocprofv3-test-counter-collection-multiplex.test_counter_collection_multiple_yaml
    Test #562: tests.integration.validate.rocprofv3-test-counter-collection-multiplex.test_counter_collection_multiple_yaml .................   Passed    0.34 sec
      Start 562: tests.integration.validate.rocprofv3-test-counter-collection-multiplex.test_counter_collection_multiple_yaml
    Test #562: tests.integration.validate.rocprofv3-test-counter-collection-multiplex.test_counter_collection_multiple_yaml .................   Passed    0.33 sec
      Start 562: tests.integration.validate.rocprofv3-test-counter-collection-multiplex.test_counter_collection_multiple_yaml
    Test #562: tests.integration.validate.rocprofv3-test-counter-collection-multiplex.test_counter_collection_multiple_yaml .................   Passed    0.34 sec
      Start 562: tests.integration.validate.rocprofv3-test-counter-collection-multiplex.test_counter_collection_multiple_yaml
    Test #562: tests.integration.validate.rocprofv3-test-counter-collection-multiplex.test_counter_collection_multiple_yaml .................   Passed    0.34 sec
      Start 562: tests.integration.validate.rocprofv3-test-counter-collection-multiplex.test_counter_collection_multiple_yaml
    Test #562: tests.integration.validate.rocprofv3-test-counter-collection-multiplex.test_counter_collection_multiple_yaml .................   Passed    0.34 sec
      Start 562: tests.integration.validate.rocprofv3-test-counter-collection-multiplex.test_counter_collection_multiple_yaml
    Test #562: tests.integration.validate.rocprofv3-test-counter-collection-multiplex.test_counter_collection_multiple_yaml .................   Passed    0.34 sec
      Start 562: tests.integration.validate.rocprofv3-test-counter-collection-multiplex.test_counter_collection_multiple_yaml
    Test #562: tests.integration.validate.rocprofv3-test-counter-collection-multiplex.test_counter_collection_multiple_yaml .................   Passed    0.34 sec
      Start 562: tests.integration.validate.rocprofv3-test-counter-collection-multiplex.test_counter_collection_multiple_yaml
    Test #562: tests.integration.validate.rocprofv3-test-counter-collection-multiplex.test_counter_collection_multiple_yaml .................   Passed    0.34 sec
      Start 562: tests.integration.validate.rocprofv3-test-counter-collection-multiplex.test_counter_collection_multiple_yaml
    Test #562: tests.integration.validate.rocprofv3-test-counter-collection-multiplex.test_counter_collection_multiple_yaml .................   Passed    0.34 sec
      Start 562: tests.integration.validate.rocprofv3-test-counter-collection-multiplex.test_counter_collection_multiple_yaml
    Test #562: tests.integration.validate.rocprofv3-test-counter-collection-multiplex.test_counter_collection_multiple_yaml .................   Passed    0.34 sec
      Start 562: tests.integration.validate.rocprofv3-test-counter-collection-multiplex.test_counter_collection_multiple_yaml
    Test #562: tests.integration.validate.rocprofv3-test-counter-collection-multiplex.test_counter_collection_multiple_yaml .................   Passed    0.34 sec
      Start 562: tests.integration.validate.rocprofv3-test-counter-collection-multiplex.test_counter_collection_multiple_yaml
    Test #562: tests.integration.validate.rocprofv3-test-counter-collection-multiplex.test_counter_collection_multiple_yaml .................   Passed    0.34 sec
      Start 562: tests.integration.validate.rocprofv3-test-counter-collection-multiplex.test_counter_collection_multiple_yaml
    Test #562: tests.integration.validate.rocprofv3-test-counter-collection-multiplex.test_counter_collection_multiple_yaml .................   Passed    0.34 sec
      Start 562: tests.integration.validate.rocprofv3-test-counter-collection-multiplex.test_counter_collection_multiple_yaml
    Test #562: tests.integration.validate.rocprofv3-test-counter-collection-multiplex.test_counter_collection_multiple_yaml .................   Passed    0.34 sec
      Start 562: tests.integration.validate.rocprofv3-test-counter-collection-multiplex.test_counter_collection_multiple_yaml
    Test #562: tests.integration.validate.rocprofv3-test-counter-collection-multiplex.test_counter_collection_multiple_yaml .................   Passed    0.34 sec
      Start 562: tests.integration.validate.rocprofv3-test-counter-collection-multiplex.test_counter_collection_multiple_yaml
    Test #562: tests.integration.validate.rocprofv3-test-counter-collection-multiplex.test_counter_collection_multiple_yaml .................   Passed    0.33 sec
      Start 562: tests.integration.validate.rocprofv3-test-counter-collection-multiplex.test_counter_collection_multiple_yaml
    Test #562: tests.integration.validate.rocprofv3-test-counter-collection-multiplex.test_counter_collection_multiple_yaml .................   Passed    0.34 sec
      Start 562: tests.integration.validate.rocprofv3-test-counter-collection-multiplex.test_counter_collection_multiple_yaml
    Test #562: tests.integration.validate.rocprofv3-test-counter-collection-multiplex.test_counter_collection_multiple_yaml .................   Passed    0.33 sec
      Start 562: tests.integration.validate.rocprofv3-test-counter-collection-multiplex.test_counter_collection_multiple_yaml
    Test #562: tests.integration.validate.rocprofv3-test-counter-collection-multiplex.test_counter_collection_multiple_yaml .................   Passed    0.34 sec
      Start 562: tests.integration.validate.rocprofv3-test-counter-collection-multiplex.test_counter_collection_multiple_yaml
    Test #562: tests.integration.validate.rocprofv3-test-counter-collection-multiplex.test_counter_collection_multiple_yaml .................   Passed    0.34 sec
      Start 562: tests.integration.validate.rocprofv3-test-counter-collection-multiplex.test_counter_collection_multiple_yaml
    Test #562: tests.integration.validate.rocprofv3-test-counter-collection-multiplex.test_counter_collection_multiple_yaml .................   Passed    0.33 sec
      Start 562: tests.integration.validate.rocprofv3-test-counter-collection-multiplex.test_counter_collection_multiple_yaml
    Test #562: tests.integration.validate.rocprofv3-test-counter-collection-multiplex.test_counter_collection_multiple_yaml .................   Passed    0.34 sec
      Start 562: tests.integration.validate.rocprofv3-test-counter-collection-multiplex.test_counter_collection_multiple_yaml
    Test #562: tests.integration.validate.rocprofv3-test-counter-collection-multiplex.test_counter_collection_multiple_yaml .................   Passed    0.34 sec
      Start 562: tests.integration.validate.rocprofv3-test-counter-collection-multiplex.test_counter_collection_multiple_yaml
    Test #562: tests.integration.validate.rocprofv3-test-counter-collection-multiplex.test_counter_collection_multiple_yaml .................   Passed    0.34 sec
      Start 562: tests.integration.validate.rocprofv3-test-counter-collection-multiplex.test_counter_collection_multiple_yaml
    Test #562: tests.integration.validate.rocprofv3-test-counter-collection-multiplex.test_counter_collection_multiple_yaml .................   Passed    0.34 sec
      Start 562: tests.integration.validate.rocprofv3-test-counter-collection-multiplex.test_counter_collection_multiple_yaml
    Test #562: tests.integration.validate.rocprofv3-test-counter-collection-multiplex.test_counter_collection_multiple_yaml .................   Passed    0.33 sec
      Start 562: tests.integration.validate.rocprofv3-test-counter-collection-multiplex.test_counter_collection_multiple_yaml
    Test #562: tests.integration.validate.rocprofv3-test-counter-collection-multiplex.test_counter_collection_multiple_yaml .................   Passed    0.34 sec
      Start 562: tests.integration.validate.rocprofv3-test-counter-collection-multiplex.test_counter_collection_multiple_yaml
    Test #562: tests.integration.validate.rocprofv3-test-counter-collection-multiplex.test_counter_collection_multiple_yaml .................   Passed    0.33 sec
      Start 562: tests.integration.validate.rocprofv3-test-counter-collection-multiplex.test_counter_collection_multiple_yaml
    Test #562: tests.integration.validate.rocprofv3-test-counter-collection-multiplex.test_counter_collection_multiple_yaml .................   Passed    0.34 sec
      Start 562: tests.integration.validate.rocprofv3-test-counter-collection-multiplex.test_counter_collection_multiple_yaml
    Test #562: tests.integration.validate.rocprofv3-test-counter-collection-multiplex.test_counter_collection_multiple_yaml .................   Passed    0.34 sec
      Start 562: tests.integration.validate.rocprofv3-test-counter-collection-multiplex.test_counter_collection_multiple_yaml
    Test #562: tests.integration.validate.rocprofv3-test-counter-collection-multiplex.test_counter_collection_multiple_yaml .................   Passed    0.34 sec
      Start 562: tests.integration.validate.rocprofv3-test-counter-collection-multiplex.test_counter_collection_multiple_yaml
    Test #562: tests.integration.validate.rocprofv3-test-counter-collection-multiplex.test_counter_collection_multiple_yaml .................   Passed    0.35 sec
      Start 562: tests.integration.validate.rocprofv3-test-counter-collection-multiplex.test_counter_collection_multiple_yaml
    Test #562: tests.integration.validate.rocprofv3-test-counter-collection-multiplex.test_counter_collection_multiple_yaml .................   Passed    0.34 sec
      Start 562: tests.integration.validate.rocprofv3-test-counter-collection-multiplex.test_counter_collection_multiple_yaml
    Test #562: tests.integration.validate.rocprofv3-test-counter-collection-multiplex.test_counter_collection_multiple_yaml .................   Passed    0.34 sec
      Start 562: tests.integration.validate.rocprofv3-test-counter-collection-multiplex.test_counter_collection_multiple_yaml
    Test #562: tests.integration.validate.rocprofv3-test-counter-collection-multiplex.test_counter_collection_multiple_yaml .................   Passed    0.34 sec
      Start 562: tests.integration.validate.rocprofv3-test-counter-collection-multiplex.test_counter_collection_multiple_yaml
    Test #562: tests.integration.validate.rocprofv3-test-counter-collection-multiplex.test_counter_collection_multiple_yaml .................   Passed    0.34 sec
      Start 562: tests.integration.validate.rocprofv3-test-counter-collection-multiplex.test_counter_collection_multiple_yaml
    Test #562: tests.integration.validate.rocprofv3-test-counter-collection-multiplex.test_counter_collection_multiple_yaml .................   Passed    0.34 sec
      Start 562: tests.integration.validate.rocprofv3-test-counter-collection-multiplex.test_counter_collection_multiple_yaml
    Test #562: tests.integration.validate.rocprofv3-test-counter-collection-multiplex.test_counter_collection_multiple_yaml .................   Passed    0.34 sec
      Start 562: tests.integration.validate.rocprofv3-test-counter-collection-multiplex.test_counter_collection_multiple_yaml
    Test #562: tests.integration.validate.rocprofv3-test-counter-collection-multiplex.test_counter_collection_multiple_yaml .................   Passed    0.34 sec
      Start 562: tests.integration.validate.rocprofv3-test-counter-collection-multiplex.test_counter_collection_multiple_yaml
    Test #562: tests.integration.validate.rocprofv3-test-counter-collection-multiplex.test_counter_collection_multiple_yaml .................   Passed    0.34 sec
      Start 562: tests.integration.validate.rocprofv3-test-counter-collection-multiplex.test_counter_collection_multiple_yaml
    Test #562: tests.integration.validate.rocprofv3-test-counter-collection-multiplex.test_counter_collection_multiple_yaml .................   Passed    0.34 sec
      Start 562: tests.integration.validate.rocprofv3-test-counter-collection-multiplex.test_counter_collection_multiple_yaml
    Test #562: tests.integration.validate.rocprofv3-test-counter-collection-multiplex.test_counter_collection_multiple_yaml .................   Passed    0.34 sec
      Start 562: tests.integration.validate.rocprofv3-test-counter-collection-multiplex.test_counter_collection_multiple_yaml
    Test #562: tests.integration.validate.rocprofv3-test-counter-collection-multiplex.test_counter_collection_multiple_yaml .................   Passed    0.34 sec
      Start 562: tests.integration.validate.rocprofv3-test-counter-collection-multiplex.test_counter_collection_multiple_yaml
    Test #562: tests.integration.validate.rocprofv3-test-counter-collection-multiplex.test_counter_collection_multiple_yaml .................   Passed    0.34 sec
      Start 562: tests.integration.validate.rocprofv3-test-counter-collection-multiplex.test_counter_collection_multiple_yaml
    Test #562: tests.integration.validate.rocprofv3-test-counter-collection-multiplex.test_counter_collection_multiple_yaml .................   Passed    0.33 sec
      Start 562: tests.integration.validate.rocprofv3-test-counter-collection-multiplex.test_counter_collection_multiple_yaml
    Test #562: tests.integration.validate.rocprofv3-test-counter-collection-multiplex.test_counter_collection_multiple_yaml .................   Passed    0.33 sec
      Start 562: tests.integration.validate.rocprofv3-test-counter-collection-multiplex.test_counter_collection_multiple_yaml
    Test #562: tests.integration.validate.rocprofv3-test-counter-collection-multiplex.test_counter_collection_multiple_yaml .................   Passed    0.33 sec
      Start 562: tests.integration.validate.rocprofv3-test-counter-collection-multiplex.test_counter_collection_multiple_yaml
    Test #562: tests.integration.validate.rocprofv3-test-counter-collection-multiplex.test_counter_collection_multiple_yaml .................   Passed    0.34 sec
      Start 562: tests.integration.validate.rocprofv3-test-counter-collection-multiplex.test_counter_collection_multiple_yaml
    Test #562: tests.integration.validate.rocprofv3-test-counter-collection-multiplex.test_counter_collection_multiple_yaml .................   Passed    0.34 sec
      Start 562: tests.integration.validate.rocprofv3-test-counter-collection-multiplex.test_counter_collection_multiple_yaml
    Test #562: tests.integration.validate.rocprofv3-test-counter-collection-multiplex.test_counter_collection_multiple_yaml .................   Passed    0.34 sec
      Start 562: tests.integration.validate.rocprofv3-test-counter-collection-multiplex.test_counter_collection_multiple_yaml
    Test #562: tests.integration.validate.rocprofv3-test-counter-collection-multiplex.test_counter_collection_multiple_yaml .................   Passed    0.34 sec
      Start 562: tests.integration.validate.rocprofv3-test-counter-collection-multiplex.test_counter_collection_multiple_yaml
    Test #562: tests.integration.validate.rocprofv3-test-counter-collection-multiplex.test_counter_collection_multiple_yaml .................   Passed    0.34 sec
      Start 562: tests.integration.validate.rocprofv3-test-counter-collection-multiplex.test_counter_collection_multiple_yaml
    Test #562: tests.integration.validate.rocprofv3-test-counter-collection-multiplex.test_counter_collection_multiple_yaml .................   Passed    0.34 sec
      Start 562: tests.integration.validate.rocprofv3-test-counter-collection-multiplex.test_counter_collection_multiple_yaml
    Test #562: tests.integration.validate.rocprofv3-test-counter-collection-multiplex.test_counter_collection_multiple_yaml .................   Passed    0.34 sec
      Start 562: tests.integration.validate.rocprofv3-test-counter-collection-multiplex.test_counter_collection_multiple_yaml
    Test #562: tests.integration.validate.rocprofv3-test-counter-collection-multiplex.test_counter_collection_multiple_yaml .................   Passed    0.34 sec
      Start 562: tests.integration.validate.rocprofv3-test-counter-collection-multiplex.test_counter_collection_multiple_yaml
    Test #562: tests.integration.validate.rocprofv3-test-counter-collection-multiplex.test_counter_collection_multiple_yaml .................   Passed    0.34 sec
      Start 562: tests.integration.validate.rocprofv3-test-counter-collection-multiplex.test_counter_collection_multiple_yaml
    Test #562: tests.integration.validate.rocprofv3-test-counter-collection-multiplex.test_counter_collection_multiple_yaml .................   Passed    0.34 sec
      Start 562: tests.integration.validate.rocprofv3-test-counter-collection-multiplex.test_counter_collection_multiple_yaml
    Test #562: tests.integration.validate.rocprofv3-test-counter-collection-multiplex.test_counter_collection_multiple_yaml .................   Passed    0.34 sec
      Start 562: tests.integration.validate.rocprofv3-test-counter-collection-multiplex.test_counter_collection_multiple_yaml
    Test #562: tests.integration.validate.rocprofv3-test-counter-collection-multiplex.test_counter_collection_multiple_yaml .................   Passed    0.34 sec
      Start 562: tests.integration.validate.rocprofv3-test-counter-collection-multiplex.test_counter_collection_multiple_yaml
    Test #562: tests.integration.validate.rocprofv3-test-counter-collection-multiplex.test_counter_collection_multiple_yaml .................   Passed    0.34 sec
      Start 562: tests.integration.validate.rocprofv3-test-counter-collection-multiplex.test_counter_collection_multiple_yaml
    Test #562: tests.integration.validate.rocprofv3-test-counter-collection-multiplex.test_counter_collection_multiple_yaml .................   Passed    0.33 sec
      Start 562: tests.integration.validate.rocprofv3-test-counter-collection-multiplex.test_counter_collection_multiple_yaml
    Test #562: tests.integration.validate.rocprofv3-test-counter-collection-multiplex.test_counter_collection_multiple_yaml .................   Passed    0.34 sec
      Start 562: tests.integration.validate.rocprofv3-test-counter-collection-multiplex.test_counter_collection_multiple_yaml
    Test #562: tests.integration.validate.rocprofv3-test-counter-collection-multiplex.test_counter_collection_multiple_yaml .................   Passed    0.34 sec
      Start 562: tests.integration.validate.rocprofv3-test-counter-collection-multiplex.test_counter_collection_multiple_yaml
    Test #562: tests.integration.validate.rocprofv3-test-counter-collection-multiplex.test_counter_collection_multiple_yaml .................   Passed    0.34 sec
      Start 562: tests.integration.validate.rocprofv3-test-counter-collection-multiplex.test_counter_collection_multiple_yaml
    Test #562: tests.integration.validate.rocprofv3-test-counter-collection-multiplex.test_counter_collection_multiple_yaml .................   Passed    0.33 sec
      Start 562: tests.integration.validate.rocprofv3-test-counter-collection-multiplex.test_counter_collection_multiple_yaml
    Test #562: tests.integration.validate.rocprofv3-test-counter-collection-multiplex.test_counter_collection_multiple_yaml .................   Passed    0.34 sec
      Start 562: tests.integration.validate.rocprofv3-test-counter-collection-multiplex.test_counter_collection_multiple_yaml
    Test #562: tests.integration.validate.rocprofv3-test-counter-collection-multiplex.test_counter_collection_multiple_yaml .................   Passed    0.34 sec
      Start 562: tests.integration.validate.rocprofv3-test-counter-collection-multiplex.test_counter_collection_multiple_yaml
    Test #562: tests.integration.validate.rocprofv3-test-counter-collection-multiplex.test_counter_collection_multiple_yaml .................   Passed    0.34 sec
      Start 562: tests.integration.validate.rocprofv3-test-counter-collection-multiplex.test_counter_collection_multiple_yaml
    Test #562: tests.integration.validate.rocprofv3-test-counter-collection-multiplex.test_counter_collection_multiple_yaml .................   Passed    0.33 sec
      Start 562: tests.integration.validate.rocprofv3-test-counter-collection-multiplex.test_counter_collection_multiple_yaml
    Test #562: tests.integration.validate.rocprofv3-test-counter-collection-multiplex.test_counter_collection_multiple_yaml .................   Passed    0.34 sec
      Start 562: tests.integration.validate.rocprofv3-test-counter-collection-multiplex.test_counter_collection_multiple_yaml
    Test #562: tests.integration.validate.rocprofv3-test-counter-collection-multiplex.test_counter_collection_multiple_yaml .................   Passed    0.34 sec
      Start 562: tests.integration.validate.rocprofv3-test-counter-collection-multiplex.test_counter_collection_multiple_yaml
    Test #562: tests.integration.validate.rocprofv3-test-counter-collection-multiplex.test_counter_collection_multiple_yaml .................   Passed    0.34 sec
      Start 562: tests.integration.validate.rocprofv3-test-counter-collection-multiplex.test_counter_collection_multiple_yaml
    Test #562: tests.integration.validate.rocprofv3-test-counter-collection-multiplex.test_counter_collection_multiple_yaml .................   Passed    0.34 sec
      Start 562: tests.integration.validate.rocprofv3-test-counter-collection-multiplex.test_counter_collection_multiple_yaml
    Test #562: tests.integration.validate.rocprofv3-test-counter-collection-multiplex.test_counter_collection_multiple_yaml .................   Passed    0.33 sec
      Start 562: tests.integration.validate.rocprofv3-test-counter-collection-multiplex.test_counter_collection_multiple_yaml
    Test #562: tests.integration.validate.rocprofv3-test-counter-collection-multiplex.test_counter_collection_multiple_yaml .................   Passed    0.34 sec
      Start 562: tests.integration.validate.rocprofv3-test-counter-collection-multiplex.test_counter_collection_multiple_yaml
    Test #562: tests.integration.validate.rocprofv3-test-counter-collection-multiplex.test_counter_collection_multiple_yaml .................   Passed    0.34 sec
      Start 562: tests.integration.validate.rocprofv3-test-counter-collection-multiplex.test_counter_collection_multiple_yaml
    Test #562: tests.integration.validate.rocprofv3-test-counter-collection-multiplex.test_counter_collection_multiple_yaml .................   Passed    0.34 sec
      Start 562: tests.integration.validate.rocprofv3-test-counter-collection-multiplex.test_counter_collection_multiple_yaml
    Test #562: tests.integration.validate.rocprofv3-test-counter-collection-multiplex.test_counter_collection_multiple_yaml .................   Passed    0.33 sec
      Start 562: tests.integration.validate.rocprofv3-test-counter-collection-multiplex.test_counter_collection_multiple_yaml
    Test #562: tests.integration.validate.rocprofv3-test-counter-collection-multiplex.test_counter_collection_multiple_yaml .................   Passed    0.33 sec
      Start 562: tests.integration.validate.rocprofv3-test-counter-collection-multiplex.test_counter_collection_multiple_yaml
    Test #562: tests.integration.validate.rocprofv3-test-counter-collection-multiplex.test_counter_collection_multiple_yaml .................   Passed    0.34 sec
      Start 562: tests.integration.validate.rocprofv3-test-counter-collection-multiplex.test_counter_collection_multiple_yaml
    Test #562: tests.integration.validate.rocprofv3-test-counter-collection-multiplex.test_counter_collection_multiple_yaml .................   Passed    0.33 sec
      Start 562: tests.integration.validate.rocprofv3-test-counter-collection-multiplex.test_counter_collection_multiple_yaml
    Test #562: tests.integration.validate.rocprofv3-test-counter-collection-multiplex.test_counter_collection_multiple_yaml .................   Passed    0.34 sec
      Start 562: tests.integration.validate.rocprofv3-test-counter-collection-multiplex.test_counter_collection_multiple_yaml
    Test #562: tests.integration.validate.rocprofv3-test-counter-collection-multiplex.test_counter_collection_multiple_yaml .................   Passed    0.34 sec
      Start 562: tests.integration.validate.rocprofv3-test-counter-collection-multiplex.test_counter_collection_multiple_yaml
    Test #562: tests.integration.validate.rocprofv3-test-counter-collection-multiplex.test_counter_collection_multiple_yaml .................   Passed    0.34 sec
      Start 562: tests.integration.validate.rocprofv3-test-counter-collection-multiplex.test_counter_collection_multiple_yaml
    Test #562: tests.integration.validate.rocprofv3-test-counter-collection-multiplex.test_counter_collection_multiple_yaml .................   Passed    0.35 sec
      Start 562: tests.integration.validate.rocprofv3-test-counter-collection-multiplex.test_counter_collection_multiple_yaml
    Test #562: tests.integration.validate.rocprofv3-test-counter-collection-multiplex.test_counter_collection_multiple_yaml .................   Passed    0.35 sec
      Start 562: tests.integration.validate.rocprofv3-test-counter-collection-multiplex.test_counter_collection_multiple_yaml
    Test #562: tests.integration.validate.rocprofv3-test-counter-collection-multiplex.test_counter_collection_multiple_yaml .................   Passed    0.34 sec
      Start 562: tests.integration.validate.rocprofv3-test-counter-collection-multiplex.test_counter_collection_multiple_yaml
    Test #562: tests.integration.validate.rocprofv3-test-counter-collection-multiplex.test_counter_collection_multiple_yaml .................   Passed    0.34 sec
      Start 562: tests.integration.validate.rocprofv3-test-counter-collection-multiplex.test_counter_collection_multiple_yaml
    Test #562: tests.integration.validate.rocprofv3-test-counter-collection-multiplex.test_counter_collection_multiple_yaml .................   Passed    0.34 sec
      Start 562: tests.integration.validate.rocprofv3-test-counter-collection-multiplex.test_counter_collection_multiple_yaml
    Test #562: tests.integration.validate.rocprofv3-test-counter-collection-multiplex.test_counter_collection_multiple_yaml .................   Passed    0.34 sec
      Start 562: tests.integration.validate.rocprofv3-test-counter-collection-multiplex.test_counter_collection_multiple_yaml
    Test #562: tests.integration.validate.rocprofv3-test-counter-collection-multiplex.test_counter_collection_multiple_yaml .................   Passed    0.34 sec
      Start 562: tests.integration.validate.rocprofv3-test-counter-collection-multiplex.test_counter_collection_multiple_yaml
    Test #562: tests.integration.validate.rocprofv3-test-counter-collection-multiplex.test_counter_collection_multiple_yaml .................   Passed    0.34 sec
      Start 562: tests.integration.validate.rocprofv3-test-counter-collection-multiplex.test_counter_collection_multiple_yaml
    Test #562: tests.integration.validate.rocprofv3-test-counter-collection-multiplex.test_counter_collection_multiple_yaml .................   Passed    0.34 sec
      Start 562: tests.integration.validate.rocprofv3-test-counter-collection-multiplex.test_counter_collection_multiple_yaml
    Test #562: tests.integration.validate.rocprofv3-test-counter-collection-multiplex.test_counter_collection_multiple_yaml .................   Passed    0.34 sec
      Start 562: tests.integration.validate.rocprofv3-test-counter-collection-multiplex.test_counter_collection_multiple_yaml
    Test #562: tests.integration.validate.rocprofv3-test-counter-collection-multiplex.test_counter_collection_multiple_yaml .................   Passed    0.34 sec
      Start 562: tests.integration.validate.rocprofv3-test-counter-collection-multiplex.test_counter_collection_multiple_yaml
    Test #562: tests.integration.validate.rocprofv3-test-counter-collection-multiplex.test_counter_collection_multiple_yaml .................   Passed    0.34 sec
      Start 562: tests.integration.validate.rocprofv3-test-counter-collection-multiplex.test_counter_collection_multiple_yaml
    Test #562: tests.integration.validate.rocprofv3-test-counter-collection-multiplex.test_counter_collection_multiple_yaml .................   Passed    0.34 sec
      Start 562: tests.integration.validate.rocprofv3-test-counter-collection-multiplex.test_counter_collection_multiple_yaml
    Test #562: tests.integration.validate.rocprofv3-test-counter-collection-multiplex.test_counter_collection_multiple_yaml .................   Passed    0.34 sec
      Start 562: tests.integration.validate.rocprofv3-test-counter-collection-multiplex.test_counter_collection_multiple_yaml
    Test #562: tests.integration.validate.rocprofv3-test-counter-collection-multiplex.test_counter_collection_multiple_yaml .................   Passed    0.34 sec
      Start 562: tests.integration.validate.rocprofv3-test-counter-collection-multiplex.test_counter_collection_multiple_yaml
    Test #562: tests.integration.validate.rocprofv3-test-counter-collection-multiplex.test_counter_collection_multiple_yaml .................   Passed    0.33 sec
      Start 562: tests.integration.validate.rocprofv3-test-counter-collection-multiplex.test_counter_collection_multiple_yaml
    Test #562: tests.integration.validate.rocprofv3-test-counter-collection-multiplex.test_counter_collection_multiple_yaml .................   Passed    0.34 sec
      Start 562: tests.integration.validate.rocprofv3-test-counter-collection-multiplex.test_counter_collection_multiple_yaml
    Test #562: tests.integration.validate.rocprofv3-test-counter-collection-multiplex.test_counter_collection_multiple_yaml .................   Passed    0.34 sec
      Start 562: tests.integration.validate.rocprofv3-test-counter-collection-multiplex.test_counter_collection_multiple_yaml
    Test #562: tests.integration.validate.rocprofv3-test-counter-collection-multiplex.test_counter_collection_multiple_yaml .................   Passed    0.34 sec
      Start 562: tests.integration.validate.rocprofv3-test-counter-collection-multiplex.test_counter_collection_multiple_yaml
    Test #562: tests.integration.validate.rocprofv3-test-counter-collection-multiplex.test_counter_collection_multiple_yaml .................   Passed    0.34 sec
      Start 562: tests.integration.validate.rocprofv3-test-counter-collection-multiplex.test_counter_collection_multiple_yaml
    Test #562: tests.integration.validate.rocprofv3-test-counter-collection-multiplex.test_counter_collection_multiple_yaml .................   Passed    0.34 sec
      Start 562: tests.integration.validate.rocprofv3-test-counter-collection-multiplex.test_counter_collection_multiple_yaml
    Test #562: tests.integration.validate.rocprofv3-test-counter-collection-multiplex.test_counter_collection_multiple_yaml .................   Passed    0.34 sec
      Start 562: tests.integration.validate.rocprofv3-test-counter-collection-multiplex.test_counter_collection_multiple_yaml
    Test #562: tests.integration.validate.rocprofv3-test-counter-collection-multiplex.test_counter_collection_multiple_yaml .................   Passed    0.34 sec
      Start 562: tests.integration.validate.rocprofv3-test-counter-collection-multiplex.test_counter_collection_multiple_yaml
    Test #562: tests.integration.validate.rocprofv3-test-counter-collection-multiplex.test_counter_collection_multiple_yaml .................   Passed    0.34 sec
      Start 562: tests.integration.validate.rocprofv3-test-counter-collection-multiplex.test_counter_collection_multiple_yaml
    Test #562: tests.integration.validate.rocprofv3-test-counter-collection-multiplex.test_counter_collection_multiple_yaml .................   Passed    0.34 sec
      Start 562: tests.integration.validate.rocprofv3-test-counter-collection-multiplex.test_counter_collection_multiple_yaml
    Test #562: tests.integration.validate.rocprofv3-test-counter-collection-multiplex.test_counter_collection_multiple_yaml .................   Passed    0.34 sec
      Start 562: tests.integration.validate.rocprofv3-test-counter-collection-multiplex.test_counter_collection_multiple_yaml
    Test #562: tests.integration.validate.rocprofv3-test-counter-collection-multiplex.test_counter_collection_multiple_yaml .................   Passed    0.34 sec
      Start 562: tests.integration.validate.rocprofv3-test-counter-collection-multiplex.test_counter_collection_multiple_yaml
    Test #562: tests.integration.validate.rocprofv3-test-counter-collection-multiplex.test_counter_collection_multiple_yaml .................   Passed    0.34 sec
      Start 562: tests.integration.validate.rocprofv3-test-counter-collection-multiplex.test_counter_collection_multiple_yaml
    Test #562: tests.integration.validate.rocprofv3-test-counter-collection-multiplex.test_counter_collection_multiple_yaml .................   Passed    0.34 sec
      Start 562: tests.integration.validate.rocprofv3-test-counter-collection-multiplex.test_counter_collection_multiple_yaml
    Test #562: tests.integration.validate.rocprofv3-test-counter-collection-multiplex.test_counter_collection_multiple_yaml .................   Passed    0.34 sec
      Start 562: tests.integration.validate.rocprofv3-test-counter-collection-multiplex.test_counter_collection_multiple_yaml
    Test #562: tests.integration.validate.rocprofv3-test-counter-collection-multiplex.test_counter_collection_multiple_yaml .................   Passed    0.34 sec
      Start 562: tests.integration.validate.rocprofv3-test-counter-collection-multiplex.test_counter_collection_multiple_yaml
    Test #562: tests.integration.validate.rocprofv3-test-counter-collection-multiplex.test_counter_collection_multiple_yaml .................   Passed    0.33 sec
      Start 562: tests.integration.validate.rocprofv3-test-counter-collection-multiplex.test_counter_collection_multiple_yaml
    Test #562: tests.integration.validate.rocprofv3-test-counter-collection-multiplex.test_counter_collection_multiple_yaml .................   Passed    0.33 sec
      Start 562: tests.integration.validate.rocprofv3-test-counter-collection-multiplex.test_counter_collection_multiple_yaml
    Test #562: tests.integration.validate.rocprofv3-test-counter-collection-multiplex.test_counter_collection_multiple_yaml .................   Passed    0.33 sec
      Start 562: tests.integration.validate.rocprofv3-test-counter-collection-multiplex.test_counter_collection_multiple_yaml
    Test #562: tests.integration.validate.rocprofv3-test-counter-collection-multiplex.test_counter_collection_multiple_yaml .................   Passed    0.33 sec
      Start 562: tests.integration.validate.rocprofv3-test-counter-collection-multiplex.test_counter_collection_multiple_yaml
    Test #562: tests.integration.validate.rocprofv3-test-counter-collection-multiplex.test_counter_collection_multiple_yaml .................   Passed    0.34 sec
      Start 562: tests.integration.validate.rocprofv3-test-counter-collection-multiplex.test_counter_collection_multiple_yaml
    Test #562: tests.integration.validate.rocprofv3-test-counter-collection-multiplex.test_counter_collection_multiple_yaml .................   Passed    0.33 sec
      Start 562: tests.integration.validate.rocprofv3-test-counter-collection-multiplex.test_counter_collection_multiple_yaml
    Test #562: tests.integration.validate.rocprofv3-test-counter-collection-multiplex.test_counter_collection_multiple_yaml .................   Passed    0.33 sec
      Start 562: tests.integration.validate.rocprofv3-test-counter-collection-multiplex.test_counter_collection_multiple_yaml
    Test #562: tests.integration.validate.rocprofv3-test-counter-collection-multiplex.test_counter_collection_multiple_yaml .................   Passed    0.34 sec
      Start 562: tests.integration.validate.rocprofv3-test-counter-collection-multiplex.test_counter_collection_multiple_yaml
    Test #562: tests.integration.validate.rocprofv3-test-counter-collection-multiplex.test_counter_collection_multiple_yaml .................   Passed    0.34 sec
      Start 562: tests.integration.validate.rocprofv3-test-counter-collection-multiplex.test_counter_collection_multiple_yaml
    Test #562: tests.integration.validate.rocprofv3-test-counter-collection-multiplex.test_counter_collection_multiple_yaml .................   Passed    0.34 sec
      Start 562: tests.integration.validate.rocprofv3-test-counter-collection-multiplex.test_counter_collection_multiple_yaml
    Test #562: tests.integration.validate.rocprofv3-test-counter-collection-multiplex.test_counter_collection_multiple_yaml .................   Passed    0.34 sec
      Start 562: tests.integration.validate.rocprofv3-test-counter-collection-multiplex.test_counter_collection_multiple_yaml
    Test #562: tests.integration.validate.rocprofv3-test-counter-collection-multiplex.test_counter_collection_multiple_yaml .................   Passed    0.33 sec
      Start 562: tests.integration.validate.rocprofv3-test-counter-collection-multiplex.test_counter_collection_multiple_yaml
    Test #562: tests.integration.validate.rocprofv3-test-counter-collection-multiplex.test_counter_collection_multiple_yaml .................   Passed    0.33 sec
      Start 562: tests.integration.validate.rocprofv3-test-counter-collection-multiplex.test_counter_collection_multiple_yaml
    Test #562: tests.integration.validate.rocprofv3-test-counter-collection-multiplex.test_counter_collection_multiple_yaml .................   Passed    0.34 sec
      Start 562: tests.integration.validate.rocprofv3-test-counter-collection-multiplex.test_counter_collection_multiple_yaml
    Test #562: tests.integration.validate.rocprofv3-test-counter-collection-multiplex.test_counter_collection_multiple_yaml .................   Passed    0.34 sec
      Start 562: tests.integration.validate.rocprofv3-test-counter-collection-multiplex.test_counter_collection_multiple_yaml
    Test #562: tests.integration.validate.rocprofv3-test-counter-collection-multiplex.test_counter_collection_multiple_yaml .................   Passed    0.33 sec
      Start 562: tests.integration.validate.rocprofv3-test-counter-collection-multiplex.test_counter_collection_multiple_yaml
    Test #562: tests.integration.validate.rocprofv3-test-counter-collection-multiplex.test_counter_collection_multiple_yaml .................   Passed    0.34 sec
      Start 562: tests.integration.validate.rocprofv3-test-counter-collection-multiplex.test_counter_collection_multiple_yaml
    Test #562: tests.integration.validate.rocprofv3-test-counter-collection-multiplex.test_counter_collection_multiple_yaml .................   Passed    0.33 sec
      Start 562: tests.integration.validate.rocprofv3-test-counter-collection-multiplex.test_counter_collection_multiple_yaml
    Test #562: tests.integration.validate.rocprofv3-test-counter-collection-multiplex.test_counter_collection_multiple_yaml .................   Passed    0.33 sec
      Start 562: tests.integration.validate.rocprofv3-test-counter-collection-multiplex.test_counter_collection_multiple_yaml
    Test #562: tests.integration.validate.rocprofv3-test-counter-collection-multiplex.test_counter_collection_multiple_yaml .................   Passed    0.34 sec
      Start 562: tests.integration.validate.rocprofv3-test-counter-collection-multiplex.test_counter_collection_multiple_yaml
    Test #562: tests.integration.validate.rocprofv3-test-counter-collection-multiplex.test_counter_collection_multiple_yaml .................   Passed    0.34 sec
      Start 562: tests.integration.validate.rocprofv3-test-counter-collection-multiplex.test_counter_collection_multiple_yaml
    Test #562: tests.integration.validate.rocprofv3-test-counter-collection-multiplex.test_counter_collection_multiple_yaml .................   Passed    0.33 sec
      Start 562: tests.integration.validate.rocprofv3-test-counter-collection-multiplex.test_counter_collection_multiple_yaml
    Test #562: tests.integration.validate.rocprofv3-test-counter-collection-multiplex.test_counter_collection_multiple_yaml .................   Passed    0.34 sec
      Start 562: tests.integration.validate.rocprofv3-test-counter-collection-multiplex.test_counter_collection_multiple_yaml
    Test #562: tests.integration.validate.rocprofv3-test-counter-collection-multiplex.test_counter_collection_multiple_yaml .................   Passed    0.33 sec
      Start 562: tests.integration.validate.rocprofv3-test-counter-collection-multiplex.test_counter_collection_multiple_yaml
    Test #562: tests.integration.validate.rocprofv3-test-counter-collection-multiplex.test_counter_collection_multiple_yaml .................   Passed    0.33 sec
      Start 562: tests.integration.validate.rocprofv3-test-counter-collection-multiplex.test_counter_collection_multiple_yaml
    Test #562: tests.integration.validate.rocprofv3-test-counter-collection-multiplex.test_counter_collection_multiple_yaml .................   Passed    0.33 sec
      Start 562: tests.integration.validate.rocprofv3-test-counter-collection-multiplex.test_counter_collection_multiple_yaml
    Test #562: tests.integration.validate.rocprofv3-test-counter-collection-multiplex.test_counter_collection_multiple_yaml .................   Passed    0.34 sec
      Start 562: tests.integration.validate.rocprofv3-test-counter-collection-multiplex.test_counter_collection_multiple_yaml
    Test #562: tests.integration.validate.rocprofv3-test-counter-collection-multiplex.test_counter_collection_multiple_yaml .................   Passed    0.33 sec
      Start 562: tests.integration.validate.rocprofv3-test-counter-collection-multiplex.test_counter_collection_multiple_yaml
    Test #562: tests.integration.validate.rocprofv3-test-counter-collection-multiplex.test_counter_collection_multiple_yaml .................   Passed    0.34 sec
      Start 562: tests.integration.validate.rocprofv3-test-counter-collection-multiplex.test_counter_collection_multiple_yaml
    Test #562: tests.integration.validate.rocprofv3-test-counter-collection-multiplex.test_counter_collection_multiple_yaml .................   Passed    0.34 sec
      Start 562: tests.integration.validate.rocprofv3-test-counter-collection-multiplex.test_counter_collection_multiple_yaml
    Test #562: tests.integration.validate.rocprofv3-test-counter-collection-multiplex.test_counter_collection_multiple_yaml .................   Passed    0.33 sec
      Start 562: tests.integration.validate.rocprofv3-test-counter-collection-multiplex.test_counter_collection_multiple_yaml
    Test #562: tests.integration.validate.rocprofv3-test-counter-collection-multiplex.test_counter_collection_multiple_yaml .................   Passed    0.33 sec
      Start 562: tests.integration.validate.rocprofv3-test-counter-collection-multiplex.test_counter_collection_multiple_yaml
    Test #562: tests.integration.validate.rocprofv3-test-counter-collection-multiplex.test_counter_collection_multiple_yaml .................   Passed    0.34 sec
      Start 562: tests.integration.validate.rocprofv3-test-counter-collection-multiplex.test_counter_collection_multiple_yaml
    Test #562: tests.integration.validate.rocprofv3-test-counter-collection-multiplex.test_counter_collection_multiple_yaml .................   Passed    0.34 sec
      Start 562: tests.integration.validate.rocprofv3-test-counter-collection-multiplex.test_counter_collection_multiple_yaml
    Test #562: tests.integration.validate.rocprofv3-test-counter-collection-multiplex.test_counter_collection_multiple_yaml .................   Passed    0.34 sec
      Start 562: tests.integration.validate.rocprofv3-test-counter-collection-multiplex.test_counter_collection_multiple_yaml
    Test #562: tests.integration.validate.rocprofv3-test-counter-collection-multiplex.test_counter_collection_multiple_yaml .................   Passed    0.33 sec
      Start 562: tests.integration.validate.rocprofv3-test-counter-collection-multiplex.test_counter_collection_multiple_yaml
    Test #562: tests.integration.validate.rocprofv3-test-counter-collection-multiplex.test_counter_collection_multiple_yaml .................   Passed    0.33 sec
      Start 562: tests.integration.validate.rocprofv3-test-counter-collection-multiplex.test_counter_collection_multiple_yaml
    Test #562: tests.integration.validate.rocprofv3-test-counter-collection-multiplex.test_counter_collection_multiple_yaml .................   Passed    0.33 sec
      Start 562: tests.integration.validate.rocprofv3-test-counter-collection-multiplex.test_counter_collection_multiple_yaml
    Test #562: tests.integration.validate.rocprofv3-test-counter-collection-multiplex.test_counter_collection_multiple_yaml .................   Passed    0.34 sec
      Start 562: tests.integration.validate.rocprofv3-test-counter-collection-multiplex.test_counter_collection_multiple_yaml
    Test #562: tests.integration.validate.rocprofv3-test-counter-collection-multiplex.test_counter_collection_multiple_yaml .................   Passed    0.33 sec
      Start 562: tests.integration.validate.rocprofv3-test-counter-collection-multiplex.test_counter_collection_multiple_yaml
    Test #562: tests.integration.validate.rocprofv3-test-counter-collection-multiplex.test_counter_collection_multiple_yaml .................   Passed    0.34 sec
      Start 562: tests.integration.validate.rocprofv3-test-counter-collection-multiplex.test_counter_collection_multiple_yaml
    Test #562: tests.integration.validate.rocprofv3-test-counter-collection-multiplex.test_counter_collection_multiple_yaml .................   Passed    0.33 sec
      Start 562: tests.integration.validate.rocprofv3-test-counter-collection-multiplex.test_counter_collection_multiple_yaml
    Test #562: tests.integration.validate.rocprofv3-test-counter-collection-multiplex.test_counter_collection_multiple_yaml .................   Passed    0.33 sec
      Start 562: tests.integration.validate.rocprofv3-test-counter-collection-multiplex.test_counter_collection_multiple_yaml
    Test #562: tests.integration.validate.rocprofv3-test-counter-collection-multiplex.test_counter_collection_multiple_yaml .................   Passed    0.33 sec
      Start 562: tests.integration.validate.rocprofv3-test-counter-collection-multiplex.test_counter_collection_multiple_yaml
    Test #562: tests.integration.validate.rocprofv3-test-counter-collection-multiplex.test_counter_collection_multiple_yaml .................   Passed    0.34 sec
      Start 562: tests.integration.validate.rocprofv3-test-counter-collection-multiplex.test_counter_collection_multiple_yaml
    Test #562: tests.integration.validate.rocprofv3-test-counter-collection-multiplex.test_counter_collection_multiple_yaml .................   Passed    0.33 sec
      Start 562: tests.integration.validate.rocprofv3-test-counter-collection-multiplex.test_counter_collection_multiple_yaml
    Test #562: tests.integration.validate.rocprofv3-test-counter-collection-multiplex.test_counter_collection_multiple_yaml .................   Passed    0.34 sec
      Start 562: tests.integration.validate.rocprofv3-test-counter-collection-multiplex.test_counter_collection_multiple_yaml
    Test #562: tests.integration.validate.rocprofv3-test-counter-collection-multiplex.test_counter_collection_multiple_yaml .................   Passed    0.33 sec
      Start 562: tests.integration.validate.rocprofv3-test-counter-collection-multiplex.test_counter_collection_multiple_yaml
    Test #562: tests.integration.validate.rocprofv3-test-counter-collection-multiplex.test_counter_collection_multiple_yaml .................   Passed    0.33 sec
      Start 562: tests.integration.validate.rocprofv3-test-counter-collection-multiplex.test_counter_collection_multiple_yaml
    Test #562: tests.integration.validate.rocprofv3-test-counter-collection-multiplex.test_counter_collection_multiple_yaml .................   Passed    0.33 sec
      Start 562: tests.integration.validate.rocprofv3-test-counter-collection-multiplex.test_counter_collection_multiple_yaml
    Test #562: tests.integration.validate.rocprofv3-test-counter-collection-multiplex.test_counter_collection_multiple_yaml .................   Passed    0.34 sec
      Start 562: tests.integration.validate.rocprofv3-test-counter-collection-multiplex.test_counter_collection_multiple_yaml
    Test #562: tests.integration.validate.rocprofv3-test-counter-collection-multiplex.test_counter_collection_multiple_yaml .................   Passed    0.34 sec
      Start 562: tests.integration.validate.rocprofv3-test-counter-collection-multiplex.test_counter_collection_multiple_yaml
    Test #562: tests.integration.validate.rocprofv3-test-counter-collection-multiplex.test_counter_collection_multiple_yaml .................   Passed    0.34 sec
      Start 562: tests.integration.validate.rocprofv3-test-counter-collection-multiplex.test_counter_collection_multiple_yaml
    Test #562: tests.integration.validate.rocprofv3-test-counter-collection-multiplex.test_counter_collection_multiple_yaml .................   Passed    0.35 sec
      Start 562: tests.integration.validate.rocprofv3-test-counter-collection-multiplex.test_counter_collection_multiple_yaml
    Test #562: tests.integration.validate.rocprofv3-test-counter-collection-multiplex.test_counter_collection_multiple_yaml .................   Passed    0.34 sec
      Start 562: tests.integration.validate.rocprofv3-test-counter-collection-multiplex.test_counter_collection_multiple_yaml
    Test #562: tests.integration.validate.rocprofv3-test-counter-collection-multiplex.test_counter_collection_multiple_yaml .................   Passed    0.34 sec
      Start 562: tests.integration.validate.rocprofv3-test-counter-collection-multiplex.test_counter_collection_multiple_yaml
    Test #562: tests.integration.validate.rocprofv3-test-counter-collection-multiplex.test_counter_collection_multiple_yaml .................   Passed    0.33 sec
      Start 562: tests.integration.validate.rocprofv3-test-counter-collection-multiplex.test_counter_collection_multiple_yaml
    Test #562: tests.integration.validate.rocprofv3-test-counter-collection-multiplex.test_counter_collection_multiple_yaml .................   Passed    0.34 sec
      Start 562: tests.integration.validate.rocprofv3-test-counter-collection-multiplex.test_counter_collection_multiple_yaml
    Test #562: tests.integration.validate.rocprofv3-test-counter-collection-multiplex.test_counter_collection_multiple_yaml .................   Passed    0.34 sec
      Start 562: tests.integration.validate.rocprofv3-test-counter-collection-multiplex.test_counter_collection_multiple_yaml
    Test #562: tests.integration.validate.rocprofv3-test-counter-collection-multiplex.test_counter_collection_multiple_yaml .................   Passed    0.34 sec
      Start 562: tests.integration.validate.rocprofv3-test-counter-collection-multiplex.test_counter_collection_multiple_yaml
    Test #562: tests.integration.validate.rocprofv3-test-counter-collection-multiplex.test_counter_collection_multiple_yaml .................   Passed    0.34 sec
      Start 562: tests.integration.validate.rocprofv3-test-counter-collection-multiplex.test_counter_collection_multiple_yaml
    Test #562: tests.integration.validate.rocprofv3-test-counter-collection-multiplex.test_counter_collection_multiple_yaml .................   Passed    0.34 sec
      Start 562: tests.integration.validate.rocprofv3-test-counter-collection-multiplex.test_counter_collection_multiple_yaml
    Test #562: tests.integration.validate.rocprofv3-test-counter-collection-multiplex.test_counter_collection_multiple_yaml .................   Passed    0.34 sec
      Start 562: tests.integration.validate.rocprofv3-test-counter-collection-multiplex.test_counter_collection_multiple_yaml
    Test #562: tests.integration.validate.rocprofv3-test-counter-collection-multiplex.test_counter_collection_multiple_yaml .................   Passed    0.34 sec
      Start 562: tests.integration.validate.rocprofv3-test-counter-collection-multiplex.test_counter_collection_multiple_yaml
    Test #562: tests.integration.validate.rocprofv3-test-counter-collection-multiplex.test_counter_collection_multiple_yaml .................   Passed    0.33 sec
      Start 562: tests.integration.validate.rocprofv3-test-counter-collection-multiplex.test_counter_collection_multiple_yaml
    Test #562: tests.integration.validate.rocprofv3-test-counter-collection-multiplex.test_counter_collection_multiple_yaml .................   Passed    0.33 sec
      Start 562: tests.integration.validate.rocprofv3-test-counter-collection-multiplex.test_counter_collection_multiple_yaml
    Test #562: tests.integration.validate.rocprofv3-test-counter-collection-multiplex.test_counter_collection_multiple_yaml .................   Passed    0.33 sec
      Start 562: tests.integration.validate.rocprofv3-test-counter-collection-multiplex.test_counter_collection_multiple_yaml
    Test #562: tests.integration.validate.rocprofv3-test-counter-collection-multiplex.test_counter_collection_multiple_yaml .................   Passed    0.33 sec
      Start 562: tests.integration.validate.rocprofv3-test-counter-collection-multiplex.test_counter_collection_multiple_yaml
    Test #562: tests.integration.validate.rocprofv3-test-counter-collection-multiplex.test_counter_collection_multiple_yaml .................   Passed    0.33 sec
      Start 562: tests.integration.validate.rocprofv3-test-counter-collection-multiplex.test_counter_collection_multiple_yaml
    Test #562: tests.integration.validate.rocprofv3-test-counter-collection-multiplex.test_counter_collection_multiple_yaml .................   Passed    0.34 sec
      Start 562: tests.integration.validate.rocprofv3-test-counter-collection-multiplex.test_counter_collection_multiple_yaml
    Test #562: tests.integration.validate.rocprofv3-test-counter-collection-multiplex.test_counter_collection_multiple_yaml .................   Passed    0.34 sec
      Start 562: tests.integration.validate.rocprofv3-test-counter-collection-multiplex.test_counter_collection_multiple_yaml
    Test #562: tests.integration.validate.rocprofv3-test-counter-collection-multiplex.test_counter_collection_multiple_yaml .................   Passed    0.34 sec
      Start 562: tests.integration.validate.rocprofv3-test-counter-collection-multiplex.test_counter_collection_multiple_yaml
    Test #562: tests.integration.validate.rocprofv3-test-counter-collection-multiplex.test_counter_collection_multiple_yaml .................   Passed    0.34 sec
      Start 562: tests.integration.validate.rocprofv3-test-counter-collection-multiplex.test_counter_collection_multiple_yaml
    Test #562: tests.integration.validate.rocprofv3-test-counter-collection-multiplex.test_counter_collection_multiple_yaml .................   Passed    0.33 sec
      Start 562: tests.integration.validate.rocprofv3-test-counter-collection-multiplex.test_counter_collection_multiple_yaml
    Test #562: tests.integration.validate.rocprofv3-test-counter-collection-multiplex.test_counter_collection_multiple_yaml .................   Passed    0.34 sec
      Start 562: tests.integration.validate.rocprofv3-test-counter-collection-multiplex.test_counter_collection_multiple_yaml
    Test #562: tests.integration.validate.rocprofv3-test-counter-collection-multiplex.test_counter_collection_multiple_yaml .................   Passed    0.33 sec
      Start 562: tests.integration.validate.rocprofv3-test-counter-collection-multiplex.test_counter_collection_multiple_yaml
    Test #562: tests.integration.validate.rocprofv3-test-counter-collection-multiplex.test_counter_collection_multiple_yaml .................   Passed    0.33 sec
      Start 562: tests.integration.validate.rocprofv3-test-counter-collection-multiplex.test_counter_collection_multiple_yaml
    Test #562: tests.integration.validate.rocprofv3-test-counter-collection-multiplex.test_counter_collection_multiple_yaml .................   Passed    0.33 sec
      Start 562: tests.integration.validate.rocprofv3-test-counter-collection-multiplex.test_counter_collection_multiple_yaml
    Test #562: tests.integration.validate.rocprofv3-test-counter-collection-multiplex.test_counter_collection_multiple_yaml .................   Passed    0.33 sec
      Start 562: tests.integration.validate.rocprofv3-test-counter-collection-multiplex.test_counter_collection_multiple_yaml
    Test #562: tests.integration.validate.rocprofv3-test-counter-collection-multiplex.test_counter_collection_multiple_yaml .................   Passed    0.33 sec
      Start 562: tests.integration.validate.rocprofv3-test-counter-collection-multiplex.test_counter_collection_multiple_yaml
    Test #562: tests.integration.validate.rocprofv3-test-counter-collection-multiplex.test_counter_collection_multiple_yaml .................   Passed    0.34 sec
      Start 562: tests.integration.validate.rocprofv3-test-counter-collection-multiplex.test_counter_collection_multiple_yaml
    Test #562: tests.integration.validate.rocprofv3-test-counter-collection-multiplex.test_counter_collection_multiple_yaml .................   Passed    0.33 sec
      Start 562: tests.integration.validate.rocprofv3-test-counter-collection-multiplex.test_counter_collection_multiple_yaml
    Test #562: tests.integration.validate.rocprofv3-test-counter-collection-multiplex.test_counter_collection_multiple_yaml .................   Passed    0.33 sec
      Start 562: tests.integration.validate.rocprofv3-test-counter-collection-multiplex.test_counter_collection_multiple_yaml
    Test #562: tests.integration.validate.rocprofv3-test-counter-collection-multiplex.test_counter_collection_multiple_yaml .................   Passed    0.34 sec
      Start 562: tests.integration.validate.rocprofv3-test-counter-collection-multiplex.test_counter_collection_multiple_yaml
    Test #562: tests.integration.validate.rocprofv3-test-counter-collection-multiplex.test_counter_collection_multiple_yaml .................   Passed    0.33 sec
      Start 562: tests.integration.validate.rocprofv3-test-counter-collection-multiplex.test_counter_collection_multiple_yaml
    Test #562: tests.integration.validate.rocprofv3-test-counter-collection-multiplex.test_counter_collection_multiple_yaml .................   Passed    0.34 sec
      Start 562: tests.integration.validate.rocprofv3-test-counter-collection-multiplex.test_counter_collection_multiple_yaml
    Test #562: tests.integration.validate.rocprofv3-test-counter-collection-multiplex.test_counter_collection_multiple_yaml .................   Passed    0.34 sec
      Start 562: tests.integration.validate.rocprofv3-test-counter-collection-multiplex.test_counter_collection_multiple_yaml
    Test #562: tests.integration.validate.rocprofv3-test-counter-collection-multiplex.test_counter_collection_multiple_yaml .................   Passed    0.34 sec
      Start 562: tests.integration.validate.rocprofv3-test-counter-collection-multiplex.test_counter_collection_multiple_yaml
    Test #562: tests.integration.validate.rocprofv3-test-counter-collection-multiplex.test_counter_collection_multiple_yaml .................   Passed    0.34 sec
      Start 562: tests.integration.validate.rocprofv3-test-counter-collection-multiplex.test_counter_collection_multiple_yaml
    Test #562: tests.integration.validate.rocprofv3-test-counter-collection-multiplex.test_counter_collection_multiple_yaml .................   Passed    0.33 sec
      Start 562: tests.integration.validate.rocprofv3-test-counter-collection-multiplex.test_counter_collection_multiple_yaml
    Test #562: tests.integration.validate.rocprofv3-test-counter-collection-multiplex.test_counter_collection_multiple_yaml .................   Passed    0.33 sec
      Start 562: tests.integration.validate.rocprofv3-test-counter-collection-multiplex.test_counter_collection_multiple_yaml
    Test #562: tests.integration.validate.rocprofv3-test-counter-collection-multiplex.test_counter_collection_multiple_yaml .................   Passed    0.33 sec
      Start 562: tests.integration.validate.rocprofv3-test-counter-collection-multiplex.test_counter_collection_multiple_yaml
    Test #562: tests.integration.validate.rocprofv3-test-counter-collection-multiplex.test_counter_collection_multiple_yaml .................   Passed    0.33 sec
      Start 562: tests.integration.validate.rocprofv3-test-counter-collection-multiplex.test_counter_collection_multiple_yaml
    Test #562: tests.integration.validate.rocprofv3-test-counter-collection-multiplex.test_counter_collection_multiple_yaml .................   Passed    0.34 sec
      Start 562: tests.integration.validate.rocprofv3-test-counter-collection-multiplex.test_counter_collection_multiple_yaml
    Test #562: tests.integration.validate.rocprofv3-test-counter-collection-multiplex.test_counter_collection_multiple_yaml .................   Passed    0.34 sec
      Start 562: tests.integration.validate.rocprofv3-test-counter-collection-multiplex.test_counter_collection_multiple_yaml
    Test #562: tests.integration.validate.rocprofv3-test-counter-collection-multiplex.test_counter_collection_multiple_yaml .................   Passed    0.34 sec
      Start 562: tests.integration.validate.rocprofv3-test-counter-collection-multiplex.test_counter_collection_multiple_yaml
    Test #562: tests.integration.validate.rocprofv3-test-counter-collection-multiplex.test_counter_collection_multiple_yaml .................   Passed    0.34 sec
      Start 562: tests.integration.validate.rocprofv3-test-counter-collection-multiplex.test_counter_collection_multiple_yaml
    Test #562: tests.integration.validate.rocprofv3-test-counter-collection-multiplex.test_counter_collection_multiple_yaml .................   Passed    0.34 sec
      Start 562: tests.integration.validate.rocprofv3-test-counter-collection-multiplex.test_counter_collection_multiple_yaml
    Test #562: tests.integration.validate.rocprofv3-test-counter-collection-multiplex.test_counter_collection_multiple_yaml .................   Passed    0.33 sec
      Start 562: tests.integration.validate.rocprofv3-test-counter-collection-multiplex.test_counter_collection_multiple_yaml
    Test #562: tests.integration.validate.rocprofv3-test-counter-collection-multiplex.test_counter_collection_multiple_yaml .................   Passed    0.34 sec
      Start 562: tests.integration.validate.rocprofv3-test-counter-collection-multiplex.test_counter_collection_multiple_yaml
    Test #562: tests.integration.validate.rocprofv3-test-counter-collection-multiplex.test_counter_collection_multiple_yaml .................   Passed    0.34 sec
      Start 562: tests.integration.validate.rocprofv3-test-counter-collection-multiplex.test_counter_collection_multiple_yaml
    Test #562: tests.integration.validate.rocprofv3-test-counter-collection-multiplex.test_counter_collection_multiple_yaml .................   Passed    0.34 sec
      Start 562: tests.integration.validate.rocprofv3-test-counter-collection-multiplex.test_counter_collection_multiple_yaml
    Test #562: tests.integration.validate.rocprofv3-test-counter-collection-multiplex.test_counter_collection_multiple_yaml .................   Passed    0.34 sec
      Start 562: tests.integration.validate.rocprofv3-test-counter-collection-multiplex.test_counter_collection_multiple_yaml
    Test #562: tests.integration.validate.rocprofv3-test-counter-collection-multiplex.test_counter_collection_multiple_yaml .................   Passed    0.34 sec
      Start 562: tests.integration.validate.rocprofv3-test-counter-collection-multiplex.test_counter_collection_multiple_yaml
    Test #562: tests.integration.validate.rocprofv3-test-counter-collection-multiplex.test_counter_collection_multiple_yaml .................   Passed    0.34 sec
      Start 562: tests.integration.validate.rocprofv3-test-counter-collection-multiplex.test_counter_collection_multiple_yaml
    Test #562: tests.integration.validate.rocprofv3-test-counter-collection-multiplex.test_counter_collection_multiple_yaml .................   Passed    0.34 sec
      Start 562: tests.integration.validate.rocprofv3-test-counter-collection-multiplex.test_counter_collection_multiple_yaml
    Test #562: tests.integration.validate.rocprofv3-test-counter-collection-multiplex.test_counter_collection_multiple_yaml .................   Passed    0.34 sec
      Start 562: tests.integration.validate.rocprofv3-test-counter-collection-multiplex.test_counter_collection_multiple_yaml
    Test #562: tests.integration.validate.rocprofv3-test-counter-collection-multiplex.test_counter_collection_multiple_yaml .................   Passed    0.34 sec
      Start 562: tests.integration.validate.rocprofv3-test-counter-collection-multiplex.test_counter_collection_multiple_yaml
    Test #562: tests.integration.validate.rocprofv3-test-counter-collection-multiplex.test_counter_collection_multiple_yaml .................   Passed    0.34 sec
      Start 562: tests.integration.validate.rocprofv3-test-counter-collection-multiplex.test_counter_collection_multiple_yaml
    Test #562: tests.integration.validate.rocprofv3-test-counter-collection-multiplex.test_counter_collection_multiple_yaml .................   Passed    0.33 sec
      Start 562: tests.integration.validate.rocprofv3-test-counter-collection-multiplex.test_counter_collection_multiple_yaml
    Test #562: tests.integration.validate.rocprofv3-test-counter-collection-multiplex.test_counter_collection_multiple_yaml .................   Passed    0.34 sec
      Start 562: tests.integration.validate.rocprofv3-test-counter-collection-multiplex.test_counter_collection_multiple_yaml
    Test #562: tests.integration.validate.rocprofv3-test-counter-collection-multiplex.test_counter_collection_multiple_yaml .................   Passed    0.34 sec
      Start 562: tests.integration.validate.rocprofv3-test-counter-collection-multiplex.test_counter_collection_multiple_yaml
    Test #562: tests.integration.validate.rocprofv3-test-counter-collection-multiplex.test_counter_collection_multiple_yaml .................   Passed    0.33 sec
      Start 562: tests.integration.validate.rocprofv3-test-counter-collection-multiplex.test_counter_collection_multiple_yaml
    Test #562: tests.integration.validate.rocprofv3-test-counter-collection-multiplex.test_counter_collection_multiple_yaml .................   Passed    0.34 sec
      Start 562: tests.integration.validate.rocprofv3-test-counter-collection-multiplex.test_counter_collection_multiple_yaml
    Test #562: tests.integration.validate.rocprofv3-test-counter-collection-multiplex.test_counter_collection_multiple_yaml .................   Passed    0.33 sec
      Start 562: tests.integration.validate.rocprofv3-test-counter-collection-multiplex.test_counter_collection_multiple_yaml
    Test #562: tests.integration.validate.rocprofv3-test-counter-collection-multiplex.test_counter_collection_multiple_yaml .................   Passed    0.33 sec
      Start 562: tests.integration.validate.rocprofv3-test-counter-collection-multiplex.test_counter_collection_multiple_yaml
    Test #562: tests.integration.validate.rocprofv3-test-counter-collection-multiplex.test_counter_collection_multiple_yaml .................   Passed    0.34 sec
      Start 562: tests.integration.validate.rocprofv3-test-counter-collection-multiplex.test_counter_collection_multiple_yaml
    Test #562: tests.integration.validate.rocprofv3-test-counter-collection-multiplex.test_counter_collection_multiple_yaml .................   Passed    0.34 sec
      Start 562: tests.integration.validate.rocprofv3-test-counter-collection-multiplex.test_counter_collection_multiple_yaml
    Test #562: tests.integration.validate.rocprofv3-test-counter-collection-multiplex.test_counter_collection_multiple_yaml .................   Passed    0.34 sec
      Start 562: tests.integration.validate.rocprofv3-test-counter-collection-multiplex.test_counter_collection_multiple_yaml
    Test #562: tests.integration.validate.rocprofv3-test-counter-collection-multiplex.test_counter_collection_multiple_yaml .................   Passed    0.33 sec
      Start 562: tests.integration.validate.rocprofv3-test-counter-collection-multiplex.test_counter_collection_multiple_yaml
    Test #562: tests.integration.validate.rocprofv3-test-counter-collection-multiplex.test_counter_collection_multiple_yaml .................   Passed    0.33 sec
      Start 562: tests.integration.validate.rocprofv3-test-counter-collection-multiplex.test_counter_collection_multiple_yaml
    Test #562: tests.integration.validate.rocprofv3-test-counter-collection-multiplex.test_counter_collection_multiple_yaml .................   Passed    0.33 sec
      Start 562: tests.integration.validate.rocprofv3-test-counter-collection-multiplex.test_counter_collection_multiple_yaml
    Test #562: tests.integration.validate.rocprofv3-test-counter-collection-multiplex.test_counter_collection_multiple_yaml .................   Passed    0.33 sec
      Start 562: tests.integration.validate.rocprofv3-test-counter-collection-multiplex.test_counter_collection_multiple_yaml
    Test #562: tests.integration.validate.rocprofv3-test-counter-collection-multiplex.test_counter_collection_multiple_yaml .................   Passed    0.33 sec
      Start 562: tests.integration.validate.rocprofv3-test-counter-collection-multiplex.test_counter_collection_multiple_yaml
    Test #562: tests.integration.validate.rocprofv3-test-counter-collection-multiplex.test_counter_collection_multiple_yaml .................   Passed    0.34 sec
      Start 562: tests.integration.validate.rocprofv3-test-counter-collection-multiplex.test_counter_collection_multiple_yaml
    Test #562: tests.integration.validate.rocprofv3-test-counter-collection-multiplex.test_counter_collection_multiple_yaml .................   Passed    0.34 sec
      Start 562: tests.integration.validate.rocprofv3-test-counter-collection-multiplex.test_counter_collection_multiple_yaml
    Test #562: tests.integration.validate.rocprofv3-test-counter-collection-multiplex.test_counter_collection_multiple_yaml .................   Passed    0.34 sec
      Start 562: tests.integration.validate.rocprofv3-test-counter-collection-multiplex.test_counter_collection_multiple_yaml
    Test #562: tests.integration.validate.rocprofv3-test-counter-collection-multiplex.test_counter_collection_multiple_yaml .................   Passed    0.34 sec
      Start 562: tests.integration.validate.rocprofv3-test-counter-collection-multiplex.test_counter_collection_multiple_yaml
    Test #562: tests.integration.validate.rocprofv3-test-counter-collection-multiplex.test_counter_collection_multiple_yaml .................   Passed    0.33 sec
      Start 562: tests.integration.validate.rocprofv3-test-counter-collection-multiplex.test_counter_collection_multiple_yaml
    Test #562: tests.integration.validate.rocprofv3-test-counter-collection-multiplex.test_counter_collection_multiple_yaml .................   Passed    0.33 sec
      Start 562: tests.integration.validate.rocprofv3-test-counter-collection-multiplex.test_counter_collection_multiple_yaml
    Test #562: tests.integration.validate.rocprofv3-test-counter-collection-multiplex.test_counter_collection_multiple_yaml .................   Passed    0.34 sec
      Start 562: tests.integration.validate.rocprofv3-test-counter-collection-multiplex.test_counter_collection_multiple_yaml
    Test #562: tests.integration.validate.rocprofv3-test-counter-collection-multiplex.test_counter_collection_multiple_yaml .................   Passed    0.33 sec
      Start 562: tests.integration.validate.rocprofv3-test-counter-collection-multiplex.test_counter_collection_multiple_yaml
    Test #562: tests.integration.validate.rocprofv3-test-counter-collection-multiplex.test_counter_collection_multiple_yaml .................   Passed    0.34 sec
      Start 562: tests.integration.validate.rocprofv3-test-counter-collection-multiplex.test_counter_collection_multiple_yaml
    Test #562: tests.integration.validate.rocprofv3-test-counter-collection-multiplex.test_counter_collection_multiple_yaml .................   Passed    0.33 sec
      Start 562: tests.integration.validate.rocprofv3-test-counter-collection-multiplex.test_counter_collection_multiple_yaml
    Test #562: tests.integration.validate.rocprofv3-test-counter-collection-multiplex.test_counter_collection_multiple_yaml .................   Passed    0.34 sec
      Start 562: tests.integration.validate.rocprofv3-test-counter-collection-multiplex.test_counter_collection_multiple_yaml
    Test #562: tests.integration.validate.rocprofv3-test-counter-collection-multiplex.test_counter_collection_multiple_yaml .................   Passed    0.34 sec
      Start 562: tests.integration.validate.rocprofv3-test-counter-collection-multiplex.test_counter_collection_multiple_yaml
    Test #562: tests.integration.validate.rocprofv3-test-counter-collection-multiplex.test_counter_collection_multiple_yaml .................   Passed    0.33 sec
      Start 562: tests.integration.validate.rocprofv3-test-counter-collection-multiplex.test_counter_collection_multiple_yaml
    Test #562: tests.integration.validate.rocprofv3-test-counter-collection-multiplex.test_counter_collection_multiple_yaml .................   Passed    0.34 sec
      Start 562: tests.integration.validate.rocprofv3-test-counter-collection-multiplex.test_counter_collection_multiple_yaml
    Test #562: tests.integration.validate.rocprofv3-test-counter-collection-multiplex.test_counter_collection_multiple_yaml .................   Passed    0.34 sec
      Start 562: tests.integration.validate.rocprofv3-test-counter-collection-multiplex.test_counter_collection_multiple_yaml
    Test #562: tests.integration.validate.rocprofv3-test-counter-collection-multiplex.test_counter_collection_multiple_yaml .................   Passed    0.34 sec
      Start 562: tests.integration.validate.rocprofv3-test-counter-collection-multiplex.test_counter_collection_multiple_yaml
    Test #562: tests.integration.validate.rocprofv3-test-counter-collection-multiplex.test_counter_collection_multiple_yaml .................   Passed    0.33 sec
      Start 562: tests.integration.validate.rocprofv3-test-counter-collection-multiplex.test_counter_collection_multiple_yaml
    Test #562: tests.integration.validate.rocprofv3-test-counter-collection-multiplex.test_counter_collection_multiple_yaml .................   Passed    0.34 sec
      Start 562: tests.integration.validate.rocprofv3-test-counter-collection-multiplex.test_counter_collection_multiple_yaml
    Test #562: tests.integration.validate.rocprofv3-test-counter-collection-multiplex.test_counter_collection_multiple_yaml .................   Passed    0.34 sec
      Start 562: tests.integration.validate.rocprofv3-test-counter-collection-multiplex.test_counter_collection_multiple_yaml
    Test #562: tests.integration.validate.rocprofv3-test-counter-collection-multiplex.test_counter_collection_multiple_yaml .................   Passed    0.34 sec
      Start 562: tests.integration.validate.rocprofv3-test-counter-collection-multiplex.test_counter_collection_multiple_yaml
    Test #562: tests.integration.validate.rocprofv3-test-counter-collection-multiplex.test_counter_collection_multiple_yaml .................   Passed    0.34 sec
      Start 562: tests.integration.validate.rocprofv3-test-counter-collection-multiplex.test_counter_collection_multiple_yaml
    Test #562: tests.integration.validate.rocprofv3-test-counter-collection-multiplex.test_counter_collection_multiple_yaml .................   Passed    0.33 sec
      Start 562: tests.integration.validate.rocprofv3-test-counter-collection-multiplex.test_counter_collection_multiple_yaml
    Test #562: tests.integration.validate.rocprofv3-test-counter-collection-multiplex.test_counter_collection_multiple_yaml .................   Passed    0.34 sec
      Start 562: tests.integration.validate.rocprofv3-test-counter-collection-multiplex.test_counter_collection_multiple_yaml
    Test #562: tests.integration.validate.rocprofv3-test-counter-collection-multiplex.test_counter_collection_multiple_yaml .................   Passed    0.33 sec
      Start 562: tests.integration.validate.rocprofv3-test-counter-collection-multiplex.test_counter_collection_multiple_yaml
    Test #562: tests.integration.validate.rocprofv3-test-counter-collection-multiplex.test_counter_collection_multiple_yaml .................   Passed    0.34 sec
      Start 562: tests.integration.validate.rocprofv3-test-counter-collection-multiplex.test_counter_collection_multiple_yaml
    Test #562: tests.integration.validate.rocprofv3-test-counter-collection-multiplex.test_counter_collection_multiple_yaml .................   Passed    0.34 sec
      Start 562: tests.integration.validate.rocprofv3-test-counter-collection-multiplex.test_counter_collection_multiple_yaml
    Test #562: tests.integration.validate.rocprofv3-test-counter-collection-multiplex.test_counter_collection_multiple_yaml .................   Passed    0.34 sec
      Start 562: tests.integration.validate.rocprofv3-test-counter-collection-multiplex.test_counter_collection_multiple_yaml
    Test #562: tests.integration.validate.rocprofv3-test-counter-collection-multiplex.test_counter_collection_multiple_yaml .................   Passed    0.34 sec
      Start 562: tests.integration.validate.rocprofv3-test-counter-collection-multiplex.test_counter_collection_multiple_yaml
    Test #562: tests.integration.validate.rocprofv3-test-counter-collection-multiplex.test_counter_collection_multiple_yaml .................   Passed    0.34 sec
      Start 562: tests.integration.validate.rocprofv3-test-counter-collection-multiplex.test_counter_collection_multiple_yaml
    Test #562: tests.integration.validate.rocprofv3-test-counter-collection-multiplex.test_counter_collection_multiple_yaml .................   Passed    0.34 sec
      Start 562: tests.integration.validate.rocprofv3-test-counter-collection-multiplex.test_counter_collection_multiple_yaml
    Test #562: tests.integration.validate.rocprofv3-test-counter-collection-multiplex.test_counter_collection_multiple_yaml .................   Passed    0.34 sec
      Start 562: tests.integration.validate.rocprofv3-test-counter-collection-multiplex.test_counter_collection_multiple_yaml
    Test #562: tests.integration.validate.rocprofv3-test-counter-collection-multiplex.test_counter_collection_multiple_yaml .................   Passed    0.34 sec
      Start 562: tests.integration.validate.rocprofv3-test-counter-collection-multiplex.test_counter_collection_multiple_yaml
    Test #562: tests.integration.validate.rocprofv3-test-counter-collection-multiplex.test_counter_collection_multiple_yaml .................   Passed    0.34 sec
      Start 562: tests.integration.validate.rocprofv3-test-counter-collection-multiplex.test_counter_collection_multiple_yaml
    Test #562: tests.integration.validate.rocprofv3-test-counter-collection-multiplex.test_counter_collection_multiple_yaml .................   Passed    0.36 sec
      Start 562: tests.integration.validate.rocprofv3-test-counter-collection-multiplex.test_counter_collection_multiple_yaml
    Test #562: tests.integration.validate.rocprofv3-test-counter-collection-multiplex.test_counter_collection_multiple_yaml .................   Passed    0.34 sec
      Start 562: tests.integration.validate.rocprofv3-test-counter-collection-multiplex.test_counter_collection_multiple_yaml
    Test #562: tests.integration.validate.rocprofv3-test-counter-collection-multiplex.test_counter_collection_multiple_yaml .................   Passed    0.34 sec
      Start 562: tests.integration.validate.rocprofv3-test-counter-collection-multiplex.test_counter_collection_multiple_yaml
    Test #562: tests.integration.validate.rocprofv3-test-counter-collection-multiplex.test_counter_collection_multiple_yaml .................   Passed    0.34 sec
      Start 562: tests.integration.validate.rocprofv3-test-counter-collection-multiplex.test_counter_collection_multiple_yaml
    Test #562: tests.integration.validate.rocprofv3-test-counter-collection-multiplex.test_counter_collection_multiple_yaml .................   Passed    0.34 sec
      Start 562: tests.integration.validate.rocprofv3-test-counter-collection-multiplex.test_counter_collection_multiple_yaml
    Test #562: tests.integration.validate.rocprofv3-test-counter-collection-multiplex.test_counter_collection_multiple_yaml .................   Passed    0.34 sec
      Start 562: tests.integration.validate.rocprofv3-test-counter-collection-multiplex.test_counter_collection_multiple_yaml
    Test #562: tests.integration.validate.rocprofv3-test-counter-collection-multiplex.test_counter_collection_multiple_yaml .................   Passed    0.33 sec
      Start 562: tests.integration.validate.rocprofv3-test-counter-collection-multiplex.test_counter_collection_multiple_yaml
    Test #562: tests.integration.validate.rocprofv3-test-counter-collection-multiplex.test_counter_collection_multiple_yaml .................   Passed    0.34 sec
      Start 562: tests.integration.validate.rocprofv3-test-counter-collection-multiplex.test_counter_collection_multiple_yaml
    Test #562: tests.integration.validate.rocprofv3-test-counter-collection-multiplex.test_counter_collection_multiple_yaml .................   Passed    0.34 sec
      Start 562: tests.integration.validate.rocprofv3-test-counter-collection-multiplex.test_counter_collection_multiple_yaml
    Test #562: tests.integration.validate.rocprofv3-test-counter-collection-multiplex.test_counter_collection_multiple_yaml .................   Passed    0.34 sec
      Start 562: tests.integration.validate.rocprofv3-test-counter-collection-multiplex.test_counter_collection_multiple_yaml
    Test #562: tests.integration.validate.rocprofv3-test-counter-collection-multiplex.test_counter_collection_multiple_yaml .................   Passed    0.34 sec
      Start 562: tests.integration.validate.rocprofv3-test-counter-collection-multiplex.test_counter_collection_multiple_yaml
    Test #562: tests.integration.validate.rocprofv3-test-counter-collection-multiplex.test_counter_collection_multiple_yaml .................   Passed    0.33 sec
      Start 562: tests.integration.validate.rocprofv3-test-counter-collection-multiplex.test_counter_collection_multiple_yaml
    Test #562: tests.integration.validate.rocprofv3-test-counter-collection-multiplex.test_counter_collection_multiple_yaml .................   Passed    0.33 sec
      Start 562: tests.integration.validate.rocprofv3-test-counter-collection-multiplex.test_counter_collection_multiple_yaml
    Test #562: tests.integration.validate.rocprofv3-test-counter-collection-multiplex.test_counter_collection_multiple_yaml .................   Passed    0.34 sec
      Start 562: tests.integration.validate.rocprofv3-test-counter-collection-multiplex.test_counter_collection_multiple_yaml
    Test #562: tests.integration.validate.rocprofv3-test-counter-collection-multiplex.test_counter_collection_multiple_yaml .................   Passed    0.34 sec
      Start 562: tests.integration.validate.rocprofv3-test-counter-collection-multiplex.test_counter_collection_multiple_yaml
    Test #562: tests.integration.validate.rocprofv3-test-counter-collection-multiplex.test_counter_collection_multiple_yaml .................   Passed    0.33 sec
      Start 562: tests.integration.validate.rocprofv3-test-counter-collection-multiplex.test_counter_collection_multiple_yaml
    Test #562: tests.integration.validate.rocprofv3-test-counter-collection-multiplex.test_counter_collection_multiple_yaml .................   Passed    0.33 sec
      Start 562: tests.integration.validate.rocprofv3-test-counter-collection-multiplex.test_counter_collection_multiple_yaml
    Test #562: tests.integration.validate.rocprofv3-test-counter-collection-multiplex.test_counter_collection_multiple_yaml .................   Passed    0.34 sec
      Start 562: tests.integration.validate.rocprofv3-test-counter-collection-multiplex.test_counter_collection_multiple_yaml
    Test #562: tests.integration.validate.rocprofv3-test-counter-collection-multiplex.test_counter_collection_multiple_yaml .................   Passed    0.34 sec
      Start 562: tests.integration.validate.rocprofv3-test-counter-collection-multiplex.test_counter_collection_multiple_yaml
    Test #562: tests.integration.validate.rocprofv3-test-counter-collection-multiplex.test_counter_collection_multiple_yaml .................   Passed    0.34 sec
      Start 562: tests.integration.validate.rocprofv3-test-counter-collection-multiplex.test_counter_collection_multiple_yaml
    Test #562: tests.integration.validate.rocprofv3-test-counter-collection-multiplex.test_counter_collection_multiple_yaml .................   Passed    0.34 sec
      Start 562: tests.integration.validate.rocprofv3-test-counter-collection-multiplex.test_counter_collection_multiple_yaml
    Test #562: tests.integration.validate.rocprofv3-test-counter-collection-multiplex.test_counter_collection_multiple_yaml .................   Passed    0.33 sec
      Start 562: tests.integration.validate.rocprofv3-test-counter-collection-multiplex.test_counter_collection_multiple_yaml
    Test #562: tests.integration.validate.rocprofv3-test-counter-collection-multiplex.test_counter_collection_multiple_yaml .................   Passed    0.33 sec
      Start 562: tests.integration.validate.rocprofv3-test-counter-collection-multiplex.test_counter_collection_multiple_yaml
    Test #562: tests.integration.validate.rocprofv3-test-counter-collection-multiplex.test_counter_collection_multiple_yaml .................   Passed    0.33 sec
      Start 562: tests.integration.validate.rocprofv3-test-counter-collection-multiplex.test_counter_collection_multiple_yaml
    Test #562: tests.integration.validate.rocprofv3-test-counter-collection-multiplex.test_counter_collection_multiple_yaml .................   Passed    0.35 sec
      Start 562: tests.integration.validate.rocprofv3-test-counter-collection-multiplex.test_counter_collection_multiple_yaml
    Test #562: tests.integration.validate.rocprofv3-test-counter-collection-multiplex.test_counter_collection_multiple_yaml .................   Passed    0.34 sec
      Start 562: tests.integration.validate.rocprofv3-test-counter-collection-multiplex.test_counter_collection_multiple_yaml
    Test #562: tests.integration.validate.rocprofv3-test-counter-collection-multiplex.test_counter_collection_multiple_yaml .................   Passed    0.34 sec
      Start 562: tests.integration.validate.rocprofv3-test-counter-collection-multiplex.test_counter_collection_multiple_yaml
    Test #562: tests.integration.validate.rocprofv3-test-counter-collection-multiplex.test_counter_collection_multiple_yaml .................   Passed    0.34 sec
      Start 562: tests.integration.validate.rocprofv3-test-counter-collection-multiplex.test_counter_collection_multiple_yaml
    Test #562: tests.integration.validate.rocprofv3-test-counter-collection-multiplex.test_counter_collection_multiple_yaml .................   Passed    0.34 sec
      Start 562: tests.integration.validate.rocprofv3-test-counter-collection-multiplex.test_counter_collection_multiple_yaml
    Test #562: tests.integration.validate.rocprofv3-test-counter-collection-multiplex.test_counter_collection_multiple_yaml .................   Passed    0.34 sec
      Start 562: tests.integration.validate.rocprofv3-test-counter-collection-multiplex.test_counter_collection_multiple_yaml
    Test #562: tests.integration.validate.rocprofv3-test-counter-collection-multiplex.test_counter_collection_multiple_yaml .................   Passed    0.34 sec
      Start 562: tests.integration.validate.rocprofv3-test-counter-collection-multiplex.test_counter_collection_multiple_yaml
    Test #562: tests.integration.validate.rocprofv3-test-counter-collection-multiplex.test_counter_collection_multiple_yaml .................   Passed    0.34 sec
      Start 562: tests.integration.validate.rocprofv3-test-counter-collection-multiplex.test_counter_collection_multiple_yaml
    Test #562: tests.integration.validate.rocprofv3-test-counter-collection-multiplex.test_counter_collection_multiple_yaml .................   Passed    0.34 sec
      Start 562: tests.integration.validate.rocprofv3-test-counter-collection-multiplex.test_counter_collection_multiple_yaml
    Test #562: tests.integration.validate.rocprofv3-test-counter-collection-multiplex.test_counter_collection_multiple_yaml .................   Passed    0.34 sec
      Start 562: tests.integration.validate.rocprofv3-test-counter-collection-multiplex.test_counter_collection_multiple_yaml
    Test #562: tests.integration.validate.rocprofv3-test-counter-collection-multiplex.test_counter_collection_multiple_yaml .................   Passed    0.34 sec
      Start 562: tests.integration.validate.rocprofv3-test-counter-collection-multiplex.test_counter_collection_multiple_yaml
    Test #562: tests.integration.validate.rocprofv3-test-counter-collection-multiplex.test_counter_collection_multiple_yaml .................   Passed    0.34 sec
      Start 562: tests.integration.validate.rocprofv3-test-counter-collection-multiplex.test_counter_collection_multiple_yaml
    Test #562: tests.integration.validate.rocprofv3-test-counter-collection-multiplex.test_counter_collection_multiple_yaml .................   Passed    0.34 sec
      Start 562: tests.integration.validate.rocprofv3-test-counter-collection-multiplex.test_counter_collection_multiple_yaml
    Test #562: tests.integration.validate.rocprofv3-test-counter-collection-multiplex.test_counter_collection_multiple_yaml .................   Passed    0.34 sec
      Start 562: tests.integration.validate.rocprofv3-test-counter-collection-multiplex.test_counter_collection_multiple_yaml
    Test #562: tests.integration.validate.rocprofv3-test-counter-collection-multiplex.test_counter_collection_multiple_yaml .................   Passed    0.34 sec
      Start 562: tests.integration.validate.rocprofv3-test-counter-collection-multiplex.test_counter_collection_multiple_yaml
    Test #562: tests.integration.validate.rocprofv3-test-counter-collection-multiplex.test_counter_collection_multiple_yaml .................   Passed    0.34 sec
      Start 562: tests.integration.validate.rocprofv3-test-counter-collection-multiplex.test_counter_collection_multiple_yaml
    Test #562: tests.integration.validate.rocprofv3-test-counter-collection-multiplex.test_counter_collection_multiple_yaml .................   Passed    0.34 sec
      Start 562: tests.integration.validate.rocprofv3-test-counter-collection-multiplex.test_counter_collection_multiple_yaml
    Test #562: tests.integration.validate.rocprofv3-test-counter-collection-multiplex.test_counter_collection_multiple_yaml .................   Passed    0.34 sec
      Start 562: tests.integration.validate.rocprofv3-test-counter-collection-multiplex.test_counter_collection_multiple_yaml
    Test #562: tests.integration.validate.rocprofv3-test-counter-collection-multiplex.test_counter_collection_multiple_yaml .................   Passed    0.34 sec
      Start 562: tests.integration.validate.rocprofv3-test-counter-collection-multiplex.test_counter_collection_multiple_yaml
    Test #562: tests.integration.validate.rocprofv3-test-counter-collection-multiplex.test_counter_collection_multiple_yaml .................   Passed    0.34 sec
      Start 562: tests.integration.validate.rocprofv3-test-counter-collection-multiplex.test_counter_collection_multiple_yaml
    Test #562: tests.integration.validate.rocprofv3-test-counter-collection-multiplex.test_counter_collection_multiple_yaml .................   Passed    0.34 sec
      Start 562: tests.integration.validate.rocprofv3-test-counter-collection-multiplex.test_counter_collection_multiple_yaml
    Test #562: tests.integration.validate.rocprofv3-test-counter-collection-multiplex.test_counter_collection_multiple_yaml .................   Passed    0.34 sec
      Start 562: tests.integration.validate.rocprofv3-test-counter-collection-multiplex.test_counter_collection_multiple_yaml
    Test #562: tests.integration.validate.rocprofv3-test-counter-collection-multiplex.test_counter_collection_multiple_yaml .................   Passed    0.34 sec
      Start 562: tests.integration.validate.rocprofv3-test-counter-collection-multiplex.test_counter_collection_multiple_yaml
    Test #562: tests.integration.validate.rocprofv3-test-counter-collection-multiplex.test_counter_collection_multiple_yaml .................   Passed    0.34 sec
      Start 562: tests.integration.validate.rocprofv3-test-counter-collection-multiplex.test_counter_collection_multiple_yaml
    Test #562: tests.integration.validate.rocprofv3-test-counter-collection-multiplex.test_counter_collection_multiple_yaml .................   Passed    0.34 sec
      Start 562: tests.integration.validate.rocprofv3-test-counter-collection-multiplex.test_counter_collection_multiple_yaml
    Test #562: tests.integration.validate.rocprofv3-test-counter-collection-multiplex.test_counter_collection_multiple_yaml .................   Passed    0.35 sec
      Start 562: tests.integration.validate.rocprofv3-test-counter-collection-multiplex.test_counter_collection_multiple_yaml
    Test #562: tests.integration.validate.rocprofv3-test-counter-collection-multiplex.test_counter_collection_multiple_yaml .................   Passed    0.33 sec
      Start 562: tests.integration.validate.rocprofv3-test-counter-collection-multiplex.test_counter_collection_multiple_yaml
    Test #562: tests.integration.validate.rocprofv3-test-counter-collection-multiplex.test_counter_collection_multiple_yaml .................   Passed    0.34 sec
      Start 562: tests.integration.validate.rocprofv3-test-counter-collection-multiplex.test_counter_collection_multiple_yaml
    Test #562: tests.integration.validate.rocprofv3-test-counter-collection-multiplex.test_counter_collection_multiple_yaml .................   Passed    0.34 sec
      Start 562: tests.integration.validate.rocprofv3-test-counter-collection-multiplex.test_counter_collection_multiple_yaml
    Test #562: tests.integration.validate.rocprofv3-test-counter-collection-multiplex.test_counter_collection_multiple_yaml .................   Passed    0.34 sec
      Start 562: tests.integration.validate.rocprofv3-test-counter-collection-multiplex.test_counter_collection_multiple_yaml
    Test #562: tests.integration.validate.rocprofv3-test-counter-collection-multiplex.test_counter_collection_multiple_yaml .................   Passed    0.34 sec
      Start 562: tests.integration.validate.rocprofv3-test-counter-collection-multiplex.test_counter_collection_multiple_yaml
    Test #562: tests.integration.validate.rocprofv3-test-counter-collection-multiplex.test_counter_collection_multiple_yaml .................   Passed    0.33 sec
      Start 562: tests.integration.validate.rocprofv3-test-counter-collection-multiplex.test_counter_collection_multiple_yaml
    Test #562: tests.integration.validate.rocprofv3-test-counter-collection-multiplex.test_counter_collection_multiple_yaml .................   Passed    0.34 sec
      Start 562: tests.integration.validate.rocprofv3-test-counter-collection-multiplex.test_counter_collection_multiple_yaml
    Test #562: tests.integration.validate.rocprofv3-test-counter-collection-multiplex.test_counter_collection_multiple_yaml .................   Passed    0.33 sec
      Start 562: tests.integration.validate.rocprofv3-test-counter-collection-multiplex.test_counter_collection_multiple_yaml
    Test #562: tests.integration.validate.rocprofv3-test-counter-collection-multiplex.test_counter_collection_multiple_yaml .................   Passed    0.33 sec
      Start 562: tests.integration.validate.rocprofv3-test-counter-collection-multiplex.test_counter_collection_multiple_yaml
    Test #562: tests.integration.validate.rocprofv3-test-counter-collection-multiplex.test_counter_collection_multiple_yaml .................   Passed    0.34 sec
      Start 562: tests.integration.validate.rocprofv3-test-counter-collection-multiplex.test_counter_collection_multiple_yaml
    Test #562: tests.integration.validate.rocprofv3-test-counter-collection-multiplex.test_counter_collection_multiple_yaml .................   Passed    0.33 sec
      Start 562: tests.integration.validate.rocprofv3-test-counter-collection-multiplex.test_counter_collection_multiple_yaml
    Test #562: tests.integration.validate.rocprofv3-test-counter-collection-multiplex.test_counter_collection_multiple_yaml .................   Passed    0.34 sec
      Start 562: tests.integration.validate.rocprofv3-test-counter-collection-multiplex.test_counter_collection_multiple_yaml
    Test #562: tests.integration.validate.rocprofv3-test-counter-collection-multiplex.test_counter_collection_multiple_yaml .................   Passed    0.33 sec
      Start 562: tests.integration.validate.rocprofv3-test-counter-collection-multiplex.test_counter_collection_multiple_yaml
    Test #562: tests.integration.validate.rocprofv3-test-counter-collection-multiplex.test_counter_collection_multiple_yaml .................   Passed    0.34 sec
      Start 562: tests.integration.validate.rocprofv3-test-counter-collection-multiplex.test_counter_collection_multiple_yaml
    Test #562: tests.integration.validate.rocprofv3-test-counter-collection-multiplex.test_counter_collection_multiple_yaml .................   Passed    0.34 sec
      Start 562: tests.integration.validate.rocprofv3-test-counter-collection-multiplex.test_counter_collection_multiple_yaml
    Test #562: tests.integration.validate.rocprofv3-test-counter-collection-multiplex.test_counter_collection_multiple_yaml .................   Passed    0.34 sec
      Start 562: tests.integration.validate.rocprofv3-test-counter-collection-multiplex.test_counter_collection_multiple_yaml
    Test #562: tests.integration.validate.rocprofv3-test-counter-collection-multiplex.test_counter_collection_multiple_yaml .................   Passed    0.34 sec
      Start 562: tests.integration.validate.rocprofv3-test-counter-collection-multiplex.test_counter_collection_multiple_yaml
    Test #562: tests.integration.validate.rocprofv3-test-counter-collection-multiplex.test_counter_collection_multiple_yaml .................   Passed    0.34 sec
      Start 562: tests.integration.validate.rocprofv3-test-counter-collection-multiplex.test_counter_collection_multiple_yaml
    Test #562: tests.integration.validate.rocprofv3-test-counter-collection-multiplex.test_counter_collection_multiple_yaml .................   Passed    0.34 sec
      Start 562: tests.integration.validate.rocprofv3-test-counter-collection-multiplex.test_counter_collection_multiple_yaml
    Test #562: tests.integration.validate.rocprofv3-test-counter-collection-multiplex.test_counter_collection_multiple_yaml .................   Passed    0.34 sec
      Start 562: tests.integration.validate.rocprofv3-test-counter-collection-multiplex.test_counter_collection_multiple_yaml
    Test #562: tests.integration.validate.rocprofv3-test-counter-collection-multiplex.test_counter_collection_multiple_yaml .................   Passed    0.34 sec
      Start 562: tests.integration.validate.rocprofv3-test-counter-collection-multiplex.test_counter_collection_multiple_yaml
    Test #562: tests.integration.validate.rocprofv3-test-counter-collection-multiplex.test_counter_collection_multiple_yaml .................   Passed    0.34 sec
      Start 562: tests.integration.validate.rocprofv3-test-counter-collection-multiplex.test_counter_collection_multiple_yaml
    Test #562: tests.integration.validate.rocprofv3-test-counter-collection-multiplex.test_counter_collection_multiple_yaml .................   Passed    0.34 sec
      Start 562: tests.integration.validate.rocprofv3-test-counter-collection-multiplex.test_counter_collection_multiple_yaml
    Test #562: tests.integration.validate.rocprofv3-test-counter-collection-multiplex.test_counter_collection_multiple_yaml .................   Passed    0.34 sec
      Start 562: tests.integration.validate.rocprofv3-test-counter-collection-multiplex.test_counter_collection_multiple_yaml
    Test #562: tests.integration.validate.rocprofv3-test-counter-collection-multiplex.test_counter_collection_multiple_yaml .................   Passed    0.34 sec
      Start 562: tests.integration.validate.rocprofv3-test-counter-collection-multiplex.test_counter_collection_multiple_yaml
    Test #562: tests.integration.validate.rocprofv3-test-counter-collection-multiplex.test_counter_collection_multiple_yaml .................   Passed    0.34 sec
      Start 562: tests.integration.validate.rocprofv3-test-counter-collection-multiplex.test_counter_collection_multiple_yaml
    Test #562: tests.integration.validate.rocprofv3-test-counter-collection-multiplex.test_counter_collection_multiple_yaml .................   Passed    0.34 sec
      Start 562: tests.integration.validate.rocprofv3-test-counter-collection-multiplex.test_counter_collection_multiple_yaml
    Test #562: tests.integration.validate.rocprofv3-test-counter-collection-multiplex.test_counter_collection_multiple_yaml .................   Passed    0.34 sec
      Start 562: tests.integration.validate.rocprofv3-test-counter-collection-multiplex.test_counter_collection_multiple_yaml
    Test #562: tests.integration.validate.rocprofv3-test-counter-collection-multiplex.test_counter_collection_multiple_yaml .................   Passed    0.34 sec
      Start 562: tests.integration.validate.rocprofv3-test-counter-collection-multiplex.test_counter_collection_multiple_yaml
    Test #562: tests.integration.validate.rocprofv3-test-counter-collection-multiplex.test_counter_collection_multiple_yaml .................   Passed    0.34 sec
      Start 562: tests.integration.validate.rocprofv3-test-counter-collection-multiplex.test_counter_collection_multiple_yaml
    Test #562: tests.integration.validate.rocprofv3-test-counter-collection-multiplex.test_counter_collection_multiple_yaml .................   Passed    0.34 sec
      Start 562: tests.integration.validate.rocprofv3-test-counter-collection-multiplex.test_counter_collection_multiple_yaml
    Test #562: tests.integration.validate.rocprofv3-test-counter-collection-multiplex.test_counter_collection_multiple_yaml .................   Passed    0.34 sec
      Start 562: tests.integration.validate.rocprofv3-test-counter-collection-multiplex.test_counter_collection_multiple_yaml
    Test #562: tests.integration.validate.rocprofv3-test-counter-collection-multiplex.test_counter_collection_multiple_yaml .................   Passed    0.33 sec
      Start 562: tests.integration.validate.rocprofv3-test-counter-collection-multiplex.test_counter_collection_multiple_yaml
    Test #562: tests.integration.validate.rocprofv3-test-counter-collection-multiplex.test_counter_collection_multiple_yaml .................   Passed    0.34 sec
      Start 562: tests.integration.validate.rocprofv3-test-counter-collection-multiplex.test_counter_collection_multiple_yaml
    Test #562: tests.integration.validate.rocprofv3-test-counter-collection-multiplex.test_counter_collection_multiple_yaml .................   Passed    0.34 sec
      Start 562: tests.integration.validate.rocprofv3-test-counter-collection-multiplex.test_counter_collection_multiple_yaml
    Test #562: tests.integration.validate.rocprofv3-test-counter-collection-multiplex.test_counter_collection_multiple_yaml .................   Passed    0.34 sec
      Start 562: tests.integration.validate.rocprofv3-test-counter-collection-multiplex.test_counter_collection_multiple_yaml
    Test #562: tests.integration.validate.rocprofv3-test-counter-collection-multiplex.test_counter_collection_multiple_yaml .................   Passed    0.33 sec
      Start 562: tests.integration.validate.rocprofv3-test-counter-collection-multiplex.test_counter_collection_multiple_yaml
    Test #562: tests.integration.validate.rocprofv3-test-counter-collection-multiplex.test_counter_collection_multiple_yaml .................   Passed    0.34 sec
      Start 562: tests.integration.validate.rocprofv3-test-counter-collection-multiplex.test_counter_collection_multiple_yaml
    Test #562: tests.integration.validate.rocprofv3-test-counter-collection-multiplex.test_counter_collection_multiple_yaml .................   Passed    0.34 sec
      Start 562: tests.integration.validate.rocprofv3-test-counter-collection-multiplex.test_counter_collection_multiple_yaml
    Test #562: tests.integration.validate.rocprofv3-test-counter-collection-multiplex.test_counter_collection_multiple_yaml .................   Passed    0.33 sec
      Start 562: tests.integration.validate.rocprofv3-test-counter-collection-multiplex.test_counter_collection_multiple_yaml
    Test #562: tests.integration.validate.rocprofv3-test-counter-collection-multiplex.test_counter_collection_multiple_yaml .................   Passed    0.34 sec
      Start 562: tests.integration.validate.rocprofv3-test-counter-collection-multiplex.test_counter_collection_multiple_yaml
    Test #562: tests.integration.validate.rocprofv3-test-counter-collection-multiplex.test_counter_collection_multiple_yaml .................   Passed    0.34 sec
      Start 562: tests.integration.validate.rocprofv3-test-counter-collection-multiplex.test_counter_collection_multiple_yaml
    Test #562: tests.integration.validate.rocprofv3-test-counter-collection-multiplex.test_counter_collection_multiple_yaml .................   Passed    0.34 sec
      Start 562: tests.integration.validate.rocprofv3-test-counter-collection-multiplex.test_counter_collection_multiple_yaml
    Test #562: tests.integration.validate.rocprofv3-test-counter-collection-multiplex.test_counter_collection_multiple_yaml .................   Passed    0.34 sec
      Start 562: tests.integration.validate.rocprofv3-test-counter-collection-multiplex.test_counter_collection_multiple_yaml
    Test #562: tests.integration.validate.rocprofv3-test-counter-collection-multiplex.test_counter_collection_multiple_yaml .................   Passed    0.34 sec
      Start 562: tests.integration.validate.rocprofv3-test-counter-collection-multiplex.test_counter_collection_multiple_yaml
    Test #562: tests.integration.validate.rocprofv3-test-counter-collection-multiplex.test_counter_collection_multiple_yaml .................   Passed    0.34 sec
      Start 562: tests.integration.validate.rocprofv3-test-counter-collection-multiplex.test_counter_collection_multiple_yaml
    Test #562: tests.integration.validate.rocprofv3-test-counter-collection-multiplex.test_counter_collection_multiple_yaml .................   Passed    0.34 sec
      Start 562: tests.integration.validate.rocprofv3-test-counter-collection-multiplex.test_counter_collection_multiple_yaml
    Test #562: tests.integration.validate.rocprofv3-test-counter-collection-multiplex.test_counter_collection_multiple_yaml .................   Passed    0.34 sec
      Start 562: tests.integration.validate.rocprofv3-test-counter-collection-multiplex.test_counter_collection_multiple_yaml
    Test #562: tests.integration.validate.rocprofv3-test-counter-collection-multiplex.test_counter_collection_multiple_yaml .................   Passed    0.34 sec
      Start 562: tests.integration.validate.rocprofv3-test-counter-collection-multiplex.test_counter_collection_multiple_yaml
    Test #562: tests.integration.validate.rocprofv3-test-counter-collection-multiplex.test_counter_collection_multiple_yaml .................   Passed    0.34 sec
      Start 562: tests.integration.validate.rocprofv3-test-counter-collection-multiplex.test_counter_collection_multiple_yaml
    Test #562: tests.integration.validate.rocprofv3-test-counter-collection-multiplex.test_counter_collection_multiple_yaml .................   Passed    0.34 sec
      Start 562: tests.integration.validate.rocprofv3-test-counter-collection-multiplex.test_counter_collection_multiple_yaml
    Test #562: tests.integration.validate.rocprofv3-test-counter-collection-multiplex.test_counter_collection_multiple_yaml .................   Passed    0.34 sec
      Start 562: tests.integration.validate.rocprofv3-test-counter-collection-multiplex.test_counter_collection_multiple_yaml
    Test #562: tests.integration.validate.rocprofv3-test-counter-collection-multiplex.test_counter_collection_multiple_yaml .................   Passed    0.34 sec
      Start 562: tests.integration.validate.rocprofv3-test-counter-collection-multiplex.test_counter_collection_multiple_yaml
    Test #562: tests.integration.validate.rocprofv3-test-counter-collection-multiplex.test_counter_collection_multiple_yaml .................   Passed    0.34 sec
      Start 562: tests.integration.validate.rocprofv3-test-counter-collection-multiplex.test_counter_collection_multiple_yaml
    Test #562: tests.integration.validate.rocprofv3-test-counter-collection-multiplex.test_counter_collection_multiple_yaml .................   Passed    0.34 sec
      Start 562: tests.integration.validate.rocprofv3-test-counter-collection-multiplex.test_counter_collection_multiple_yaml
    Test #562: tests.integration.validate.rocprofv3-test-counter-collection-multiplex.test_counter_collection_multiple_yaml .................   Passed    0.34 sec
      Start 562: tests.integration.validate.rocprofv3-test-counter-collection-multiplex.test_counter_collection_multiple_yaml
    Test #562: tests.integration.validate.rocprofv3-test-counter-collection-multiplex.test_counter_collection_multiple_yaml .................   Passed    0.34 sec
      Start 562: tests.integration.validate.rocprofv3-test-counter-collection-multiplex.test_counter_collection_multiple_yaml
    Test #562: tests.integration.validate.rocprofv3-test-counter-collection-multiplex.test_counter_collection_multiple_yaml .................   Passed    0.34 sec
      Start 562: tests.integration.validate.rocprofv3-test-counter-collection-multiplex.test_counter_collection_multiple_yaml
    Test #562: tests.integration.validate.rocprofv3-test-counter-collection-multiplex.test_counter_collection_multiple_yaml .................   Passed    0.34 sec
      Start 562: tests.integration.validate.rocprofv3-test-counter-collection-multiplex.test_counter_collection_multiple_yaml
    Test #562: tests.integration.validate.rocprofv3-test-counter-collection-multiplex.test_counter_collection_multiple_yaml .................   Passed    0.34 sec
      Start 562: tests.integration.validate.rocprofv3-test-counter-collection-multiplex.test_counter_collection_multiple_yaml
    Test #562: tests.integration.validate.rocprofv3-test-counter-collection-multiplex.test_counter_collection_multiple_yaml .................   Passed    0.34 sec
      Start 562: tests.integration.validate.rocprofv3-test-counter-collection-multiplex.test_counter_collection_multiple_yaml
    Test #562: tests.integration.validate.rocprofv3-test-counter-collection-multiplex.test_counter_collection_multiple_yaml .................   Passed    0.34 sec
      Start 562: tests.integration.validate.rocprofv3-test-counter-collection-multiplex.test_counter_collection_multiple_yaml
    Test #562: tests.integration.validate.rocprofv3-test-counter-collection-multiplex.test_counter_collection_multiple_yaml .................   Passed    0.34 sec
      Start 562: tests.integration.validate.rocprofv3-test-counter-collection-multiplex.test_counter_collection_multiple_yaml
    Test #562: tests.integration.validate.rocprofv3-test-counter-collection-multiplex.test_counter_collection_multiple_yaml .................   Passed    0.34 sec
      Start 562: tests.integration.validate.rocprofv3-test-counter-collection-multiplex.test_counter_collection_multiple_yaml
    Test #562: tests.integration.validate.rocprofv3-test-counter-collection-multiplex.test_counter_collection_multiple_yaml .................   Passed    0.34 sec
      Start 562: tests.integration.validate.rocprofv3-test-counter-collection-multiplex.test_counter_collection_multiple_yaml
    Test #562: tests.integration.validate.rocprofv3-test-counter-collection-multiplex.test_counter_collection_multiple_yaml .................   Passed    0.34 sec
      Start 562: tests.integration.validate.rocprofv3-test-counter-collection-multiplex.test_counter_collection_multiple_yaml
    Test #562: tests.integration.validate.rocprofv3-test-counter-collection-multiplex.test_counter_collection_multiple_yaml .................   Passed    0.34 sec
      Start 562: tests.integration.validate.rocprofv3-test-counter-collection-multiplex.test_counter_collection_multiple_yaml
    Test #562: tests.integration.validate.rocprofv3-test-counter-collection-multiplex.test_counter_collection_multiple_yaml .................   Passed    0.34 sec
      Start 562: tests.integration.validate.rocprofv3-test-counter-collection-multiplex.test_counter_collection_multiple_yaml
    Test #562: tests.integration.validate.rocprofv3-test-counter-collection-multiplex.test_counter_collection_multiple_yaml .................   Passed    0.34 sec
      Start 562: tests.integration.validate.rocprofv3-test-counter-collection-multiplex.test_counter_collection_multiple_yaml
    Test #562: tests.integration.validate.rocprofv3-test-counter-collection-multiplex.test_counter_collection_multiple_yaml .................   Passed    0.34 sec
      Start 562: tests.integration.validate.rocprofv3-test-counter-collection-multiplex.test_counter_collection_multiple_yaml
    Test #562: tests.integration.validate.rocprofv3-test-counter-collection-multiplex.test_counter_collection_multiple_yaml .................   Passed    0.34 sec
      Start 562: tests.integration.validate.rocprofv3-test-counter-collection-multiplex.test_counter_collection_multiple_yaml
    Test #562: tests.integration.validate.rocprofv3-test-counter-collection-multiplex.test_counter_collection_multiple_yaml .................   Passed    0.34 sec
      Start 562: tests.integration.validate.rocprofv3-test-counter-collection-multiplex.test_counter_collection_multiple_yaml
    Test #562: tests.integration.validate.rocprofv3-test-counter-collection-multiplex.test_counter_collection_multiple_yaml .................   Passed    0.34 sec
      Start 562: tests.integration.validate.rocprofv3-test-counter-collection-multiplex.test_counter_collection_multiple_yaml
    Test #562: tests.integration.validate.rocprofv3-test-counter-collection-multiplex.test_counter_collection_multiple_yaml .................   Passed    0.34 sec
      Start 562: tests.integration.validate.rocprofv3-test-counter-collection-multiplex.test_counter_collection_multiple_yaml
    Test #562: tests.integration.validate.rocprofv3-test-counter-collection-multiplex.test_counter_collection_multiple_yaml .................   Passed    0.34 sec
      Start 562: tests.integration.validate.rocprofv3-test-counter-collection-multiplex.test_counter_collection_multiple_yaml
    Test #562: tests.integration.validate.rocprofv3-test-counter-collection-multiplex.test_counter_collection_multiple_yaml .................   Passed    0.34 sec
      Start 562: tests.integration.validate.rocprofv3-test-counter-collection-multiplex.test_counter_collection_multiple_yaml
    Test #562: tests.integration.validate.rocprofv3-test-counter-collection-multiplex.test_counter_collection_multiple_yaml .................   Passed    0.34 sec
      Start 562: tests.integration.validate.rocprofv3-test-counter-collection-multiplex.test_counter_collection_multiple_yaml
    Test #562: tests.integration.validate.rocprofv3-test-counter-collection-multiplex.test_counter_collection_multiple_yaml .................   Passed    0.34 sec
      Start 562: tests.integration.validate.rocprofv3-test-counter-collection-multiplex.test_counter_collection_multiple_yaml
    Test #562: tests.integration.validate.rocprofv3-test-counter-collection-multiplex.test_counter_collection_multiple_yaml .................   Passed    0.34 sec
      Start 562: tests.integration.validate.rocprofv3-test-counter-collection-multiplex.test_counter_collection_multiple_yaml
    Test #562: tests.integration.validate.rocprofv3-test-counter-collection-multiplex.test_counter_collection_multiple_yaml .................   Passed    0.34 sec
      Start 562: tests.integration.validate.rocprofv3-test-counter-collection-multiplex.test_counter_collection_multiple_yaml
    Test #562: tests.integration.validate.rocprofv3-test-counter-collection-multiplex.test_counter_collection_multiple_yaml .................   Passed    0.34 sec
      Start 562: tests.integration.validate.rocprofv3-test-counter-collection-multiplex.test_counter_collection_multiple_yaml
    Test #562: tests.integration.validate.rocprofv3-test-counter-collection-multiplex.test_counter_collection_multiple_yaml .................   Passed    0.34 sec
      Start 562: tests.integration.validate.rocprofv3-test-counter-collection-multiplex.test_counter_collection_multiple_yaml
    Test #562: tests.integration.validate.rocprofv3-test-counter-collection-multiplex.test_counter_collection_multiple_yaml .................   Passed    0.34 sec
      Start 562: tests.integration.validate.rocprofv3-test-counter-collection-multiplex.test_counter_collection_multiple_yaml
    Test #562: tests.integration.validate.rocprofv3-test-counter-collection-multiplex.test_counter_collection_multiple_yaml .................   Passed    0.34 sec
      Start 562: tests.integration.validate.rocprofv3-test-counter-collection-multiplex.test_counter_collection_multiple_yaml
    Test #562: tests.integration.validate.rocprofv3-test-counter-collection-multiplex.test_counter_collection_multiple_yaml .................   Passed    0.34 sec
      Start 562: tests.integration.validate.rocprofv3-test-counter-collection-multiplex.test_counter_collection_multiple_yaml
    Test #562: tests.integration.validate.rocprofv3-test-counter-collection-multiplex.test_counter_collection_multiple_yaml .................   Passed    0.34 sec
      Start 562: tests.integration.validate.rocprofv3-test-counter-collection-multiplex.test_counter_collection_multiple_yaml
    Test #562: tests.integration.validate.rocprofv3-test-counter-collection-multiplex.test_counter_collection_multiple_yaml .................   Passed    0.34 sec
      Start 562: tests.integration.validate.rocprofv3-test-counter-collection-multiplex.test_counter_collection_multiple_yaml
    Test #562: tests.integration.validate.rocprofv3-test-counter-collection-multiplex.test_counter_collection_multiple_yaml .................   Passed    0.34 sec
      Start 562: tests.integration.validate.rocprofv3-test-counter-collection-multiplex.test_counter_collection_multiple_yaml
    Test #562: tests.integration.validate.rocprofv3-test-counter-collection-multiplex.test_counter_collection_multiple_yaml .................   Passed    0.33 sec
      Start 562: tests.integration.validate.rocprofv3-test-counter-collection-multiplex.test_counter_collection_multiple_yaml
    Test #562: tests.integration.validate.rocprofv3-test-counter-collection-multiplex.test_counter_collection_multiple_yaml .................   Passed    0.34 sec
      Start 562: tests.integration.validate.rocprofv3-test-counter-collection-multiplex.test_counter_collection_multiple_yaml
    Test #562: tests.integration.validate.rocprofv3-test-counter-collection-multiplex.test_counter_collection_multiple_yaml .................   Passed    0.34 sec
      Start 562: tests.integration.validate.rocprofv3-test-counter-collection-multiplex.test_counter_collection_multiple_yaml
    Test #562: tests.integration.validate.rocprofv3-test-counter-collection-multiplex.test_counter_collection_multiple_yaml .................   Passed    0.33 sec
      Start 562: tests.integration.validate.rocprofv3-test-counter-collection-multiplex.test_counter_collection_multiple_yaml
    Test #562: tests.integration.validate.rocprofv3-test-counter-collection-multiplex.test_counter_collection_multiple_yaml .................   Passed    0.33 sec
      Start 562: tests.integration.validate.rocprofv3-test-counter-collection-multiplex.test_counter_collection_multiple_yaml
    Test #562: tests.integration.validate.rocprofv3-test-counter-collection-multiplex.test_counter_collection_multiple_yaml .................   Passed    0.34 sec
      Start 562: tests.integration.validate.rocprofv3-test-counter-collection-multiplex.test_counter_collection_multiple_yaml
    Test #562: tests.integration.validate.rocprofv3-test-counter-collection-multiplex.test_counter_collection_multiple_yaml .................   Passed    0.33 sec
      Start 562: tests.integration.validate.rocprofv3-test-counter-collection-multiplex.test_counter_collection_multiple_yaml
    Test #562: tests.integration.validate.rocprofv3-test-counter-collection-multiplex.test_counter_collection_multiple_yaml .................   Passed    0.34 sec
      Start 562: tests.integration.validate.rocprofv3-test-counter-collection-multiplex.test_counter_collection_multiple_yaml
    Test #562: tests.integration.validate.rocprofv3-test-counter-collection-multiplex.test_counter_collection_multiple_yaml .................   Passed    0.33 sec
      Start 562: tests.integration.validate.rocprofv3-test-counter-collection-multiplex.test_counter_collection_multiple_yaml
    Test #562: tests.integration.validate.rocprofv3-test-counter-collection-multiplex.test_counter_collection_multiple_yaml .................   Passed    0.34 sec
      Start 562: tests.integration.validate.rocprofv3-test-counter-collection-multiplex.test_counter_collection_multiple_yaml
    Test #562: tests.integration.validate.rocprofv3-test-counter-collection-multiplex.test_counter_collection_multiple_yaml .................   Passed    0.34 sec
      Start 562: tests.integration.validate.rocprofv3-test-counter-collection-multiplex.test_counter_collection_multiple_yaml
    Test #562: tests.integration.validate.rocprofv3-test-counter-collection-multiplex.test_counter_collection_multiple_yaml .................   Passed    0.33 sec
      Start 562: tests.integration.validate.rocprofv3-test-counter-collection-multiplex.test_counter_collection_multiple_yaml
    Test #562: tests.integration.validate.rocprofv3-test-counter-collection-multiplex.test_counter_collection_multiple_yaml .................   Passed    0.34 sec
      Start 562: tests.integration.validate.rocprofv3-test-counter-collection-multiplex.test_counter_collection_multiple_yaml
    Test #562: tests.integration.validate.rocprofv3-test-counter-collection-multiplex.test_counter_collection_multiple_yaml .................   Passed    0.34 sec
      Start 562: tests.integration.validate.rocprofv3-test-counter-collection-multiplex.test_counter_collection_multiple_yaml
    Test #562: tests.integration.validate.rocprofv3-test-counter-collection-multiplex.test_counter_collection_multiple_yaml .................   Passed    0.34 sec
      Start 562: tests.integration.validate.rocprofv3-test-counter-collection-multiplex.test_counter_collection_multiple_yaml
    Test #562: tests.integration.validate.rocprofv3-test-counter-collection-multiplex.test_counter_collection_multiple_yaml .................   Passed    0.34 sec
      Start 562: tests.integration.validate.rocprofv3-test-counter-collection-multiplex.test_counter_collection_multiple_yaml
    Test #562: tests.integration.validate.rocprofv3-test-counter-collection-multiplex.test_counter_collection_multiple_yaml .................   Passed    0.34 sec
      Start 562: tests.integration.validate.rocprofv3-test-counter-collection-multiplex.test_counter_collection_multiple_yaml
    Test #562: tests.integration.validate.rocprofv3-test-counter-collection-multiplex.test_counter_collection_multiple_yaml .................   Passed    0.33 sec
      Start 562: tests.integration.validate.rocprofv3-test-counter-collection-multiplex.test_counter_collection_multiple_yaml
    Test #562: tests.integration.validate.rocprofv3-test-counter-collection-multiplex.test_counter_collection_multiple_yaml .................   Passed    0.34 sec
      Start 562: tests.integration.validate.rocprofv3-test-counter-collection-multiplex.test_counter_collection_multiple_yaml
    Test #562: tests.integration.validate.rocprofv3-test-counter-collection-multiplex.test_counter_collection_multiple_yaml .................   Passed    0.33 sec
      Start 562: tests.integration.validate.rocprofv3-test-counter-collection-multiplex.test_counter_collection_multiple_yaml
    Test #562: tests.integration.validate.rocprofv3-test-counter-collection-multiplex.test_counter_collection_multiple_yaml .................   Passed    0.33 sec
      Start 562: tests.integration.validate.rocprofv3-test-counter-collection-multiplex.test_counter_collection_multiple_yaml
    Test #562: tests.integration.validate.rocprofv3-test-counter-collection-multiplex.test_counter_collection_multiple_yaml .................   Passed    0.33 sec
      Start 562: tests.integration.validate.rocprofv3-test-counter-collection-multiplex.test_counter_collection_multiple_yaml
    Test #562: tests.integration.validate.rocprofv3-test-counter-collection-multiplex.test_counter_collection_multiple_yaml .................   Passed    0.33 sec
      Start 562: tests.integration.validate.rocprofv3-test-counter-collection-multiplex.test_counter_collection_multiple_yaml
    Test #562: tests.integration.validate.rocprofv3-test-counter-collection-multiplex.test_counter_collection_multiple_yaml .................   Passed    0.33 sec
      Start 562: tests.integration.validate.rocprofv3-test-counter-collection-multiplex.test_counter_collection_multiple_yaml
    Test #562: tests.integration.validate.rocprofv3-test-counter-collection-multiplex.test_counter_collection_multiple_yaml .................   Passed    0.34 sec
      Start 562: tests.integration.validate.rocprofv3-test-counter-collection-multiplex.test_counter_collection_multiple_yaml
    Test #562: tests.integration.validate.rocprofv3-test-counter-collection-multiplex.test_counter_collection_multiple_yaml .................   Passed    0.34 sec
      Start 562: tests.integration.validate.rocprofv3-test-counter-collection-multiplex.test_counter_collection_multiple_yaml
    Test #562: tests.integration.validate.rocprofv3-test-counter-collection-multiplex.test_counter_collection_multiple_yaml .................   Passed    0.34 sec
      Start 562: tests.integration.validate.rocprofv3-test-counter-collection-multiplex.test_counter_collection_multiple_yaml
    Test #562: tests.integration.validate.rocprofv3-test-counter-collection-multiplex.test_counter_collection_multiple_yaml .................   Passed    0.34 sec
      Start 562: tests.integration.validate.rocprofv3-test-counter-collection-multiplex.test_counter_collection_multiple_yaml
    Test #562: tests.integration.validate.rocprofv3-test-counter-collection-multiplex.test_counter_collection_multiple_yaml .................   Passed    0.34 sec
      Start 562: tests.integration.validate.rocprofv3-test-counter-collection-multiplex.test_counter_collection_multiple_yaml
    Test #562: tests.integration.validate.rocprofv3-test-counter-collection-multiplex.test_counter_collection_multiple_yaml .................   Passed    0.34 sec
      Start 562: tests.integration.validate.rocprofv3-test-counter-collection-multiplex.test_counter_collection_multiple_yaml
    Test #562: tests.integration.validate.rocprofv3-test-counter-collection-multiplex.test_counter_collection_multiple_yaml .................   Passed    0.34 sec
      Start 562: tests.integration.validate.rocprofv3-test-counter-collection-multiplex.test_counter_collection_multiple_yaml
    Test #562: tests.integration.validate.rocprofv3-test-counter-collection-multiplex.test_counter_collection_multiple_yaml .................   Passed    0.34 sec
      Start 562: tests.integration.validate.rocprofv3-test-counter-collection-multiplex.test_counter_collection_multiple_yaml
    Test #562: tests.integration.validate.rocprofv3-test-counter-collection-multiplex.test_counter_collection_multiple_yaml .................   Passed    0.34 sec
      Start 562: tests.integration.validate.rocprofv3-test-counter-collection-multiplex.test_counter_collection_multiple_yaml
    Test #562: tests.integration.validate.rocprofv3-test-counter-collection-multiplex.test_counter_collection_multiple_yaml .................   Passed    0.34 sec
      Start 562: tests.integration.validate.rocprofv3-test-counter-collection-multiplex.test_counter_collection_multiple_yaml
    Test #562: tests.integration.validate.rocprofv3-test-counter-collection-multiplex.test_counter_collection_multiple_yaml .................   Passed    0.34 sec
      Start 562: tests.integration.validate.rocprofv3-test-counter-collection-multiplex.test_counter_collection_multiple_yaml
    Test #562: tests.integration.validate.rocprofv3-test-counter-collection-multiplex.test_counter_collection_multiple_yaml .................   Passed    0.34 sec
      Start 562: tests.integration.validate.rocprofv3-test-counter-collection-multiplex.test_counter_collection_multiple_yaml
    Test #562: tests.integration.validate.rocprofv3-test-counter-collection-multiplex.test_counter_collection_multiple_yaml .................   Passed    0.34 sec
      Start 562: tests.integration.validate.rocprofv3-test-counter-collection-multiplex.test_counter_collection_multiple_yaml
    Test #562: tests.integration.validate.rocprofv3-test-counter-collection-multiplex.test_counter_collection_multiple_yaml .................   Passed    0.34 sec
      Start 562: tests.integration.validate.rocprofv3-test-counter-collection-multiplex.test_counter_collection_multiple_yaml
    Test #562: tests.integration.validate.rocprofv3-test-counter-collection-multiplex.test_counter_collection_multiple_yaml .................   Passed    0.34 sec
      Start 562: tests.integration.validate.rocprofv3-test-counter-collection-multiplex.test_counter_collection_multiple_yaml
    Test #562: tests.integration.validate.rocprofv3-test-counter-collection-multiplex.test_counter_collection_multiple_yaml .................   Passed    0.34 sec
      Start 562: tests.integration.validate.rocprofv3-test-counter-collection-multiplex.test_counter_collection_multiple_yaml
    Test #562: tests.integration.validate.rocprofv3-test-counter-collection-multiplex.test_counter_collection_multiple_yaml .................   Passed    0.34 sec
      Start 562: tests.integration.validate.rocprofv3-test-counter-collection-multiplex.test_counter_collection_multiple_yaml
    Test #562: tests.integration.validate.rocprofv3-test-counter-collection-multiplex.test_counter_collection_multiple_yaml .................   Passed    0.34 sec
      Start 562: tests.integration.validate.rocprofv3-test-counter-collection-multiplex.test_counter_collection_multiple_yaml
    Test #562: tests.integration.validate.rocprofv3-test-counter-collection-multiplex.test_counter_collection_multiple_yaml .................   Passed    0.34 sec
      Start 562: tests.integration.validate.rocprofv3-test-counter-collection-multiplex.test_counter_collection_multiple_yaml
    Test #562: tests.integration.validate.rocprofv3-test-counter-collection-multiplex.test_counter_collection_multiple_yaml .................   Passed    0.33 sec
      Start 562: tests.integration.validate.rocprofv3-test-counter-collection-multiplex.test_counter_collection_multiple_yaml
    Test #562: tests.integration.validate.rocprofv3-test-counter-collection-multiplex.test_counter_collection_multiple_yaml .................   Passed    0.33 sec
      Start 562: tests.integration.validate.rocprofv3-test-counter-collection-multiplex.test_counter_collection_multiple_yaml
    Test #562: tests.integration.validate.rocprofv3-test-counter-collection-multiplex.test_counter_collection_multiple_yaml .................   Passed    0.33 sec
      Start 562: tests.integration.validate.rocprofv3-test-counter-collection-multiplex.test_counter_collection_multiple_yaml
    Test #562: tests.integration.validate.rocprofv3-test-counter-collection-multiplex.test_counter_collection_multiple_yaml .................   Passed    0.33 sec
      Start 562: tests.integration.validate.rocprofv3-test-counter-collection-multiplex.test_counter_collection_multiple_yaml
    Test #562: tests.integration.validate.rocprofv3-test-counter-collection-multiplex.test_counter_collection_multiple_yaml .................   Passed    0.34 sec
      Start 562: tests.integration.validate.rocprofv3-test-counter-collection-multiplex.test_counter_collection_multiple_yaml
    Test #562: tests.integration.validate.rocprofv3-test-counter-collection-multiplex.test_counter_collection_multiple_yaml .................   Passed    0.34 sec
      Start 562: tests.integration.validate.rocprofv3-test-counter-collection-multiplex.test_counter_collection_multiple_yaml
    Test #562: tests.integration.validate.rocprofv3-test-counter-collection-multiplex.test_counter_collection_multiple_yaml .................   Passed    0.33 sec
      Start 562: tests.integration.validate.rocprofv3-test-counter-collection-multiplex.test_counter_collection_multiple_yaml
    Test #562: tests.integration.validate.rocprofv3-test-counter-collection-multiplex.test_counter_collection_multiple_yaml .................   Passed    0.34 sec
      Start 562: tests.integration.validate.rocprofv3-test-counter-collection-multiplex.test_counter_collection_multiple_yaml
    Test #562: tests.integration.validate.rocprofv3-test-counter-collection-multiplex.test_counter_collection_multiple_yaml .................   Passed    0.34 sec
      Start 562: tests.integration.validate.rocprofv3-test-counter-collection-multiplex.test_counter_collection_multiple_yaml
    Test #562: tests.integration.validate.rocprofv3-test-counter-collection-multiplex.test_counter_collection_multiple_yaml .................   Passed    0.33 sec
      Start 562: tests.integration.validate.rocprofv3-test-counter-collection-multiplex.test_counter_collection_multiple_yaml
    Test #562: tests.integration.validate.rocprofv3-test-counter-collection-multiplex.test_counter_collection_multiple_yaml .................   Passed    0.34 sec
      Start 562: tests.integration.validate.rocprofv3-test-counter-collection-multiplex.test_counter_collection_multiple_yaml
    Test #562: tests.integration.validate.rocprofv3-test-counter-collection-multiplex.test_counter_collection_multiple_yaml .................   Passed    0.34 sec
      Start 562: tests.integration.validate.rocprofv3-test-counter-collection-multiplex.test_counter_collection_multiple_yaml
    Test #562: tests.integration.validate.rocprofv3-test-counter-collection-multiplex.test_counter_collection_multiple_yaml .................   Passed    0.33 sec
      Start 562: tests.integration.validate.rocprofv3-test-counter-collection-multiplex.test_counter_collection_multiple_yaml
    Test #562: tests.integration.validate.rocprofv3-test-counter-collection-multiplex.test_counter_collection_multiple_yaml .................   Passed    0.33 sec
      Start 562: tests.integration.validate.rocprofv3-test-counter-collection-multiplex.test_counter_collection_multiple_yaml
    Test #562: tests.integration.validate.rocprofv3-test-counter-collection-multiplex.test_counter_collection_multiple_yaml .................   Passed    0.34 sec
      Start 562: tests.integration.validate.rocprofv3-test-counter-collection-multiplex.test_counter_collection_multiple_yaml
    Test #562: tests.integration.validate.rocprofv3-test-counter-collection-multiplex.test_counter_collection_multiple_yaml .................   Passed    0.33 sec
      Start 562: tests.integration.validate.rocprofv3-test-counter-collection-multiplex.test_counter_collection_multiple_yaml
    Test #562: tests.integration.validate.rocprofv3-test-counter-collection-multiplex.test_counter_collection_multiple_yaml .................   Passed    0.33 sec
      Start 562: tests.integration.validate.rocprofv3-test-counter-collection-multiplex.test_counter_collection_multiple_yaml
    Test #562: tests.integration.validate.rocprofv3-test-counter-collection-multiplex.test_counter_collection_multiple_yaml .................   Passed    0.33 sec
      Start 562: tests.integration.validate.rocprofv3-test-counter-collection-multiplex.test_counter_collection_multiple_yaml
    Test #562: tests.integration.validate.rocprofv3-test-counter-collection-multiplex.test_counter_collection_multiple_yaml .................   Passed    0.34 sec
      Start 562: tests.integration.validate.rocprofv3-test-counter-collection-multiplex.test_counter_collection_multiple_yaml
    Test #562: tests.integration.validate.rocprofv3-test-counter-collection-multiplex.test_counter_collection_multiple_yaml .................   Passed    0.34 sec
      Start 562: tests.integration.validate.rocprofv3-test-counter-collection-multiplex.test_counter_collection_multiple_yaml
    Test #562: tests.integration.validate.rocprofv3-test-counter-collection-multiplex.test_counter_collection_multiple_yaml .................   Passed    0.33 sec
      Start 562: tests.integration.validate.rocprofv3-test-counter-collection-multiplex.test_counter_collection_multiple_yaml
    Test #562: tests.integration.validate.rocprofv3-test-counter-collection-multiplex.test_counter_collection_multiple_yaml .................   Passed    0.33 sec
      Start 562: tests.integration.validate.rocprofv3-test-counter-collection-multiplex.test_counter_collection_multiple_yaml
    Test #562: tests.integration.validate.rocprofv3-test-counter-collection-multiplex.test_counter_collection_multiple_yaml .................   Passed    0.33 sec
      Start 562: tests.integration.validate.rocprofv3-test-counter-collection-multiplex.test_counter_collection_multiple_yaml
    Test #562: tests.integration.validate.rocprofv3-test-counter-collection-multiplex.test_counter_collection_multiple_yaml .................   Passed    0.33 sec
      Start 562: tests.integration.validate.rocprofv3-test-counter-collection-multiplex.test_counter_collection_multiple_yaml
    Test #562: tests.integration.validate.rocprofv3-test-counter-collection-multiplex.test_counter_collection_multiple_yaml .................   Passed    0.33 sec
      Start 562: tests.integration.validate.rocprofv3-test-counter-collection-multiplex.test_counter_collection_multiple_yaml
    Test #562: tests.integration.validate.rocprofv3-test-counter-collection-multiplex.test_counter_collection_multiple_yaml .................   Passed    0.33 sec
      Start 562: tests.integration.validate.rocprofv3-test-counter-collection-multiplex.test_counter_collection_multiple_yaml
    Test #562: tests.integration.validate.rocprofv3-test-counter-collection-multiplex.test_counter_collection_multiple_yaml .................   Passed    0.33 sec
      Start 562: tests.integration.validate.rocprofv3-test-counter-collection-multiplex.test_counter_collection_multiple_yaml
    Test #562: tests.integration.validate.rocprofv3-test-counter-collection-multiplex.test_counter_collection_multiple_yaml .................   Passed    0.33 sec
      Start 562: tests.integration.validate.rocprofv3-test-counter-collection-multiplex.test_counter_collection_multiple_yaml
    Test #562: tests.integration.validate.rocprofv3-test-counter-collection-multiplex.test_counter_collection_multiple_yaml .................   Passed    0.33 sec
      Start 562: tests.integration.validate.rocprofv3-test-counter-collection-multiplex.test_counter_collection_multiple_yaml
    Test #562: tests.integration.validate.rocprofv3-test-counter-collection-multiplex.test_counter_collection_multiple_yaml .................   Passed    0.33 sec
      Start 562: tests.integration.validate.rocprofv3-test-counter-collection-multiplex.test_counter_collection_multiple_yaml
    Test #562: tests.integration.validate.rocprofv3-test-counter-collection-multiplex.test_counter_collection_multiple_yaml .................   Passed    0.34 sec
      Start 562: tests.integration.validate.rocprofv3-test-counter-collection-multiplex.test_counter_collection_multiple_yaml
    Test #562: tests.integration.validate.rocprofv3-test-counter-collection-multiplex.test_counter_collection_multiple_yaml .................   Passed    0.33 sec
      Start 562: tests.integration.validate.rocprofv3-test-counter-collection-multiplex.test_counter_collection_multiple_yaml
    Test #562: tests.integration.validate.rocprofv3-test-counter-collection-multiplex.test_counter_collection_multiple_yaml .................   Passed    0.33 sec
      Start 562: tests.integration.validate.rocprofv3-test-counter-collection-multiplex.test_counter_collection_multiple_yaml
    Test #562: tests.integration.validate.rocprofv3-test-counter-collection-multiplex.test_counter_collection_multiple_yaml .................   Passed    0.34 sec
      Start 562: tests.integration.validate.rocprofv3-test-counter-collection-multiplex.test_counter_collection_multiple_yaml
    Test #562: tests.integration.validate.rocprofv3-test-counter-collection-multiplex.test_counter_collection_multiple_yaml .................   Passed    0.34 sec
      Start 562: tests.integration.validate.rocprofv3-test-counter-collection-multiplex.test_counter_collection_multiple_yaml
    Test #562: tests.integration.validate.rocprofv3-test-counter-collection-multiplex.test_counter_collection_multiple_yaml .................   Passed    0.34 sec
      Start 562: tests.integration.validate.rocprofv3-test-counter-collection-multiplex.test_counter_collection_multiple_yaml
    Test #562: tests.integration.validate.rocprofv3-test-counter-collection-multiplex.test_counter_collection_multiple_yaml .................   Passed    0.34 sec
      Start 562: tests.integration.validate.rocprofv3-test-counter-collection-multiplex.test_counter_collection_multiple_yaml
    Test #562: tests.integration.validate.rocprofv3-test-counter-collection-multiplex.test_counter_collection_multiple_yaml .................   Passed    0.34 sec
      Start 562: tests.integration.validate.rocprofv3-test-counter-collection-multiplex.test_counter_collection_multiple_yaml
    Test #562: tests.integration.validate.rocprofv3-test-counter-collection-multiplex.test_counter_collection_multiple_yaml .................   Passed    0.33 sec
      Start 562: tests.integration.validate.rocprofv3-test-counter-collection-multiplex.test_counter_collection_multiple_yaml
    Test #562: tests.integration.validate.rocprofv3-test-counter-collection-multiplex.test_counter_collection_multiple_yaml .................   Passed    0.34 sec
      Start 562: tests.integration.validate.rocprofv3-test-counter-collection-multiplex.test_counter_collection_multiple_yaml
    Test #562: tests.integration.validate.rocprofv3-test-counter-collection-multiplex.test_counter_collection_multiple_yaml .................   Passed    0.34 sec
      Start 562: tests.integration.validate.rocprofv3-test-counter-collection-multiplex.test_counter_collection_multiple_yaml
    Test #562: tests.integration.validate.rocprofv3-test-counter-collection-multiplex.test_counter_collection_multiple_yaml .................   Passed    0.33 sec
      Start 562: tests.integration.validate.rocprofv3-test-counter-collection-multiplex.test_counter_collection_multiple_yaml
    Test #562: tests.integration.validate.rocprofv3-test-counter-collection-multiplex.test_counter_collection_multiple_yaml .................   Passed    0.34 sec
      Start 562: tests.integration.validate.rocprofv3-test-counter-collection-multiplex.test_counter_collection_multiple_yaml
    Test #562: tests.integration.validate.rocprofv3-test-counter-collection-multiplex.test_counter_collection_multiple_yaml .................   Passed    0.34 sec
      Start 562: tests.integration.validate.rocprofv3-test-counter-collection-multiplex.test_counter_collection_multiple_yaml
    Test #562: tests.integration.validate.rocprofv3-test-counter-collection-multiplex.test_counter_collection_multiple_yaml .................   Passed    0.33 sec
      Start 562: tests.integration.validate.rocprofv3-test-counter-collection-multiplex.test_counter_collection_multiple_yaml
 6/14 Test #562: tests.integration.validate.rocprofv3-test-counter-collection-multiplex.test_counter_collection_multiple_yaml .................   Passed    0.33 sec
      Start 566: tests.integration.execute.rocprofv3-test-counter-collection-multiple-yaml
    Test #566: tests.integration.execute.rocprofv3-test-counter-collection-multiple-yaml ....................................................   Passed    0.96 sec
      Start 566: tests.integration.execute.rocprofv3-test-counter-collection-multiple-yaml
    Test #566: tests.integration.execute.rocprofv3-test-counter-collection-multiple-yaml ....................................................   Passed    0.96 sec
      Start 566: tests.integration.execute.rocprofv3-test-counter-collection-multiple-yaml
    Test #566: tests.integration.execute.rocprofv3-test-counter-collection-multiple-yaml ....................................................   Passed    0.97 sec
      Start 566: tests.integration.execute.rocprofv3-test-counter-collection-multiple-yaml
    Test #566: tests.integration.execute.rocprofv3-test-counter-collection-multiple-yaml ....................................................   Passed    0.98 sec
      Start 566: tests.integration.execute.rocprofv3-test-counter-collection-multiple-yaml
    Test #566: tests.integration.execute.rocprofv3-test-counter-collection-multiple-yaml ....................................................   Passed    0.98 sec
      Start 566: tests.integration.execute.rocprofv3-test-counter-collection-multiple-yaml
    Test #566: tests.integration.execute.rocprofv3-test-counter-collection-multiple-yaml ....................................................   Passed    0.97 sec
      Start 566: tests.integration.execute.rocprofv3-test-counter-collection-multiple-yaml
    Test #566: tests.integration.execute.rocprofv3-test-counter-collection-multiple-yaml ....................................................   Passed    0.97 sec
      Start 566: tests.integration.execute.rocprofv3-test-counter-collection-multiple-yaml
    Test #566: tests.integration.execute.rocprofv3-test-counter-collection-multiple-yaml ....................................................   Passed    0.98 sec
      Start 566: tests.integration.execute.rocprofv3-test-counter-collection-multiple-yaml
    Test #566: tests.integration.execute.rocprofv3-test-counter-collection-multiple-yaml ....................................................   Passed    0.98 sec
      Start 566: tests.integration.execute.rocprofv3-test-counter-collection-multiple-yaml
    Test #566: tests.integration.execute.rocprofv3-test-counter-collection-multiple-yaml ....................................................   Passed    0.98 sec
      Start 566: tests.integration.execute.rocprofv3-test-counter-collection-multiple-yaml
    Test #566: tests.integration.execute.rocprofv3-test-counter-collection-multiple-yaml ....................................................   Passed    0.98 sec
      Start 566: tests.integration.execute.rocprofv3-test-counter-collection-multiple-yaml
    Test #566: tests.integration.execute.rocprofv3-test-counter-collection-multiple-yaml ....................................................   Passed    0.98 sec
      Start 566: tests.integration.execute.rocprofv3-test-counter-collection-multiple-yaml
    Test #566: tests.integration.execute.rocprofv3-test-counter-collection-multiple-yaml ....................................................   Passed    0.98 sec
      Start 566: tests.integration.execute.rocprofv3-test-counter-collection-multiple-yaml
    Test #566: tests.integration.execute.rocprofv3-test-counter-collection-multiple-yaml ....................................................   Passed    0.99 sec
      Start 566: tests.integration.execute.rocprofv3-test-counter-collection-multiple-yaml
    Test #566: tests.integration.execute.rocprofv3-test-counter-collection-multiple-yaml ....................................................   Passed    0.98 sec
      Start 566: tests.integration.execute.rocprofv3-test-counter-collection-multiple-yaml
    Test #566: tests.integration.execute.rocprofv3-test-counter-collection-multiple-yaml ....................................................   Passed    0.98 sec
      Start 566: tests.integration.execute.rocprofv3-test-counter-collection-multiple-yaml
    Test #566: tests.integration.execute.rocprofv3-test-counter-collection-multiple-yaml ....................................................   Passed    0.99 sec
      Start 566: tests.integration.execute.rocprofv3-test-counter-collection-multiple-yaml
    Test #566: tests.integration.execute.rocprofv3-test-counter-collection-multiple-yaml ....................................................   Passed    0.98 sec
      Start 566: tests.integration.execute.rocprofv3-test-counter-collection-multiple-yaml
    Test #566: tests.integration.execute.rocprofv3-test-counter-collection-multiple-yaml ....................................................   Passed    0.98 sec
      Start 566: tests.integration.execute.rocprofv3-test-counter-collection-multiple-yaml
    Test #566: tests.integration.execute.rocprofv3-test-counter-collection-multiple-yaml ....................................................   Passed    0.98 sec
      Start 566: tests.integration.execute.rocprofv3-test-counter-collection-multiple-yaml
    Test #566: tests.integration.execute.rocprofv3-test-counter-collection-multiple-yaml ....................................................   Passed    0.98 sec
      Start 566: tests.integration.execute.rocprofv3-test-counter-collection-multiple-yaml
    Test #566: tests.integration.execute.rocprofv3-test-counter-collection-multiple-yaml ....................................................   Passed    0.97 sec
      Start 566: tests.integration.execute.rocprofv3-test-counter-collection-multiple-yaml
    Test #566: tests.integration.execute.rocprofv3-test-counter-collection-multiple-yaml ....................................................   Passed    0.99 sec
      Start 566: tests.integration.execute.rocprofv3-test-counter-collection-multiple-yaml
    Test #566: tests.integration.execute.rocprofv3-test-counter-collection-multiple-yaml ....................................................   Passed    0.99 sec
      Start 566: tests.integration.execute.rocprofv3-test-counter-collection-multiple-yaml
    Test #566: tests.integration.execute.rocprofv3-test-counter-collection-multiple-yaml ....................................................   Passed    0.98 sec
      Start 566: tests.integration.execute.rocprofv3-test-counter-collection-multiple-yaml
    Test #566: tests.integration.execute.rocprofv3-test-counter-collection-multiple-yaml ....................................................   Passed    0.99 sec
      Start 566: tests.integration.execute.rocprofv3-test-counter-collection-multiple-yaml
    Test #566: tests.integration.execute.rocprofv3-test-counter-collection-multiple-yaml ....................................................   Passed    0.98 sec
      Start 566: tests.integration.execute.rocprofv3-test-counter-collection-multiple-yaml
    Test #566: tests.integration.execute.rocprofv3-test-counter-collection-multiple-yaml ....................................................   Passed    0.98 sec
      Start 566: tests.integration.execute.rocprofv3-test-counter-collection-multiple-yaml
    Test #566: tests.integration.execute.rocprofv3-test-counter-collection-multiple-yaml ....................................................   Passed    0.98 sec
      Start 566: tests.integration.execute.rocprofv3-test-counter-collection-multiple-yaml
    Test #566: tests.integration.execute.rocprofv3-test-counter-collection-multiple-yaml ....................................................   Passed    0.98 sec
      Start 566: tests.integration.execute.rocprofv3-test-counter-collection-multiple-yaml
    Test #566: tests.integration.execute.rocprofv3-test-counter-collection-multiple-yaml ....................................................   Passed    0.99 sec
      Start 566: tests.integration.execute.rocprofv3-test-counter-collection-multiple-yaml
    Test #566: tests.integration.execute.rocprofv3-test-counter-collection-multiple-yaml ....................................................   Passed    0.99 sec
      Start 566: tests.integration.execute.rocprofv3-test-counter-collection-multiple-yaml
    Test #566: tests.integration.execute.rocprofv3-test-counter-collection-multiple-yaml ....................................................   Passed    0.97 sec
      Start 566: tests.integration.execute.rocprofv3-test-counter-collection-multiple-yaml
    Test #566: tests.integration.execute.rocprofv3-test-counter-collection-multiple-yaml ....................................................   Passed    0.98 sec
      Start 566: tests.integration.execute.rocprofv3-test-counter-collection-multiple-yaml
    Test #566: tests.integration.execute.rocprofv3-test-counter-collection-multiple-yaml ....................................................   Passed    0.98 sec
      Start 566: tests.integration.execute.rocprofv3-test-counter-collection-multiple-yaml
    Test #566: tests.integration.execute.rocprofv3-test-counter-collection-multiple-yaml ....................................................   Passed    0.98 sec
      Start 566: tests.integration.execute.rocprofv3-test-counter-collection-multiple-yaml
    Test #566: tests.integration.execute.rocprofv3-test-counter-collection-multiple-yaml ....................................................   Passed    0.98 sec
      Start 566: tests.integration.execute.rocprofv3-test-counter-collection-multiple-yaml
    Test #566: tests.integration.execute.rocprofv3-test-counter-collection-multiple-yaml ....................................................   Passed    0.98 sec
      Start 566: tests.integration.execute.rocprofv3-test-counter-collection-multiple-yaml
    Test #566: tests.integration.execute.rocprofv3-test-counter-collection-multiple-yaml ....................................................   Passed    0.98 sec
      Start 566: tests.integration.execute.rocprofv3-test-counter-collection-multiple-yaml
    Test #566: tests.integration.execute.rocprofv3-test-counter-collection-multiple-yaml ....................................................   Passed    0.98 sec
      Start 566: tests.integration.execute.rocprofv3-test-counter-collection-multiple-yaml
    Test #566: tests.integration.execute.rocprofv3-test-counter-collection-multiple-yaml ....................................................   Passed    0.98 sec
      Start 566: tests.integration.execute.rocprofv3-test-counter-collection-multiple-yaml
    Test #566: tests.integration.execute.rocprofv3-test-counter-collection-multiple-yaml ....................................................   Passed    0.97 sec
      Start 566: tests.integration.execute.rocprofv3-test-counter-collection-multiple-yaml
    Test #566: tests.integration.execute.rocprofv3-test-counter-collection-multiple-yaml ....................................................   Passed    0.97 sec
      Start 566: tests.integration.execute.rocprofv3-test-counter-collection-multiple-yaml
    Test #566: tests.integration.execute.rocprofv3-test-counter-collection-multiple-yaml ....................................................   Passed    0.98 sec
      Start 566: tests.integration.execute.rocprofv3-test-counter-collection-multiple-yaml
    Test #566: tests.integration.execute.rocprofv3-test-counter-collection-multiple-yaml ....................................................   Passed    0.96 sec
      Start 566: tests.integration.execute.rocprofv3-test-counter-collection-multiple-yaml
    Test #566: tests.integration.execute.rocprofv3-test-counter-collection-multiple-yaml ....................................................   Passed    0.98 sec
      Start 566: tests.integration.execute.rocprofv3-test-counter-collection-multiple-yaml
    Test #566: tests.integration.execute.rocprofv3-test-counter-collection-multiple-yaml ....................................................   Passed    0.98 sec
      Start 566: tests.integration.execute.rocprofv3-test-counter-collection-multiple-yaml
    Test #566: tests.integration.execute.rocprofv3-test-counter-collection-multiple-yaml ....................................................   Passed    0.98 sec
      Start 566: tests.integration.execute.rocprofv3-test-counter-collection-multiple-yaml
    Test #566: tests.integration.execute.rocprofv3-test-counter-collection-multiple-yaml ....................................................   Passed    0.98 sec
      Start 566: tests.integration.execute.rocprofv3-test-counter-collection-multiple-yaml
    Test #566: tests.integration.execute.rocprofv3-test-counter-collection-multiple-yaml ....................................................   Passed    0.98 sec
      Start 566: tests.integration.execute.rocprofv3-test-counter-collection-multiple-yaml
    Test #566: tests.integration.execute.rocprofv3-test-counter-collection-multiple-yaml ....................................................   Passed    0.98 sec
      Start 566: tests.integration.execute.rocprofv3-test-counter-collection-multiple-yaml
    Test #566: tests.integration.execute.rocprofv3-test-counter-collection-multiple-yaml ....................................................   Passed    0.98 sec
      Start 566: tests.integration.execute.rocprofv3-test-counter-collection-multiple-yaml
    Test #566: tests.integration.execute.rocprofv3-test-counter-collection-multiple-yaml ....................................................   Passed    0.99 sec
      Start 566: tests.integration.execute.rocprofv3-test-counter-collection-multiple-yaml
    Test #566: tests.integration.execute.rocprofv3-test-counter-collection-multiple-yaml ....................................................   Passed    1.00 sec
      Start 566: tests.integration.execute.rocprofv3-test-counter-collection-multiple-yaml
    Test #566: tests.integration.execute.rocprofv3-test-counter-collection-multiple-yaml ....................................................   Passed    0.98 sec
      Start 566: tests.integration.execute.rocprofv3-test-counter-collection-multiple-yaml
    Test #566: tests.integration.execute.rocprofv3-test-counter-collection-multiple-yaml ....................................................   Passed    0.98 sec
      Start 566: tests.integration.execute.rocprofv3-test-counter-collection-multiple-yaml
    Test #566: tests.integration.execute.rocprofv3-test-counter-collection-multiple-yaml ....................................................   Passed    0.98 sec
      Start 566: tests.integration.execute.rocprofv3-test-counter-collection-multiple-yaml
    Test #566: tests.integration.execute.rocprofv3-test-counter-collection-multiple-yaml ....................................................   Passed    0.98 sec
      Start 566: tests.integration.execute.rocprofv3-test-counter-collection-multiple-yaml
    Test #566: tests.integration.execute.rocprofv3-test-counter-collection-multiple-yaml ....................................................   Passed    0.97 sec
      Start 566: tests.integration.execute.rocprofv3-test-counter-collection-multiple-yaml
    Test #566: tests.integration.execute.rocprofv3-test-counter-collection-multiple-yaml ....................................................   Passed    0.98 sec
      Start 566: tests.integration.execute.rocprofv3-test-counter-collection-multiple-yaml
    Test #566: tests.integration.execute.rocprofv3-test-counter-collection-multiple-yaml ....................................................   Passed    0.98 sec
      Start 566: tests.integration.execute.rocprofv3-test-counter-collection-multiple-yaml
    Test #566: tests.integration.execute.rocprofv3-test-counter-collection-multiple-yaml ....................................................   Passed    0.97 sec
      Start 566: tests.integration.execute.rocprofv3-test-counter-collection-multiple-yaml
    Test #566: tests.integration.execute.rocprofv3-test-counter-collection-multiple-yaml ....................................................   Passed    0.99 sec
      Start 566: tests.integration.execute.rocprofv3-test-counter-collection-multiple-yaml
    Test #566: tests.integration.execute.rocprofv3-test-counter-collection-multiple-yaml ....................................................   Passed    0.97 sec
      Start 566: tests.integration.execute.rocprofv3-test-counter-collection-multiple-yaml
    Test #566: tests.integration.execute.rocprofv3-test-counter-collection-multiple-yaml ....................................................   Passed    0.98 sec
      Start 566: tests.integration.execute.rocprofv3-test-counter-collection-multiple-yaml
    Test #566: tests.integration.execute.rocprofv3-test-counter-collection-multiple-yaml ....................................................   Passed    0.99 sec
      Start 566: tests.integration.execute.rocprofv3-test-counter-collection-multiple-yaml
    Test #566: tests.integration.execute.rocprofv3-test-counter-collection-multiple-yaml ....................................................   Passed    0.98 sec
      Start 566: tests.integration.execute.rocprofv3-test-counter-collection-multiple-yaml
    Test #566: tests.integration.execute.rocprofv3-test-counter-collection-multiple-yaml ....................................................   Passed    0.98 sec
      Start 566: tests.integration.execute.rocprofv3-test-counter-collection-multiple-yaml
    Test #566: tests.integration.execute.rocprofv3-test-counter-collection-multiple-yaml ....................................................   Passed    0.98 sec
      Start 566: tests.integration.execute.rocprofv3-test-counter-collection-multiple-yaml
    Test #566: tests.integration.execute.rocprofv3-test-counter-collection-multiple-yaml ....................................................   Passed    0.98 sec
      Start 566: tests.integration.execute.rocprofv3-test-counter-collection-multiple-yaml
    Test #566: tests.integration.execute.rocprofv3-test-counter-collection-multiple-yaml ....................................................   Passed    0.98 sec
      Start 566: tests.integration.execute.rocprofv3-test-counter-collection-multiple-yaml
    Test #566: tests.integration.execute.rocprofv3-test-counter-collection-multiple-yaml ....................................................   Passed    0.98 sec
      Start 566: tests.integration.execute.rocprofv3-test-counter-collection-multiple-yaml
    Test #566: tests.integration.execute.rocprofv3-test-counter-collection-multiple-yaml ....................................................   Passed    0.97 sec
      Start 566: tests.integration.execute.rocprofv3-test-counter-collection-multiple-yaml
    Test #566: tests.integration.execute.rocprofv3-test-counter-collection-multiple-yaml ....................................................   Passed    0.98 sec
      Start 566: tests.integration.execute.rocprofv3-test-counter-collection-multiple-yaml
    Test #566: tests.integration.execute.rocprofv3-test-counter-collection-multiple-yaml ....................................................   Passed    0.98 sec
      Start 566: tests.integration.execute.rocprofv3-test-counter-collection-multiple-yaml
    Test #566: tests.integration.execute.rocprofv3-test-counter-collection-multiple-yaml ....................................................   Passed    0.99 sec
      Start 566: tests.integration.execute.rocprofv3-test-counter-collection-multiple-yaml
    Test #566: tests.integration.execute.rocprofv3-test-counter-collection-multiple-yaml ....................................................   Passed    0.98 sec
      Start 566: tests.integration.execute.rocprofv3-test-counter-collection-multiple-yaml
    Test #566: tests.integration.execute.rocprofv3-test-counter-collection-multiple-yaml ....................................................   Passed    0.98 sec
      Start 566: tests.integration.execute.rocprofv3-test-counter-collection-multiple-yaml
    Test #566: tests.integration.execute.rocprofv3-test-counter-collection-multiple-yaml ....................................................   Passed    0.98 sec
      Start 566: tests.integration.execute.rocprofv3-test-counter-collection-multiple-yaml
    Test #566: tests.integration.execute.rocprofv3-test-counter-collection-multiple-yaml ....................................................   Passed    0.97 sec
      Start 566: tests.integration.execute.rocprofv3-test-counter-collection-multiple-yaml
    Test #566: tests.integration.execute.rocprofv3-test-counter-collection-multiple-yaml ....................................................   Passed    0.99 sec
      Start 566: tests.integration.execute.rocprofv3-test-counter-collection-multiple-yaml
    Test #566: tests.integration.execute.rocprofv3-test-counter-collection-multiple-yaml ....................................................   Passed    0.98 sec
      Start 566: tests.integration.execute.rocprofv3-test-counter-collection-multiple-yaml
    Test #566: tests.integration.execute.rocprofv3-test-counter-collection-multiple-yaml ....................................................   Passed    0.97 sec
      Start 566: tests.integration.execute.rocprofv3-test-counter-collection-multiple-yaml
    Test #566: tests.integration.execute.rocprofv3-test-counter-collection-multiple-yaml ....................................................   Passed    0.98 sec
      Start 566: tests.integration.execute.rocprofv3-test-counter-collection-multiple-yaml
    Test #566: tests.integration.execute.rocprofv3-test-counter-collection-multiple-yaml ....................................................   Passed    0.98 sec
      Start 566: tests.integration.execute.rocprofv3-test-counter-collection-multiple-yaml
    Test #566: tests.integration.execute.rocprofv3-test-counter-collection-multiple-yaml ....................................................   Passed    0.98 sec
      Start 566: tests.integration.execute.rocprofv3-test-counter-collection-multiple-yaml
    Test #566: tests.integration.execute.rocprofv3-test-counter-collection-multiple-yaml ....................................................   Passed    0.98 sec
      Start 566: tests.integration.execute.rocprofv3-test-counter-collection-multiple-yaml
    Test #566: tests.integration.execute.rocprofv3-test-counter-collection-multiple-yaml ....................................................   Passed    0.97 sec
      Start 566: tests.integration.execute.rocprofv3-test-counter-collection-multiple-yaml
    Test #566: tests.integration.execute.rocprofv3-test-counter-collection-multiple-yaml ....................................................   Passed    0.98 sec
      Start 566: tests.integration.execute.rocprofv3-test-counter-collection-multiple-yaml
    Test #566: tests.integration.execute.rocprofv3-test-counter-collection-multiple-yaml ....................................................   Passed    0.97 sec
      Start 566: tests.integration.execute.rocprofv3-test-counter-collection-multiple-yaml
    Test #566: tests.integration.execute.rocprofv3-test-counter-collection-multiple-yaml ....................................................   Passed    0.97 sec
      Start 566: tests.integration.execute.rocprofv3-test-counter-collection-multiple-yaml
    Test #566: tests.integration.execute.rocprofv3-test-counter-collection-multiple-yaml ....................................................   Passed    0.98 sec
      Start 566: tests.integration.execute.rocprofv3-test-counter-collection-multiple-yaml
    Test #566: tests.integration.execute.rocprofv3-test-counter-collection-multiple-yaml ....................................................   Passed    0.97 sec
      Start 566: tests.integration.execute.rocprofv3-test-counter-collection-multiple-yaml
    Test #566: tests.integration.execute.rocprofv3-test-counter-collection-multiple-yaml ....................................................   Passed    0.98 sec
      Start 566: tests.integration.execute.rocprofv3-test-counter-collection-multiple-yaml
    Test #566: tests.integration.execute.rocprofv3-test-counter-collection-multiple-yaml ....................................................   Passed    0.97 sec
      Start 566: tests.integration.execute.rocprofv3-test-counter-collection-multiple-yaml
    Test #566: tests.integration.execute.rocprofv3-test-counter-collection-multiple-yaml ....................................................   Passed    0.98 sec
      Start 566: tests.integration.execute.rocprofv3-test-counter-collection-multiple-yaml
    Test #566: tests.integration.execute.rocprofv3-test-counter-collection-multiple-yaml ....................................................   Passed    0.98 sec
      Start 566: tests.integration.execute.rocprofv3-test-counter-collection-multiple-yaml
    Test #566: tests.integration.execute.rocprofv3-test-counter-collection-multiple-yaml ....................................................   Passed    0.98 sec
      Start 566: tests.integration.execute.rocprofv3-test-counter-collection-multiple-yaml
    Test #566: tests.integration.execute.rocprofv3-test-counter-collection-multiple-yaml ....................................................   Passed    0.98 sec
      Start 566: tests.integration.execute.rocprofv3-test-counter-collection-multiple-yaml
    Test #566: tests.integration.execute.rocprofv3-test-counter-collection-multiple-yaml ....................................................   Passed    0.98 sec
      Start 566: tests.integration.execute.rocprofv3-test-counter-collection-multiple-yaml
    Test #566: tests.integration.execute.rocprofv3-test-counter-collection-multiple-yaml ....................................................   Passed    0.98 sec
      Start 566: tests.integration.execute.rocprofv3-test-counter-collection-multiple-yaml
    Test #566: tests.integration.execute.rocprofv3-test-counter-collection-multiple-yaml ....................................................   Passed    0.98 sec
      Start 566: tests.integration.execute.rocprofv3-test-counter-collection-multiple-yaml
    Test #566: tests.integration.execute.rocprofv3-test-counter-collection-multiple-yaml ....................................................   Passed    0.98 sec
      Start 566: tests.integration.execute.rocprofv3-test-counter-collection-multiple-yaml
    Test #566: tests.integration.execute.rocprofv3-test-counter-collection-multiple-yaml ....................................................   Passed    0.99 sec
      Start 566: tests.integration.execute.rocprofv3-test-counter-collection-multiple-yaml
    Test #566: tests.integration.execute.rocprofv3-test-counter-collection-multiple-yaml ....................................................   Passed    0.98 sec
      Start 566: tests.integration.execute.rocprofv3-test-counter-collection-multiple-yaml
    Test #566: tests.integration.execute.rocprofv3-test-counter-collection-multiple-yaml ....................................................   Passed    0.99 sec
      Start 566: tests.integration.execute.rocprofv3-test-counter-collection-multiple-yaml
    Test #566: tests.integration.execute.rocprofv3-test-counter-collection-multiple-yaml ....................................................   Passed    1.00 sec
      Start 566: tests.integration.execute.rocprofv3-test-counter-collection-multiple-yaml
    Test #566: tests.integration.execute.rocprofv3-test-counter-collection-multiple-yaml ....................................................   Passed    0.98 sec
      Start 566: tests.integration.execute.rocprofv3-test-counter-collection-multiple-yaml
    Test #566: tests.integration.execute.rocprofv3-test-counter-collection-multiple-yaml ....................................................   Passed    0.97 sec
      Start 566: tests.integration.execute.rocprofv3-test-counter-collection-multiple-yaml
    Test #566: tests.integration.execute.rocprofv3-test-counter-collection-multiple-yaml ....................................................   Passed    0.98 sec
      Start 566: tests.integration.execute.rocprofv3-test-counter-collection-multiple-yaml
    Test #566: tests.integration.execute.rocprofv3-test-counter-collection-multiple-yaml ....................................................   Passed    0.98 sec
      Start 566: tests.integration.execute.rocprofv3-test-counter-collection-multiple-yaml
    Test #566: tests.integration.execute.rocprofv3-test-counter-collection-multiple-yaml ....................................................   Passed    0.99 sec
      Start 566: tests.integration.execute.rocprofv3-test-counter-collection-multiple-yaml
    Test #566: tests.integration.execute.rocprofv3-test-counter-collection-multiple-yaml ....................................................   Passed    0.99 sec
      Start 566: tests.integration.execute.rocprofv3-test-counter-collection-multiple-yaml
    Test #566: tests.integration.execute.rocprofv3-test-counter-collection-multiple-yaml ....................................................   Passed    0.98 sec
      Start 566: tests.integration.execute.rocprofv3-test-counter-collection-multiple-yaml
    Test #566: tests.integration.execute.rocprofv3-test-counter-collection-multiple-yaml ....................................................   Passed    0.98 sec
      Start 566: tests.integration.execute.rocprofv3-test-counter-collection-multiple-yaml
    Test #566: tests.integration.execute.rocprofv3-test-counter-collection-multiple-yaml ....................................................   Passed    0.97 sec
      Start 566: tests.integration.execute.rocprofv3-test-counter-collection-multiple-yaml
    Test #566: tests.integration.execute.rocprofv3-test-counter-collection-multiple-yaml ....................................................   Passed    0.98 sec
      Start 566: tests.integration.execute.rocprofv3-test-counter-collection-multiple-yaml
    Test #566: tests.integration.execute.rocprofv3-test-counter-collection-multiple-yaml ....................................................   Passed    0.98 sec
      Start 566: tests.integration.execute.rocprofv3-test-counter-collection-multiple-yaml
    Test #566: tests.integration.execute.rocprofv3-test-counter-collection-multiple-yaml ....................................................   Passed    0.97 sec
      Start 566: tests.integration.execute.rocprofv3-test-counter-collection-multiple-yaml
    Test #566: tests.integration.execute.rocprofv3-test-counter-collection-multiple-yaml ....................................................   Passed    0.97 sec
      Start 566: tests.integration.execute.rocprofv3-test-counter-collection-multiple-yaml
    Test #566: tests.integration.execute.rocprofv3-test-counter-collection-multiple-yaml ....................................................   Passed    0.97 sec
      Start 566: tests.integration.execute.rocprofv3-test-counter-collection-multiple-yaml
    Test #566: tests.integration.execute.rocprofv3-test-counter-collection-multiple-yaml ....................................................   Passed    0.98 sec
      Start 566: tests.integration.execute.rocprofv3-test-counter-collection-multiple-yaml
    Test #566: tests.integration.execute.rocprofv3-test-counter-collection-multiple-yaml ....................................................   Passed    0.98 sec
      Start 566: tests.integration.execute.rocprofv3-test-counter-collection-multiple-yaml
    Test #566: tests.integration.execute.rocprofv3-test-counter-collection-multiple-yaml ....................................................   Passed    0.98 sec
      Start 566: tests.integration.execute.rocprofv3-test-counter-collection-multiple-yaml
    Test #566: tests.integration.execute.rocprofv3-test-counter-collection-multiple-yaml ....................................................   Passed    0.98 sec
      Start 566: tests.integration.execute.rocprofv3-test-counter-collection-multiple-yaml
    Test #566: tests.integration.execute.rocprofv3-test-counter-collection-multiple-yaml ....................................................   Passed    0.97 sec
      Start 566: tests.integration.execute.rocprofv3-test-counter-collection-multiple-yaml
    Test #566: tests.integration.execute.rocprofv3-test-counter-collection-multiple-yaml ....................................................   Passed    0.98 sec
      Start 566: tests.integration.execute.rocprofv3-test-counter-collection-multiple-yaml
    Test #566: tests.integration.execute.rocprofv3-test-counter-collection-multiple-yaml ....................................................   Passed    0.99 sec
      Start 566: tests.integration.execute.rocprofv3-test-counter-collection-multiple-yaml
    Test #566: tests.integration.execute.rocprofv3-test-counter-collection-multiple-yaml ....................................................   Passed    0.98 sec
      Start 566: tests.integration.execute.rocprofv3-test-counter-collection-multiple-yaml
    Test #566: tests.integration.execute.rocprofv3-test-counter-collection-multiple-yaml ....................................................   Passed    0.98 sec
      Start 566: tests.integration.execute.rocprofv3-test-counter-collection-multiple-yaml
    Test #566: tests.integration.execute.rocprofv3-test-counter-collection-multiple-yaml ....................................................   Passed    0.98 sec
      Start 566: tests.integration.execute.rocprofv3-test-counter-collection-multiple-yaml
    Test #566: tests.integration.execute.rocprofv3-test-counter-collection-multiple-yaml ....................................................   Passed    0.98 sec
      Start 566: tests.integration.execute.rocprofv3-test-counter-collection-multiple-yaml
    Test #566: tests.integration.execute.rocprofv3-test-counter-collection-multiple-yaml ....................................................   Passed    0.97 sec
      Start 566: tests.integration.execute.rocprofv3-test-counter-collection-multiple-yaml
    Test #566: tests.integration.execute.rocprofv3-test-counter-collection-multiple-yaml ....................................................   Passed    0.99 sec
      Start 566: tests.integration.execute.rocprofv3-test-counter-collection-multiple-yaml
    Test #566: tests.integration.execute.rocprofv3-test-counter-collection-multiple-yaml ....................................................   Passed    0.98 sec
      Start 566: tests.integration.execute.rocprofv3-test-counter-collection-multiple-yaml
    Test #566: tests.integration.execute.rocprofv3-test-counter-collection-multiple-yaml ....................................................   Passed    0.98 sec
      Start 566: tests.integration.execute.rocprofv3-test-counter-collection-multiple-yaml
    Test #566: tests.integration.execute.rocprofv3-test-counter-collection-multiple-yaml ....................................................   Passed    0.98 sec
      Start 566: tests.integration.execute.rocprofv3-test-counter-collection-multiple-yaml
    Test #566: tests.integration.execute.rocprofv3-test-counter-collection-multiple-yaml ....................................................   Passed    0.98 sec
      Start 566: tests.integration.execute.rocprofv3-test-counter-collection-multiple-yaml
    Test #566: tests.integration.execute.rocprofv3-test-counter-collection-multiple-yaml ....................................................   Passed    0.98 sec
      Start 566: tests.integration.execute.rocprofv3-test-counter-collection-multiple-yaml
    Test #566: tests.integration.execute.rocprofv3-test-counter-collection-multiple-yaml ....................................................   Passed    0.98 sec
      Start 566: tests.integration.execute.rocprofv3-test-counter-collection-multiple-yaml
    Test #566: tests.integration.execute.rocprofv3-test-counter-collection-multiple-yaml ....................................................   Passed    0.98 sec
      Start 566: tests.integration.execute.rocprofv3-test-counter-collection-multiple-yaml
    Test #566: tests.integration.execute.rocprofv3-test-counter-collection-multiple-yaml ....................................................   Passed    0.98 sec
      Start 566: tests.integration.execute.rocprofv3-test-counter-collection-multiple-yaml
    Test #566: tests.integration.execute.rocprofv3-test-counter-collection-multiple-yaml ....................................................   Passed    0.98 sec
      Start 566: tests.integration.execute.rocprofv3-test-counter-collection-multiple-yaml
    Test #566: tests.integration.execute.rocprofv3-test-counter-collection-multiple-yaml ....................................................   Passed    0.99 sec
      Start 566: tests.integration.execute.rocprofv3-test-counter-collection-multiple-yaml
    Test #566: tests.integration.execute.rocprofv3-test-counter-collection-multiple-yaml ....................................................   Passed    0.98 sec
      Start 566: tests.integration.execute.rocprofv3-test-counter-collection-multiple-yaml
    Test #566: tests.integration.execute.rocprofv3-test-counter-collection-multiple-yaml ....................................................   Passed    0.99 sec
      Start 566: tests.integration.execute.rocprofv3-test-counter-collection-multiple-yaml
    Test #566: tests.integration.execute.rocprofv3-test-counter-collection-multiple-yaml ....................................................   Passed    0.98 sec
      Start 566: tests.integration.execute.rocprofv3-test-counter-collection-multiple-yaml
    Test #566: tests.integration.execute.rocprofv3-test-counter-collection-multiple-yaml ....................................................   Passed    0.98 sec
      Start 566: tests.integration.execute.rocprofv3-test-counter-collection-multiple-yaml
    Test #566: tests.integration.execute.rocprofv3-test-counter-collection-multiple-yaml ....................................................   Passed    0.98 sec
      Start 566: tests.integration.execute.rocprofv3-test-counter-collection-multiple-yaml
    Test #566: tests.integration.execute.rocprofv3-test-counter-collection-multiple-yaml ....................................................   Passed    0.98 sec
      Start 566: tests.integration.execute.rocprofv3-test-counter-collection-multiple-yaml
    Test #566: tests.integration.execute.rocprofv3-test-counter-collection-multiple-yaml ....................................................   Passed    0.99 sec
      Start 566: tests.integration.execute.rocprofv3-test-counter-collection-multiple-yaml
    Test #566: tests.integration.execute.rocprofv3-test-counter-collection-multiple-yaml ....................................................   Passed    0.98 sec
      Start 566: tests.integration.execute.rocprofv3-test-counter-collection-multiple-yaml
    Test #566: tests.integration.execute.rocprofv3-test-counter-collection-multiple-yaml ....................................................   Passed    0.99 sec
      Start 566: tests.integration.execute.rocprofv3-test-counter-collection-multiple-yaml
    Test #566: tests.integration.execute.rocprofv3-test-counter-collection-multiple-yaml ....................................................   Passed    0.98 sec
      Start 566: tests.integration.execute.rocprofv3-test-counter-collection-multiple-yaml
    Test #566: tests.integration.execute.rocprofv3-test-counter-collection-multiple-yaml ....................................................   Passed    0.97 sec
      Start 566: tests.integration.execute.rocprofv3-test-counter-collection-multiple-yaml
    Test #566: tests.integration.execute.rocprofv3-test-counter-collection-multiple-yaml ....................................................   Passed    0.99 sec
      Start 566: tests.integration.execute.rocprofv3-test-counter-collection-multiple-yaml
    Test #566: tests.integration.execute.rocprofv3-test-counter-collection-multiple-yaml ....................................................   Passed    0.98 sec
      Start 566: tests.integration.execute.rocprofv3-test-counter-collection-multiple-yaml
    Test #566: tests.integration.execute.rocprofv3-test-counter-collection-multiple-yaml ....................................................   Passed    0.97 sec
      Start 566: tests.integration.execute.rocprofv3-test-counter-collection-multiple-yaml
    Test #566: tests.integration.execute.rocprofv3-test-counter-collection-multiple-yaml ....................................................   Passed    0.99 sec
      Start 566: tests.integration.execute.rocprofv3-test-counter-collection-multiple-yaml
    Test #566: tests.integration.execute.rocprofv3-test-counter-collection-multiple-yaml ....................................................   Passed    0.97 sec
      Start 566: tests.integration.execute.rocprofv3-test-counter-collection-multiple-yaml
    Test #566: tests.integration.execute.rocprofv3-test-counter-collection-multiple-yaml ....................................................   Passed    0.98 sec
      Start 566: tests.integration.execute.rocprofv3-test-counter-collection-multiple-yaml
    Test #566: tests.integration.execute.rocprofv3-test-counter-collection-multiple-yaml ....................................................   Passed    0.98 sec
      Start 566: tests.integration.execute.rocprofv3-test-counter-collection-multiple-yaml
    Test #566: tests.integration.execute.rocprofv3-test-counter-collection-multiple-yaml ....................................................   Passed    0.98 sec
      Start 566: tests.integration.execute.rocprofv3-test-counter-collection-multiple-yaml
    Test #566: tests.integration.execute.rocprofv3-test-counter-collection-multiple-yaml ....................................................   Passed    0.97 sec
      Start 566: tests.integration.execute.rocprofv3-test-counter-collection-multiple-yaml
    Test #566: tests.integration.execute.rocprofv3-test-counter-collection-multiple-yaml ....................................................   Passed    0.98 sec
      Start 566: tests.integration.execute.rocprofv3-test-counter-collection-multiple-yaml
    Test #566: tests.integration.execute.rocprofv3-test-counter-collection-multiple-yaml ....................................................   Passed    0.98 sec
      Start 566: tests.integration.execute.rocprofv3-test-counter-collection-multiple-yaml
    Test #566: tests.integration.execute.rocprofv3-test-counter-collection-multiple-yaml ....................................................   Passed    0.97 sec
      Start 566: tests.integration.execute.rocprofv3-test-counter-collection-multiple-yaml
    Test #566: tests.integration.execute.rocprofv3-test-counter-collection-multiple-yaml ....................................................   Passed    0.98 sec
      Start 566: tests.integration.execute.rocprofv3-test-counter-collection-multiple-yaml
    Test #566: tests.integration.execute.rocprofv3-test-counter-collection-multiple-yaml ....................................................   Passed    0.98 sec
      Start 566: tests.integration.execute.rocprofv3-test-counter-collection-multiple-yaml
    Test #566: tests.integration.execute.rocprofv3-test-counter-collection-multiple-yaml ....................................................   Passed    0.98 sec
      Start 566: tests.integration.execute.rocprofv3-test-counter-collection-multiple-yaml
    Test #566: tests.integration.execute.rocprofv3-test-counter-collection-multiple-yaml ....................................................   Passed    0.98 sec
      Start 566: tests.integration.execute.rocprofv3-test-counter-collection-multiple-yaml
    Test #566: tests.integration.execute.rocprofv3-test-counter-collection-multiple-yaml ....................................................   Passed    0.98 sec
      Start 566: tests.integration.execute.rocprofv3-test-counter-collection-multiple-yaml
    Test #566: tests.integration.execute.rocprofv3-test-counter-collection-multiple-yaml ....................................................   Passed    0.98 sec
      Start 566: tests.integration.execute.rocprofv3-test-counter-collection-multiple-yaml
    Test #566: tests.integration.execute.rocprofv3-test-counter-collection-multiple-yaml ....................................................   Passed    0.98 sec
      Start 566: tests.integration.execute.rocprofv3-test-counter-collection-multiple-yaml
    Test #566: tests.integration.execute.rocprofv3-test-counter-collection-multiple-yaml ....................................................   Passed    0.97 sec
      Start 566: tests.integration.execute.rocprofv3-test-counter-collection-multiple-yaml
    Test #566: tests.integration.execute.rocprofv3-test-counter-collection-multiple-yaml ....................................................   Passed    0.98 sec
      Start 566: tests.integration.execute.rocprofv3-test-counter-collection-multiple-yaml
    Test #566: tests.integration.execute.rocprofv3-test-counter-collection-multiple-yaml ....................................................   Passed    0.98 sec
      Start 566: tests.integration.execute.rocprofv3-test-counter-collection-multiple-yaml
    Test #566: tests.integration.execute.rocprofv3-test-counter-collection-multiple-yaml ....................................................   Passed    0.98 sec
      Start 566: tests.integration.execute.rocprofv3-test-counter-collection-multiple-yaml
    Test #566: tests.integration.execute.rocprofv3-test-counter-collection-multiple-yaml ....................................................   Passed    0.99 sec
      Start 566: tests.integration.execute.rocprofv3-test-counter-collection-multiple-yaml
    Test #566: tests.integration.execute.rocprofv3-test-counter-collection-multiple-yaml ....................................................   Passed    0.97 sec
      Start 566: tests.integration.execute.rocprofv3-test-counter-collection-multiple-yaml
    Test #566: tests.integration.execute.rocprofv3-test-counter-collection-multiple-yaml ....................................................   Passed    0.97 sec
      Start 566: tests.integration.execute.rocprofv3-test-counter-collection-multiple-yaml
    Test #566: tests.integration.execute.rocprofv3-test-counter-collection-multiple-yaml ....................................................   Passed    0.98 sec
      Start 566: tests.integration.execute.rocprofv3-test-counter-collection-multiple-yaml
    Test #566: tests.integration.execute.rocprofv3-test-counter-collection-multiple-yaml ....................................................   Passed    0.97 sec
      Start 566: tests.integration.execute.rocprofv3-test-counter-collection-multiple-yaml
    Test #566: tests.integration.execute.rocprofv3-test-counter-collection-multiple-yaml ....................................................   Passed    0.98 sec
      Start 566: tests.integration.execute.rocprofv3-test-counter-collection-multiple-yaml
    Test #566: tests.integration.execute.rocprofv3-test-counter-collection-multiple-yaml ....................................................   Passed    0.98 sec
      Start 566: tests.integration.execute.rocprofv3-test-counter-collection-multiple-yaml
    Test #566: tests.integration.execute.rocprofv3-test-counter-collection-multiple-yaml ....................................................   Passed    0.98 sec
      Start 566: tests.integration.execute.rocprofv3-test-counter-collection-multiple-yaml
    Test #566: tests.integration.execute.rocprofv3-test-counter-collection-multiple-yaml ....................................................   Passed    0.98 sec
      Start 566: tests.integration.execute.rocprofv3-test-counter-collection-multiple-yaml
    Test #566: tests.integration.execute.rocprofv3-test-counter-collection-multiple-yaml ....................................................   Passed    0.98 sec
      Start 566: tests.integration.execute.rocprofv3-test-counter-collection-multiple-yaml
    Test #566: tests.integration.execute.rocprofv3-test-counter-collection-multiple-yaml ....................................................   Passed    0.98 sec
      Start 566: tests.integration.execute.rocprofv3-test-counter-collection-multiple-yaml
    Test #566: tests.integration.execute.rocprofv3-test-counter-collection-multiple-yaml ....................................................   Passed    0.99 sec
      Start 566: tests.integration.execute.rocprofv3-test-counter-collection-multiple-yaml
    Test #566: tests.integration.execute.rocprofv3-test-counter-collection-multiple-yaml ....................................................   Passed    0.98 sec
      Start 566: tests.integration.execute.rocprofv3-test-counter-collection-multiple-yaml
    Test #566: tests.integration.execute.rocprofv3-test-counter-collection-multiple-yaml ....................................................   Passed    0.99 sec
      Start 566: tests.integration.execute.rocprofv3-test-counter-collection-multiple-yaml
    Test #566: tests.integration.execute.rocprofv3-test-counter-collection-multiple-yaml ....................................................   Passed    0.98 sec
      Start 566: tests.integration.execute.rocprofv3-test-counter-collection-multiple-yaml
    Test #566: tests.integration.execute.rocprofv3-test-counter-collection-multiple-yaml ....................................................   Passed    0.99 sec
      Start 566: tests.integration.execute.rocprofv3-test-counter-collection-multiple-yaml
    Test #566: tests.integration.execute.rocprofv3-test-counter-collection-multiple-yaml ....................................................   Passed    0.99 sec
      Start 566: tests.integration.execute.rocprofv3-test-counter-collection-multiple-yaml
    Test #566: tests.integration.execute.rocprofv3-test-counter-collection-multiple-yaml ....................................................   Passed    0.97 sec
      Start 566: tests.integration.execute.rocprofv3-test-counter-collection-multiple-yaml
    Test #566: tests.integration.execute.rocprofv3-test-counter-collection-multiple-yaml ....................................................   Passed    0.99 sec
      Start 566: tests.integration.execute.rocprofv3-test-counter-collection-multiple-yaml
    Test #566: tests.integration.execute.rocprofv3-test-counter-collection-multiple-yaml ....................................................   Passed    0.98 sec
      Start 566: tests.integration.execute.rocprofv3-test-counter-collection-multiple-yaml
    Test #566: tests.integration.execute.rocprofv3-test-counter-collection-multiple-yaml ....................................................   Passed    0.98 sec
      Start 566: tests.integration.execute.rocprofv3-test-counter-collection-multiple-yaml
    Test #566: tests.integration.execute.rocprofv3-test-counter-collection-multiple-yaml ....................................................   Passed    0.98 sec
      Start 566: tests.integration.execute.rocprofv3-test-counter-collection-multiple-yaml
    Test #566: tests.integration.execute.rocprofv3-test-counter-collection-multiple-yaml ....................................................   Passed    0.98 sec
      Start 566: tests.integration.execute.rocprofv3-test-counter-collection-multiple-yaml
    Test #566: tests.integration.execute.rocprofv3-test-counter-collection-multiple-yaml ....................................................   Passed    0.99 sec
      Start 566: tests.integration.execute.rocprofv3-test-counter-collection-multiple-yaml
    Test #566: tests.integration.execute.rocprofv3-test-counter-collection-multiple-yaml ....................................................   Passed    0.99 sec
      Start 566: tests.integration.execute.rocprofv3-test-counter-collection-multiple-yaml
    Test #566: tests.integration.execute.rocprofv3-test-counter-collection-multiple-yaml ....................................................   Passed    0.99 sec
      Start 566: tests.integration.execute.rocprofv3-test-counter-collection-multiple-yaml
    Test #566: tests.integration.execute.rocprofv3-test-counter-collection-multiple-yaml ....................................................   Passed    0.98 sec
      Start 566: tests.integration.execute.rocprofv3-test-counter-collection-multiple-yaml
    Test #566: tests.integration.execute.rocprofv3-test-counter-collection-multiple-yaml ....................................................   Passed    0.98 sec
      Start 566: tests.integration.execute.rocprofv3-test-counter-collection-multiple-yaml
    Test #566: tests.integration.execute.rocprofv3-test-counter-collection-multiple-yaml ....................................................   Passed    0.98 sec
      Start 566: tests.integration.execute.rocprofv3-test-counter-collection-multiple-yaml
    Test #566: tests.integration.execute.rocprofv3-test-counter-collection-multiple-yaml ....................................................   Passed    0.99 sec
      Start 566: tests.integration.execute.rocprofv3-test-counter-collection-multiple-yaml
    Test #566: tests.integration.execute.rocprofv3-test-counter-collection-multiple-yaml ....................................................   Passed    0.99 sec
      Start 566: tests.integration.execute.rocprofv3-test-counter-collection-multiple-yaml
    Test #566: tests.integration.execute.rocprofv3-test-counter-collection-multiple-yaml ....................................................   Passed    0.98 sec
      Start 566: tests.integration.execute.rocprofv3-test-counter-collection-multiple-yaml
    Test #566: tests.integration.execute.rocprofv3-test-counter-collection-multiple-yaml ....................................................   Passed    0.98 sec
      Start 566: tests.integration.execute.rocprofv3-test-counter-collection-multiple-yaml
    Test #566: tests.integration.execute.rocprofv3-test-counter-collection-multiple-yaml ....................................................   Passed    0.98 sec
      Start 566: tests.integration.execute.rocprofv3-test-counter-collection-multiple-yaml
    Test #566: tests.integration.execute.rocprofv3-test-counter-collection-multiple-yaml ....................................................   Passed    0.99 sec
      Start 566: tests.integration.execute.rocprofv3-test-counter-collection-multiple-yaml
    Test #566: tests.integration.execute.rocprofv3-test-counter-collection-multiple-yaml ....................................................   Passed    0.97 sec
      Start 566: tests.integration.execute.rocprofv3-test-counter-collection-multiple-yaml
    Test #566: tests.integration.execute.rocprofv3-test-counter-collection-multiple-yaml ....................................................   Passed    0.98 sec
      Start 566: tests.integration.execute.rocprofv3-test-counter-collection-multiple-yaml
    Test #566: tests.integration.execute.rocprofv3-test-counter-collection-multiple-yaml ....................................................   Passed    0.98 sec
      Start 566: tests.integration.execute.rocprofv3-test-counter-collection-multiple-yaml
    Test #566: tests.integration.execute.rocprofv3-test-counter-collection-multiple-yaml ....................................................   Passed    0.98 sec
      Start 566: tests.integration.execute.rocprofv3-test-counter-collection-multiple-yaml
    Test #566: tests.integration.execute.rocprofv3-test-counter-collection-multiple-yaml ....................................................   Passed    0.98 sec
      Start 566: tests.integration.execute.rocprofv3-test-counter-collection-multiple-yaml
    Test #566: tests.integration.execute.rocprofv3-test-counter-collection-multiple-yaml ....................................................   Passed    0.98 sec
      Start 566: tests.integration.execute.rocprofv3-test-counter-collection-multiple-yaml
    Test #566: tests.integration.execute.rocprofv3-test-counter-collection-multiple-yaml ....................................................   Passed    0.98 sec
      Start 566: tests.integration.execute.rocprofv3-test-counter-collection-multiple-yaml
    Test #566: tests.integration.execute.rocprofv3-test-counter-collection-multiple-yaml ....................................................   Passed    0.98 sec
      Start 566: tests.integration.execute.rocprofv3-test-counter-collection-multiple-yaml
    Test #566: tests.integration.execute.rocprofv3-test-counter-collection-multiple-yaml ....................................................   Passed    0.98 sec
      Start 566: tests.integration.execute.rocprofv3-test-counter-collection-multiple-yaml
    Test #566: tests.integration.execute.rocprofv3-test-counter-collection-multiple-yaml ....................................................   Passed    0.98 sec
      Start 566: tests.integration.execute.rocprofv3-test-counter-collection-multiple-yaml
    Test #566: tests.integration.execute.rocprofv3-test-counter-collection-multiple-yaml ....................................................   Passed    1.00 sec
      Start 566: tests.integration.execute.rocprofv3-test-counter-collection-multiple-yaml
    Test #566: tests.integration.execute.rocprofv3-test-counter-collection-multiple-yaml ....................................................   Passed    0.98 sec
      Start 566: tests.integration.execute.rocprofv3-test-counter-collection-multiple-yaml
    Test #566: tests.integration.execute.rocprofv3-test-counter-collection-multiple-yaml ....................................................   Passed    0.98 sec
      Start 566: tests.integration.execute.rocprofv3-test-counter-collection-multiple-yaml
    Test #566: tests.integration.execute.rocprofv3-test-counter-collection-multiple-yaml ....................................................   Passed    1.00 sec
      Start 566: tests.integration.execute.rocprofv3-test-counter-collection-multiple-yaml
    Test #566: tests.integration.execute.rocprofv3-test-counter-collection-multiple-yaml ....................................................   Passed    0.98 sec
      Start 566: tests.integration.execute.rocprofv3-test-counter-collection-multiple-yaml
    Test #566: tests.integration.execute.rocprofv3-test-counter-collection-multiple-yaml ....................................................   Passed    0.98 sec
      Start 566: tests.integration.execute.rocprofv3-test-counter-collection-multiple-yaml
    Test #566: tests.integration.execute.rocprofv3-test-counter-collection-multiple-yaml ....................................................   Passed    0.98 sec
      Start 566: tests.integration.execute.rocprofv3-test-counter-collection-multiple-yaml
    Test #566: tests.integration.execute.rocprofv3-test-counter-collection-multiple-yaml ....................................................   Passed    0.98 sec
      Start 566: tests.integration.execute.rocprofv3-test-counter-collection-multiple-yaml
    Test #566: tests.integration.execute.rocprofv3-test-counter-collection-multiple-yaml ....................................................   Passed    0.98 sec
      Start 566: tests.integration.execute.rocprofv3-test-counter-collection-multiple-yaml
    Test #566: tests.integration.execute.rocprofv3-test-counter-collection-multiple-yaml ....................................................   Passed    0.99 sec
      Start 566: tests.integration.execute.rocprofv3-test-counter-collection-multiple-yaml
    Test #566: tests.integration.execute.rocprofv3-test-counter-collection-multiple-yaml ....................................................   Passed    0.98 sec
      Start 566: tests.integration.execute.rocprofv3-test-counter-collection-multiple-yaml
    Test #566: tests.integration.execute.rocprofv3-test-counter-collection-multiple-yaml ....................................................   Passed    0.98 sec
      Start 566: tests.integration.execute.rocprofv3-test-counter-collection-multiple-yaml
    Test #566: tests.integration.execute.rocprofv3-test-counter-collection-multiple-yaml ....................................................   Passed    0.99 sec
      Start 566: tests.integration.execute.rocprofv3-test-counter-collection-multiple-yaml
    Test #566: tests.integration.execute.rocprofv3-test-counter-collection-multiple-yaml ....................................................   Passed    0.99 sec
      Start 566: tests.integration.execute.rocprofv3-test-counter-collection-multiple-yaml
    Test #566: tests.integration.execute.rocprofv3-test-counter-collection-multiple-yaml ....................................................   Passed    0.99 sec
      Start 566: tests.integration.execute.rocprofv3-test-counter-collection-multiple-yaml
    Test #566: tests.integration.execute.rocprofv3-test-counter-collection-multiple-yaml ....................................................   Passed    0.99 sec
      Start 566: tests.integration.execute.rocprofv3-test-counter-collection-multiple-yaml
    Test #566: tests.integration.execute.rocprofv3-test-counter-collection-multiple-yaml ....................................................   Passed    0.99 sec
      Start 566: tests.integration.execute.rocprofv3-test-counter-collection-multiple-yaml
    Test #566: tests.integration.execute.rocprofv3-test-counter-collection-multiple-yaml ....................................................   Passed    0.98 sec
      Start 566: tests.integration.execute.rocprofv3-test-counter-collection-multiple-yaml
    Test #566: tests.integration.execute.rocprofv3-test-counter-collection-multiple-yaml ....................................................   Passed    0.99 sec
      Start 566: tests.integration.execute.rocprofv3-test-counter-collection-multiple-yaml
    Test #566: tests.integration.execute.rocprofv3-test-counter-collection-multiple-yaml ....................................................   Passed    0.98 sec
      Start 566: tests.integration.execute.rocprofv3-test-counter-collection-multiple-yaml
    Test #566: tests.integration.execute.rocprofv3-test-counter-collection-multiple-yaml ....................................................   Passed    0.98 sec
      Start 566: tests.integration.execute.rocprofv3-test-counter-collection-multiple-yaml
    Test #566: tests.integration.execute.rocprofv3-test-counter-collection-multiple-yaml ....................................................   Passed    0.98 sec
      Start 566: tests.integration.execute.rocprofv3-test-counter-collection-multiple-yaml
    Test #566: tests.integration.execute.rocprofv3-test-counter-collection-multiple-yaml ....................................................   Passed    0.98 sec
      Start 566: tests.integration.execute.rocprofv3-test-counter-collection-multiple-yaml
    Test #566: tests.integration.execute.rocprofv3-test-counter-collection-multiple-yaml ....................................................   Passed    0.97 sec
      Start 566: tests.integration.execute.rocprofv3-test-counter-collection-multiple-yaml
    Test #566: tests.integration.execute.rocprofv3-test-counter-collection-multiple-yaml ....................................................   Passed    0.98 sec
      Start 566: tests.integration.execute.rocprofv3-test-counter-collection-multiple-yaml
    Test #566: tests.integration.execute.rocprofv3-test-counter-collection-multiple-yaml ....................................................   Passed    1.00 sec
      Start 566: tests.integration.execute.rocprofv3-test-counter-collection-multiple-yaml
    Test #566: tests.integration.execute.rocprofv3-test-counter-collection-multiple-yaml ....................................................   Passed    0.99 sec
      Start 566: tests.integration.execute.rocprofv3-test-counter-collection-multiple-yaml
    Test #566: tests.integration.execute.rocprofv3-test-counter-collection-multiple-yaml ....................................................   Passed    0.97 sec
      Start 566: tests.integration.execute.rocprofv3-test-counter-collection-multiple-yaml
    Test #566: tests.integration.execute.rocprofv3-test-counter-collection-multiple-yaml ....................................................   Passed    0.97 sec
      Start 566: tests.integration.execute.rocprofv3-test-counter-collection-multiple-yaml
    Test #566: tests.integration.execute.rocprofv3-test-counter-collection-multiple-yaml ....................................................   Passed    0.98 sec
      Start 566: tests.integration.execute.rocprofv3-test-counter-collection-multiple-yaml
    Test #566: tests.integration.execute.rocprofv3-test-counter-collection-multiple-yaml ....................................................   Passed    0.98 sec
      Start 566: tests.integration.execute.rocprofv3-test-counter-collection-multiple-yaml
    Test #566: tests.integration.execute.rocprofv3-test-counter-collection-multiple-yaml ....................................................   Passed    0.98 sec
      Start 566: tests.integration.execute.rocprofv3-test-counter-collection-multiple-yaml
    Test #566: tests.integration.execute.rocprofv3-test-counter-collection-multiple-yaml ....................................................   Passed    0.98 sec
      Start 566: tests.integration.execute.rocprofv3-test-counter-collection-multiple-yaml
    Test #566: tests.integration.execute.rocprofv3-test-counter-collection-multiple-yaml ....................................................   Passed    0.99 sec
      Start 566: tests.integration.execute.rocprofv3-test-counter-collection-multiple-yaml
    Test #566: tests.integration.execute.rocprofv3-test-counter-collection-multiple-yaml ....................................................   Passed    0.99 sec
      Start 566: tests.integration.execute.rocprofv3-test-counter-collection-multiple-yaml
    Test #566: tests.integration.execute.rocprofv3-test-counter-collection-multiple-yaml ....................................................   Passed    0.98 sec
      Start 566: tests.integration.execute.rocprofv3-test-counter-collection-multiple-yaml
    Test #566: tests.integration.execute.rocprofv3-test-counter-collection-multiple-yaml ....................................................   Passed    0.99 sec
      Start 566: tests.integration.execute.rocprofv3-test-counter-collection-multiple-yaml
    Test #566: tests.integration.execute.rocprofv3-test-counter-collection-multiple-yaml ....................................................   Passed    0.99 sec
      Start 566: tests.integration.execute.rocprofv3-test-counter-collection-multiple-yaml
    Test #566: tests.integration.execute.rocprofv3-test-counter-collection-multiple-yaml ....................................................   Passed    0.98 sec
      Start 566: tests.integration.execute.rocprofv3-test-counter-collection-multiple-yaml
    Test #566: tests.integration.execute.rocprofv3-test-counter-collection-multiple-yaml ....................................................   Passed    0.98 sec
      Start 566: tests.integration.execute.rocprofv3-test-counter-collection-multiple-yaml
    Test #566: tests.integration.execute.rocprofv3-test-counter-collection-multiple-yaml ....................................................   Passed    0.99 sec
      Start 566: tests.integration.execute.rocprofv3-test-counter-collection-multiple-yaml
    Test #566: tests.integration.execute.rocprofv3-test-counter-collection-multiple-yaml ....................................................   Passed    0.98 sec
      Start 566: tests.integration.execute.rocprofv3-test-counter-collection-multiple-yaml
    Test #566: tests.integration.execute.rocprofv3-test-counter-collection-multiple-yaml ....................................................   Passed    0.98 sec
      Start 566: tests.integration.execute.rocprofv3-test-counter-collection-multiple-yaml
    Test #566: tests.integration.execute.rocprofv3-test-counter-collection-multiple-yaml ....................................................   Passed    0.98 sec
      Start 566: tests.integration.execute.rocprofv3-test-counter-collection-multiple-yaml
    Test #566: tests.integration.execute.rocprofv3-test-counter-collection-multiple-yaml ....................................................   Passed    0.98 sec
      Start 566: tests.integration.execute.rocprofv3-test-counter-collection-multiple-yaml
    Test #566: tests.integration.execute.rocprofv3-test-counter-collection-multiple-yaml ....................................................   Passed    0.97 sec
      Start 566: tests.integration.execute.rocprofv3-test-counter-collection-multiple-yaml
    Test #566: tests.integration.execute.rocprofv3-test-counter-collection-multiple-yaml ....................................................   Passed    0.98 sec
      Start 566: tests.integration.execute.rocprofv3-test-counter-collection-multiple-yaml
    Test #566: tests.integration.execute.rocprofv3-test-counter-collection-multiple-yaml ....................................................   Passed    0.97 sec
      Start 566: tests.integration.execute.rocprofv3-test-counter-collection-multiple-yaml
    Test #566: tests.integration.execute.rocprofv3-test-counter-collection-multiple-yaml ....................................................   Passed    0.98 sec
      Start 566: tests.integration.execute.rocprofv3-test-counter-collection-multiple-yaml
    Test #566: tests.integration.execute.rocprofv3-test-counter-collection-multiple-yaml ....................................................   Passed    0.98 sec
      Start 566: tests.integration.execute.rocprofv3-test-counter-collection-multiple-yaml
    Test #566: tests.integration.execute.rocprofv3-test-counter-collection-multiple-yaml ....................................................   Passed    0.98 sec
      Start 566: tests.integration.execute.rocprofv3-test-counter-collection-multiple-yaml
    Test #566: tests.integration.execute.rocprofv3-test-counter-collection-multiple-yaml ....................................................   Passed    0.99 sec
      Start 566: tests.integration.execute.rocprofv3-test-counter-collection-multiple-yaml
    Test #566: tests.integration.execute.rocprofv3-test-counter-collection-multiple-yaml ....................................................   Passed    0.99 sec
      Start 566: tests.integration.execute.rocprofv3-test-counter-collection-multiple-yaml
    Test #566: tests.integration.execute.rocprofv3-test-counter-collection-multiple-yaml ....................................................   Passed    0.98 sec
      Start 566: tests.integration.execute.rocprofv3-test-counter-collection-multiple-yaml
    Test #566: tests.integration.execute.rocprofv3-test-counter-collection-multiple-yaml ....................................................   Passed    0.97 sec
      Start 566: tests.integration.execute.rocprofv3-test-counter-collection-multiple-yaml
    Test #566: tests.integration.execute.rocprofv3-test-counter-collection-multiple-yaml ....................................................   Passed    0.99 sec
      Start 566: tests.integration.execute.rocprofv3-test-counter-collection-multiple-yaml
    Test #566: tests.integration.execute.rocprofv3-test-counter-collection-multiple-yaml ....................................................   Passed    0.98 sec
      Start 566: tests.integration.execute.rocprofv3-test-counter-collection-multiple-yaml
    Test #566: tests.integration.execute.rocprofv3-test-counter-collection-multiple-yaml ....................................................   Passed    0.99 sec
      Start 566: tests.integration.execute.rocprofv3-test-counter-collection-multiple-yaml
    Test #566: tests.integration.execute.rocprofv3-test-counter-collection-multiple-yaml ....................................................   Passed    1.00 sec
      Start 566: tests.integration.execute.rocprofv3-test-counter-collection-multiple-yaml
    Test #566: tests.integration.execute.rocprofv3-test-counter-collection-multiple-yaml ....................................................   Passed    0.97 sec
      Start 566: tests.integration.execute.rocprofv3-test-counter-collection-multiple-yaml
    Test #566: tests.integration.execute.rocprofv3-test-counter-collection-multiple-yaml ....................................................   Passed    0.99 sec
      Start 566: tests.integration.execute.rocprofv3-test-counter-collection-multiple-yaml
    Test #566: tests.integration.execute.rocprofv3-test-counter-collection-multiple-yaml ....................................................   Passed    0.98 sec
      Start 566: tests.integration.execute.rocprofv3-test-counter-collection-multiple-yaml
    Test #566: tests.integration.execute.rocprofv3-test-counter-collection-multiple-yaml ....................................................   Passed    0.98 sec
      Start 566: tests.integration.execute.rocprofv3-test-counter-collection-multiple-yaml
    Test #566: tests.integration.execute.rocprofv3-test-counter-collection-multiple-yaml ....................................................   Passed    0.98 sec
      Start 566: tests.integration.execute.rocprofv3-test-counter-collection-multiple-yaml
    Test #566: tests.integration.execute.rocprofv3-test-counter-collection-multiple-yaml ....................................................   Passed    0.98 sec
      Start 566: tests.integration.execute.rocprofv3-test-counter-collection-multiple-yaml
    Test #566: tests.integration.execute.rocprofv3-test-counter-collection-multiple-yaml ....................................................   Passed    0.97 sec
      Start 566: tests.integration.execute.rocprofv3-test-counter-collection-multiple-yaml
    Test #566: tests.integration.execute.rocprofv3-test-counter-collection-multiple-yaml ....................................................   Passed    0.97 sec
      Start 566: tests.integration.execute.rocprofv3-test-counter-collection-multiple-yaml
    Test #566: tests.integration.execute.rocprofv3-test-counter-collection-multiple-yaml ....................................................   Passed    0.99 sec
      Start 566: tests.integration.execute.rocprofv3-test-counter-collection-multiple-yaml
    Test #566: tests.integration.execute.rocprofv3-test-counter-collection-multiple-yaml ....................................................   Passed    0.98 sec
      Start 566: tests.integration.execute.rocprofv3-test-counter-collection-multiple-yaml
    Test #566: tests.integration.execute.rocprofv3-test-counter-collection-multiple-yaml ....................................................   Passed    0.99 sec
      Start 566: tests.integration.execute.rocprofv3-test-counter-collection-multiple-yaml
    Test #566: tests.integration.execute.rocprofv3-test-counter-collection-multiple-yaml ....................................................   Passed    0.98 sec
      Start 566: tests.integration.execute.rocprofv3-test-counter-collection-multiple-yaml
    Test #566: tests.integration.execute.rocprofv3-test-counter-collection-multiple-yaml ....................................................   Passed    0.98 sec
      Start 566: tests.integration.execute.rocprofv3-test-counter-collection-multiple-yaml
    Test #566: tests.integration.execute.rocprofv3-test-counter-collection-multiple-yaml ....................................................   Passed    0.97 sec
      Start 566: tests.integration.execute.rocprofv3-test-counter-collection-multiple-yaml
    Test #566: tests.integration.execute.rocprofv3-test-counter-collection-multiple-yaml ....................................................   Passed    0.99 sec
      Start 566: tests.integration.execute.rocprofv3-test-counter-collection-multiple-yaml
    Test #566: tests.integration.execute.rocprofv3-test-counter-collection-multiple-yaml ....................................................   Passed    0.98 sec
      Start 566: tests.integration.execute.rocprofv3-test-counter-collection-multiple-yaml
    Test #566: tests.integration.execute.rocprofv3-test-counter-collection-multiple-yaml ....................................................   Passed    0.98 sec
      Start 566: tests.integration.execute.rocprofv3-test-counter-collection-multiple-yaml
    Test #566: tests.integration.execute.rocprofv3-test-counter-collection-multiple-yaml ....................................................   Passed    0.97 sec
      Start 566: tests.integration.execute.rocprofv3-test-counter-collection-multiple-yaml
    Test #566: tests.integration.execute.rocprofv3-test-counter-collection-multiple-yaml ....................................................   Passed    0.97 sec
      Start 566: tests.integration.execute.rocprofv3-test-counter-collection-multiple-yaml
    Test #566: tests.integration.execute.rocprofv3-test-counter-collection-multiple-yaml ....................................................   Passed    0.99 sec
      Start 566: tests.integration.execute.rocprofv3-test-counter-collection-multiple-yaml
    Test #566: tests.integration.execute.rocprofv3-test-counter-collection-multiple-yaml ....................................................   Passed    0.97 sec
      Start 566: tests.integration.execute.rocprofv3-test-counter-collection-multiple-yaml
    Test #566: tests.integration.execute.rocprofv3-test-counter-collection-multiple-yaml ....................................................   Passed    0.99 sec
      Start 566: tests.integration.execute.rocprofv3-test-counter-collection-multiple-yaml
    Test #566: tests.integration.execute.rocprofv3-test-counter-collection-multiple-yaml ....................................................   Passed    0.98 sec
      Start 566: tests.integration.execute.rocprofv3-test-counter-collection-multiple-yaml
    Test #566: tests.integration.execute.rocprofv3-test-counter-collection-multiple-yaml ....................................................   Passed    0.98 sec
      Start 566: tests.integration.execute.rocprofv3-test-counter-collection-multiple-yaml
    Test #566: tests.integration.execute.rocprofv3-test-counter-collection-multiple-yaml ....................................................   Passed    0.98 sec
      Start 566: tests.integration.execute.rocprofv3-test-counter-collection-multiple-yaml
    Test #566: tests.integration.execute.rocprofv3-test-counter-collection-multiple-yaml ....................................................   Passed    0.98 sec
      Start 566: tests.integration.execute.rocprofv3-test-counter-collection-multiple-yaml
    Test #566: tests.integration.execute.rocprofv3-test-counter-collection-multiple-yaml ....................................................   Passed    0.99 sec
      Start 566: tests.integration.execute.rocprofv3-test-counter-collection-multiple-yaml
    Test #566: tests.integration.execute.rocprofv3-test-counter-collection-multiple-yaml ....................................................   Passed    0.98 sec
      Start 566: tests.integration.execute.rocprofv3-test-counter-collection-multiple-yaml
    Test #566: tests.integration.execute.rocprofv3-test-counter-collection-multiple-yaml ....................................................   Passed    0.98 sec
      Start 566: tests.integration.execute.rocprofv3-test-counter-collection-multiple-yaml
    Test #566: tests.integration.execute.rocprofv3-test-counter-collection-multiple-yaml ....................................................   Passed    0.98 sec
      Start 566: tests.integration.execute.rocprofv3-test-counter-collection-multiple-yaml
    Test #566: tests.integration.execute.rocprofv3-test-counter-collection-multiple-yaml ....................................................   Passed    0.98 sec
      Start 566: tests.integration.execute.rocprofv3-test-counter-collection-multiple-yaml
    Test #566: tests.integration.execute.rocprofv3-test-counter-collection-multiple-yaml ....................................................   Passed    0.99 sec
      Start 566: tests.integration.execute.rocprofv3-test-counter-collection-multiple-yaml
    Test #566: tests.integration.execute.rocprofv3-test-counter-collection-multiple-yaml ....................................................   Passed    1.01 sec
      Start 566: tests.integration.execute.rocprofv3-test-counter-collection-multiple-yaml
    Test #566: tests.integration.execute.rocprofv3-test-counter-collection-multiple-yaml ....................................................   Passed    0.97 sec
      Start 566: tests.integration.execute.rocprofv3-test-counter-collection-multiple-yaml
    Test #566: tests.integration.execute.rocprofv3-test-counter-collection-multiple-yaml ....................................................   Passed    0.98 sec
      Start 566: tests.integration.execute.rocprofv3-test-counter-collection-multiple-yaml
    Test #566: tests.integration.execute.rocprofv3-test-counter-collection-multiple-yaml ....................................................   Passed    0.99 sec
      Start 566: tests.integration.execute.rocprofv3-test-counter-collection-multiple-yaml
    Test #566: tests.integration.execute.rocprofv3-test-counter-collection-multiple-yaml ....................................................   Passed    0.98 sec
      Start 566: tests.integration.execute.rocprofv3-test-counter-collection-multiple-yaml
    Test #566: tests.integration.execute.rocprofv3-test-counter-collection-multiple-yaml ....................................................   Passed    0.98 sec
      Start 566: tests.integration.execute.rocprofv3-test-counter-collection-multiple-yaml
    Test #566: tests.integration.execute.rocprofv3-test-counter-collection-multiple-yaml ....................................................   Passed    0.98 sec
      Start 566: tests.integration.execute.rocprofv3-test-counter-collection-multiple-yaml
    Test #566: tests.integration.execute.rocprofv3-test-counter-collection-multiple-yaml ....................................................   Passed    0.98 sec
      Start 566: tests.integration.execute.rocprofv3-test-counter-collection-multiple-yaml
    Test #566: tests.integration.execute.rocprofv3-test-counter-collection-multiple-yaml ....................................................   Passed    0.99 sec
      Start 566: tests.integration.execute.rocprofv3-test-counter-collection-multiple-yaml
    Test #566: tests.integration.execute.rocprofv3-test-counter-collection-multiple-yaml ....................................................   Passed    0.99 sec
      Start 566: tests.integration.execute.rocprofv3-test-counter-collection-multiple-yaml
    Test #566: tests.integration.execute.rocprofv3-test-counter-collection-multiple-yaml ....................................................   Passed    0.98 sec
      Start 566: tests.integration.execute.rocprofv3-test-counter-collection-multiple-yaml
    Test #566: tests.integration.execute.rocprofv3-test-counter-collection-multiple-yaml ....................................................   Passed    0.99 sec
      Start 566: tests.integration.execute.rocprofv3-test-counter-collection-multiple-yaml
    Test #566: tests.integration.execute.rocprofv3-test-counter-collection-multiple-yaml ....................................................   Passed    0.98 sec
      Start 566: tests.integration.execute.rocprofv3-test-counter-collection-multiple-yaml
    Test #566: tests.integration.execute.rocprofv3-test-counter-collection-multiple-yaml ....................................................   Passed    0.98 sec
      Start 566: tests.integration.execute.rocprofv3-test-counter-collection-multiple-yaml
    Test #566: tests.integration.execute.rocprofv3-test-counter-collection-multiple-yaml ....................................................   Passed    0.97 sec
      Start 566: tests.integration.execute.rocprofv3-test-counter-collection-multiple-yaml
    Test #566: tests.integration.execute.rocprofv3-test-counter-collection-multiple-yaml ....................................................   Passed    0.98 sec
      Start 566: tests.integration.execute.rocprofv3-test-counter-collection-multiple-yaml
    Test #566: tests.integration.execute.rocprofv3-test-counter-collection-multiple-yaml ....................................................   Passed    0.98 sec
      Start 566: tests.integration.execute.rocprofv3-test-counter-collection-multiple-yaml
    Test #566: tests.integration.execute.rocprofv3-test-counter-collection-multiple-yaml ....................................................   Passed    0.99 sec
      Start 566: tests.integration.execute.rocprofv3-test-counter-collection-multiple-yaml
    Test #566: tests.integration.execute.rocprofv3-test-counter-collection-multiple-yaml ....................................................   Passed    0.98 sec
      Start 566: tests.integration.execute.rocprofv3-test-counter-collection-multiple-yaml
    Test #566: tests.integration.execute.rocprofv3-test-counter-collection-multiple-yaml ....................................................   Passed    0.98 sec
      Start 566: tests.integration.execute.rocprofv3-test-counter-collection-multiple-yaml
    Test #566: tests.integration.execute.rocprofv3-test-counter-collection-multiple-yaml ....................................................   Passed    0.98 sec
      Start 566: tests.integration.execute.rocprofv3-test-counter-collection-multiple-yaml
    Test #566: tests.integration.execute.rocprofv3-test-counter-collection-multiple-yaml ....................................................   Passed    0.98 sec
      Start 566: tests.integration.execute.rocprofv3-test-counter-collection-multiple-yaml
    Test #566: tests.integration.execute.rocprofv3-test-counter-collection-multiple-yaml ....................................................   Passed    0.99 sec
      Start 566: tests.integration.execute.rocprofv3-test-counter-collection-multiple-yaml
    Test #566: tests.integration.execute.rocprofv3-test-counter-collection-multiple-yaml ....................................................   Passed    0.98 sec
      Start 566: tests.integration.execute.rocprofv3-test-counter-collection-multiple-yaml
    Test #566: tests.integration.execute.rocprofv3-test-counter-collection-multiple-yaml ....................................................   Passed    0.98 sec
      Start 566: tests.integration.execute.rocprofv3-test-counter-collection-multiple-yaml
    Test #566: tests.integration.execute.rocprofv3-test-counter-collection-multiple-yaml ....................................................   Passed    0.98 sec
      Start 566: tests.integration.execute.rocprofv3-test-counter-collection-multiple-yaml
    Test #566: tests.integration.execute.rocprofv3-test-counter-collection-multiple-yaml ....................................................   Passed    0.98 sec
      Start 566: tests.integration.execute.rocprofv3-test-counter-collection-multiple-yaml
    Test #566: tests.integration.execute.rocprofv3-test-counter-collection-multiple-yaml ....................................................   Passed    0.99 sec
      Start 566: tests.integration.execute.rocprofv3-test-counter-collection-multiple-yaml
    Test #566: tests.integration.execute.rocprofv3-test-counter-collection-multiple-yaml ....................................................   Passed    0.99 sec
      Start 566: tests.integration.execute.rocprofv3-test-counter-collection-multiple-yaml
    Test #566: tests.integration.execute.rocprofv3-test-counter-collection-multiple-yaml ....................................................   Passed    0.99 sec
      Start 566: tests.integration.execute.rocprofv3-test-counter-collection-multiple-yaml
    Test #566: tests.integration.execute.rocprofv3-test-counter-collection-multiple-yaml ....................................................   Passed    0.98 sec
      Start 566: tests.integration.execute.rocprofv3-test-counter-collection-multiple-yaml
    Test #566: tests.integration.execute.rocprofv3-test-counter-collection-multiple-yaml ....................................................   Passed    0.98 sec
      Start 566: tests.integration.execute.rocprofv3-test-counter-collection-multiple-yaml
    Test #566: tests.integration.execute.rocprofv3-test-counter-collection-multiple-yaml ....................................................   Passed    0.98 sec
      Start 566: tests.integration.execute.rocprofv3-test-counter-collection-multiple-yaml
    Test #566: tests.integration.execute.rocprofv3-test-counter-collection-multiple-yaml ....................................................   Passed    0.98 sec
      Start 566: tests.integration.execute.rocprofv3-test-counter-collection-multiple-yaml
    Test #566: tests.integration.execute.rocprofv3-test-counter-collection-multiple-yaml ....................................................   Passed    0.99 sec
      Start 566: tests.integration.execute.rocprofv3-test-counter-collection-multiple-yaml
    Test #566: tests.integration.execute.rocprofv3-test-counter-collection-multiple-yaml ....................................................   Passed    0.97 sec
      Start 566: tests.integration.execute.rocprofv3-test-counter-collection-multiple-yaml
    Test #566: tests.integration.execute.rocprofv3-test-counter-collection-multiple-yaml ....................................................   Passed    0.99 sec
      Start 566: tests.integration.execute.rocprofv3-test-counter-collection-multiple-yaml
    Test #566: tests.integration.execute.rocprofv3-test-counter-collection-multiple-yaml ....................................................   Passed    0.99 sec
      Start 566: tests.integration.execute.rocprofv3-test-counter-collection-multiple-yaml
    Test #566: tests.integration.execute.rocprofv3-test-counter-collection-multiple-yaml ....................................................   Passed    0.98 sec
      Start 566: tests.integration.execute.rocprofv3-test-counter-collection-multiple-yaml
    Test #566: tests.integration.execute.rocprofv3-test-counter-collection-multiple-yaml ....................................................   Passed    0.98 sec
      Start 566: tests.integration.execute.rocprofv3-test-counter-collection-multiple-yaml
    Test #566: tests.integration.execute.rocprofv3-test-counter-collection-multiple-yaml ....................................................   Passed    0.98 sec
      Start 566: tests.integration.execute.rocprofv3-test-counter-collection-multiple-yaml
    Test #566: tests.integration.execute.rocprofv3-test-counter-collection-multiple-yaml ....................................................   Passed    0.98 sec
      Start 566: tests.integration.execute.rocprofv3-test-counter-collection-multiple-yaml
    Test #566: tests.integration.execute.rocprofv3-test-counter-collection-multiple-yaml ....................................................   Passed    0.99 sec
      Start 566: tests.integration.execute.rocprofv3-test-counter-collection-multiple-yaml
    Test #566: tests.integration.execute.rocprofv3-test-counter-collection-multiple-yaml ....................................................   Passed    0.98 sec
      Start 566: tests.integration.execute.rocprofv3-test-counter-collection-multiple-yaml
    Test #566: tests.integration.execute.rocprofv3-test-counter-collection-multiple-yaml ....................................................   Passed    0.98 sec
      Start 566: tests.integration.execute.rocprofv3-test-counter-collection-multiple-yaml
    Test #566: tests.integration.execute.rocprofv3-test-counter-collection-multiple-yaml ....................................................   Passed    0.99 sec
      Start 566: tests.integration.execute.rocprofv3-test-counter-collection-multiple-yaml
    Test #566: tests.integration.execute.rocprofv3-test-counter-collection-multiple-yaml ....................................................   Passed    0.98 sec
      Start 566: tests.integration.execute.rocprofv3-test-counter-collection-multiple-yaml
    Test #566: tests.integration.execute.rocprofv3-test-counter-collection-multiple-yaml ....................................................   Passed    0.98 sec
      Start 566: tests.integration.execute.rocprofv3-test-counter-collection-multiple-yaml
    Test #566: tests.integration.execute.rocprofv3-test-counter-collection-multiple-yaml ....................................................   Passed    0.97 sec
      Start 566: tests.integration.execute.rocprofv3-test-counter-collection-multiple-yaml
    Test #566: tests.integration.execute.rocprofv3-test-counter-collection-multiple-yaml ....................................................   Passed    0.98 sec
      Start 566: tests.integration.execute.rocprofv3-test-counter-collection-multiple-yaml
    Test #566: tests.integration.execute.rocprofv3-test-counter-collection-multiple-yaml ....................................................   Passed    0.98 sec
      Start 566: tests.integration.execute.rocprofv3-test-counter-collection-multiple-yaml
    Test #566: tests.integration.execute.rocprofv3-test-counter-collection-multiple-yaml ....................................................   Passed    1.00 sec
      Start 566: tests.integration.execute.rocprofv3-test-counter-collection-multiple-yaml
    Test #566: tests.integration.execute.rocprofv3-test-counter-collection-multiple-yaml ....................................................   Passed    0.99 sec
      Start 566: tests.integration.execute.rocprofv3-test-counter-collection-multiple-yaml
    Test #566: tests.integration.execute.rocprofv3-test-counter-collection-multiple-yaml ....................................................   Passed    0.97 sec
      Start 566: tests.integration.execute.rocprofv3-test-counter-collection-multiple-yaml
    Test #566: tests.integration.execute.rocprofv3-test-counter-collection-multiple-yaml ....................................................   Passed    0.99 sec
      Start 566: tests.integration.execute.rocprofv3-test-counter-collection-multiple-yaml
    Test #566: tests.integration.execute.rocprofv3-test-counter-collection-multiple-yaml ....................................................   Passed    0.98 sec
      Start 566: tests.integration.execute.rocprofv3-test-counter-collection-multiple-yaml
    Test #566: tests.integration.execute.rocprofv3-test-counter-collection-multiple-yaml ....................................................   Passed    0.97 sec
      Start 566: tests.integration.execute.rocprofv3-test-counter-collection-multiple-yaml
    Test #566: tests.integration.execute.rocprofv3-test-counter-collection-multiple-yaml ....................................................   Passed    0.99 sec
      Start 566: tests.integration.execute.rocprofv3-test-counter-collection-multiple-yaml
    Test #566: tests.integration.execute.rocprofv3-test-counter-collection-multiple-yaml ....................................................   Passed    0.97 sec
      Start 566: tests.integration.execute.rocprofv3-test-counter-collection-multiple-yaml
    Test #566: tests.integration.execute.rocprofv3-test-counter-collection-multiple-yaml ....................................................   Passed    0.98 sec
      Start 566: tests.integration.execute.rocprofv3-test-counter-collection-multiple-yaml
    Test #566: tests.integration.execute.rocprofv3-test-counter-collection-multiple-yaml ....................................................   Passed    0.99 sec
      Start 566: tests.integration.execute.rocprofv3-test-counter-collection-multiple-yaml
    Test #566: tests.integration.execute.rocprofv3-test-counter-collection-multiple-yaml ....................................................   Passed    0.98 sec
      Start 566: tests.integration.execute.rocprofv3-test-counter-collection-multiple-yaml
    Test #566: tests.integration.execute.rocprofv3-test-counter-collection-multiple-yaml ....................................................   Passed    0.98 sec
      Start 566: tests.integration.execute.rocprofv3-test-counter-collection-multiple-yaml
    Test #566: tests.integration.execute.rocprofv3-test-counter-collection-multiple-yaml ....................................................   Passed    0.97 sec
      Start 566: tests.integration.execute.rocprofv3-test-counter-collection-multiple-yaml
    Test #566: tests.integration.execute.rocprofv3-test-counter-collection-multiple-yaml ....................................................   Passed    1.00 sec
      Start 566: tests.integration.execute.rocprofv3-test-counter-collection-multiple-yaml
    Test #566: tests.integration.execute.rocprofv3-test-counter-collection-multiple-yaml ....................................................   Passed    0.98 sec
      Start 566: tests.integration.execute.rocprofv3-test-counter-collection-multiple-yaml
    Test #566: tests.integration.execute.rocprofv3-test-counter-collection-multiple-yaml ....................................................   Passed    0.98 sec
      Start 566: tests.integration.execute.rocprofv3-test-counter-collection-multiple-yaml
    Test #566: tests.integration.execute.rocprofv3-test-counter-collection-multiple-yaml ....................................................   Passed    0.99 sec
      Start 566: tests.integration.execute.rocprofv3-test-counter-collection-multiple-yaml
    Test #566: tests.integration.execute.rocprofv3-test-counter-collection-multiple-yaml ....................................................   Passed    0.99 sec
      Start 566: tests.integration.execute.rocprofv3-test-counter-collection-multiple-yaml
    Test #566: tests.integration.execute.rocprofv3-test-counter-collection-multiple-yaml ....................................................   Passed    0.98 sec
      Start 566: tests.integration.execute.rocprofv3-test-counter-collection-multiple-yaml
    Test #566: tests.integration.execute.rocprofv3-test-counter-collection-multiple-yaml ....................................................   Passed    1.00 sec
      Start 566: tests.integration.execute.rocprofv3-test-counter-collection-multiple-yaml
    Test #566: tests.integration.execute.rocprofv3-test-counter-collection-multiple-yaml ....................................................   Passed    0.98 sec
      Start 566: tests.integration.execute.rocprofv3-test-counter-collection-multiple-yaml
    Test #566: tests.integration.execute.rocprofv3-test-counter-collection-multiple-yaml ....................................................   Passed    0.97 sec
      Start 566: tests.integration.execute.rocprofv3-test-counter-collection-multiple-yaml
    Test #566: tests.integration.execute.rocprofv3-test-counter-collection-multiple-yaml ....................................................   Passed    0.98 sec
      Start 566: tests.integration.execute.rocprofv3-test-counter-collection-multiple-yaml
    Test #566: tests.integration.execute.rocprofv3-test-counter-collection-multiple-yaml ....................................................   Passed    0.97 sec
      Start 566: tests.integration.execute.rocprofv3-test-counter-collection-multiple-yaml
    Test #566: tests.integration.execute.rocprofv3-test-counter-collection-multiple-yaml ....................................................   Passed    0.96 sec
      Start 566: tests.integration.execute.rocprofv3-test-counter-collection-multiple-yaml
    Test #566: tests.integration.execute.rocprofv3-test-counter-collection-multiple-yaml ....................................................   Passed    0.99 sec
      Start 566: tests.integration.execute.rocprofv3-test-counter-collection-multiple-yaml
    Test #566: tests.integration.execute.rocprofv3-test-counter-collection-multiple-yaml ....................................................   Passed    0.97 sec
      Start 566: tests.integration.execute.rocprofv3-test-counter-collection-multiple-yaml
    Test #566: tests.integration.execute.rocprofv3-test-counter-collection-multiple-yaml ....................................................   Passed    0.99 sec
      Start 566: tests.integration.execute.rocprofv3-test-counter-collection-multiple-yaml
    Test #566: tests.integration.execute.rocprofv3-test-counter-collection-multiple-yaml ....................................................   Passed    0.99 sec
      Start 566: tests.integration.execute.rocprofv3-test-counter-collection-multiple-yaml
    Test #566: tests.integration.execute.rocprofv3-test-counter-collection-multiple-yaml ....................................................   Passed    0.96 sec
      Start 566: tests.integration.execute.rocprofv3-test-counter-collection-multiple-yaml
    Test #566: tests.integration.execute.rocprofv3-test-counter-collection-multiple-yaml ....................................................   Passed    0.99 sec
      Start 566: tests.integration.execute.rocprofv3-test-counter-collection-multiple-yaml
    Test #566: tests.integration.execute.rocprofv3-test-counter-collection-multiple-yaml ....................................................   Passed    0.98 sec
      Start 566: tests.integration.execute.rocprofv3-test-counter-collection-multiple-yaml
    Test #566: tests.integration.execute.rocprofv3-test-counter-collection-multiple-yaml ....................................................   Passed    1.00 sec
      Start 566: tests.integration.execute.rocprofv3-test-counter-collection-multiple-yaml
    Test #566: tests.integration.execute.rocprofv3-test-counter-collection-multiple-yaml ....................................................   Passed    0.99 sec
      Start 566: tests.integration.execute.rocprofv3-test-counter-collection-multiple-yaml
    Test #566: tests.integration.execute.rocprofv3-test-counter-collection-multiple-yaml ....................................................   Passed    0.97 sec
      Start 566: tests.integration.execute.rocprofv3-test-counter-collection-multiple-yaml
    Test #566: tests.integration.execute.rocprofv3-test-counter-collection-multiple-yaml ....................................................   Passed    0.99 sec
      Start 566: tests.integration.execute.rocprofv3-test-counter-collection-multiple-yaml
    Test #566: tests.integration.execute.rocprofv3-test-counter-collection-multiple-yaml ....................................................   Passed    0.97 sec
      Start 566: tests.integration.execute.rocprofv3-test-counter-collection-multiple-yaml
    Test #566: tests.integration.execute.rocprofv3-test-counter-collection-multiple-yaml ....................................................   Passed    0.98 sec
      Start 566: tests.integration.execute.rocprofv3-test-counter-collection-multiple-yaml
    Test #566: tests.integration.execute.rocprofv3-test-counter-collection-multiple-yaml ....................................................   Passed    1.00 sec
      Start 566: tests.integration.execute.rocprofv3-test-counter-collection-multiple-yaml
    Test #566: tests.integration.execute.rocprofv3-test-counter-collection-multiple-yaml ....................................................   Passed    0.98 sec
      Start 566: tests.integration.execute.rocprofv3-test-counter-collection-multiple-yaml
    Test #566: tests.integration.execute.rocprofv3-test-counter-collection-multiple-yaml ....................................................   Passed    0.97 sec
      Start 566: tests.integration.execute.rocprofv3-test-counter-collection-multiple-yaml
    Test #566: tests.integration.execute.rocprofv3-test-counter-collection-multiple-yaml ....................................................   Passed    0.99 sec
      Start 566: tests.integration.execute.rocprofv3-test-counter-collection-multiple-yaml
    Test #566: tests.integration.execute.rocprofv3-test-counter-collection-multiple-yaml ....................................................   Passed    0.98 sec
      Start 566: tests.integration.execute.rocprofv3-test-counter-collection-multiple-yaml
    Test #566: tests.integration.execute.rocprofv3-test-counter-collection-multiple-yaml ....................................................   Passed    0.98 sec
      Start 566: tests.integration.execute.rocprofv3-test-counter-collection-multiple-yaml
    Test #566: tests.integration.execute.rocprofv3-test-counter-collection-multiple-yaml ....................................................   Passed    0.98 sec
      Start 566: tests.integration.execute.rocprofv3-test-counter-collection-multiple-yaml
    Test #566: tests.integration.execute.rocprofv3-test-counter-collection-multiple-yaml ....................................................   Passed    0.98 sec
      Start 566: tests.integration.execute.rocprofv3-test-counter-collection-multiple-yaml
    Test #566: tests.integration.execute.rocprofv3-test-counter-collection-multiple-yaml ....................................................   Passed    0.97 sec
      Start 566: tests.integration.execute.rocprofv3-test-counter-collection-multiple-yaml
    Test #566: tests.integration.execute.rocprofv3-test-counter-collection-multiple-yaml ....................................................   Passed    0.98 sec
      Start 566: tests.integration.execute.rocprofv3-test-counter-collection-multiple-yaml
    Test #566: tests.integration.execute.rocprofv3-test-counter-collection-multiple-yaml ....................................................   Passed    0.98 sec
      Start 566: tests.integration.execute.rocprofv3-test-counter-collection-multiple-yaml
    Test #566: tests.integration.execute.rocprofv3-test-counter-collection-multiple-yaml ....................................................   Passed    0.98 sec
      Start 566: tests.integration.execute.rocprofv3-test-counter-collection-multiple-yaml
    Test #566: tests.integration.execute.rocprofv3-test-counter-collection-multiple-yaml ....................................................   Passed    0.99 sec
      Start 566: tests.integration.execute.rocprofv3-test-counter-collection-multiple-yaml
    Test #566: tests.integration.execute.rocprofv3-test-counter-collection-multiple-yaml ....................................................   Passed    0.98 sec
      Start 566: tests.integration.execute.rocprofv3-test-counter-collection-multiple-yaml
    Test #566: tests.integration.execute.rocprofv3-test-counter-collection-multiple-yaml ....................................................   Passed    0.99 sec
      Start 566: tests.integration.execute.rocprofv3-test-counter-collection-multiple-yaml
    Test #566: tests.integration.execute.rocprofv3-test-counter-collection-multiple-yaml ....................................................   Passed    0.98 sec
      Start 566: tests.integration.execute.rocprofv3-test-counter-collection-multiple-yaml
    Test #566: tests.integration.execute.rocprofv3-test-counter-collection-multiple-yaml ....................................................   Passed    0.98 sec
      Start 566: tests.integration.execute.rocprofv3-test-counter-collection-multiple-yaml
    Test #566: tests.integration.execute.rocprofv3-test-counter-collection-multiple-yaml ....................................................   Passed    0.98 sec
      Start 566: tests.integration.execute.rocprofv3-test-counter-collection-multiple-yaml
    Test #566: tests.integration.execute.rocprofv3-test-counter-collection-multiple-yaml ....................................................   Passed    0.97 sec
      Start 566: tests.integration.execute.rocprofv3-test-counter-collection-multiple-yaml
    Test #566: tests.integration.execute.rocprofv3-test-counter-collection-multiple-yaml ....................................................   Passed    0.98 sec
      Start 566: tests.integration.execute.rocprofv3-test-counter-collection-multiple-yaml
    Test #566: tests.integration.execute.rocprofv3-test-counter-collection-multiple-yaml ....................................................   Passed    0.98 sec
      Start 566: tests.integration.execute.rocprofv3-test-counter-collection-multiple-yaml
    Test #566: tests.integration.execute.rocprofv3-test-counter-collection-multiple-yaml ....................................................   Passed    0.97 sec
      Start 566: tests.integration.execute.rocprofv3-test-counter-collection-multiple-yaml
    Test #566: tests.integration.execute.rocprofv3-test-counter-collection-multiple-yaml ....................................................   Passed    0.99 sec
      Start 566: tests.integration.execute.rocprofv3-test-counter-collection-multiple-yaml
    Test #566: tests.integration.execute.rocprofv3-test-counter-collection-multiple-yaml ....................................................   Passed    0.98 sec
      Start 566: tests.integration.execute.rocprofv3-test-counter-collection-multiple-yaml
    Test #566: tests.integration.execute.rocprofv3-test-counter-collection-multiple-yaml ....................................................   Passed    0.97 sec
      Start 566: tests.integration.execute.rocprofv3-test-counter-collection-multiple-yaml
    Test #566: tests.integration.execute.rocprofv3-test-counter-collection-multiple-yaml ....................................................   Passed    0.98 sec
      Start 566: tests.integration.execute.rocprofv3-test-counter-collection-multiple-yaml
    Test #566: tests.integration.execute.rocprofv3-test-counter-collection-multiple-yaml ....................................................   Passed    0.98 sec
      Start 566: tests.integration.execute.rocprofv3-test-counter-collection-multiple-yaml
    Test #566: tests.integration.execute.rocprofv3-test-counter-collection-multiple-yaml ....................................................   Passed    0.98 sec
      Start 566: tests.integration.execute.rocprofv3-test-counter-collection-multiple-yaml
    Test #566: tests.integration.execute.rocprofv3-test-counter-collection-multiple-yaml ....................................................   Passed    0.98 sec
      Start 566: tests.integration.execute.rocprofv3-test-counter-collection-multiple-yaml
    Test #566: tests.integration.execute.rocprofv3-test-counter-collection-multiple-yaml ....................................................   Passed    0.99 sec
      Start 566: tests.integration.execute.rocprofv3-test-counter-collection-multiple-yaml
    Test #566: tests.integration.execute.rocprofv3-test-counter-collection-multiple-yaml ....................................................   Passed    0.97 sec
      Start 566: tests.integration.execute.rocprofv3-test-counter-collection-multiple-yaml
    Test #566: tests.integration.execute.rocprofv3-test-counter-collection-multiple-yaml ....................................................   Passed    0.98 sec
      Start 566: tests.integration.execute.rocprofv3-test-counter-collection-multiple-yaml
    Test #566: tests.integration.execute.rocprofv3-test-counter-collection-multiple-yaml ....................................................   Passed    0.99 sec
      Start 566: tests.integration.execute.rocprofv3-test-counter-collection-multiple-yaml
    Test #566: tests.integration.execute.rocprofv3-test-counter-collection-multiple-yaml ....................................................   Passed    0.97 sec
      Start 566: tests.integration.execute.rocprofv3-test-counter-collection-multiple-yaml
    Test #566: tests.integration.execute.rocprofv3-test-counter-collection-multiple-yaml ....................................................   Passed    0.97 sec
      Start 566: tests.integration.execute.rocprofv3-test-counter-collection-multiple-yaml
    Test #566: tests.integration.execute.rocprofv3-test-counter-collection-multiple-yaml ....................................................   Passed    1.00 sec
      Start 566: tests.integration.execute.rocprofv3-test-counter-collection-multiple-yaml
    Test #566: tests.integration.execute.rocprofv3-test-counter-collection-multiple-yaml ....................................................   Passed    0.98 sec
      Start 566: tests.integration.execute.rocprofv3-test-counter-collection-multiple-yaml
    Test #566: tests.integration.execute.rocprofv3-test-counter-collection-multiple-yaml ....................................................   Passed    0.98 sec
      Start 566: tests.integration.execute.rocprofv3-test-counter-collection-multiple-yaml
    Test #566: tests.integration.execute.rocprofv3-test-counter-collection-multiple-yaml ....................................................   Passed    0.98 sec
      Start 566: tests.integration.execute.rocprofv3-test-counter-collection-multiple-yaml
    Test #566: tests.integration.execute.rocprofv3-test-counter-collection-multiple-yaml ....................................................   Passed    0.98 sec
      Start 566: tests.integration.execute.rocprofv3-test-counter-collection-multiple-yaml
    Test #566: tests.integration.execute.rocprofv3-test-counter-collection-multiple-yaml ....................................................   Passed    0.99 sec
      Start 566: tests.integration.execute.rocprofv3-test-counter-collection-multiple-yaml
    Test #566: tests.integration.execute.rocprofv3-test-counter-collection-multiple-yaml ....................................................   Passed    0.99 sec
      Start 566: tests.integration.execute.rocprofv3-test-counter-collection-multiple-yaml
    Test #566: tests.integration.execute.rocprofv3-test-counter-collection-multiple-yaml ....................................................   Passed    0.98 sec
      Start 566: tests.integration.execute.rocprofv3-test-counter-collection-multiple-yaml
    Test #566: tests.integration.execute.rocprofv3-test-counter-collection-multiple-yaml ....................................................   Passed    0.96 sec
      Start 566: tests.integration.execute.rocprofv3-test-counter-collection-multiple-yaml
    Test #566: tests.integration.execute.rocprofv3-test-counter-collection-multiple-yaml ....................................................   Passed    0.99 sec
      Start 566: tests.integration.execute.rocprofv3-test-counter-collection-multiple-yaml
    Test #566: tests.integration.execute.rocprofv3-test-counter-collection-multiple-yaml ....................................................   Passed    0.97 sec
      Start 566: tests.integration.execute.rocprofv3-test-counter-collection-multiple-yaml
    Test #566: tests.integration.execute.rocprofv3-test-counter-collection-multiple-yaml ....................................................   Passed    1.00 sec
      Start 566: tests.integration.execute.rocprofv3-test-counter-collection-multiple-yaml
    Test #566: tests.integration.execute.rocprofv3-test-counter-collection-multiple-yaml ....................................................   Passed    0.99 sec
      Start 566: tests.integration.execute.rocprofv3-test-counter-collection-multiple-yaml
    Test #566: tests.integration.execute.rocprofv3-test-counter-collection-multiple-yaml ....................................................   Passed    0.97 sec
      Start 566: tests.integration.execute.rocprofv3-test-counter-collection-multiple-yaml
    Test #566: tests.integration.execute.rocprofv3-test-counter-collection-multiple-yaml ....................................................   Passed    0.98 sec
      Start 566: tests.integration.execute.rocprofv3-test-counter-collection-multiple-yaml
    Test #566: tests.integration.execute.rocprofv3-test-counter-collection-multiple-yaml ....................................................   Passed    0.98 sec
      Start 566: tests.integration.execute.rocprofv3-test-counter-collection-multiple-yaml
    Test #566: tests.integration.execute.rocprofv3-test-counter-collection-multiple-yaml ....................................................   Passed    0.99 sec
      Start 566: tests.integration.execute.rocprofv3-test-counter-collection-multiple-yaml
    Test #566: tests.integration.execute.rocprofv3-test-counter-collection-multiple-yaml ....................................................   Passed    0.99 sec
      Start 566: tests.integration.execute.rocprofv3-test-counter-collection-multiple-yaml
    Test #566: tests.integration.execute.rocprofv3-test-counter-collection-multiple-yaml ....................................................   Passed    0.97 sec
      Start 566: tests.integration.execute.rocprofv3-test-counter-collection-multiple-yaml
    Test #566: tests.integration.execute.rocprofv3-test-counter-collection-multiple-yaml ....................................................   Passed    1.01 sec
      Start 566: tests.integration.execute.rocprofv3-test-counter-collection-multiple-yaml
    Test #566: tests.integration.execute.rocprofv3-test-counter-collection-multiple-yaml ....................................................   Passed    0.99 sec
      Start 566: tests.integration.execute.rocprofv3-test-counter-collection-multiple-yaml
    Test #566: tests.integration.execute.rocprofv3-test-counter-collection-multiple-yaml ....................................................   Passed    0.98 sec
      Start 566: tests.integration.execute.rocprofv3-test-counter-collection-multiple-yaml
    Test #566: tests.integration.execute.rocprofv3-test-counter-collection-multiple-yaml ....................................................   Passed    1.00 sec
      Start 566: tests.integration.execute.rocprofv3-test-counter-collection-multiple-yaml
    Test #566: tests.integration.execute.rocprofv3-test-counter-collection-multiple-yaml ....................................................   Passed    0.98 sec
      Start 566: tests.integration.execute.rocprofv3-test-counter-collection-multiple-yaml
    Test #566: tests.integration.execute.rocprofv3-test-counter-collection-multiple-yaml ....................................................   Passed    0.99 sec
      Start 566: tests.integration.execute.rocprofv3-test-counter-collection-multiple-yaml
    Test #566: tests.integration.execute.rocprofv3-test-counter-collection-multiple-yaml ....................................................   Passed    0.99 sec
      Start 566: tests.integration.execute.rocprofv3-test-counter-collection-multiple-yaml
    Test #566: tests.integration.execute.rocprofv3-test-counter-collection-multiple-yaml ....................................................   Passed    0.99 sec
      Start 566: tests.integration.execute.rocprofv3-test-counter-collection-multiple-yaml
    Test #566: tests.integration.execute.rocprofv3-test-counter-collection-multiple-yaml ....................................................   Passed    0.99 sec
      Start 566: tests.integration.execute.rocprofv3-test-counter-collection-multiple-yaml
    Test #566: tests.integration.execute.rocprofv3-test-counter-collection-multiple-yaml ....................................................   Passed    0.99 sec
      Start 566: tests.integration.execute.rocprofv3-test-counter-collection-multiple-yaml
    Test #566: tests.integration.execute.rocprofv3-test-counter-collection-multiple-yaml ....................................................   Passed    0.99 sec
      Start 566: tests.integration.execute.rocprofv3-test-counter-collection-multiple-yaml
    Test #566: tests.integration.execute.rocprofv3-test-counter-collection-multiple-yaml ....................................................   Passed    0.98 sec
      Start 566: tests.integration.execute.rocprofv3-test-counter-collection-multiple-yaml
    Test #566: tests.integration.execute.rocprofv3-test-counter-collection-multiple-yaml ....................................................   Passed    0.99 sec
      Start 566: tests.integration.execute.rocprofv3-test-counter-collection-multiple-yaml
    Test #566: tests.integration.execute.rocprofv3-test-counter-collection-multiple-yaml ....................................................   Passed    0.98 sec
      Start 566: tests.integration.execute.rocprofv3-test-counter-collection-multiple-yaml
    Test #566: tests.integration.execute.rocprofv3-test-counter-collection-multiple-yaml ....................................................   Passed    0.98 sec
      Start 566: tests.integration.execute.rocprofv3-test-counter-collection-multiple-yaml
    Test #566: tests.integration.execute.rocprofv3-test-counter-collection-multiple-yaml ....................................................   Passed    0.99 sec
      Start 566: tests.integration.execute.rocprofv3-test-counter-collection-multiple-yaml
    Test #566: tests.integration.execute.rocprofv3-test-counter-collection-multiple-yaml ....................................................   Passed    0.98 sec
      Start 566: tests.integration.execute.rocprofv3-test-counter-collection-multiple-yaml
    Test #566: tests.integration.execute.rocprofv3-test-counter-collection-multiple-yaml ....................................................   Passed    0.98 sec
      Start 566: tests.integration.execute.rocprofv3-test-counter-collection-multiple-yaml
    Test #566: tests.integration.execute.rocprofv3-test-counter-collection-multiple-yaml ....................................................   Passed    0.98 sec
      Start 566: tests.integration.execute.rocprofv3-test-counter-collection-multiple-yaml
    Test #566: tests.integration.execute.rocprofv3-test-counter-collection-multiple-yaml ....................................................   Passed    0.98 sec
      Start 566: tests.integration.execute.rocprofv3-test-counter-collection-multiple-yaml
    Test #566: tests.integration.execute.rocprofv3-test-counter-collection-multiple-yaml ....................................................   Passed    0.98 sec
      Start 566: tests.integration.execute.rocprofv3-test-counter-collection-multiple-yaml
    Test #566: tests.integration.execute.rocprofv3-test-counter-collection-multiple-yaml ....................................................   Passed    0.99 sec
      Start 566: tests.integration.execute.rocprofv3-test-counter-collection-multiple-yaml
    Test #566: tests.integration.execute.rocprofv3-test-counter-collection-multiple-yaml ....................................................   Passed    0.99 sec
      Start 566: tests.integration.execute.rocprofv3-test-counter-collection-multiple-yaml
    Test #566: tests.integration.execute.rocprofv3-test-counter-collection-multiple-yaml ....................................................   Passed    0.97 sec
      Start 566: tests.integration.execute.rocprofv3-test-counter-collection-multiple-yaml
    Test #566: tests.integration.execute.rocprofv3-test-counter-collection-multiple-yaml ....................................................   Passed    1.00 sec
      Start 566: tests.integration.execute.rocprofv3-test-counter-collection-multiple-yaml
    Test #566: tests.integration.execute.rocprofv3-test-counter-collection-multiple-yaml ....................................................   Passed    0.98 sec
      Start 566: tests.integration.execute.rocprofv3-test-counter-collection-multiple-yaml
    Test #566: tests.integration.execute.rocprofv3-test-counter-collection-multiple-yaml ....................................................   Passed    0.98 sec
      Start 566: tests.integration.execute.rocprofv3-test-counter-collection-multiple-yaml
    Test #566: tests.integration.execute.rocprofv3-test-counter-collection-multiple-yaml ....................................................   Passed    0.98 sec
      Start 566: tests.integration.execute.rocprofv3-test-counter-collection-multiple-yaml
    Test #566: tests.integration.execute.rocprofv3-test-counter-collection-multiple-yaml ....................................................   Passed    0.97 sec
      Start 566: tests.integration.execute.rocprofv3-test-counter-collection-multiple-yaml
    Test #566: tests.integration.execute.rocprofv3-test-counter-collection-multiple-yaml ....................................................   Passed    0.96 sec
      Start 566: tests.integration.execute.rocprofv3-test-counter-collection-multiple-yaml
    Test #566: tests.integration.execute.rocprofv3-test-counter-collection-multiple-yaml ....................................................   Passed    0.98 sec
      Start 566: tests.integration.execute.rocprofv3-test-counter-collection-multiple-yaml
    Test #566: tests.integration.execute.rocprofv3-test-counter-collection-multiple-yaml ....................................................   Passed    0.96 sec
      Start 566: tests.integration.execute.rocprofv3-test-counter-collection-multiple-yaml
    Test #566: tests.integration.execute.rocprofv3-test-counter-collection-multiple-yaml ....................................................   Passed    0.98 sec
      Start 566: tests.integration.execute.rocprofv3-test-counter-collection-multiple-yaml
    Test #566: tests.integration.execute.rocprofv3-test-counter-collection-multiple-yaml ....................................................   Passed    0.99 sec
      Start 566: tests.integration.execute.rocprofv3-test-counter-collection-multiple-yaml
    Test #566: tests.integration.execute.rocprofv3-test-counter-collection-multiple-yaml ....................................................   Passed    0.97 sec
      Start 566: tests.integration.execute.rocprofv3-test-counter-collection-multiple-yaml
    Test #566: tests.integration.execute.rocprofv3-test-counter-collection-multiple-yaml ....................................................   Passed    0.99 sec
      Start 566: tests.integration.execute.rocprofv3-test-counter-collection-multiple-yaml
    Test #566: tests.integration.execute.rocprofv3-test-counter-collection-multiple-yaml ....................................................   Passed    1.00 sec
      Start 566: tests.integration.execute.rocprofv3-test-counter-collection-multiple-yaml
    Test #566: tests.integration.execute.rocprofv3-test-counter-collection-multiple-yaml ....................................................   Passed    0.97 sec
      Start 566: tests.integration.execute.rocprofv3-test-counter-collection-multiple-yaml
    Test #566: tests.integration.execute.rocprofv3-test-counter-collection-multiple-yaml ....................................................   Passed    0.97 sec
      Start 566: tests.integration.execute.rocprofv3-test-counter-collection-multiple-yaml
    Test #566: tests.integration.execute.rocprofv3-test-counter-collection-multiple-yaml ....................................................   Passed    0.98 sec
      Start 566: tests.integration.execute.rocprofv3-test-counter-collection-multiple-yaml
    Test #566: tests.integration.execute.rocprofv3-test-counter-collection-multiple-yaml ....................................................   Passed    0.99 sec
      Start 566: tests.integration.execute.rocprofv3-test-counter-collection-multiple-yaml
    Test #566: tests.integration.execute.rocprofv3-test-counter-collection-multiple-yaml ....................................................   Passed    0.98 sec
      Start 566: tests.integration.execute.rocprofv3-test-counter-collection-multiple-yaml
 7/14 Test #566: tests.integration.execute.rocprofv3-test-counter-collection-multiple-yaml ....................................................   Passed    0.97 sec
      Start 563: tests.integration.validate.rocprofv3-test-counter-collection-multiple-yaml.test_agent_info
    Test #563: tests.integration.validate.rocprofv3-test-counter-collection-multiple-yaml.test_agent_info ...................................   Passed    0.34 sec
      Start 563: tests.integration.validate.rocprofv3-test-counter-collection-multiple-yaml.test_agent_info
    Test #563: tests.integration.validate.rocprofv3-test-counter-collection-multiple-yaml.test_agent_info ...................................   Passed    0.34 sec
      Start 563: tests.integration.validate.rocprofv3-test-counter-collection-multiple-yaml.test_agent_info
    Test #563: tests.integration.validate.rocprofv3-test-counter-collection-multiple-yaml.test_agent_info ...................................   Passed    0.34 sec
      Start 563: tests.integration.validate.rocprofv3-test-counter-collection-multiple-yaml.test_agent_info
    Test #563: tests.integration.validate.rocprofv3-test-counter-collection-multiple-yaml.test_agent_info ...................................   Passed    0.34 sec
      Start 563: tests.integration.validate.rocprofv3-test-counter-collection-multiple-yaml.test_agent_info
    Test #563: tests.integration.validate.rocprofv3-test-counter-collection-multiple-yaml.test_agent_info ...................................   Passed    0.34 sec
      Start 563: tests.integration.validate.rocprofv3-test-counter-collection-multiple-yaml.test_agent_info
    Test #563: tests.integration.validate.rocprofv3-test-counter-collection-multiple-yaml.test_agent_info ...................................   Passed    0.34 sec
      Start 563: tests.integration.validate.rocprofv3-test-counter-collection-multiple-yaml.test_agent_info
    Test #563: tests.integration.validate.rocprofv3-test-counter-collection-multiple-yaml.test_agent_info ...................................   Passed    0.34 sec
      Start 563: tests.integration.validate.rocprofv3-test-counter-collection-multiple-yaml.test_agent_info
    Test #563: tests.integration.validate.rocprofv3-test-counter-collection-multiple-yaml.test_agent_info ...................................   Passed    0.34 sec
      Start 563: tests.integration.validate.rocprofv3-test-counter-collection-multiple-yaml.test_agent_info
    Test #563: tests.integration.validate.rocprofv3-test-counter-collection-multiple-yaml.test_agent_info ...................................   Passed    0.34 sec
      Start 563: tests.integration.validate.rocprofv3-test-counter-collection-multiple-yaml.test_agent_info
    Test #563: tests.integration.validate.rocprofv3-test-counter-collection-multiple-yaml.test_agent_info ...................................   Passed    0.34 sec
      Start 563: tests.integration.validate.rocprofv3-test-counter-collection-multiple-yaml.test_agent_info
    Test #563: tests.integration.validate.rocprofv3-test-counter-collection-multiple-yaml.test_agent_info ...................................   Passed    0.34 sec
      Start 563: tests.integration.validate.rocprofv3-test-counter-collection-multiple-yaml.test_agent_info
    Test #563: tests.integration.validate.rocprofv3-test-counter-collection-multiple-yaml.test_agent_info ...................................   Passed    0.34 sec
      Start 563: tests.integration.validate.rocprofv3-test-counter-collection-multiple-yaml.test_agent_info
    Test #563: tests.integration.validate.rocprofv3-test-counter-collection-multiple-yaml.test_agent_info ...................................   Passed    0.34 sec
      Start 563: tests.integration.validate.rocprofv3-test-counter-collection-multiple-yaml.test_agent_info
    Test #563: tests.integration.validate.rocprofv3-test-counter-collection-multiple-yaml.test_agent_info ...................................   Passed    0.34 sec
      Start 563: tests.integration.validate.rocprofv3-test-counter-collection-multiple-yaml.test_agent_info
    Test #563: tests.integration.validate.rocprofv3-test-counter-collection-multiple-yaml.test_agent_info ...................................   Passed    0.34 sec
      Start 563: tests.integration.validate.rocprofv3-test-counter-collection-multiple-yaml.test_agent_info
    Test #563: tests.integration.validate.rocprofv3-test-counter-collection-multiple-yaml.test_agent_info ...................................   Passed    0.34 sec
      Start 563: tests.integration.validate.rocprofv3-test-counter-collection-multiple-yaml.test_agent_info
    Test #563: tests.integration.validate.rocprofv3-test-counter-collection-multiple-yaml.test_agent_info ...................................   Passed    0.34 sec
      Start 563: tests.integration.validate.rocprofv3-test-counter-collection-multiple-yaml.test_agent_info
    Test #563: tests.integration.validate.rocprofv3-test-counter-collection-multiple-yaml.test_agent_info ...................................   Passed    0.34 sec
      Start 563: tests.integration.validate.rocprofv3-test-counter-collection-multiple-yaml.test_agent_info
    Test #563: tests.integration.validate.rocprofv3-test-counter-collection-multiple-yaml.test_agent_info ...................................   Passed    0.34 sec
      Start 563: tests.integration.validate.rocprofv3-test-counter-collection-multiple-yaml.test_agent_info
    Test #563: tests.integration.validate.rocprofv3-test-counter-collection-multiple-yaml.test_agent_info ...................................   Passed    0.34 sec
      Start 563: tests.integration.validate.rocprofv3-test-counter-collection-multiple-yaml.test_agent_info
    Test #563: tests.integration.validate.rocprofv3-test-counter-collection-multiple-yaml.test_agent_info ...................................   Passed    0.34 sec
      Start 563: tests.integration.validate.rocprofv3-test-counter-collection-multiple-yaml.test_agent_info
    Test #563: tests.integration.validate.rocprofv3-test-counter-collection-multiple-yaml.test_agent_info ...................................   Passed    0.34 sec
      Start 563: tests.integration.validate.rocprofv3-test-counter-collection-multiple-yaml.test_agent_info
    Test #563: tests.integration.validate.rocprofv3-test-counter-collection-multiple-yaml.test_agent_info ...................................   Passed    0.34 sec
      Start 563: tests.integration.validate.rocprofv3-test-counter-collection-multiple-yaml.test_agent_info
    Test #563: tests.integration.validate.rocprofv3-test-counter-collection-multiple-yaml.test_agent_info ...................................   Passed    0.34 sec
      Start 563: tests.integration.validate.rocprofv3-test-counter-collection-multiple-yaml.test_agent_info
    Test #563: tests.integration.validate.rocprofv3-test-counter-collection-multiple-yaml.test_agent_info ...................................   Passed    0.34 sec
      Start 563: tests.integration.validate.rocprofv3-test-counter-collection-multiple-yaml.test_agent_info
    Test #563: tests.integration.validate.rocprofv3-test-counter-collection-multiple-yaml.test_agent_info ...................................   Passed    0.34 sec
      Start 563: tests.integration.validate.rocprofv3-test-counter-collection-multiple-yaml.test_agent_info
    Test #563: tests.integration.validate.rocprofv3-test-counter-collection-multiple-yaml.test_agent_info ...................................   Passed    0.34 sec
      Start 563: tests.integration.validate.rocprofv3-test-counter-collection-multiple-yaml.test_agent_info
    Test #563: tests.integration.validate.rocprofv3-test-counter-collection-multiple-yaml.test_agent_info ...................................   Passed    0.34 sec
      Start 563: tests.integration.validate.rocprofv3-test-counter-collection-multiple-yaml.test_agent_info
    Test #563: tests.integration.validate.rocprofv3-test-counter-collection-multiple-yaml.test_agent_info ...................................   Passed    0.34 sec
      Start 563: tests.integration.validate.rocprofv3-test-counter-collection-multiple-yaml.test_agent_info
    Test #563: tests.integration.validate.rocprofv3-test-counter-collection-multiple-yaml.test_agent_info ...................................   Passed    0.34 sec
      Start 563: tests.integration.validate.rocprofv3-test-counter-collection-multiple-yaml.test_agent_info
    Test #563: tests.integration.validate.rocprofv3-test-counter-collection-multiple-yaml.test_agent_info ...................................   Passed    0.34 sec
      Start 563: tests.integration.validate.rocprofv3-test-counter-collection-multiple-yaml.test_agent_info
    Test #563: tests.integration.validate.rocprofv3-test-counter-collection-multiple-yaml.test_agent_info ...................................   Passed    0.34 sec
      Start 563: tests.integration.validate.rocprofv3-test-counter-collection-multiple-yaml.test_agent_info
    Test #563: tests.integration.validate.rocprofv3-test-counter-collection-multiple-yaml.test_agent_info ...................................   Passed    0.34 sec
      Start 563: tests.integration.validate.rocprofv3-test-counter-collection-multiple-yaml.test_agent_info
    Test #563: tests.integration.validate.rocprofv3-test-counter-collection-multiple-yaml.test_agent_info ...................................   Passed    0.34 sec
      Start 563: tests.integration.validate.rocprofv3-test-counter-collection-multiple-yaml.test_agent_info
    Test #563: tests.integration.validate.rocprofv3-test-counter-collection-multiple-yaml.test_agent_info ...................................   Passed    0.34 sec
      Start 563: tests.integration.validate.rocprofv3-test-counter-collection-multiple-yaml.test_agent_info
    Test #563: tests.integration.validate.rocprofv3-test-counter-collection-multiple-yaml.test_agent_info ...................................   Passed    0.33 sec
      Start 563: tests.integration.validate.rocprofv3-test-counter-collection-multiple-yaml.test_agent_info
    Test #563: tests.integration.validate.rocprofv3-test-counter-collection-multiple-yaml.test_agent_info ...................................   Passed    0.33 sec
      Start 563: tests.integration.validate.rocprofv3-test-counter-collection-multiple-yaml.test_agent_info
    Test #563: tests.integration.validate.rocprofv3-test-counter-collection-multiple-yaml.test_agent_info ...................................   Passed    0.33 sec
      Start 563: tests.integration.validate.rocprofv3-test-counter-collection-multiple-yaml.test_agent_info
    Test #563: tests.integration.validate.rocprofv3-test-counter-collection-multiple-yaml.test_agent_info ...................................   Passed    0.33 sec
      Start 563: tests.integration.validate.rocprofv3-test-counter-collection-multiple-yaml.test_agent_info
    Test #563: tests.integration.validate.rocprofv3-test-counter-collection-multiple-yaml.test_agent_info ...................................   Passed    0.34 sec
      Start 563: tests.integration.validate.rocprofv3-test-counter-collection-multiple-yaml.test_agent_info
    Test #563: tests.integration.validate.rocprofv3-test-counter-collection-multiple-yaml.test_agent_info ...................................   Passed    0.33 sec
      Start 563: tests.integration.validate.rocprofv3-test-counter-collection-multiple-yaml.test_agent_info
    Test #563: tests.integration.validate.rocprofv3-test-counter-collection-multiple-yaml.test_agent_info ...................................   Passed    0.34 sec
      Start 563: tests.integration.validate.rocprofv3-test-counter-collection-multiple-yaml.test_agent_info
    Test #563: tests.integration.validate.rocprofv3-test-counter-collection-multiple-yaml.test_agent_info ...................................   Passed    0.33 sec
      Start 563: tests.integration.validate.rocprofv3-test-counter-collection-multiple-yaml.test_agent_info
    Test #563: tests.integration.validate.rocprofv3-test-counter-collection-multiple-yaml.test_agent_info ...................................   Passed    0.34 sec
      Start 563: tests.integration.validate.rocprofv3-test-counter-collection-multiple-yaml.test_agent_info
    Test #563: tests.integration.validate.rocprofv3-test-counter-collection-multiple-yaml.test_agent_info ...................................   Passed    0.33 sec
      Start 563: tests.integration.validate.rocprofv3-test-counter-collection-multiple-yaml.test_agent_info
    Test #563: tests.integration.validate.rocprofv3-test-counter-collection-multiple-yaml.test_agent_info ...................................   Passed    0.33 sec
      Start 563: tests.integration.validate.rocprofv3-test-counter-collection-multiple-yaml.test_agent_info
    Test #563: tests.integration.validate.rocprofv3-test-counter-collection-multiple-yaml.test_agent_info ...................................   Passed    0.34 sec
      Start 563: tests.integration.validate.rocprofv3-test-counter-collection-multiple-yaml.test_agent_info
    Test #563: tests.integration.validate.rocprofv3-test-counter-collection-multiple-yaml.test_agent_info ...................................   Passed    0.33 sec
      Start 563: tests.integration.validate.rocprofv3-test-counter-collection-multiple-yaml.test_agent_info
    Test #563: tests.integration.validate.rocprofv3-test-counter-collection-multiple-yaml.test_agent_info ...................................   Passed    0.34 sec
      Start 563: tests.integration.validate.rocprofv3-test-counter-collection-multiple-yaml.test_agent_info
    Test #563: tests.integration.validate.rocprofv3-test-counter-collection-multiple-yaml.test_agent_info ...................................   Passed    0.33 sec
      Start 563: tests.integration.validate.rocprofv3-test-counter-collection-multiple-yaml.test_agent_info
    Test #563: tests.integration.validate.rocprofv3-test-counter-collection-multiple-yaml.test_agent_info ...................................   Passed    0.34 sec
      Start 563: tests.integration.validate.rocprofv3-test-counter-collection-multiple-yaml.test_agent_info
    Test #563: tests.integration.validate.rocprofv3-test-counter-collection-multiple-yaml.test_agent_info ...................................   Passed    0.34 sec
      Start 563: tests.integration.validate.rocprofv3-test-counter-collection-multiple-yaml.test_agent_info
    Test #563: tests.integration.validate.rocprofv3-test-counter-collection-multiple-yaml.test_agent_info ...................................   Passed    0.34 sec
      Start 563: tests.integration.validate.rocprofv3-test-counter-collection-multiple-yaml.test_agent_info
    Test #563: tests.integration.validate.rocprofv3-test-counter-collection-multiple-yaml.test_agent_info ...................................   Passed    0.33 sec
      Start 563: tests.integration.validate.rocprofv3-test-counter-collection-multiple-yaml.test_agent_info
    Test #563: tests.integration.validate.rocprofv3-test-counter-collection-multiple-yaml.test_agent_info ...................................   Passed    0.33 sec
      Start 563: tests.integration.validate.rocprofv3-test-counter-collection-multiple-yaml.test_agent_info
    Test #563: tests.integration.validate.rocprofv3-test-counter-collection-multiple-yaml.test_agent_info ...................................   Passed    0.33 sec
      Start 563: tests.integration.validate.rocprofv3-test-counter-collection-multiple-yaml.test_agent_info
    Test #563: tests.integration.validate.rocprofv3-test-counter-collection-multiple-yaml.test_agent_info ...................................   Passed    0.33 sec
      Start 563: tests.integration.validate.rocprofv3-test-counter-collection-multiple-yaml.test_agent_info
    Test #563: tests.integration.validate.rocprofv3-test-counter-collection-multiple-yaml.test_agent_info ...................................   Passed    0.34 sec
      Start 563: tests.integration.validate.rocprofv3-test-counter-collection-multiple-yaml.test_agent_info
    Test #563: tests.integration.validate.rocprofv3-test-counter-collection-multiple-yaml.test_agent_info ...................................   Passed    0.33 sec
      Start 563: tests.integration.validate.rocprofv3-test-counter-collection-multiple-yaml.test_agent_info
    Test #563: tests.integration.validate.rocprofv3-test-counter-collection-multiple-yaml.test_agent_info ...................................   Passed    0.33 sec
      Start 563: tests.integration.validate.rocprofv3-test-counter-collection-multiple-yaml.test_agent_info
    Test #563: tests.integration.validate.rocprofv3-test-counter-collection-multiple-yaml.test_agent_info ...................................   Passed    0.33 sec
      Start 563: tests.integration.validate.rocprofv3-test-counter-collection-multiple-yaml.test_agent_info
    Test #563: tests.integration.validate.rocprofv3-test-counter-collection-multiple-yaml.test_agent_info ...................................   Passed    0.34 sec
      Start 563: tests.integration.validate.rocprofv3-test-counter-collection-multiple-yaml.test_agent_info
    Test #563: tests.integration.validate.rocprofv3-test-counter-collection-multiple-yaml.test_agent_info ...................................   Passed    0.34 sec
      Start 563: tests.integration.validate.rocprofv3-test-counter-collection-multiple-yaml.test_agent_info
    Test #563: tests.integration.validate.rocprofv3-test-counter-collection-multiple-yaml.test_agent_info ...................................   Passed    0.33 sec
      Start 563: tests.integration.validate.rocprofv3-test-counter-collection-multiple-yaml.test_agent_info
    Test #563: tests.integration.validate.rocprofv3-test-counter-collection-multiple-yaml.test_agent_info ...................................   Passed    0.33 sec
      Start 563: tests.integration.validate.rocprofv3-test-counter-collection-multiple-yaml.test_agent_info
    Test #563: tests.integration.validate.rocprofv3-test-counter-collection-multiple-yaml.test_agent_info ...................................   Passed    0.34 sec
      Start 563: tests.integration.validate.rocprofv3-test-counter-collection-multiple-yaml.test_agent_info
    Test #563: tests.integration.validate.rocprofv3-test-counter-collection-multiple-yaml.test_agent_info ...................................   Passed    0.34 sec
      Start 563: tests.integration.validate.rocprofv3-test-counter-collection-multiple-yaml.test_agent_info
    Test #563: tests.integration.validate.rocprofv3-test-counter-collection-multiple-yaml.test_agent_info ...................................   Passed    0.34 sec
      Start 563: tests.integration.validate.rocprofv3-test-counter-collection-multiple-yaml.test_agent_info
    Test #563: tests.integration.validate.rocprofv3-test-counter-collection-multiple-yaml.test_agent_info ...................................   Passed    0.33 sec
      Start 563: tests.integration.validate.rocprofv3-test-counter-collection-multiple-yaml.test_agent_info
    Test #563: tests.integration.validate.rocprofv3-test-counter-collection-multiple-yaml.test_agent_info ...................................   Passed    0.33 sec
      Start 563: tests.integration.validate.rocprofv3-test-counter-collection-multiple-yaml.test_agent_info
    Test #563: tests.integration.validate.rocprofv3-test-counter-collection-multiple-yaml.test_agent_info ...................................   Passed    0.33 sec
      Start 563: tests.integration.validate.rocprofv3-test-counter-collection-multiple-yaml.test_agent_info
    Test #563: tests.integration.validate.rocprofv3-test-counter-collection-multiple-yaml.test_agent_info ...................................   Passed    0.33 sec
      Start 563: tests.integration.validate.rocprofv3-test-counter-collection-multiple-yaml.test_agent_info
    Test #563: tests.integration.validate.rocprofv3-test-counter-collection-multiple-yaml.test_agent_info ...................................   Passed    0.34 sec
      Start 563: tests.integration.validate.rocprofv3-test-counter-collection-multiple-yaml.test_agent_info
    Test #563: tests.integration.validate.rocprofv3-test-counter-collection-multiple-yaml.test_agent_info ...................................   Passed    0.33 sec
      Start 563: tests.integration.validate.rocprofv3-test-counter-collection-multiple-yaml.test_agent_info
    Test #563: tests.integration.validate.rocprofv3-test-counter-collection-multiple-yaml.test_agent_info ...................................   Passed    0.34 sec
      Start 563: tests.integration.validate.rocprofv3-test-counter-collection-multiple-yaml.test_agent_info
    Test #563: tests.integration.validate.rocprofv3-test-counter-collection-multiple-yaml.test_agent_info ...................................   Passed    0.33 sec
      Start 563: tests.integration.validate.rocprofv3-test-counter-collection-multiple-yaml.test_agent_info
    Test #563: tests.integration.validate.rocprofv3-test-counter-collection-multiple-yaml.test_agent_info ...................................   Passed    0.33 sec
      Start 563: tests.integration.validate.rocprofv3-test-counter-collection-multiple-yaml.test_agent_info
    Test #563: tests.integration.validate.rocprofv3-test-counter-collection-multiple-yaml.test_agent_info ...................................   Passed    0.33 sec
      Start 563: tests.integration.validate.rocprofv3-test-counter-collection-multiple-yaml.test_agent_info
    Test #563: tests.integration.validate.rocprofv3-test-counter-collection-multiple-yaml.test_agent_info ...................................   Passed    0.34 sec
      Start 563: tests.integration.validate.rocprofv3-test-counter-collection-multiple-yaml.test_agent_info
    Test #563: tests.integration.validate.rocprofv3-test-counter-collection-multiple-yaml.test_agent_info ...................................   Passed    0.33 sec
      Start 563: tests.integration.validate.rocprofv3-test-counter-collection-multiple-yaml.test_agent_info
    Test #563: tests.integration.validate.rocprofv3-test-counter-collection-multiple-yaml.test_agent_info ...................................   Passed    0.33 sec
      Start 563: tests.integration.validate.rocprofv3-test-counter-collection-multiple-yaml.test_agent_info
    Test #563: tests.integration.validate.rocprofv3-test-counter-collection-multiple-yaml.test_agent_info ...................................   Passed    0.33 sec
      Start 563: tests.integration.validate.rocprofv3-test-counter-collection-multiple-yaml.test_agent_info
    Test #563: tests.integration.validate.rocprofv3-test-counter-collection-multiple-yaml.test_agent_info ...................................   Passed    0.33 sec
      Start 563: tests.integration.validate.rocprofv3-test-counter-collection-multiple-yaml.test_agent_info
    Test #563: tests.integration.validate.rocprofv3-test-counter-collection-multiple-yaml.test_agent_info ...................................   Passed    0.33 sec
      Start 563: tests.integration.validate.rocprofv3-test-counter-collection-multiple-yaml.test_agent_info
    Test #563: tests.integration.validate.rocprofv3-test-counter-collection-multiple-yaml.test_agent_info ...................................   Passed    0.34 sec
      Start 563: tests.integration.validate.rocprofv3-test-counter-collection-multiple-yaml.test_agent_info
    Test #563: tests.integration.validate.rocprofv3-test-counter-collection-multiple-yaml.test_agent_info ...................................   Passed    0.33 sec
      Start 563: tests.integration.validate.rocprofv3-test-counter-collection-multiple-yaml.test_agent_info
    Test #563: tests.integration.validate.rocprofv3-test-counter-collection-multiple-yaml.test_agent_info ...................................   Passed    0.33 sec
      Start 563: tests.integration.validate.rocprofv3-test-counter-collection-multiple-yaml.test_agent_info
    Test #563: tests.integration.validate.rocprofv3-test-counter-collection-multiple-yaml.test_agent_info ...................................   Passed    0.34 sec
      Start 563: tests.integration.validate.rocprofv3-test-counter-collection-multiple-yaml.test_agent_info
    Test #563: tests.integration.validate.rocprofv3-test-counter-collection-multiple-yaml.test_agent_info ...................................   Passed    0.34 sec
      Start 563: tests.integration.validate.rocprofv3-test-counter-collection-multiple-yaml.test_agent_info
    Test #563: tests.integration.validate.rocprofv3-test-counter-collection-multiple-yaml.test_agent_info ...................................   Passed    0.34 sec
      Start 563: tests.integration.validate.rocprofv3-test-counter-collection-multiple-yaml.test_agent_info
    Test #563: tests.integration.validate.rocprofv3-test-counter-collection-multiple-yaml.test_agent_info ...................................   Passed    0.34 sec
      Start 563: tests.integration.validate.rocprofv3-test-counter-collection-multiple-yaml.test_agent_info
    Test #563: tests.integration.validate.rocprofv3-test-counter-collection-multiple-yaml.test_agent_info ...................................   Passed    0.33 sec
      Start 563: tests.integration.validate.rocprofv3-test-counter-collection-multiple-yaml.test_agent_info
    Test #563: tests.integration.validate.rocprofv3-test-counter-collection-multiple-yaml.test_agent_info ...................................   Passed    0.33 sec
      Start 563: tests.integration.validate.rocprofv3-test-counter-collection-multiple-yaml.test_agent_info
    Test #563: tests.integration.validate.rocprofv3-test-counter-collection-multiple-yaml.test_agent_info ...................................   Passed    0.34 sec
      Start 563: tests.integration.validate.rocprofv3-test-counter-collection-multiple-yaml.test_agent_info
    Test #563: tests.integration.validate.rocprofv3-test-counter-collection-multiple-yaml.test_agent_info ...................................   Passed    0.33 sec
      Start 563: tests.integration.validate.rocprofv3-test-counter-collection-multiple-yaml.test_agent_info
    Test #563: tests.integration.validate.rocprofv3-test-counter-collection-multiple-yaml.test_agent_info ...................................   Passed    0.34 sec
      Start 563: tests.integration.validate.rocprofv3-test-counter-collection-multiple-yaml.test_agent_info
    Test #563: tests.integration.validate.rocprofv3-test-counter-collection-multiple-yaml.test_agent_info ...................................   Passed    0.33 sec
      Start 563: tests.integration.validate.rocprofv3-test-counter-collection-multiple-yaml.test_agent_info
    Test #563: tests.integration.validate.rocprofv3-test-counter-collection-multiple-yaml.test_agent_info ...................................   Passed    0.34 sec
      Start 563: tests.integration.validate.rocprofv3-test-counter-collection-multiple-yaml.test_agent_info
    Test #563: tests.integration.validate.rocprofv3-test-counter-collection-multiple-yaml.test_agent_info ...................................   Passed    0.33 sec
      Start 563: tests.integration.validate.rocprofv3-test-counter-collection-multiple-yaml.test_agent_info
    Test #563: tests.integration.validate.rocprofv3-test-counter-collection-multiple-yaml.test_agent_info ...................................   Passed    0.34 sec
      Start 563: tests.integration.validate.rocprofv3-test-counter-collection-multiple-yaml.test_agent_info
    Test #563: tests.integration.validate.rocprofv3-test-counter-collection-multiple-yaml.test_agent_info ...................................   Passed    0.33 sec
      Start 563: tests.integration.validate.rocprofv3-test-counter-collection-multiple-yaml.test_agent_info
    Test #563: tests.integration.validate.rocprofv3-test-counter-collection-multiple-yaml.test_agent_info ...................................   Passed    0.33 sec
      Start 563: tests.integration.validate.rocprofv3-test-counter-collection-multiple-yaml.test_agent_info
    Test #563: tests.integration.validate.rocprofv3-test-counter-collection-multiple-yaml.test_agent_info ...................................   Passed    0.33 sec
      Start 563: tests.integration.validate.rocprofv3-test-counter-collection-multiple-yaml.test_agent_info
    Test #563: tests.integration.validate.rocprofv3-test-counter-collection-multiple-yaml.test_agent_info ...................................   Passed    0.33 sec
      Start 563: tests.integration.validate.rocprofv3-test-counter-collection-multiple-yaml.test_agent_info
    Test #563: tests.integration.validate.rocprofv3-test-counter-collection-multiple-yaml.test_agent_info ...................................   Passed    0.33 sec
      Start 563: tests.integration.validate.rocprofv3-test-counter-collection-multiple-yaml.test_agent_info
    Test #563: tests.integration.validate.rocprofv3-test-counter-collection-multiple-yaml.test_agent_info ...................................   Passed    0.34 sec
      Start 563: tests.integration.validate.rocprofv3-test-counter-collection-multiple-yaml.test_agent_info
    Test #563: tests.integration.validate.rocprofv3-test-counter-collection-multiple-yaml.test_agent_info ...................................   Passed    0.33 sec
      Start 563: tests.integration.validate.rocprofv3-test-counter-collection-multiple-yaml.test_agent_info
    Test #563: tests.integration.validate.rocprofv3-test-counter-collection-multiple-yaml.test_agent_info ...................................   Passed    0.34 sec
      Start 563: tests.integration.validate.rocprofv3-test-counter-collection-multiple-yaml.test_agent_info
    Test #563: tests.integration.validate.rocprofv3-test-counter-collection-multiple-yaml.test_agent_info ...................................   Passed    0.33 sec
      Start 563: tests.integration.validate.rocprofv3-test-counter-collection-multiple-yaml.test_agent_info
    Test #563: tests.integration.validate.rocprofv3-test-counter-collection-multiple-yaml.test_agent_info ...................................   Passed    0.34 sec
      Start 563: tests.integration.validate.rocprofv3-test-counter-collection-multiple-yaml.test_agent_info
    Test #563: tests.integration.validate.rocprofv3-test-counter-collection-multiple-yaml.test_agent_info ...................................   Passed    0.33 sec
      Start 563: tests.integration.validate.rocprofv3-test-counter-collection-multiple-yaml.test_agent_info
    Test #563: tests.integration.validate.rocprofv3-test-counter-collection-multiple-yaml.test_agent_info ...................................   Passed    0.34 sec
      Start 563: tests.integration.validate.rocprofv3-test-counter-collection-multiple-yaml.test_agent_info
    Test #563: tests.integration.validate.rocprofv3-test-counter-collection-multiple-yaml.test_agent_info ...................................   Passed    0.34 sec
      Start 563: tests.integration.validate.rocprofv3-test-counter-collection-multiple-yaml.test_agent_info
    Test #563: tests.integration.validate.rocprofv3-test-counter-collection-multiple-yaml.test_agent_info ...................................   Passed    0.34 sec
      Start 563: tests.integration.validate.rocprofv3-test-counter-collection-multiple-yaml.test_agent_info
    Test #563: tests.integration.validate.rocprofv3-test-counter-collection-multiple-yaml.test_agent_info ...................................   Passed    0.33 sec
      Start 563: tests.integration.validate.rocprofv3-test-counter-collection-multiple-yaml.test_agent_info
    Test #563: tests.integration.validate.rocprofv3-test-counter-collection-multiple-yaml.test_agent_info ...................................   Passed    0.33 sec
      Start 563: tests.integration.validate.rocprofv3-test-counter-collection-multiple-yaml.test_agent_info
    Test #563: tests.integration.validate.rocprofv3-test-counter-collection-multiple-yaml.test_agent_info ...................................   Passed    0.34 sec
      Start 563: tests.integration.validate.rocprofv3-test-counter-collection-multiple-yaml.test_agent_info
    Test #563: tests.integration.validate.rocprofv3-test-counter-collection-multiple-yaml.test_agent_info ...................................   Passed    0.33 sec
      Start 563: tests.integration.validate.rocprofv3-test-counter-collection-multiple-yaml.test_agent_info
    Test #563: tests.integration.validate.rocprofv3-test-counter-collection-multiple-yaml.test_agent_info ...................................   Passed    0.34 sec
      Start 563: tests.integration.validate.rocprofv3-test-counter-collection-multiple-yaml.test_agent_info
    Test #563: tests.integration.validate.rocprofv3-test-counter-collection-multiple-yaml.test_agent_info ...................................   Passed    0.34 sec
      Start 563: tests.integration.validate.rocprofv3-test-counter-collection-multiple-yaml.test_agent_info
    Test #563: tests.integration.validate.rocprofv3-test-counter-collection-multiple-yaml.test_agent_info ...................................   Passed    0.33 sec
      Start 563: tests.integration.validate.rocprofv3-test-counter-collection-multiple-yaml.test_agent_info
    Test #563: tests.integration.validate.rocprofv3-test-counter-collection-multiple-yaml.test_agent_info ...................................   Passed    0.34 sec
      Start 563: tests.integration.validate.rocprofv3-test-counter-collection-multiple-yaml.test_agent_info
    Test #563: tests.integration.validate.rocprofv3-test-counter-collection-multiple-yaml.test_agent_info ...................................   Passed    0.33 sec
      Start 563: tests.integration.validate.rocprofv3-test-counter-collection-multiple-yaml.test_agent_info
    Test #563: tests.integration.validate.rocprofv3-test-counter-collection-multiple-yaml.test_agent_info ...................................   Passed    0.33 sec
      Start 563: tests.integration.validate.rocprofv3-test-counter-collection-multiple-yaml.test_agent_info
    Test #563: tests.integration.validate.rocprofv3-test-counter-collection-multiple-yaml.test_agent_info ...................................   Passed    0.33 sec
      Start 563: tests.integration.validate.rocprofv3-test-counter-collection-multiple-yaml.test_agent_info
    Test #563: tests.integration.validate.rocprofv3-test-counter-collection-multiple-yaml.test_agent_info ...................................   Passed    0.34 sec
      Start 563: tests.integration.validate.rocprofv3-test-counter-collection-multiple-yaml.test_agent_info
    Test #563: tests.integration.validate.rocprofv3-test-counter-collection-multiple-yaml.test_agent_info ...................................   Passed    0.33 sec
      Start 563: tests.integration.validate.rocprofv3-test-counter-collection-multiple-yaml.test_agent_info
    Test #563: tests.integration.validate.rocprofv3-test-counter-collection-multiple-yaml.test_agent_info ...................................   Passed    0.34 sec
      Start 563: tests.integration.validate.rocprofv3-test-counter-collection-multiple-yaml.test_agent_info
    Test #563: tests.integration.validate.rocprofv3-test-counter-collection-multiple-yaml.test_agent_info ...................................   Passed    0.34 sec
      Start 563: tests.integration.validate.rocprofv3-test-counter-collection-multiple-yaml.test_agent_info
    Test #563: tests.integration.validate.rocprofv3-test-counter-collection-multiple-yaml.test_agent_info ...................................   Passed    0.33 sec
      Start 563: tests.integration.validate.rocprofv3-test-counter-collection-multiple-yaml.test_agent_info
    Test #563: tests.integration.validate.rocprofv3-test-counter-collection-multiple-yaml.test_agent_info ...................................   Passed    0.33 sec
      Start 563: tests.integration.validate.rocprofv3-test-counter-collection-multiple-yaml.test_agent_info
    Test #563: tests.integration.validate.rocprofv3-test-counter-collection-multiple-yaml.test_agent_info ...................................   Passed    0.34 sec
      Start 563: tests.integration.validate.rocprofv3-test-counter-collection-multiple-yaml.test_agent_info
    Test #563: tests.integration.validate.rocprofv3-test-counter-collection-multiple-yaml.test_agent_info ...................................   Passed    0.33 sec
      Start 563: tests.integration.validate.rocprofv3-test-counter-collection-multiple-yaml.test_agent_info
    Test #563: tests.integration.validate.rocprofv3-test-counter-collection-multiple-yaml.test_agent_info ...................................   Passed    0.34 sec
      Start 563: tests.integration.validate.rocprofv3-test-counter-collection-multiple-yaml.test_agent_info
    Test #563: tests.integration.validate.rocprofv3-test-counter-collection-multiple-yaml.test_agent_info ...................................   Passed    0.33 sec
      Start 563: tests.integration.validate.rocprofv3-test-counter-collection-multiple-yaml.test_agent_info
    Test #563: tests.integration.validate.rocprofv3-test-counter-collection-multiple-yaml.test_agent_info ...................................   Passed    0.34 sec
      Start 563: tests.integration.validate.rocprofv3-test-counter-collection-multiple-yaml.test_agent_info
    Test #563: tests.integration.validate.rocprofv3-test-counter-collection-multiple-yaml.test_agent_info ...................................   Passed    0.33 sec
      Start 563: tests.integration.validate.rocprofv3-test-counter-collection-multiple-yaml.test_agent_info
    Test #563: tests.integration.validate.rocprofv3-test-counter-collection-multiple-yaml.test_agent_info ...................................   Passed    0.34 sec
      Start 563: tests.integration.validate.rocprofv3-test-counter-collection-multiple-yaml.test_agent_info
    Test #563: tests.integration.validate.rocprofv3-test-counter-collection-multiple-yaml.test_agent_info ...................................   Passed    0.33 sec
      Start 563: tests.integration.validate.rocprofv3-test-counter-collection-multiple-yaml.test_agent_info
    Test #563: tests.integration.validate.rocprofv3-test-counter-collection-multiple-yaml.test_agent_info ...................................   Passed    0.33 sec
      Start 563: tests.integration.validate.rocprofv3-test-counter-collection-multiple-yaml.test_agent_info
    Test #563: tests.integration.validate.rocprofv3-test-counter-collection-multiple-yaml.test_agent_info ...................................   Passed    0.33 sec
      Start 563: tests.integration.validate.rocprofv3-test-counter-collection-multiple-yaml.test_agent_info
    Test #563: tests.integration.validate.rocprofv3-test-counter-collection-multiple-yaml.test_agent_info ...................................   Passed    0.34 sec
      Start 563: tests.integration.validate.rocprofv3-test-counter-collection-multiple-yaml.test_agent_info
    Test #563: tests.integration.validate.rocprofv3-test-counter-collection-multiple-yaml.test_agent_info ...................................   Passed    0.33 sec
      Start 563: tests.integration.validate.rocprofv3-test-counter-collection-multiple-yaml.test_agent_info
    Test #563: tests.integration.validate.rocprofv3-test-counter-collection-multiple-yaml.test_agent_info ...................................   Passed    0.33 sec
      Start 563: tests.integration.validate.rocprofv3-test-counter-collection-multiple-yaml.test_agent_info
    Test #563: tests.integration.validate.rocprofv3-test-counter-collection-multiple-yaml.test_agent_info ...................................   Passed    0.34 sec
      Start 563: tests.integration.validate.rocprofv3-test-counter-collection-multiple-yaml.test_agent_info
    Test #563: tests.integration.validate.rocprofv3-test-counter-collection-multiple-yaml.test_agent_info ...................................   Passed    0.33 sec
      Start 563: tests.integration.validate.rocprofv3-test-counter-collection-multiple-yaml.test_agent_info
    Test #563: tests.integration.validate.rocprofv3-test-counter-collection-multiple-yaml.test_agent_info ...................................   Passed    0.33 sec
      Start 563: tests.integration.validate.rocprofv3-test-counter-collection-multiple-yaml.test_agent_info
    Test #563: tests.integration.validate.rocprofv3-test-counter-collection-multiple-yaml.test_agent_info ...................................   Passed    0.33 sec
      Start 563: tests.integration.validate.rocprofv3-test-counter-collection-multiple-yaml.test_agent_info
    Test #563: tests.integration.validate.rocprofv3-test-counter-collection-multiple-yaml.test_agent_info ...................................   Passed    0.33 sec
      Start 563: tests.integration.validate.rocprofv3-test-counter-collection-multiple-yaml.test_agent_info
    Test #563: tests.integration.validate.rocprofv3-test-counter-collection-multiple-yaml.test_agent_info ...................................   Passed    0.34 sec
      Start 563: tests.integration.validate.rocprofv3-test-counter-collection-multiple-yaml.test_agent_info
    Test #563: tests.integration.validate.rocprofv3-test-counter-collection-multiple-yaml.test_agent_info ...................................   Passed    0.34 sec
      Start 563: tests.integration.validate.rocprofv3-test-counter-collection-multiple-yaml.test_agent_info
    Test #563: tests.integration.validate.rocprofv3-test-counter-collection-multiple-yaml.test_agent_info ...................................   Passed    0.33 sec
      Start 563: tests.integration.validate.rocprofv3-test-counter-collection-multiple-yaml.test_agent_info
    Test #563: tests.integration.validate.rocprofv3-test-counter-collection-multiple-yaml.test_agent_info ...................................   Passed    0.34 sec
      Start 563: tests.integration.validate.rocprofv3-test-counter-collection-multiple-yaml.test_agent_info
    Test #563: tests.integration.validate.rocprofv3-test-counter-collection-multiple-yaml.test_agent_info ...................................   Passed    0.34 sec
      Start 563: tests.integration.validate.rocprofv3-test-counter-collection-multiple-yaml.test_agent_info
    Test #563: tests.integration.validate.rocprofv3-test-counter-collection-multiple-yaml.test_agent_info ...................................   Passed    0.33 sec
      Start 563: tests.integration.validate.rocprofv3-test-counter-collection-multiple-yaml.test_agent_info
    Test #563: tests.integration.validate.rocprofv3-test-counter-collection-multiple-yaml.test_agent_info ...................................   Passed    0.34 sec
      Start 563: tests.integration.validate.rocprofv3-test-counter-collection-multiple-yaml.test_agent_info
    Test #563: tests.integration.validate.rocprofv3-test-counter-collection-multiple-yaml.test_agent_info ...................................   Passed    0.33 sec
      Start 563: tests.integration.validate.rocprofv3-test-counter-collection-multiple-yaml.test_agent_info
    Test #563: tests.integration.validate.rocprofv3-test-counter-collection-multiple-yaml.test_agent_info ...................................   Passed    0.34 sec
      Start 563: tests.integration.validate.rocprofv3-test-counter-collection-multiple-yaml.test_agent_info
    Test #563: tests.integration.validate.rocprofv3-test-counter-collection-multiple-yaml.test_agent_info ...................................   Passed    0.34 sec
      Start 563: tests.integration.validate.rocprofv3-test-counter-collection-multiple-yaml.test_agent_info
    Test #563: tests.integration.validate.rocprofv3-test-counter-collection-multiple-yaml.test_agent_info ...................................   Passed    0.34 sec
      Start 563: tests.integration.validate.rocprofv3-test-counter-collection-multiple-yaml.test_agent_info
    Test #563: tests.integration.validate.rocprofv3-test-counter-collection-multiple-yaml.test_agent_info ...................................   Passed    0.33 sec
      Start 563: tests.integration.validate.rocprofv3-test-counter-collection-multiple-yaml.test_agent_info
    Test #563: tests.integration.validate.rocprofv3-test-counter-collection-multiple-yaml.test_agent_info ...................................   Passed    0.33 sec
      Start 563: tests.integration.validate.rocprofv3-test-counter-collection-multiple-yaml.test_agent_info
    Test #563: tests.integration.validate.rocprofv3-test-counter-collection-multiple-yaml.test_agent_info ...................................   Passed    0.33 sec
      Start 563: tests.integration.validate.rocprofv3-test-counter-collection-multiple-yaml.test_agent_info
    Test #563: tests.integration.validate.rocprofv3-test-counter-collection-multiple-yaml.test_agent_info ...................................   Passed    0.33 sec
      Start 563: tests.integration.validate.rocprofv3-test-counter-collection-multiple-yaml.test_agent_info
    Test #563: tests.integration.validate.rocprofv3-test-counter-collection-multiple-yaml.test_agent_info ...................................   Passed    0.33 sec
      Start 563: tests.integration.validate.rocprofv3-test-counter-collection-multiple-yaml.test_agent_info
    Test #563: tests.integration.validate.rocprofv3-test-counter-collection-multiple-yaml.test_agent_info ...................................   Passed    0.34 sec
      Start 563: tests.integration.validate.rocprofv3-test-counter-collection-multiple-yaml.test_agent_info
    Test #563: tests.integration.validate.rocprofv3-test-counter-collection-multiple-yaml.test_agent_info ...................................   Passed    0.33 sec
      Start 563: tests.integration.validate.rocprofv3-test-counter-collection-multiple-yaml.test_agent_info
    Test #563: tests.integration.validate.rocprofv3-test-counter-collection-multiple-yaml.test_agent_info ...................................   Passed    0.33 sec
      Start 563: tests.integration.validate.rocprofv3-test-counter-collection-multiple-yaml.test_agent_info
    Test #563: tests.integration.validate.rocprofv3-test-counter-collection-multiple-yaml.test_agent_info ...................................   Passed    0.34 sec
      Start 563: tests.integration.validate.rocprofv3-test-counter-collection-multiple-yaml.test_agent_info
    Test #563: tests.integration.validate.rocprofv3-test-counter-collection-multiple-yaml.test_agent_info ...................................   Passed    0.33 sec
      Start 563: tests.integration.validate.rocprofv3-test-counter-collection-multiple-yaml.test_agent_info
    Test #563: tests.integration.validate.rocprofv3-test-counter-collection-multiple-yaml.test_agent_info ...................................   Passed    0.33 sec
      Start 563: tests.integration.validate.rocprofv3-test-counter-collection-multiple-yaml.test_agent_info
    Test #563: tests.integration.validate.rocprofv3-test-counter-collection-multiple-yaml.test_agent_info ...................................   Passed    0.33 sec
      Start 563: tests.integration.validate.rocprofv3-test-counter-collection-multiple-yaml.test_agent_info
    Test #563: tests.integration.validate.rocprofv3-test-counter-collection-multiple-yaml.test_agent_info ...................................   Passed    0.33 sec
      Start 563: tests.integration.validate.rocprofv3-test-counter-collection-multiple-yaml.test_agent_info
    Test #563: tests.integration.validate.rocprofv3-test-counter-collection-multiple-yaml.test_agent_info ...................................   Passed    0.34 sec
      Start 563: tests.integration.validate.rocprofv3-test-counter-collection-multiple-yaml.test_agent_info
    Test #563: tests.integration.validate.rocprofv3-test-counter-collection-multiple-yaml.test_agent_info ...................................   Passed    0.34 sec
      Start 563: tests.integration.validate.rocprofv3-test-counter-collection-multiple-yaml.test_agent_info
    Test #563: tests.integration.validate.rocprofv3-test-counter-collection-multiple-yaml.test_agent_info ...................................   Passed    0.33 sec
      Start 563: tests.integration.validate.rocprofv3-test-counter-collection-multiple-yaml.test_agent_info
    Test #563: tests.integration.validate.rocprofv3-test-counter-collection-multiple-yaml.test_agent_info ...................................   Passed    0.33 sec
      Start 563: tests.integration.validate.rocprofv3-test-counter-collection-multiple-yaml.test_agent_info
    Test #563: tests.integration.validate.rocprofv3-test-counter-collection-multiple-yaml.test_agent_info ...................................   Passed    0.34 sec
      Start 563: tests.integration.validate.rocprofv3-test-counter-collection-multiple-yaml.test_agent_info
    Test #563: tests.integration.validate.rocprofv3-test-counter-collection-multiple-yaml.test_agent_info ...................................   Passed    0.33 sec
      Start 563: tests.integration.validate.rocprofv3-test-counter-collection-multiple-yaml.test_agent_info
    Test #563: tests.integration.validate.rocprofv3-test-counter-collection-multiple-yaml.test_agent_info ...................................   Passed    0.33 sec
      Start 563: tests.integration.validate.rocprofv3-test-counter-collection-multiple-yaml.test_agent_info
    Test #563: tests.integration.validate.rocprofv3-test-counter-collection-multiple-yaml.test_agent_info ...................................   Passed    0.34 sec
      Start 563: tests.integration.validate.rocprofv3-test-counter-collection-multiple-yaml.test_agent_info
    Test #563: tests.integration.validate.rocprofv3-test-counter-collection-multiple-yaml.test_agent_info ...................................   Passed    0.33 sec
      Start 563: tests.integration.validate.rocprofv3-test-counter-collection-multiple-yaml.test_agent_info
    Test #563: tests.integration.validate.rocprofv3-test-counter-collection-multiple-yaml.test_agent_info ...................................   Passed    0.33 sec
      Start 563: tests.integration.validate.rocprofv3-test-counter-collection-multiple-yaml.test_agent_info
    Test #563: tests.integration.validate.rocprofv3-test-counter-collection-multiple-yaml.test_agent_info ...................................   Passed    0.34 sec
      Start 563: tests.integration.validate.rocprofv3-test-counter-collection-multiple-yaml.test_agent_info
    Test #563: tests.integration.validate.rocprofv3-test-counter-collection-multiple-yaml.test_agent_info ...................................   Passed    0.34 sec
      Start 563: tests.integration.validate.rocprofv3-test-counter-collection-multiple-yaml.test_agent_info
    Test #563: tests.integration.validate.rocprofv3-test-counter-collection-multiple-yaml.test_agent_info ...................................   Passed    0.34 sec
      Start 563: tests.integration.validate.rocprofv3-test-counter-collection-multiple-yaml.test_agent_info
    Test #563: tests.integration.validate.rocprofv3-test-counter-collection-multiple-yaml.test_agent_info ...................................   Passed    0.34 sec
      Start 563: tests.integration.validate.rocprofv3-test-counter-collection-multiple-yaml.test_agent_info
    Test #563: tests.integration.validate.rocprofv3-test-counter-collection-multiple-yaml.test_agent_info ...................................   Passed    0.34 sec
      Start 563: tests.integration.validate.rocprofv3-test-counter-collection-multiple-yaml.test_agent_info
    Test #563: tests.integration.validate.rocprofv3-test-counter-collection-multiple-yaml.test_agent_info ...................................   Passed    0.34 sec
      Start 563: tests.integration.validate.rocprofv3-test-counter-collection-multiple-yaml.test_agent_info
    Test #563: tests.integration.validate.rocprofv3-test-counter-collection-multiple-yaml.test_agent_info ...................................   Passed    0.34 sec
      Start 563: tests.integration.validate.rocprofv3-test-counter-collection-multiple-yaml.test_agent_info
    Test #563: tests.integration.validate.rocprofv3-test-counter-collection-multiple-yaml.test_agent_info ...................................   Passed    0.34 sec
      Start 563: tests.integration.validate.rocprofv3-test-counter-collection-multiple-yaml.test_agent_info
    Test #563: tests.integration.validate.rocprofv3-test-counter-collection-multiple-yaml.test_agent_info ...................................   Passed    0.34 sec
      Start 563: tests.integration.validate.rocprofv3-test-counter-collection-multiple-yaml.test_agent_info
    Test #563: tests.integration.validate.rocprofv3-test-counter-collection-multiple-yaml.test_agent_info ...................................   Passed    0.34 sec
      Start 563: tests.integration.validate.rocprofv3-test-counter-collection-multiple-yaml.test_agent_info
    Test #563: tests.integration.validate.rocprofv3-test-counter-collection-multiple-yaml.test_agent_info ...................................   Passed    0.34 sec
      Start 563: tests.integration.validate.rocprofv3-test-counter-collection-multiple-yaml.test_agent_info
    Test #563: tests.integration.validate.rocprofv3-test-counter-collection-multiple-yaml.test_agent_info ...................................   Passed    0.33 sec
      Start 563: tests.integration.validate.rocprofv3-test-counter-collection-multiple-yaml.test_agent_info
    Test #563: tests.integration.validate.rocprofv3-test-counter-collection-multiple-yaml.test_agent_info ...................................   Passed    0.33 sec
      Start 563: tests.integration.validate.rocprofv3-test-counter-collection-multiple-yaml.test_agent_info
    Test #563: tests.integration.validate.rocprofv3-test-counter-collection-multiple-yaml.test_agent_info ...................................   Passed    0.33 sec
      Start 563: tests.integration.validate.rocprofv3-test-counter-collection-multiple-yaml.test_agent_info
    Test #563: tests.integration.validate.rocprofv3-test-counter-collection-multiple-yaml.test_agent_info ...................................   Passed    0.33 sec
      Start 563: tests.integration.validate.rocprofv3-test-counter-collection-multiple-yaml.test_agent_info
    Test #563: tests.integration.validate.rocprofv3-test-counter-collection-multiple-yaml.test_agent_info ...................................   Passed    0.34 sec
      Start 563: tests.integration.validate.rocprofv3-test-counter-collection-multiple-yaml.test_agent_info
    Test #563: tests.integration.validate.rocprofv3-test-counter-collection-multiple-yaml.test_agent_info ...................................   Passed    0.33 sec
      Start 563: tests.integration.validate.rocprofv3-test-counter-collection-multiple-yaml.test_agent_info
    Test #563: tests.integration.validate.rocprofv3-test-counter-collection-multiple-yaml.test_agent_info ...................................   Passed    0.33 sec
      Start 563: tests.integration.validate.rocprofv3-test-counter-collection-multiple-yaml.test_agent_info
    Test #563: tests.integration.validate.rocprofv3-test-counter-collection-multiple-yaml.test_agent_info ...................................   Passed    0.33 sec
      Start 563: tests.integration.validate.rocprofv3-test-counter-collection-multiple-yaml.test_agent_info
    Test #563: tests.integration.validate.rocprofv3-test-counter-collection-multiple-yaml.test_agent_info ...................................   Passed    0.33 sec
      Start 563: tests.integration.validate.rocprofv3-test-counter-collection-multiple-yaml.test_agent_info
    Test #563: tests.integration.validate.rocprofv3-test-counter-collection-multiple-yaml.test_agent_info ...................................   Passed    0.34 sec
      Start 563: tests.integration.validate.rocprofv3-test-counter-collection-multiple-yaml.test_agent_info
    Test #563: tests.integration.validate.rocprofv3-test-counter-collection-multiple-yaml.test_agent_info ...................................   Passed    0.34 sec
      Start 563: tests.integration.validate.rocprofv3-test-counter-collection-multiple-yaml.test_agent_info
    Test #563: tests.integration.validate.rocprofv3-test-counter-collection-multiple-yaml.test_agent_info ...................................   Passed    0.33 sec
      Start 563: tests.integration.validate.rocprofv3-test-counter-collection-multiple-yaml.test_agent_info
    Test #563: tests.integration.validate.rocprofv3-test-counter-collection-multiple-yaml.test_agent_info ...................................   Passed    0.33 sec
      Start 563: tests.integration.validate.rocprofv3-test-counter-collection-multiple-yaml.test_agent_info
    Test #563: tests.integration.validate.rocprofv3-test-counter-collection-multiple-yaml.test_agent_info ...................................   Passed    0.33 sec
      Start 563: tests.integration.validate.rocprofv3-test-counter-collection-multiple-yaml.test_agent_info
    Test #563: tests.integration.validate.rocprofv3-test-counter-collection-multiple-yaml.test_agent_info ...................................   Passed    0.34 sec
      Start 563: tests.integration.validate.rocprofv3-test-counter-collection-multiple-yaml.test_agent_info
    Test #563: tests.integration.validate.rocprofv3-test-counter-collection-multiple-yaml.test_agent_info ...................................   Passed    0.34 sec
      Start 563: tests.integration.validate.rocprofv3-test-counter-collection-multiple-yaml.test_agent_info
    Test #563: tests.integration.validate.rocprofv3-test-counter-collection-multiple-yaml.test_agent_info ...................................   Passed    0.34 sec
      Start 563: tests.integration.validate.rocprofv3-test-counter-collection-multiple-yaml.test_agent_info
    Test #563: tests.integration.validate.rocprofv3-test-counter-collection-multiple-yaml.test_agent_info ...................................   Passed    0.34 sec
      Start 563: tests.integration.validate.rocprofv3-test-counter-collection-multiple-yaml.test_agent_info
    Test #563: tests.integration.validate.rocprofv3-test-counter-collection-multiple-yaml.test_agent_info ...................................   Passed    0.33 sec
      Start 563: tests.integration.validate.rocprofv3-test-counter-collection-multiple-yaml.test_agent_info
    Test #563: tests.integration.validate.rocprofv3-test-counter-collection-multiple-yaml.test_agent_info ...................................   Passed    0.34 sec
      Start 563: tests.integration.validate.rocprofv3-test-counter-collection-multiple-yaml.test_agent_info
    Test #563: tests.integration.validate.rocprofv3-test-counter-collection-multiple-yaml.test_agent_info ...................................   Passed    0.34 sec
      Start 563: tests.integration.validate.rocprofv3-test-counter-collection-multiple-yaml.test_agent_info
    Test #563: tests.integration.validate.rocprofv3-test-counter-collection-multiple-yaml.test_agent_info ...................................   Passed    0.34 sec
      Start 563: tests.integration.validate.rocprofv3-test-counter-collection-multiple-yaml.test_agent_info
    Test #563: tests.integration.validate.rocprofv3-test-counter-collection-multiple-yaml.test_agent_info ...................................   Passed    0.34 sec
      Start 563: tests.integration.validate.rocprofv3-test-counter-collection-multiple-yaml.test_agent_info
    Test #563: tests.integration.validate.rocprofv3-test-counter-collection-multiple-yaml.test_agent_info ...................................   Passed    0.34 sec
      Start 563: tests.integration.validate.rocprofv3-test-counter-collection-multiple-yaml.test_agent_info
    Test #563: tests.integration.validate.rocprofv3-test-counter-collection-multiple-yaml.test_agent_info ...................................   Passed    0.34 sec
      Start 563: tests.integration.validate.rocprofv3-test-counter-collection-multiple-yaml.test_agent_info
    Test #563: tests.integration.validate.rocprofv3-test-counter-collection-multiple-yaml.test_agent_info ...................................   Passed    0.34 sec
      Start 563: tests.integration.validate.rocprofv3-test-counter-collection-multiple-yaml.test_agent_info
    Test #563: tests.integration.validate.rocprofv3-test-counter-collection-multiple-yaml.test_agent_info ...................................   Passed    0.34 sec
      Start 563: tests.integration.validate.rocprofv3-test-counter-collection-multiple-yaml.test_agent_info
    Test #563: tests.integration.validate.rocprofv3-test-counter-collection-multiple-yaml.test_agent_info ...................................   Passed    0.34 sec
      Start 563: tests.integration.validate.rocprofv3-test-counter-collection-multiple-yaml.test_agent_info
    Test #563: tests.integration.validate.rocprofv3-test-counter-collection-multiple-yaml.test_agent_info ...................................   Passed    0.33 sec
      Start 563: tests.integration.validate.rocprofv3-test-counter-collection-multiple-yaml.test_agent_info
    Test #563: tests.integration.validate.rocprofv3-test-counter-collection-multiple-yaml.test_agent_info ...................................   Passed    0.33 sec
      Start 563: tests.integration.validate.rocprofv3-test-counter-collection-multiple-yaml.test_agent_info
    Test #563: tests.integration.validate.rocprofv3-test-counter-collection-multiple-yaml.test_agent_info ...................................   Passed    0.33 sec
      Start 563: tests.integration.validate.rocprofv3-test-counter-collection-multiple-yaml.test_agent_info
    Test #563: tests.integration.validate.rocprofv3-test-counter-collection-multiple-yaml.test_agent_info ...................................   Passed    0.33 sec
      Start 563: tests.integration.validate.rocprofv3-test-counter-collection-multiple-yaml.test_agent_info
    Test #563: tests.integration.validate.rocprofv3-test-counter-collection-multiple-yaml.test_agent_info ...................................   Passed    0.33 sec
      Start 563: tests.integration.validate.rocprofv3-test-counter-collection-multiple-yaml.test_agent_info
    Test #563: tests.integration.validate.rocprofv3-test-counter-collection-multiple-yaml.test_agent_info ...................................   Passed    0.33 sec
      Start 563: tests.integration.validate.rocprofv3-test-counter-collection-multiple-yaml.test_agent_info
    Test #563: tests.integration.validate.rocprofv3-test-counter-collection-multiple-yaml.test_agent_info ...................................   Passed    0.34 sec
      Start 563: tests.integration.validate.rocprofv3-test-counter-collection-multiple-yaml.test_agent_info
    Test #563: tests.integration.validate.rocprofv3-test-counter-collection-multiple-yaml.test_agent_info ...................................   Passed    0.33 sec
      Start 563: tests.integration.validate.rocprofv3-test-counter-collection-multiple-yaml.test_agent_info
    Test #563: tests.integration.validate.rocprofv3-test-counter-collection-multiple-yaml.test_agent_info ...................................   Passed    0.33 sec
      Start 563: tests.integration.validate.rocprofv3-test-counter-collection-multiple-yaml.test_agent_info
    Test #563: tests.integration.validate.rocprofv3-test-counter-collection-multiple-yaml.test_agent_info ...................................   Passed    0.33 sec
      Start 563: tests.integration.validate.rocprofv3-test-counter-collection-multiple-yaml.test_agent_info
    Test #563: tests.integration.validate.rocprofv3-test-counter-collection-multiple-yaml.test_agent_info ...................................   Passed    0.34 sec
      Start 563: tests.integration.validate.rocprofv3-test-counter-collection-multiple-yaml.test_agent_info
    Test #563: tests.integration.validate.rocprofv3-test-counter-collection-multiple-yaml.test_agent_info ...................................   Passed    0.34 sec
      Start 563: tests.integration.validate.rocprofv3-test-counter-collection-multiple-yaml.test_agent_info
    Test #563: tests.integration.validate.rocprofv3-test-counter-collection-multiple-yaml.test_agent_info ...................................   Passed    0.33 sec
      Start 563: tests.integration.validate.rocprofv3-test-counter-collection-multiple-yaml.test_agent_info
    Test #563: tests.integration.validate.rocprofv3-test-counter-collection-multiple-yaml.test_agent_info ...................................   Passed    0.33 sec
      Start 563: tests.integration.validate.rocprofv3-test-counter-collection-multiple-yaml.test_agent_info
    Test #563: tests.integration.validate.rocprofv3-test-counter-collection-multiple-yaml.test_agent_info ...................................   Passed    0.33 sec
      Start 563: tests.integration.validate.rocprofv3-test-counter-collection-multiple-yaml.test_agent_info
    Test #563: tests.integration.validate.rocprofv3-test-counter-collection-multiple-yaml.test_agent_info ...................................   Passed    0.33 sec
      Start 563: tests.integration.validate.rocprofv3-test-counter-collection-multiple-yaml.test_agent_info
    Test #563: tests.integration.validate.rocprofv3-test-counter-collection-multiple-yaml.test_agent_info ...................................   Passed    0.35 sec
      Start 563: tests.integration.validate.rocprofv3-test-counter-collection-multiple-yaml.test_agent_info
    Test #563: tests.integration.validate.rocprofv3-test-counter-collection-multiple-yaml.test_agent_info ...................................   Passed    0.34 sec
      Start 563: tests.integration.validate.rocprofv3-test-counter-collection-multiple-yaml.test_agent_info
    Test #563: tests.integration.validate.rocprofv3-test-counter-collection-multiple-yaml.test_agent_info ...................................   Passed    0.34 sec
      Start 563: tests.integration.validate.rocprofv3-test-counter-collection-multiple-yaml.test_agent_info
    Test #563: tests.integration.validate.rocprofv3-test-counter-collection-multiple-yaml.test_agent_info ...................................   Passed    0.34 sec
      Start 563: tests.integration.validate.rocprofv3-test-counter-collection-multiple-yaml.test_agent_info
    Test #563: tests.integration.validate.rocprofv3-test-counter-collection-multiple-yaml.test_agent_info ...................................   Passed    0.34 sec
      Start 563: tests.integration.validate.rocprofv3-test-counter-collection-multiple-yaml.test_agent_info
    Test #563: tests.integration.validate.rocprofv3-test-counter-collection-multiple-yaml.test_agent_info ...................................   Passed    0.34 sec
      Start 563: tests.integration.validate.rocprofv3-test-counter-collection-multiple-yaml.test_agent_info
    Test #563: tests.integration.validate.rocprofv3-test-counter-collection-multiple-yaml.test_agent_info ...................................   Passed    0.34 sec
      Start 563: tests.integration.validate.rocprofv3-test-counter-collection-multiple-yaml.test_agent_info
    Test #563: tests.integration.validate.rocprofv3-test-counter-collection-multiple-yaml.test_agent_info ...................................   Passed    0.34 sec
      Start 563: tests.integration.validate.rocprofv3-test-counter-collection-multiple-yaml.test_agent_info
    Test #563: tests.integration.validate.rocprofv3-test-counter-collection-multiple-yaml.test_agent_info ...................................   Passed    0.34 sec
      Start 563: tests.integration.validate.rocprofv3-test-counter-collection-multiple-yaml.test_agent_info
    Test #563: tests.integration.validate.rocprofv3-test-counter-collection-multiple-yaml.test_agent_info ...................................   Passed    0.34 sec
      Start 563: tests.integration.validate.rocprofv3-test-counter-collection-multiple-yaml.test_agent_info
    Test #563: tests.integration.validate.rocprofv3-test-counter-collection-multiple-yaml.test_agent_info ...................................   Passed    0.34 sec
      Start 563: tests.integration.validate.rocprofv3-test-counter-collection-multiple-yaml.test_agent_info
    Test #563: tests.integration.validate.rocprofv3-test-counter-collection-multiple-yaml.test_agent_info ...................................   Passed    0.33 sec
      Start 563: tests.integration.validate.rocprofv3-test-counter-collection-multiple-yaml.test_agent_info
    Test #563: tests.integration.validate.rocprofv3-test-counter-collection-multiple-yaml.test_agent_info ...................................   Passed    0.34 sec
      Start 563: tests.integration.validate.rocprofv3-test-counter-collection-multiple-yaml.test_agent_info
    Test #563: tests.integration.validate.rocprofv3-test-counter-collection-multiple-yaml.test_agent_info ...................................   Passed    0.34 sec
      Start 563: tests.integration.validate.rocprofv3-test-counter-collection-multiple-yaml.test_agent_info
    Test #563: tests.integration.validate.rocprofv3-test-counter-collection-multiple-yaml.test_agent_info ...................................   Passed    0.34 sec
      Start 563: tests.integration.validate.rocprofv3-test-counter-collection-multiple-yaml.test_agent_info
    Test #563: tests.integration.validate.rocprofv3-test-counter-collection-multiple-yaml.test_agent_info ...................................   Passed    0.33 sec
      Start 563: tests.integration.validate.rocprofv3-test-counter-collection-multiple-yaml.test_agent_info
    Test #563: tests.integration.validate.rocprofv3-test-counter-collection-multiple-yaml.test_agent_info ...................................   Passed    0.34 sec
      Start 563: tests.integration.validate.rocprofv3-test-counter-collection-multiple-yaml.test_agent_info
    Test #563: tests.integration.validate.rocprofv3-test-counter-collection-multiple-yaml.test_agent_info ...................................   Passed    0.34 sec
      Start 563: tests.integration.validate.rocprofv3-test-counter-collection-multiple-yaml.test_agent_info
    Test #563: tests.integration.validate.rocprofv3-test-counter-collection-multiple-yaml.test_agent_info ...................................   Passed    0.34 sec
      Start 563: tests.integration.validate.rocprofv3-test-counter-collection-multiple-yaml.test_agent_info
    Test #563: tests.integration.validate.rocprofv3-test-counter-collection-multiple-yaml.test_agent_info ...................................   Passed    0.33 sec
      Start 563: tests.integration.validate.rocprofv3-test-counter-collection-multiple-yaml.test_agent_info
    Test #563: tests.integration.validate.rocprofv3-test-counter-collection-multiple-yaml.test_agent_info ...................................   Passed    0.34 sec
      Start 563: tests.integration.validate.rocprofv3-test-counter-collection-multiple-yaml.test_agent_info
    Test #563: tests.integration.validate.rocprofv3-test-counter-collection-multiple-yaml.test_agent_info ...................................   Passed    0.33 sec
      Start 563: tests.integration.validate.rocprofv3-test-counter-collection-multiple-yaml.test_agent_info
    Test #563: tests.integration.validate.rocprofv3-test-counter-collection-multiple-yaml.test_agent_info ...................................   Passed    0.34 sec
      Start 563: tests.integration.validate.rocprofv3-test-counter-collection-multiple-yaml.test_agent_info
    Test #563: tests.integration.validate.rocprofv3-test-counter-collection-multiple-yaml.test_agent_info ...................................   Passed    0.34 sec
      Start 563: tests.integration.validate.rocprofv3-test-counter-collection-multiple-yaml.test_agent_info
    Test #563: tests.integration.validate.rocprofv3-test-counter-collection-multiple-yaml.test_agent_info ...................................   Passed    0.33 sec
      Start 563: tests.integration.validate.rocprofv3-test-counter-collection-multiple-yaml.test_agent_info
    Test #563: tests.integration.validate.rocprofv3-test-counter-collection-multiple-yaml.test_agent_info ...................................   Passed    0.34 sec
      Start 563: tests.integration.validate.rocprofv3-test-counter-collection-multiple-yaml.test_agent_info
    Test #563: tests.integration.validate.rocprofv3-test-counter-collection-multiple-yaml.test_agent_info ...................................   Passed    0.33 sec
      Start 563: tests.integration.validate.rocprofv3-test-counter-collection-multiple-yaml.test_agent_info
    Test #563: tests.integration.validate.rocprofv3-test-counter-collection-multiple-yaml.test_agent_info ...................................   Passed    0.33 sec
      Start 563: tests.integration.validate.rocprofv3-test-counter-collection-multiple-yaml.test_agent_info
    Test #563: tests.integration.validate.rocprofv3-test-counter-collection-multiple-yaml.test_agent_info ...................................   Passed    0.34 sec
      Start 563: tests.integration.validate.rocprofv3-test-counter-collection-multiple-yaml.test_agent_info
    Test #563: tests.integration.validate.rocprofv3-test-counter-collection-multiple-yaml.test_agent_info ...................................   Passed    0.33 sec
      Start 563: tests.integration.validate.rocprofv3-test-counter-collection-multiple-yaml.test_agent_info
    Test #563: tests.integration.validate.rocprofv3-test-counter-collection-multiple-yaml.test_agent_info ...................................   Passed    0.34 sec
      Start 563: tests.integration.validate.rocprofv3-test-counter-collection-multiple-yaml.test_agent_info
    Test #563: tests.integration.validate.rocprofv3-test-counter-collection-multiple-yaml.test_agent_info ...................................   Passed    0.33 sec
      Start 563: tests.integration.validate.rocprofv3-test-counter-collection-multiple-yaml.test_agent_info
    Test #563: tests.integration.validate.rocprofv3-test-counter-collection-multiple-yaml.test_agent_info ...................................   Passed    0.33 sec
      Start 563: tests.integration.validate.rocprofv3-test-counter-collection-multiple-yaml.test_agent_info
    Test #563: tests.integration.validate.rocprofv3-test-counter-collection-multiple-yaml.test_agent_info ...................................   Passed    0.34 sec
      Start 563: tests.integration.validate.rocprofv3-test-counter-collection-multiple-yaml.test_agent_info
    Test #563: tests.integration.validate.rocprofv3-test-counter-collection-multiple-yaml.test_agent_info ...................................   Passed    0.33 sec
      Start 563: tests.integration.validate.rocprofv3-test-counter-collection-multiple-yaml.test_agent_info
    Test #563: tests.integration.validate.rocprofv3-test-counter-collection-multiple-yaml.test_agent_info ...................................   Passed    0.33 sec
      Start 563: tests.integration.validate.rocprofv3-test-counter-collection-multiple-yaml.test_agent_info
    Test #563: tests.integration.validate.rocprofv3-test-counter-collection-multiple-yaml.test_agent_info ...................................   Passed    0.33 sec
      Start 563: tests.integration.validate.rocprofv3-test-counter-collection-multiple-yaml.test_agent_info
    Test #563: tests.integration.validate.rocprofv3-test-counter-collection-multiple-yaml.test_agent_info ...................................   Passed    0.34 sec
      Start 563: tests.integration.validate.rocprofv3-test-counter-collection-multiple-yaml.test_agent_info
    Test #563: tests.integration.validate.rocprofv3-test-counter-collection-multiple-yaml.test_agent_info ...................................   Passed    0.33 sec
      Start 563: tests.integration.validate.rocprofv3-test-counter-collection-multiple-yaml.test_agent_info
    Test #563: tests.integration.validate.rocprofv3-test-counter-collection-multiple-yaml.test_agent_info ...................................   Passed    0.33 sec
      Start 563: tests.integration.validate.rocprofv3-test-counter-collection-multiple-yaml.test_agent_info
    Test #563: tests.integration.validate.rocprofv3-test-counter-collection-multiple-yaml.test_agent_info ...................................   Passed    0.33 sec
      Start 563: tests.integration.validate.rocprofv3-test-counter-collection-multiple-yaml.test_agent_info
    Test #563: tests.integration.validate.rocprofv3-test-counter-collection-multiple-yaml.test_agent_info ...................................   Passed    0.34 sec
      Start 563: tests.integration.validate.rocprofv3-test-counter-collection-multiple-yaml.test_agent_info
    Test #563: tests.integration.validate.rocprofv3-test-counter-collection-multiple-yaml.test_agent_info ...................................   Passed    0.33 sec
      Start 563: tests.integration.validate.rocprofv3-test-counter-collection-multiple-yaml.test_agent_info
    Test #563: tests.integration.validate.rocprofv3-test-counter-collection-multiple-yaml.test_agent_info ...................................   Passed    0.33 sec
      Start 563: tests.integration.validate.rocprofv3-test-counter-collection-multiple-yaml.test_agent_info
    Test #563: tests.integration.validate.rocprofv3-test-counter-collection-multiple-yaml.test_agent_info ...................................   Passed    0.34 sec
      Start 563: tests.integration.validate.rocprofv3-test-counter-collection-multiple-yaml.test_agent_info
    Test #563: tests.integration.validate.rocprofv3-test-counter-collection-multiple-yaml.test_agent_info ...................................   Passed    0.33 sec
      Start 563: tests.integration.validate.rocprofv3-test-counter-collection-multiple-yaml.test_agent_info
    Test #563: tests.integration.validate.rocprofv3-test-counter-collection-multiple-yaml.test_agent_info ...................................   Passed    0.34 sec
      Start 563: tests.integration.validate.rocprofv3-test-counter-collection-multiple-yaml.test_agent_info
    Test #563: tests.integration.validate.rocprofv3-test-counter-collection-multiple-yaml.test_agent_info ...................................   Passed    0.33 sec
      Start 563: tests.integration.validate.rocprofv3-test-counter-collection-multiple-yaml.test_agent_info
    Test #563: tests.integration.validate.rocprofv3-test-counter-collection-multiple-yaml.test_agent_info ...................................   Passed    0.34 sec
      Start 563: tests.integration.validate.rocprofv3-test-counter-collection-multiple-yaml.test_agent_info
    Test #563: tests.integration.validate.rocprofv3-test-counter-collection-multiple-yaml.test_agent_info ...................................   Passed    0.34 sec
      Start 563: tests.integration.validate.rocprofv3-test-counter-collection-multiple-yaml.test_agent_info
    Test #563: tests.integration.validate.rocprofv3-test-counter-collection-multiple-yaml.test_agent_info ...................................   Passed    0.34 sec
      Start 563: tests.integration.validate.rocprofv3-test-counter-collection-multiple-yaml.test_agent_info
    Test #563: tests.integration.validate.rocprofv3-test-counter-collection-multiple-yaml.test_agent_info ...................................   Passed    0.34 sec
      Start 563: tests.integration.validate.rocprofv3-test-counter-collection-multiple-yaml.test_agent_info
    Test #563: tests.integration.validate.rocprofv3-test-counter-collection-multiple-yaml.test_agent_info ...................................   Passed    0.34 sec
      Start 563: tests.integration.validate.rocprofv3-test-counter-collection-multiple-yaml.test_agent_info
    Test #563: tests.integration.validate.rocprofv3-test-counter-collection-multiple-yaml.test_agent_info ...................................   Passed    0.34 sec
      Start 563: tests.integration.validate.rocprofv3-test-counter-collection-multiple-yaml.test_agent_info
    Test #563: tests.integration.validate.rocprofv3-test-counter-collection-multiple-yaml.test_agent_info ...................................   Passed    0.34 sec
      Start 563: tests.integration.validate.rocprofv3-test-counter-collection-multiple-yaml.test_agent_info
    Test #563: tests.integration.validate.rocprofv3-test-counter-collection-multiple-yaml.test_agent_info ...................................   Passed    0.34 sec
      Start 563: tests.integration.validate.rocprofv3-test-counter-collection-multiple-yaml.test_agent_info
    Test #563: tests.integration.validate.rocprofv3-test-counter-collection-multiple-yaml.test_agent_info ...................................   Passed    0.33 sec
      Start 563: tests.integration.validate.rocprofv3-test-counter-collection-multiple-yaml.test_agent_info
    Test #563: tests.integration.validate.rocprofv3-test-counter-collection-multiple-yaml.test_agent_info ...................................   Passed    0.34 sec
      Start 563: tests.integration.validate.rocprofv3-test-counter-collection-multiple-yaml.test_agent_info
    Test #563: tests.integration.validate.rocprofv3-test-counter-collection-multiple-yaml.test_agent_info ...................................   Passed    0.34 sec
      Start 563: tests.integration.validate.rocprofv3-test-counter-collection-multiple-yaml.test_agent_info
    Test #563: tests.integration.validate.rocprofv3-test-counter-collection-multiple-yaml.test_agent_info ...................................   Passed    0.34 sec
      Start 563: tests.integration.validate.rocprofv3-test-counter-collection-multiple-yaml.test_agent_info
    Test #563: tests.integration.validate.rocprofv3-test-counter-collection-multiple-yaml.test_agent_info ...................................   Passed    0.34 sec
      Start 563: tests.integration.validate.rocprofv3-test-counter-collection-multiple-yaml.test_agent_info
    Test #563: tests.integration.validate.rocprofv3-test-counter-collection-multiple-yaml.test_agent_info ...................................   Passed    0.33 sec
      Start 563: tests.integration.validate.rocprofv3-test-counter-collection-multiple-yaml.test_agent_info
    Test #563: tests.integration.validate.rocprofv3-test-counter-collection-multiple-yaml.test_agent_info ...................................   Passed    0.34 sec
      Start 563: tests.integration.validate.rocprofv3-test-counter-collection-multiple-yaml.test_agent_info
    Test #563: tests.integration.validate.rocprofv3-test-counter-collection-multiple-yaml.test_agent_info ...................................   Passed    0.34 sec
      Start 563: tests.integration.validate.rocprofv3-test-counter-collection-multiple-yaml.test_agent_info
    Test #563: tests.integration.validate.rocprofv3-test-counter-collection-multiple-yaml.test_agent_info ...................................   Passed    0.33 sec
      Start 563: tests.integration.validate.rocprofv3-test-counter-collection-multiple-yaml.test_agent_info
    Test #563: tests.integration.validate.rocprofv3-test-counter-collection-multiple-yaml.test_agent_info ...................................   Passed    0.34 sec
      Start 563: tests.integration.validate.rocprofv3-test-counter-collection-multiple-yaml.test_agent_info
    Test #563: tests.integration.validate.rocprofv3-test-counter-collection-multiple-yaml.test_agent_info ...................................   Passed    0.34 sec
      Start 563: tests.integration.validate.rocprofv3-test-counter-collection-multiple-yaml.test_agent_info
    Test #563: tests.integration.validate.rocprofv3-test-counter-collection-multiple-yaml.test_agent_info ...................................   Passed    0.33 sec
      Start 563: tests.integration.validate.rocprofv3-test-counter-collection-multiple-yaml.test_agent_info
    Test #563: tests.integration.validate.rocprofv3-test-counter-collection-multiple-yaml.test_agent_info ...................................   Passed    0.33 sec
      Start 563: tests.integration.validate.rocprofv3-test-counter-collection-multiple-yaml.test_agent_info
    Test #563: tests.integration.validate.rocprofv3-test-counter-collection-multiple-yaml.test_agent_info ...................................   Passed    0.34 sec
      Start 563: tests.integration.validate.rocprofv3-test-counter-collection-multiple-yaml.test_agent_info
    Test #563: tests.integration.validate.rocprofv3-test-counter-collection-multiple-yaml.test_agent_info ...................................   Passed    0.34 sec
      Start 563: tests.integration.validate.rocprofv3-test-counter-collection-multiple-yaml.test_agent_info
    Test #563: tests.integration.validate.rocprofv3-test-counter-collection-multiple-yaml.test_agent_info ...................................   Passed    0.34 sec
      Start 563: tests.integration.validate.rocprofv3-test-counter-collection-multiple-yaml.test_agent_info
    Test #563: tests.integration.validate.rocprofv3-test-counter-collection-multiple-yaml.test_agent_info ...................................   Passed    0.34 sec
      Start 563: tests.integration.validate.rocprofv3-test-counter-collection-multiple-yaml.test_agent_info
    Test #563: tests.integration.validate.rocprofv3-test-counter-collection-multiple-yaml.test_agent_info ...................................   Passed    0.34 sec
      Start 563: tests.integration.validate.rocprofv3-test-counter-collection-multiple-yaml.test_agent_info
    Test #563: tests.integration.validate.rocprofv3-test-counter-collection-multiple-yaml.test_agent_info ...................................   Passed    0.34 sec
      Start 563: tests.integration.validate.rocprofv3-test-counter-collection-multiple-yaml.test_agent_info
    Test #563: tests.integration.validate.rocprofv3-test-counter-collection-multiple-yaml.test_agent_info ...................................   Passed    0.34 sec
      Start 563: tests.integration.validate.rocprofv3-test-counter-collection-multiple-yaml.test_agent_info
    Test #563: tests.integration.validate.rocprofv3-test-counter-collection-multiple-yaml.test_agent_info ...................................   Passed    0.34 sec
      Start 563: tests.integration.validate.rocprofv3-test-counter-collection-multiple-yaml.test_agent_info
    Test #563: tests.integration.validate.rocprofv3-test-counter-collection-multiple-yaml.test_agent_info ...................................   Passed    0.34 sec
      Start 563: tests.integration.validate.rocprofv3-test-counter-collection-multiple-yaml.test_agent_info
    Test #563: tests.integration.validate.rocprofv3-test-counter-collection-multiple-yaml.test_agent_info ...................................   Passed    0.34 sec
      Start 563: tests.integration.validate.rocprofv3-test-counter-collection-multiple-yaml.test_agent_info
    Test #563: tests.integration.validate.rocprofv3-test-counter-collection-multiple-yaml.test_agent_info ...................................   Passed    0.34 sec
      Start 563: tests.integration.validate.rocprofv3-test-counter-collection-multiple-yaml.test_agent_info
    Test #563: tests.integration.validate.rocprofv3-test-counter-collection-multiple-yaml.test_agent_info ...................................   Passed    0.34 sec
      Start 563: tests.integration.validate.rocprofv3-test-counter-collection-multiple-yaml.test_agent_info
    Test #563: tests.integration.validate.rocprofv3-test-counter-collection-multiple-yaml.test_agent_info ...................................   Passed    0.34 sec
      Start 563: tests.integration.validate.rocprofv3-test-counter-collection-multiple-yaml.test_agent_info
    Test #563: tests.integration.validate.rocprofv3-test-counter-collection-multiple-yaml.test_agent_info ...................................   Passed    0.34 sec
      Start 563: tests.integration.validate.rocprofv3-test-counter-collection-multiple-yaml.test_agent_info
    Test #563: tests.integration.validate.rocprofv3-test-counter-collection-multiple-yaml.test_agent_info ...................................   Passed    0.34 sec
      Start 563: tests.integration.validate.rocprofv3-test-counter-collection-multiple-yaml.test_agent_info
    Test #563: tests.integration.validate.rocprofv3-test-counter-collection-multiple-yaml.test_agent_info ...................................   Passed    0.33 sec
      Start 563: tests.integration.validate.rocprofv3-test-counter-collection-multiple-yaml.test_agent_info
    Test #563: tests.integration.validate.rocprofv3-test-counter-collection-multiple-yaml.test_agent_info ...................................   Passed    0.33 sec
      Start 563: tests.integration.validate.rocprofv3-test-counter-collection-multiple-yaml.test_agent_info
    Test #563: tests.integration.validate.rocprofv3-test-counter-collection-multiple-yaml.test_agent_info ...................................   Passed    0.34 sec
      Start 563: tests.integration.validate.rocprofv3-test-counter-collection-multiple-yaml.test_agent_info
    Test #563: tests.integration.validate.rocprofv3-test-counter-collection-multiple-yaml.test_agent_info ...................................   Passed    0.33 sec
      Start 563: tests.integration.validate.rocprofv3-test-counter-collection-multiple-yaml.test_agent_info
    Test #563: tests.integration.validate.rocprofv3-test-counter-collection-multiple-yaml.test_agent_info ...................................   Passed    0.34 sec
      Start 563: tests.integration.validate.rocprofv3-test-counter-collection-multiple-yaml.test_agent_info
    Test #563: tests.integration.validate.rocprofv3-test-counter-collection-multiple-yaml.test_agent_info ...................................   Passed    0.34 sec
      Start 563: tests.integration.validate.rocprofv3-test-counter-collection-multiple-yaml.test_agent_info
    Test #563: tests.integration.validate.rocprofv3-test-counter-collection-multiple-yaml.test_agent_info ...................................   Passed    0.33 sec
      Start 563: tests.integration.validate.rocprofv3-test-counter-collection-multiple-yaml.test_agent_info
    Test #563: tests.integration.validate.rocprofv3-test-counter-collection-multiple-yaml.test_agent_info ...................................   Passed    0.34 sec
      Start 563: tests.integration.validate.rocprofv3-test-counter-collection-multiple-yaml.test_agent_info
    Test #563: tests.integration.validate.rocprofv3-test-counter-collection-multiple-yaml.test_agent_info ...................................   Passed    0.34 sec
      Start 563: tests.integration.validate.rocprofv3-test-counter-collection-multiple-yaml.test_agent_info
    Test #563: tests.integration.validate.rocprofv3-test-counter-collection-multiple-yaml.test_agent_info ...................................   Passed    0.34 sec
      Start 563: tests.integration.validate.rocprofv3-test-counter-collection-multiple-yaml.test_agent_info
    Test #563: tests.integration.validate.rocprofv3-test-counter-collection-multiple-yaml.test_agent_info ...................................   Passed    0.34 sec
      Start 563: tests.integration.validate.rocprofv3-test-counter-collection-multiple-yaml.test_agent_info
    Test #563: tests.integration.validate.rocprofv3-test-counter-collection-multiple-yaml.test_agent_info ...................................   Passed    0.33 sec
      Start 563: tests.integration.validate.rocprofv3-test-counter-collection-multiple-yaml.test_agent_info
    Test #563: tests.integration.validate.rocprofv3-test-counter-collection-multiple-yaml.test_agent_info ...................................   Passed    0.34 sec
      Start 563: tests.integration.validate.rocprofv3-test-counter-collection-multiple-yaml.test_agent_info
    Test #563: tests.integration.validate.rocprofv3-test-counter-collection-multiple-yaml.test_agent_info ...................................   Passed    0.33 sec
      Start 563: tests.integration.validate.rocprofv3-test-counter-collection-multiple-yaml.test_agent_info
    Test #563: tests.integration.validate.rocprofv3-test-counter-collection-multiple-yaml.test_agent_info ...................................   Passed    0.34 sec
      Start 563: tests.integration.validate.rocprofv3-test-counter-collection-multiple-yaml.test_agent_info
    Test #563: tests.integration.validate.rocprofv3-test-counter-collection-multiple-yaml.test_agent_info ...................................   Passed    0.34 sec
      Start 563: tests.integration.validate.rocprofv3-test-counter-collection-multiple-yaml.test_agent_info
    Test #563: tests.integration.validate.rocprofv3-test-counter-collection-multiple-yaml.test_agent_info ...................................   Passed    0.34 sec
      Start 563: tests.integration.validate.rocprofv3-test-counter-collection-multiple-yaml.test_agent_info
    Test #563: tests.integration.validate.rocprofv3-test-counter-collection-multiple-yaml.test_agent_info ...................................   Passed    0.33 sec
      Start 563: tests.integration.validate.rocprofv3-test-counter-collection-multiple-yaml.test_agent_info
    Test #563: tests.integration.validate.rocprofv3-test-counter-collection-multiple-yaml.test_agent_info ...................................   Passed    0.34 sec
      Start 563: tests.integration.validate.rocprofv3-test-counter-collection-multiple-yaml.test_agent_info
    Test #563: tests.integration.validate.rocprofv3-test-counter-collection-multiple-yaml.test_agent_info ...................................   Passed    0.34 sec
      Start 563: tests.integration.validate.rocprofv3-test-counter-collection-multiple-yaml.test_agent_info
    Test #563: tests.integration.validate.rocprofv3-test-counter-collection-multiple-yaml.test_agent_info ...................................   Passed    0.34 sec
      Start 563: tests.integration.validate.rocprofv3-test-counter-collection-multiple-yaml.test_agent_info
    Test #563: tests.integration.validate.rocprofv3-test-counter-collection-multiple-yaml.test_agent_info ...................................   Passed    0.33 sec
      Start 563: tests.integration.validate.rocprofv3-test-counter-collection-multiple-yaml.test_agent_info
    Test #563: tests.integration.validate.rocprofv3-test-counter-collection-multiple-yaml.test_agent_info ...................................   Passed    0.33 sec
      Start 563: tests.integration.validate.rocprofv3-test-counter-collection-multiple-yaml.test_agent_info
    Test #563: tests.integration.validate.rocprofv3-test-counter-collection-multiple-yaml.test_agent_info ...................................   Passed    0.33 sec
      Start 563: tests.integration.validate.rocprofv3-test-counter-collection-multiple-yaml.test_agent_info
    Test #563: tests.integration.validate.rocprofv3-test-counter-collection-multiple-yaml.test_agent_info ...................................   Passed    0.34 sec
      Start 563: tests.integration.validate.rocprofv3-test-counter-collection-multiple-yaml.test_agent_info
    Test #563: tests.integration.validate.rocprofv3-test-counter-collection-multiple-yaml.test_agent_info ...................................   Passed    0.33 sec
      Start 563: tests.integration.validate.rocprofv3-test-counter-collection-multiple-yaml.test_agent_info
    Test #563: tests.integration.validate.rocprofv3-test-counter-collection-multiple-yaml.test_agent_info ...................................   Passed    0.34 sec
      Start 563: tests.integration.validate.rocprofv3-test-counter-collection-multiple-yaml.test_agent_info
    Test #563: tests.integration.validate.rocprofv3-test-counter-collection-multiple-yaml.test_agent_info ...................................   Passed    0.34 sec
      Start 563: tests.integration.validate.rocprofv3-test-counter-collection-multiple-yaml.test_agent_info
    Test #563: tests.integration.validate.rocprofv3-test-counter-collection-multiple-yaml.test_agent_info ...................................   Passed    0.34 sec
      Start 563: tests.integration.validate.rocprofv3-test-counter-collection-multiple-yaml.test_agent_info
    Test #563: tests.integration.validate.rocprofv3-test-counter-collection-multiple-yaml.test_agent_info ...................................   Passed    0.34 sec
      Start 563: tests.integration.validate.rocprofv3-test-counter-collection-multiple-yaml.test_agent_info
    Test #563: tests.integration.validate.rocprofv3-test-counter-collection-multiple-yaml.test_agent_info ...................................   Passed    0.33 sec
      Start 563: tests.integration.validate.rocprofv3-test-counter-collection-multiple-yaml.test_agent_info
    Test #563: tests.integration.validate.rocprofv3-test-counter-collection-multiple-yaml.test_agent_info ...................................   Passed    0.34 sec
      Start 563: tests.integration.validate.rocprofv3-test-counter-collection-multiple-yaml.test_agent_info
    Test #563: tests.integration.validate.rocprofv3-test-counter-collection-multiple-yaml.test_agent_info ...................................   Passed    0.34 sec
      Start 563: tests.integration.validate.rocprofv3-test-counter-collection-multiple-yaml.test_agent_info
    Test #563: tests.integration.validate.rocprofv3-test-counter-collection-multiple-yaml.test_agent_info ...................................   Passed    0.33 sec
      Start 563: tests.integration.validate.rocprofv3-test-counter-collection-multiple-yaml.test_agent_info
    Test #563: tests.integration.validate.rocprofv3-test-counter-collection-multiple-yaml.test_agent_info ...................................   Passed    0.34 sec
      Start 563: tests.integration.validate.rocprofv3-test-counter-collection-multiple-yaml.test_agent_info
    Test #563: tests.integration.validate.rocprofv3-test-counter-collection-multiple-yaml.test_agent_info ...................................   Passed    0.34 sec
      Start 563: tests.integration.validate.rocprofv3-test-counter-collection-multiple-yaml.test_agent_info
    Test #563: tests.integration.validate.rocprofv3-test-counter-collection-multiple-yaml.test_agent_info ...................................   Passed    0.34 sec
      Start 563: tests.integration.validate.rocprofv3-test-counter-collection-multiple-yaml.test_agent_info
    Test #563: tests.integration.validate.rocprofv3-test-counter-collection-multiple-yaml.test_agent_info ...................................   Passed    0.34 sec
      Start 563: tests.integration.validate.rocprofv3-test-counter-collection-multiple-yaml.test_agent_info
    Test #563: tests.integration.validate.rocprofv3-test-counter-collection-multiple-yaml.test_agent_info ...................................   Passed    0.34 sec
      Start 563: tests.integration.validate.rocprofv3-test-counter-collection-multiple-yaml.test_agent_info
    Test #563: tests.integration.validate.rocprofv3-test-counter-collection-multiple-yaml.test_agent_info ...................................   Passed    0.34 sec
      Start 563: tests.integration.validate.rocprofv3-test-counter-collection-multiple-yaml.test_agent_info
    Test #563: tests.integration.validate.rocprofv3-test-counter-collection-multiple-yaml.test_agent_info ...................................   Passed    0.34 sec
      Start 563: tests.integration.validate.rocprofv3-test-counter-collection-multiple-yaml.test_agent_info
    Test #563: tests.integration.validate.rocprofv3-test-counter-collection-multiple-yaml.test_agent_info ...................................   Passed    0.34 sec
      Start 563: tests.integration.validate.rocprofv3-test-counter-collection-multiple-yaml.test_agent_info
    Test #563: tests.integration.validate.rocprofv3-test-counter-collection-multiple-yaml.test_agent_info ...................................   Passed    0.34 sec
      Start 563: tests.integration.validate.rocprofv3-test-counter-collection-multiple-yaml.test_agent_info
    Test #563: tests.integration.validate.rocprofv3-test-counter-collection-multiple-yaml.test_agent_info ...................................   Passed    0.34 sec
      Start 563: tests.integration.validate.rocprofv3-test-counter-collection-multiple-yaml.test_agent_info
    Test #563: tests.integration.validate.rocprofv3-test-counter-collection-multiple-yaml.test_agent_info ...................................   Passed    0.34 sec
      Start 563: tests.integration.validate.rocprofv3-test-counter-collection-multiple-yaml.test_agent_info
    Test #563: tests.integration.validate.rocprofv3-test-counter-collection-multiple-yaml.test_agent_info ...................................   Passed    0.34 sec
      Start 563: tests.integration.validate.rocprofv3-test-counter-collection-multiple-yaml.test_agent_info
    Test #563: tests.integration.validate.rocprofv3-test-counter-collection-multiple-yaml.test_agent_info ...................................   Passed    0.34 sec
      Start 563: tests.integration.validate.rocprofv3-test-counter-collection-multiple-yaml.test_agent_info
    Test #563: tests.integration.validate.rocprofv3-test-counter-collection-multiple-yaml.test_agent_info ...................................   Passed    0.34 sec
      Start 563: tests.integration.validate.rocprofv3-test-counter-collection-multiple-yaml.test_agent_info
    Test #563: tests.integration.validate.rocprofv3-test-counter-collection-multiple-yaml.test_agent_info ...................................   Passed    0.34 sec
      Start 563: tests.integration.validate.rocprofv3-test-counter-collection-multiple-yaml.test_agent_info
    Test #563: tests.integration.validate.rocprofv3-test-counter-collection-multiple-yaml.test_agent_info ...................................   Passed    0.34 sec
      Start 563: tests.integration.validate.rocprofv3-test-counter-collection-multiple-yaml.test_agent_info
    Test #563: tests.integration.validate.rocprofv3-test-counter-collection-multiple-yaml.test_agent_info ...................................   Passed    0.34 sec
      Start 563: tests.integration.validate.rocprofv3-test-counter-collection-multiple-yaml.test_agent_info
    Test #563: tests.integration.validate.rocprofv3-test-counter-collection-multiple-yaml.test_agent_info ...................................   Passed    0.34 sec
      Start 563: tests.integration.validate.rocprofv3-test-counter-collection-multiple-yaml.test_agent_info
    Test #563: tests.integration.validate.rocprofv3-test-counter-collection-multiple-yaml.test_agent_info ...................................   Passed    0.34 sec
      Start 563: tests.integration.validate.rocprofv3-test-counter-collection-multiple-yaml.test_agent_info
    Test #563: tests.integration.validate.rocprofv3-test-counter-collection-multiple-yaml.test_agent_info ...................................   Passed    0.34 sec
      Start 563: tests.integration.validate.rocprofv3-test-counter-collection-multiple-yaml.test_agent_info
    Test #563: tests.integration.validate.rocprofv3-test-counter-collection-multiple-yaml.test_agent_info ...................................   Passed    0.34 sec
      Start 563: tests.integration.validate.rocprofv3-test-counter-collection-multiple-yaml.test_agent_info
    Test #563: tests.integration.validate.rocprofv3-test-counter-collection-multiple-yaml.test_agent_info ...................................   Passed    0.34 sec
      Start 563: tests.integration.validate.rocprofv3-test-counter-collection-multiple-yaml.test_agent_info
    Test #563: tests.integration.validate.rocprofv3-test-counter-collection-multiple-yaml.test_agent_info ...................................   Passed    0.34 sec
      Start 563: tests.integration.validate.rocprofv3-test-counter-collection-multiple-yaml.test_agent_info
    Test #563: tests.integration.validate.rocprofv3-test-counter-collection-multiple-yaml.test_agent_info ...................................   Passed    0.34 sec
      Start 563: tests.integration.validate.rocprofv3-test-counter-collection-multiple-yaml.test_agent_info
    Test #563: tests.integration.validate.rocprofv3-test-counter-collection-multiple-yaml.test_agent_info ...................................   Passed    0.34 sec
      Start 563: tests.integration.validate.rocprofv3-test-counter-collection-multiple-yaml.test_agent_info
    Test #563: tests.integration.validate.rocprofv3-test-counter-collection-multiple-yaml.test_agent_info ...................................   Passed    0.34 sec
      Start 563: tests.integration.validate.rocprofv3-test-counter-collection-multiple-yaml.test_agent_info
    Test #563: tests.integration.validate.rocprofv3-test-counter-collection-multiple-yaml.test_agent_info ...................................   Passed    0.34 sec
      Start 563: tests.integration.validate.rocprofv3-test-counter-collection-multiple-yaml.test_agent_info
    Test #563: tests.integration.validate.rocprofv3-test-counter-collection-multiple-yaml.test_agent_info ...................................   Passed    0.34 sec
      Start 563: tests.integration.validate.rocprofv3-test-counter-collection-multiple-yaml.test_agent_info
    Test #563: tests.integration.validate.rocprofv3-test-counter-collection-multiple-yaml.test_agent_info ...................................   Passed    0.34 sec
      Start 563: tests.integration.validate.rocprofv3-test-counter-collection-multiple-yaml.test_agent_info
    Test #563: tests.integration.validate.rocprofv3-test-counter-collection-multiple-yaml.test_agent_info ...................................   Passed    0.34 sec
      Start 563: tests.integration.validate.rocprofv3-test-counter-collection-multiple-yaml.test_agent_info
    Test #563: tests.integration.validate.rocprofv3-test-counter-collection-multiple-yaml.test_agent_info ...................................   Passed    0.34 sec
      Start 563: tests.integration.validate.rocprofv3-test-counter-collection-multiple-yaml.test_agent_info
    Test #563: tests.integration.validate.rocprofv3-test-counter-collection-multiple-yaml.test_agent_info ...................................   Passed    0.34 sec
      Start 563: tests.integration.validate.rocprofv3-test-counter-collection-multiple-yaml.test_agent_info
    Test #563: tests.integration.validate.rocprofv3-test-counter-collection-multiple-yaml.test_agent_info ...................................   Passed    0.34 sec
      Start 563: tests.integration.validate.rocprofv3-test-counter-collection-multiple-yaml.test_agent_info
    Test #563: tests.integration.validate.rocprofv3-test-counter-collection-multiple-yaml.test_agent_info ...................................   Passed    0.34 sec
      Start 563: tests.integration.validate.rocprofv3-test-counter-collection-multiple-yaml.test_agent_info
    Test #563: tests.integration.validate.rocprofv3-test-counter-collection-multiple-yaml.test_agent_info ...................................   Passed    0.34 sec
      Start 563: tests.integration.validate.rocprofv3-test-counter-collection-multiple-yaml.test_agent_info
    Test #563: tests.integration.validate.rocprofv3-test-counter-collection-multiple-yaml.test_agent_info ...................................   Passed    0.34 sec
      Start 563: tests.integration.validate.rocprofv3-test-counter-collection-multiple-yaml.test_agent_info
    Test #563: tests.integration.validate.rocprofv3-test-counter-collection-multiple-yaml.test_agent_info ...................................   Passed    0.34 sec
      Start 563: tests.integration.validate.rocprofv3-test-counter-collection-multiple-yaml.test_agent_info
    Test #563: tests.integration.validate.rocprofv3-test-counter-collection-multiple-yaml.test_agent_info ...................................   Passed    0.34 sec
      Start 563: tests.integration.validate.rocprofv3-test-counter-collection-multiple-yaml.test_agent_info
    Test #563: tests.integration.validate.rocprofv3-test-counter-collection-multiple-yaml.test_agent_info ...................................   Passed    0.34 sec
      Start 563: tests.integration.validate.rocprofv3-test-counter-collection-multiple-yaml.test_agent_info
    Test #563: tests.integration.validate.rocprofv3-test-counter-collection-multiple-yaml.test_agent_info ...................................   Passed    0.34 sec
      Start 563: tests.integration.validate.rocprofv3-test-counter-collection-multiple-yaml.test_agent_info
    Test #563: tests.integration.validate.rocprofv3-test-counter-collection-multiple-yaml.test_agent_info ...................................   Passed    0.34 sec
      Start 563: tests.integration.validate.rocprofv3-test-counter-collection-multiple-yaml.test_agent_info
    Test #563: tests.integration.validate.rocprofv3-test-counter-collection-multiple-yaml.test_agent_info ...................................   Passed    0.34 sec
      Start 563: tests.integration.validate.rocprofv3-test-counter-collection-multiple-yaml.test_agent_info
    Test #563: tests.integration.validate.rocprofv3-test-counter-collection-multiple-yaml.test_agent_info ...................................   Passed    0.34 sec
      Start 563: tests.integration.validate.rocprofv3-test-counter-collection-multiple-yaml.test_agent_info
    Test #563: tests.integration.validate.rocprofv3-test-counter-collection-multiple-yaml.test_agent_info ...................................   Passed    0.34 sec
      Start 563: tests.integration.validate.rocprofv3-test-counter-collection-multiple-yaml.test_agent_info
    Test #563: tests.integration.validate.rocprofv3-test-counter-collection-multiple-yaml.test_agent_info ...................................   Passed    0.34 sec
      Start 563: tests.integration.validate.rocprofv3-test-counter-collection-multiple-yaml.test_agent_info
    Test #563: tests.integration.validate.rocprofv3-test-counter-collection-multiple-yaml.test_agent_info ...................................   Passed    0.34 sec
      Start 563: tests.integration.validate.rocprofv3-test-counter-collection-multiple-yaml.test_agent_info
    Test #563: tests.integration.validate.rocprofv3-test-counter-collection-multiple-yaml.test_agent_info ...................................   Passed    0.34 sec
      Start 563: tests.integration.validate.rocprofv3-test-counter-collection-multiple-yaml.test_agent_info
    Test #563: tests.integration.validate.rocprofv3-test-counter-collection-multiple-yaml.test_agent_info ...................................   Passed    0.34 sec
      Start 563: tests.integration.validate.rocprofv3-test-counter-collection-multiple-yaml.test_agent_info
    Test #563: tests.integration.validate.rocprofv3-test-counter-collection-multiple-yaml.test_agent_info ...................................   Passed    0.34 sec
      Start 563: tests.integration.validate.rocprofv3-test-counter-collection-multiple-yaml.test_agent_info
    Test #563: tests.integration.validate.rocprofv3-test-counter-collection-multiple-yaml.test_agent_info ...................................   Passed    0.34 sec
      Start 563: tests.integration.validate.rocprofv3-test-counter-collection-multiple-yaml.test_agent_info
    Test #563: tests.integration.validate.rocprofv3-test-counter-collection-multiple-yaml.test_agent_info ...................................   Passed    0.33 sec
      Start 563: tests.integration.validate.rocprofv3-test-counter-collection-multiple-yaml.test_agent_info
    Test #563: tests.integration.validate.rocprofv3-test-counter-collection-multiple-yaml.test_agent_info ...................................   Passed    0.34 sec
      Start 563: tests.integration.validate.rocprofv3-test-counter-collection-multiple-yaml.test_agent_info
    Test #563: tests.integration.validate.rocprofv3-test-counter-collection-multiple-yaml.test_agent_info ...................................   Passed    0.34 sec
      Start 563: tests.integration.validate.rocprofv3-test-counter-collection-multiple-yaml.test_agent_info
    Test #563: tests.integration.validate.rocprofv3-test-counter-collection-multiple-yaml.test_agent_info ...................................   Passed    0.34 sec
      Start 563: tests.integration.validate.rocprofv3-test-counter-collection-multiple-yaml.test_agent_info
    Test #563: tests.integration.validate.rocprofv3-test-counter-collection-multiple-yaml.test_agent_info ...................................   Passed    0.34 sec
      Start 563: tests.integration.validate.rocprofv3-test-counter-collection-multiple-yaml.test_agent_info
    Test #563: tests.integration.validate.rocprofv3-test-counter-collection-multiple-yaml.test_agent_info ...................................   Passed    0.34 sec
      Start 563: tests.integration.validate.rocprofv3-test-counter-collection-multiple-yaml.test_agent_info
    Test #563: tests.integration.validate.rocprofv3-test-counter-collection-multiple-yaml.test_agent_info ...................................   Passed    0.34 sec
      Start 563: tests.integration.validate.rocprofv3-test-counter-collection-multiple-yaml.test_agent_info
    Test #563: tests.integration.validate.rocprofv3-test-counter-collection-multiple-yaml.test_agent_info ...................................   Passed    0.34 sec
      Start 563: tests.integration.validate.rocprofv3-test-counter-collection-multiple-yaml.test_agent_info
    Test #563: tests.integration.validate.rocprofv3-test-counter-collection-multiple-yaml.test_agent_info ...................................   Passed    0.34 sec
      Start 563: tests.integration.validate.rocprofv3-test-counter-collection-multiple-yaml.test_agent_info
    Test #563: tests.integration.validate.rocprofv3-test-counter-collection-multiple-yaml.test_agent_info ...................................   Passed    0.34 sec
      Start 563: tests.integration.validate.rocprofv3-test-counter-collection-multiple-yaml.test_agent_info
    Test #563: tests.integration.validate.rocprofv3-test-counter-collection-multiple-yaml.test_agent_info ...................................   Passed    0.34 sec
      Start 563: tests.integration.validate.rocprofv3-test-counter-collection-multiple-yaml.test_agent_info
    Test #563: tests.integration.validate.rocprofv3-test-counter-collection-multiple-yaml.test_agent_info ...................................   Passed    0.34 sec
      Start 563: tests.integration.validate.rocprofv3-test-counter-collection-multiple-yaml.test_agent_info
    Test #563: tests.integration.validate.rocprofv3-test-counter-collection-multiple-yaml.test_agent_info ...................................   Passed    0.34 sec
      Start 563: tests.integration.validate.rocprofv3-test-counter-collection-multiple-yaml.test_agent_info
    Test #563: tests.integration.validate.rocprofv3-test-counter-collection-multiple-yaml.test_agent_info ...................................   Passed    0.34 sec
      Start 563: tests.integration.validate.rocprofv3-test-counter-collection-multiple-yaml.test_agent_info
    Test #563: tests.integration.validate.rocprofv3-test-counter-collection-multiple-yaml.test_agent_info ...................................   Passed    0.34 sec
      Start 563: tests.integration.validate.rocprofv3-test-counter-collection-multiple-yaml.test_agent_info
    Test #563: tests.integration.validate.rocprofv3-test-counter-collection-multiple-yaml.test_agent_info ...................................   Passed    0.34 sec
      Start 563: tests.integration.validate.rocprofv3-test-counter-collection-multiple-yaml.test_agent_info
    Test #563: tests.integration.validate.rocprofv3-test-counter-collection-multiple-yaml.test_agent_info ...................................   Passed    0.34 sec
      Start 563: tests.integration.validate.rocprofv3-test-counter-collection-multiple-yaml.test_agent_info
    Test #563: tests.integration.validate.rocprofv3-test-counter-collection-multiple-yaml.test_agent_info ...................................   Passed    0.34 sec
      Start 563: tests.integration.validate.rocprofv3-test-counter-collection-multiple-yaml.test_agent_info
    Test #563: tests.integration.validate.rocprofv3-test-counter-collection-multiple-yaml.test_agent_info ...................................   Passed    0.34 sec
      Start 563: tests.integration.validate.rocprofv3-test-counter-collection-multiple-yaml.test_agent_info
    Test #563: tests.integration.validate.rocprofv3-test-counter-collection-multiple-yaml.test_agent_info ...................................   Passed    0.34 sec
      Start 563: tests.integration.validate.rocprofv3-test-counter-collection-multiple-yaml.test_agent_info
    Test #563: tests.integration.validate.rocprofv3-test-counter-collection-multiple-yaml.test_agent_info ...................................   Passed    0.34 sec
      Start 563: tests.integration.validate.rocprofv3-test-counter-collection-multiple-yaml.test_agent_info
    Test #563: tests.integration.validate.rocprofv3-test-counter-collection-multiple-yaml.test_agent_info ...................................   Passed    0.34 sec
      Start 563: tests.integration.validate.rocprofv3-test-counter-collection-multiple-yaml.test_agent_info
    Test #563: tests.integration.validate.rocprofv3-test-counter-collection-multiple-yaml.test_agent_info ...................................   Passed    0.34 sec
      Start 563: tests.integration.validate.rocprofv3-test-counter-collection-multiple-yaml.test_agent_info
    Test #563: tests.integration.validate.rocprofv3-test-counter-collection-multiple-yaml.test_agent_info ...................................   Passed    0.34 sec
      Start 563: tests.integration.validate.rocprofv3-test-counter-collection-multiple-yaml.test_agent_info
    Test #563: tests.integration.validate.rocprofv3-test-counter-collection-multiple-yaml.test_agent_info ...................................   Passed    0.34 sec
      Start 563: tests.integration.validate.rocprofv3-test-counter-collection-multiple-yaml.test_agent_info
    Test #563: tests.integration.validate.rocprofv3-test-counter-collection-multiple-yaml.test_agent_info ...................................   Passed    0.34 sec
      Start 563: tests.integration.validate.rocprofv3-test-counter-collection-multiple-yaml.test_agent_info
    Test #563: tests.integration.validate.rocprofv3-test-counter-collection-multiple-yaml.test_agent_info ...................................   Passed    0.34 sec
      Start 563: tests.integration.validate.rocprofv3-test-counter-collection-multiple-yaml.test_agent_info
    Test #563: tests.integration.validate.rocprofv3-test-counter-collection-multiple-yaml.test_agent_info ...................................   Passed    0.34 sec
      Start 563: tests.integration.validate.rocprofv3-test-counter-collection-multiple-yaml.test_agent_info
    Test #563: tests.integration.validate.rocprofv3-test-counter-collection-multiple-yaml.test_agent_info ...................................   Passed    0.34 sec
      Start 563: tests.integration.validate.rocprofv3-test-counter-collection-multiple-yaml.test_agent_info
    Test #563: tests.integration.validate.rocprofv3-test-counter-collection-multiple-yaml.test_agent_info ...................................   Passed    0.34 sec
      Start 563: tests.integration.validate.rocprofv3-test-counter-collection-multiple-yaml.test_agent_info
    Test #563: tests.integration.validate.rocprofv3-test-counter-collection-multiple-yaml.test_agent_info ...................................   Passed    0.34 sec
      Start 563: tests.integration.validate.rocprofv3-test-counter-collection-multiple-yaml.test_agent_info
    Test #563: tests.integration.validate.rocprofv3-test-counter-collection-multiple-yaml.test_agent_info ...................................   Passed    0.34 sec
      Start 563: tests.integration.validate.rocprofv3-test-counter-collection-multiple-yaml.test_agent_info
    Test #563: tests.integration.validate.rocprofv3-test-counter-collection-multiple-yaml.test_agent_info ...................................   Passed    0.34 sec
      Start 563: tests.integration.validate.rocprofv3-test-counter-collection-multiple-yaml.test_agent_info
    Test #563: tests.integration.validate.rocprofv3-test-counter-collection-multiple-yaml.test_agent_info ...................................   Passed    0.35 sec
      Start 563: tests.integration.validate.rocprofv3-test-counter-collection-multiple-yaml.test_agent_info
    Test #563: tests.integration.validate.rocprofv3-test-counter-collection-multiple-yaml.test_agent_info ...................................   Passed    0.34 sec
      Start 563: tests.integration.validate.rocprofv3-test-counter-collection-multiple-yaml.test_agent_info
    Test #563: tests.integration.validate.rocprofv3-test-counter-collection-multiple-yaml.test_agent_info ...................................   Passed    0.34 sec
      Start 563: tests.integration.validate.rocprofv3-test-counter-collection-multiple-yaml.test_agent_info
    Test #563: tests.integration.validate.rocprofv3-test-counter-collection-multiple-yaml.test_agent_info ...................................   Passed    0.34 sec
      Start 563: tests.integration.validate.rocprofv3-test-counter-collection-multiple-yaml.test_agent_info
    Test #563: tests.integration.validate.rocprofv3-test-counter-collection-multiple-yaml.test_agent_info ...................................   Passed    0.34 sec
      Start 563: tests.integration.validate.rocprofv3-test-counter-collection-multiple-yaml.test_agent_info
    Test #563: tests.integration.validate.rocprofv3-test-counter-collection-multiple-yaml.test_agent_info ...................................   Passed    0.34 sec
      Start 563: tests.integration.validate.rocprofv3-test-counter-collection-multiple-yaml.test_agent_info
    Test #563: tests.integration.validate.rocprofv3-test-counter-collection-multiple-yaml.test_agent_info ...................................   Passed    0.34 sec
      Start 563: tests.integration.validate.rocprofv3-test-counter-collection-multiple-yaml.test_agent_info
    Test #563: tests.integration.validate.rocprofv3-test-counter-collection-multiple-yaml.test_agent_info ...................................   Passed    0.33 sec
      Start 563: tests.integration.validate.rocprofv3-test-counter-collection-multiple-yaml.test_agent_info
    Test #563: tests.integration.validate.rocprofv3-test-counter-collection-multiple-yaml.test_agent_info ...................................   Passed    0.33 sec
      Start 563: tests.integration.validate.rocprofv3-test-counter-collection-multiple-yaml.test_agent_info
    Test #563: tests.integration.validate.rocprofv3-test-counter-collection-multiple-yaml.test_agent_info ...................................   Passed    0.34 sec
      Start 563: tests.integration.validate.rocprofv3-test-counter-collection-multiple-yaml.test_agent_info
    Test #563: tests.integration.validate.rocprofv3-test-counter-collection-multiple-yaml.test_agent_info ...................................   Passed    0.34 sec
      Start 563: tests.integration.validate.rocprofv3-test-counter-collection-multiple-yaml.test_agent_info
    Test #563: tests.integration.validate.rocprofv3-test-counter-collection-multiple-yaml.test_agent_info ...................................   Passed    0.34 sec
      Start 563: tests.integration.validate.rocprofv3-test-counter-collection-multiple-yaml.test_agent_info
    Test #563: tests.integration.validate.rocprofv3-test-counter-collection-multiple-yaml.test_agent_info ...................................   Passed    0.34 sec
      Start 563: tests.integration.validate.rocprofv3-test-counter-collection-multiple-yaml.test_agent_info
    Test #563: tests.integration.validate.rocprofv3-test-counter-collection-multiple-yaml.test_agent_info ...................................   Passed    0.34 sec
      Start 563: tests.integration.validate.rocprofv3-test-counter-collection-multiple-yaml.test_agent_info
    Test #563: tests.integration.validate.rocprofv3-test-counter-collection-multiple-yaml.test_agent_info ...................................   Passed    0.33 sec
      Start 563: tests.integration.validate.rocprofv3-test-counter-collection-multiple-yaml.test_agent_info
    Test #563: tests.integration.validate.rocprofv3-test-counter-collection-multiple-yaml.test_agent_info ...................................   Passed    0.33 sec
      Start 563: tests.integration.validate.rocprofv3-test-counter-collection-multiple-yaml.test_agent_info
    Test #563: tests.integration.validate.rocprofv3-test-counter-collection-multiple-yaml.test_agent_info ...................................   Passed    0.34 sec
      Start 563: tests.integration.validate.rocprofv3-test-counter-collection-multiple-yaml.test_agent_info
    Test #563: tests.integration.validate.rocprofv3-test-counter-collection-multiple-yaml.test_agent_info ...................................   Passed    0.34 sec
      Start 563: tests.integration.validate.rocprofv3-test-counter-collection-multiple-yaml.test_agent_info
    Test #563: tests.integration.validate.rocprofv3-test-counter-collection-multiple-yaml.test_agent_info ...................................   Passed    0.34 sec
      Start 563: tests.integration.validate.rocprofv3-test-counter-collection-multiple-yaml.test_agent_info
    Test #563: tests.integration.validate.rocprofv3-test-counter-collection-multiple-yaml.test_agent_info ...................................   Passed    0.34 sec
      Start 563: tests.integration.validate.rocprofv3-test-counter-collection-multiple-yaml.test_agent_info
    Test #563: tests.integration.validate.rocprofv3-test-counter-collection-multiple-yaml.test_agent_info ...................................   Passed    0.33 sec
      Start 563: tests.integration.validate.rocprofv3-test-counter-collection-multiple-yaml.test_agent_info
    Test #563: tests.integration.validate.rocprofv3-test-counter-collection-multiple-yaml.test_agent_info ...................................   Passed    0.34 sec
      Start 563: tests.integration.validate.rocprofv3-test-counter-collection-multiple-yaml.test_agent_info
    Test #563: tests.integration.validate.rocprofv3-test-counter-collection-multiple-yaml.test_agent_info ...................................   Passed    0.34 sec
      Start 563: tests.integration.validate.rocprofv3-test-counter-collection-multiple-yaml.test_agent_info
    Test #563: tests.integration.validate.rocprofv3-test-counter-collection-multiple-yaml.test_agent_info ...................................   Passed    0.34 sec
      Start 563: tests.integration.validate.rocprofv3-test-counter-collection-multiple-yaml.test_agent_info
    Test #563: tests.integration.validate.rocprofv3-test-counter-collection-multiple-yaml.test_agent_info ...................................   Passed    0.34 sec
      Start 563: tests.integration.validate.rocprofv3-test-counter-collection-multiple-yaml.test_agent_info
    Test #563: tests.integration.validate.rocprofv3-test-counter-collection-multiple-yaml.test_agent_info ...................................   Passed    0.33 sec
      Start 563: tests.integration.validate.rocprofv3-test-counter-collection-multiple-yaml.test_agent_info
    Test #563: tests.integration.validate.rocprofv3-test-counter-collection-multiple-yaml.test_agent_info ...................................   Passed    0.34 sec
      Start 563: tests.integration.validate.rocprofv3-test-counter-collection-multiple-yaml.test_agent_info
    Test #563: tests.integration.validate.rocprofv3-test-counter-collection-multiple-yaml.test_agent_info ...................................   Passed    0.33 sec
      Start 563: tests.integration.validate.rocprofv3-test-counter-collection-multiple-yaml.test_agent_info
    Test #563: tests.integration.validate.rocprofv3-test-counter-collection-multiple-yaml.test_agent_info ...................................   Passed    0.34 sec
      Start 563: tests.integration.validate.rocprofv3-test-counter-collection-multiple-yaml.test_agent_info
    Test #563: tests.integration.validate.rocprofv3-test-counter-collection-multiple-yaml.test_agent_info ...................................   Passed    0.34 sec
      Start 563: tests.integration.validate.rocprofv3-test-counter-collection-multiple-yaml.test_agent_info
    Test #563: tests.integration.validate.rocprofv3-test-counter-collection-multiple-yaml.test_agent_info ...................................   Passed    0.33 sec
      Start 563: tests.integration.validate.rocprofv3-test-counter-collection-multiple-yaml.test_agent_info
    Test #563: tests.integration.validate.rocprofv3-test-counter-collection-multiple-yaml.test_agent_info ...................................   Passed    0.33 sec
      Start 563: tests.integration.validate.rocprofv3-test-counter-collection-multiple-yaml.test_agent_info
    Test #563: tests.integration.validate.rocprofv3-test-counter-collection-multiple-yaml.test_agent_info ...................................   Passed    0.34 sec
      Start 563: tests.integration.validate.rocprofv3-test-counter-collection-multiple-yaml.test_agent_info
    Test #563: tests.integration.validate.rocprofv3-test-counter-collection-multiple-yaml.test_agent_info ...................................   Passed    0.34 sec
      Start 563: tests.integration.validate.rocprofv3-test-counter-collection-multiple-yaml.test_agent_info
    Test #563: tests.integration.validate.rocprofv3-test-counter-collection-multiple-yaml.test_agent_info ...................................   Passed    0.34 sec
      Start 563: tests.integration.validate.rocprofv3-test-counter-collection-multiple-yaml.test_agent_info
    Test #563: tests.integration.validate.rocprofv3-test-counter-collection-multiple-yaml.test_agent_info ...................................   Passed    0.34 sec
      Start 563: tests.integration.validate.rocprofv3-test-counter-collection-multiple-yaml.test_agent_info
    Test #563: tests.integration.validate.rocprofv3-test-counter-collection-multiple-yaml.test_agent_info ...................................   Passed    0.34 sec
      Start 563: tests.integration.validate.rocprofv3-test-counter-collection-multiple-yaml.test_agent_info
    Test #563: tests.integration.validate.rocprofv3-test-counter-collection-multiple-yaml.test_agent_info ...................................   Passed    0.33 sec
      Start 563: tests.integration.validate.rocprofv3-test-counter-collection-multiple-yaml.test_agent_info
    Test #563: tests.integration.validate.rocprofv3-test-counter-collection-multiple-yaml.test_agent_info ...................................   Passed    0.34 sec
      Start 563: tests.integration.validate.rocprofv3-test-counter-collection-multiple-yaml.test_agent_info
    Test #563: tests.integration.validate.rocprofv3-test-counter-collection-multiple-yaml.test_agent_info ...................................   Passed    0.33 sec
      Start 563: tests.integration.validate.rocprofv3-test-counter-collection-multiple-yaml.test_agent_info
    Test #563: tests.integration.validate.rocprofv3-test-counter-collection-multiple-yaml.test_agent_info ...................................   Passed    0.33 sec
      Start 563: tests.integration.validate.rocprofv3-test-counter-collection-multiple-yaml.test_agent_info
    Test #563: tests.integration.validate.rocprofv3-test-counter-collection-multiple-yaml.test_agent_info ...................................   Passed    0.33 sec
      Start 563: tests.integration.validate.rocprofv3-test-counter-collection-multiple-yaml.test_agent_info
    Test #563: tests.integration.validate.rocprofv3-test-counter-collection-multiple-yaml.test_agent_info ...................................   Passed    0.33 sec
      Start 563: tests.integration.validate.rocprofv3-test-counter-collection-multiple-yaml.test_agent_info
    Test #563: tests.integration.validate.rocprofv3-test-counter-collection-multiple-yaml.test_agent_info ...................................   Passed    0.34 sec
      Start 563: tests.integration.validate.rocprofv3-test-counter-collection-multiple-yaml.test_agent_info
    Test #563: tests.integration.validate.rocprofv3-test-counter-collection-multiple-yaml.test_agent_info ...................................   Passed    0.33 sec
      Start 563: tests.integration.validate.rocprofv3-test-counter-collection-multiple-yaml.test_agent_info
    Test #563: tests.integration.validate.rocprofv3-test-counter-collection-multiple-yaml.test_agent_info ...................................   Passed    0.33 sec
      Start 563: tests.integration.validate.rocprofv3-test-counter-collection-multiple-yaml.test_agent_info
    Test #563: tests.integration.validate.rocprofv3-test-counter-collection-multiple-yaml.test_agent_info ...................................   Passed    0.33 sec
      Start 563: tests.integration.validate.rocprofv3-test-counter-collection-multiple-yaml.test_agent_info
    Test #563: tests.integration.validate.rocprofv3-test-counter-collection-multiple-yaml.test_agent_info ...................................   Passed    0.34 sec
      Start 563: tests.integration.validate.rocprofv3-test-counter-collection-multiple-yaml.test_agent_info
    Test #563: tests.integration.validate.rocprofv3-test-counter-collection-multiple-yaml.test_agent_info ...................................   Passed    0.33 sec
      Start 563: tests.integration.validate.rocprofv3-test-counter-collection-multiple-yaml.test_agent_info
    Test #563: tests.integration.validate.rocprofv3-test-counter-collection-multiple-yaml.test_agent_info ...................................   Passed    0.33 sec
      Start 563: tests.integration.validate.rocprofv3-test-counter-collection-multiple-yaml.test_agent_info
    Test #563: tests.integration.validate.rocprofv3-test-counter-collection-multiple-yaml.test_agent_info ...................................   Passed    0.34 sec
      Start 563: tests.integration.validate.rocprofv3-test-counter-collection-multiple-yaml.test_agent_info
    Test #563: tests.integration.validate.rocprofv3-test-counter-collection-multiple-yaml.test_agent_info ...................................   Passed    0.34 sec
      Start 563: tests.integration.validate.rocprofv3-test-counter-collection-multiple-yaml.test_agent_info
    Test #563: tests.integration.validate.rocprofv3-test-counter-collection-multiple-yaml.test_agent_info ...................................   Passed    0.34 sec
      Start 563: tests.integration.validate.rocprofv3-test-counter-collection-multiple-yaml.test_agent_info
    Test #563: tests.integration.validate.rocprofv3-test-counter-collection-multiple-yaml.test_agent_info ...................................   Passed    0.33 sec
      Start 563: tests.integration.validate.rocprofv3-test-counter-collection-multiple-yaml.test_agent_info
    Test #563: tests.integration.validate.rocprofv3-test-counter-collection-multiple-yaml.test_agent_info ...................................   Passed    0.33 sec
      Start 563: tests.integration.validate.rocprofv3-test-counter-collection-multiple-yaml.test_agent_info
    Test #563: tests.integration.validate.rocprofv3-test-counter-collection-multiple-yaml.test_agent_info ...................................   Passed    0.33 sec
      Start 563: tests.integration.validate.rocprofv3-test-counter-collection-multiple-yaml.test_agent_info
    Test #563: tests.integration.validate.rocprofv3-test-counter-collection-multiple-yaml.test_agent_info ...................................   Passed    0.33 sec
      Start 563: tests.integration.validate.rocprofv3-test-counter-collection-multiple-yaml.test_agent_info
    Test #563: tests.integration.validate.rocprofv3-test-counter-collection-multiple-yaml.test_agent_info ...................................   Passed    0.33 sec
      Start 563: tests.integration.validate.rocprofv3-test-counter-collection-multiple-yaml.test_agent_info
    Test #563: tests.integration.validate.rocprofv3-test-counter-collection-multiple-yaml.test_agent_info ...................................   Passed    0.34 sec
      Start 563: tests.integration.validate.rocprofv3-test-counter-collection-multiple-yaml.test_agent_info
    Test #563: tests.integration.validate.rocprofv3-test-counter-collection-multiple-yaml.test_agent_info ...................................   Passed    0.33 sec
      Start 563: tests.integration.validate.rocprofv3-test-counter-collection-multiple-yaml.test_agent_info
 8/14 Test #563: tests.integration.validate.rocprofv3-test-counter-collection-multiple-yaml.test_agent_info ...................................   Passed    0.33 sec
      Start 564: tests.integration.validate.rocprofv3-test-counter-collection-multiple-yaml.test_counter_collection_multiple_yaml
    Test #564: tests.integration.validate.rocprofv3-test-counter-collection-multiple-yaml.test_counter_collection_multiple_yaml .............   Passed    0.33 sec
      Start 564: tests.integration.validate.rocprofv3-test-counter-collection-multiple-yaml.test_counter_collection_multiple_yaml
    Test #564: tests.integration.validate.rocprofv3-test-counter-collection-multiple-yaml.test_counter_collection_multiple_yaml .............   Passed    0.33 sec
      Start 564: tests.integration.validate.rocprofv3-test-counter-collection-multiple-yaml.test_counter_collection_multiple_yaml
    Test #564: tests.integration.validate.rocprofv3-test-counter-collection-multiple-yaml.test_counter_collection_multiple_yaml .............   Passed    0.33 sec
      Start 564: tests.integration.validate.rocprofv3-test-counter-collection-multiple-yaml.test_counter_collection_multiple_yaml
    Test #564: tests.integration.validate.rocprofv3-test-counter-collection-multiple-yaml.test_counter_collection_multiple_yaml .............   Passed    0.34 sec
      Start 564: tests.integration.validate.rocprofv3-test-counter-collection-multiple-yaml.test_counter_collection_multiple_yaml
    Test #564: tests.integration.validate.rocprofv3-test-counter-collection-multiple-yaml.test_counter_collection_multiple_yaml .............   Passed    0.33 sec
      Start 564: tests.integration.validate.rocprofv3-test-counter-collection-multiple-yaml.test_counter_collection_multiple_yaml
    Test #564: tests.integration.validate.rocprofv3-test-counter-collection-multiple-yaml.test_counter_collection_multiple_yaml .............   Passed    0.33 sec
      Start 564: tests.integration.validate.rocprofv3-test-counter-collection-multiple-yaml.test_counter_collection_multiple_yaml
    Test #564: tests.integration.validate.rocprofv3-test-counter-collection-multiple-yaml.test_counter_collection_multiple_yaml .............   Passed    0.33 sec
      Start 564: tests.integration.validate.rocprofv3-test-counter-collection-multiple-yaml.test_counter_collection_multiple_yaml
    Test #564: tests.integration.validate.rocprofv3-test-counter-collection-multiple-yaml.test_counter_collection_multiple_yaml .............   Passed    0.34 sec
      Start 564: tests.integration.validate.rocprofv3-test-counter-collection-multiple-yaml.test_counter_collection_multiple_yaml
    Test #564: tests.integration.validate.rocprofv3-test-counter-collection-multiple-yaml.test_counter_collection_multiple_yaml .............   Passed    0.34 sec
      Start 564: tests.integration.validate.rocprofv3-test-counter-collection-multiple-yaml.test_counter_collection_multiple_yaml
    Test #564: tests.integration.validate.rocprofv3-test-counter-collection-multiple-yaml.test_counter_collection_multiple_yaml .............   Passed    0.33 sec
      Start 564: tests.integration.validate.rocprofv3-test-counter-collection-multiple-yaml.test_counter_collection_multiple_yaml
    Test #564: tests.integration.validate.rocprofv3-test-counter-collection-multiple-yaml.test_counter_collection_multiple_yaml .............   Passed    0.34 sec
      Start 564: tests.integration.validate.rocprofv3-test-counter-collection-multiple-yaml.test_counter_collection_multiple_yaml
    Test #564: tests.integration.validate.rocprofv3-test-counter-collection-multiple-yaml.test_counter_collection_multiple_yaml .............   Passed    0.34 sec
      Start 564: tests.integration.validate.rocprofv3-test-counter-collection-multiple-yaml.test_counter_collection_multiple_yaml
    Test #564: tests.integration.validate.rocprofv3-test-counter-collection-multiple-yaml.test_counter_collection_multiple_yaml .............   Passed    0.34 sec
      Start 564: tests.integration.validate.rocprofv3-test-counter-collection-multiple-yaml.test_counter_collection_multiple_yaml
    Test #564: tests.integration.validate.rocprofv3-test-counter-collection-multiple-yaml.test_counter_collection_multiple_yaml .............   Passed    0.33 sec
      Start 564: tests.integration.validate.rocprofv3-test-counter-collection-multiple-yaml.test_counter_collection_multiple_yaml
    Test #564: tests.integration.validate.rocprofv3-test-counter-collection-multiple-yaml.test_counter_collection_multiple_yaml .............   Passed    0.34 sec
      Start 564: tests.integration.validate.rocprofv3-test-counter-collection-multiple-yaml.test_counter_collection_multiple_yaml
    Test #564: tests.integration.validate.rocprofv3-test-counter-collection-multiple-yaml.test_counter_collection_multiple_yaml .............   Passed    0.33 sec
      Start 564: tests.integration.validate.rocprofv3-test-counter-collection-multiple-yaml.test_counter_collection_multiple_yaml
    Test #564: tests.integration.validate.rocprofv3-test-counter-collection-multiple-yaml.test_counter_collection_multiple_yaml .............   Passed    0.33 sec
      Start 564: tests.integration.validate.rocprofv3-test-counter-collection-multiple-yaml.test_counter_collection_multiple_yaml
    Test #564: tests.integration.validate.rocprofv3-test-counter-collection-multiple-yaml.test_counter_collection_multiple_yaml .............   Passed    0.34 sec
      Start 564: tests.integration.validate.rocprofv3-test-counter-collection-multiple-yaml.test_counter_collection_multiple_yaml
    Test #564: tests.integration.validate.rocprofv3-test-counter-collection-multiple-yaml.test_counter_collection_multiple_yaml .............   Passed    0.33 sec
      Start 564: tests.integration.validate.rocprofv3-test-counter-collection-multiple-yaml.test_counter_collection_multiple_yaml
    Test #564: tests.integration.validate.rocprofv3-test-counter-collection-multiple-yaml.test_counter_collection_multiple_yaml .............   Passed    0.33 sec
      Start 564: tests.integration.validate.rocprofv3-test-counter-collection-multiple-yaml.test_counter_collection_multiple_yaml
    Test #564: tests.integration.validate.rocprofv3-test-counter-collection-multiple-yaml.test_counter_collection_multiple_yaml .............   Passed    0.33 sec
      Start 564: tests.integration.validate.rocprofv3-test-counter-collection-multiple-yaml.test_counter_collection_multiple_yaml
    Test #564: tests.integration.validate.rocprofv3-test-counter-collection-multiple-yaml.test_counter_collection_multiple_yaml .............   Passed    0.33 sec
      Start 564: tests.integration.validate.rocprofv3-test-counter-collection-multiple-yaml.test_counter_collection_multiple_yaml
    Test #564: tests.integration.validate.rocprofv3-test-counter-collection-multiple-yaml.test_counter_collection_multiple_yaml .............   Passed    0.34 sec
      Start 564: tests.integration.validate.rocprofv3-test-counter-collection-multiple-yaml.test_counter_collection_multiple_yaml
    Test #564: tests.integration.validate.rocprofv3-test-counter-collection-multiple-yaml.test_counter_collection_multiple_yaml .............   Passed    0.33 sec
      Start 564: tests.integration.validate.rocprofv3-test-counter-collection-multiple-yaml.test_counter_collection_multiple_yaml
    Test #564: tests.integration.validate.rocprofv3-test-counter-collection-multiple-yaml.test_counter_collection_multiple_yaml .............   Passed    0.34 sec
      Start 564: tests.integration.validate.rocprofv3-test-counter-collection-multiple-yaml.test_counter_collection_multiple_yaml
    Test #564: tests.integration.validate.rocprofv3-test-counter-collection-multiple-yaml.test_counter_collection_multiple_yaml .............   Passed    0.34 sec
      Start 564: tests.integration.validate.rocprofv3-test-counter-collection-multiple-yaml.test_counter_collection_multiple_yaml
    Test #564: tests.integration.validate.rocprofv3-test-counter-collection-multiple-yaml.test_counter_collection_multiple_yaml .............   Passed    0.34 sec
      Start 564: tests.integration.validate.rocprofv3-test-counter-collection-multiple-yaml.test_counter_collection_multiple_yaml
    Test #564: tests.integration.validate.rocprofv3-test-counter-collection-multiple-yaml.test_counter_collection_multiple_yaml .............   Passed    0.33 sec
      Start 564: tests.integration.validate.rocprofv3-test-counter-collection-multiple-yaml.test_counter_collection_multiple_yaml
    Test #564: tests.integration.validate.rocprofv3-test-counter-collection-multiple-yaml.test_counter_collection_multiple_yaml .............   Passed    0.33 sec
      Start 564: tests.integration.validate.rocprofv3-test-counter-collection-multiple-yaml.test_counter_collection_multiple_yaml
    Test #564: tests.integration.validate.rocprofv3-test-counter-collection-multiple-yaml.test_counter_collection_multiple_yaml .............   Passed    0.34 sec
      Start 564: tests.integration.validate.rocprofv3-test-counter-collection-multiple-yaml.test_counter_collection_multiple_yaml
    Test #564: tests.integration.validate.rocprofv3-test-counter-collection-multiple-yaml.test_counter_collection_multiple_yaml .............   Passed    0.34 sec
      Start 564: tests.integration.validate.rocprofv3-test-counter-collection-multiple-yaml.test_counter_collection_multiple_yaml
    Test #564: tests.integration.validate.rocprofv3-test-counter-collection-multiple-yaml.test_counter_collection_multiple_yaml .............   Passed    0.34 sec
      Start 564: tests.integration.validate.rocprofv3-test-counter-collection-multiple-yaml.test_counter_collection_multiple_yaml
    Test #564: tests.integration.validate.rocprofv3-test-counter-collection-multiple-yaml.test_counter_collection_multiple_yaml .............   Passed    0.34 sec
      Start 564: tests.integration.validate.rocprofv3-test-counter-collection-multiple-yaml.test_counter_collection_multiple_yaml
    Test #564: tests.integration.validate.rocprofv3-test-counter-collection-multiple-yaml.test_counter_collection_multiple_yaml .............   Passed    0.33 sec
      Start 564: tests.integration.validate.rocprofv3-test-counter-collection-multiple-yaml.test_counter_collection_multiple_yaml
    Test #564: tests.integration.validate.rocprofv3-test-counter-collection-multiple-yaml.test_counter_collection_multiple_yaml .............   Passed    0.34 sec
      Start 564: tests.integration.validate.rocprofv3-test-counter-collection-multiple-yaml.test_counter_collection_multiple_yaml
    Test #564: tests.integration.validate.rocprofv3-test-counter-collection-multiple-yaml.test_counter_collection_multiple_yaml .............   Passed    0.33 sec
      Start 564: tests.integration.validate.rocprofv3-test-counter-collection-multiple-yaml.test_counter_collection_multiple_yaml
    Test #564: tests.integration.validate.rocprofv3-test-counter-collection-multiple-yaml.test_counter_collection_multiple_yaml .............   Passed    0.34 sec
      Start 564: tests.integration.validate.rocprofv3-test-counter-collection-multiple-yaml.test_counter_collection_multiple_yaml
    Test #564: tests.integration.validate.rocprofv3-test-counter-collection-multiple-yaml.test_counter_collection_multiple_yaml .............   Passed    0.34 sec
      Start 564: tests.integration.validate.rocprofv3-test-counter-collection-multiple-yaml.test_counter_collection_multiple_yaml
    Test #564: tests.integration.validate.rocprofv3-test-counter-collection-multiple-yaml.test_counter_collection_multiple_yaml .............   Passed    0.33 sec
      Start 564: tests.integration.validate.rocprofv3-test-counter-collection-multiple-yaml.test_counter_collection_multiple_yaml
    Test #564: tests.integration.validate.rocprofv3-test-counter-collection-multiple-yaml.test_counter_collection_multiple_yaml .............   Passed    0.34 sec
      Start 564: tests.integration.validate.rocprofv3-test-counter-collection-multiple-yaml.test_counter_collection_multiple_yaml
    Test #564: tests.integration.validate.rocprofv3-test-counter-collection-multiple-yaml.test_counter_collection_multiple_yaml .............   Passed    0.34 sec
      Start 564: tests.integration.validate.rocprofv3-test-counter-collection-multiple-yaml.test_counter_collection_multiple_yaml
    Test #564: tests.integration.validate.rocprofv3-test-counter-collection-multiple-yaml.test_counter_collection_multiple_yaml .............   Passed    0.33 sec
      Start 564: tests.integration.validate.rocprofv3-test-counter-collection-multiple-yaml.test_counter_collection_multiple_yaml
    Test #564: tests.integration.validate.rocprofv3-test-counter-collection-multiple-yaml.test_counter_collection_multiple_yaml .............   Passed    0.34 sec
      Start 564: tests.integration.validate.rocprofv3-test-counter-collection-multiple-yaml.test_counter_collection_multiple_yaml
    Test #564: tests.integration.validate.rocprofv3-test-counter-collection-multiple-yaml.test_counter_collection_multiple_yaml .............   Passed    0.33 sec
      Start 564: tests.integration.validate.rocprofv3-test-counter-collection-multiple-yaml.test_counter_collection_multiple_yaml
    Test #564: tests.integration.validate.rocprofv3-test-counter-collection-multiple-yaml.test_counter_collection_multiple_yaml .............   Passed    0.34 sec
      Start 564: tests.integration.validate.rocprofv3-test-counter-collection-multiple-yaml.test_counter_collection_multiple_yaml
    Test #564: tests.integration.validate.rocprofv3-test-counter-collection-multiple-yaml.test_counter_collection_multiple_yaml .............   Passed    0.34 sec
      Start 564: tests.integration.validate.rocprofv3-test-counter-collection-multiple-yaml.test_counter_collection_multiple_yaml
    Test #564: tests.integration.validate.rocprofv3-test-counter-collection-multiple-yaml.test_counter_collection_multiple_yaml .............   Passed    0.33 sec
      Start 564: tests.integration.validate.rocprofv3-test-counter-collection-multiple-yaml.test_counter_collection_multiple_yaml
    Test #564: tests.integration.validate.rocprofv3-test-counter-collection-multiple-yaml.test_counter_collection_multiple_yaml .............   Passed    0.33 sec
      Start 564: tests.integration.validate.rocprofv3-test-counter-collection-multiple-yaml.test_counter_collection_multiple_yaml
    Test #564: tests.integration.validate.rocprofv3-test-counter-collection-multiple-yaml.test_counter_collection_multiple_yaml .............   Passed    0.34 sec
      Start 564: tests.integration.validate.rocprofv3-test-counter-collection-multiple-yaml.test_counter_collection_multiple_yaml
    Test #564: tests.integration.validate.rocprofv3-test-counter-collection-multiple-yaml.test_counter_collection_multiple_yaml .............   Passed    0.34 sec
      Start 564: tests.integration.validate.rocprofv3-test-counter-collection-multiple-yaml.test_counter_collection_multiple_yaml
    Test #564: tests.integration.validate.rocprofv3-test-counter-collection-multiple-yaml.test_counter_collection_multiple_yaml .............   Passed    0.34 sec
      Start 564: tests.integration.validate.rocprofv3-test-counter-collection-multiple-yaml.test_counter_collection_multiple_yaml
    Test #564: tests.integration.validate.rocprofv3-test-counter-collection-multiple-yaml.test_counter_collection_multiple_yaml .............   Passed    0.34 sec
      Start 564: tests.integration.validate.rocprofv3-test-counter-collection-multiple-yaml.test_counter_collection_multiple_yaml
    Test #564: tests.integration.validate.rocprofv3-test-counter-collection-multiple-yaml.test_counter_collection_multiple_yaml .............   Passed    0.34 sec
      Start 564: tests.integration.validate.rocprofv3-test-counter-collection-multiple-yaml.test_counter_collection_multiple_yaml
    Test #564: tests.integration.validate.rocprofv3-test-counter-collection-multiple-yaml.test_counter_collection_multiple_yaml .............   Passed    0.34 sec
      Start 564: tests.integration.validate.rocprofv3-test-counter-collection-multiple-yaml.test_counter_collection_multiple_yaml
    Test #564: tests.integration.validate.rocprofv3-test-counter-collection-multiple-yaml.test_counter_collection_multiple_yaml .............   Passed    0.34 sec
      Start 564: tests.integration.validate.rocprofv3-test-counter-collection-multiple-yaml.test_counter_collection_multiple_yaml
    Test #564: tests.integration.validate.rocprofv3-test-counter-collection-multiple-yaml.test_counter_collection_multiple_yaml .............   Passed    0.33 sec
      Start 564: tests.integration.validate.rocprofv3-test-counter-collection-multiple-yaml.test_counter_collection_multiple_yaml
    Test #564: tests.integration.validate.rocprofv3-test-counter-collection-multiple-yaml.test_counter_collection_multiple_yaml .............   Passed    0.34 sec
      Start 564: tests.integration.validate.rocprofv3-test-counter-collection-multiple-yaml.test_counter_collection_multiple_yaml
    Test #564: tests.integration.validate.rocprofv3-test-counter-collection-multiple-yaml.test_counter_collection_multiple_yaml .............   Passed    0.34 sec
      Start 564: tests.integration.validate.rocprofv3-test-counter-collection-multiple-yaml.test_counter_collection_multiple_yaml
    Test #564: tests.integration.validate.rocprofv3-test-counter-collection-multiple-yaml.test_counter_collection_multiple_yaml .............   Passed    0.34 sec
      Start 564: tests.integration.validate.rocprofv3-test-counter-collection-multiple-yaml.test_counter_collection_multiple_yaml
    Test #564: tests.integration.validate.rocprofv3-test-counter-collection-multiple-yaml.test_counter_collection_multiple_yaml .............   Passed    0.34 sec
      Start 564: tests.integration.validate.rocprofv3-test-counter-collection-multiple-yaml.test_counter_collection_multiple_yaml
    Test #564: tests.integration.validate.rocprofv3-test-counter-collection-multiple-yaml.test_counter_collection_multiple_yaml .............   Passed    0.34 sec
      Start 564: tests.integration.validate.rocprofv3-test-counter-collection-multiple-yaml.test_counter_collection_multiple_yaml
    Test #564: tests.integration.validate.rocprofv3-test-counter-collection-multiple-yaml.test_counter_collection_multiple_yaml .............   Passed    0.34 sec
      Start 564: tests.integration.validate.rocprofv3-test-counter-collection-multiple-yaml.test_counter_collection_multiple_yaml
    Test #564: tests.integration.validate.rocprofv3-test-counter-collection-multiple-yaml.test_counter_collection_multiple_yaml .............   Passed    0.34 sec
      Start 564: tests.integration.validate.rocprofv3-test-counter-collection-multiple-yaml.test_counter_collection_multiple_yaml
    Test #564: tests.integration.validate.rocprofv3-test-counter-collection-multiple-yaml.test_counter_collection_multiple_yaml .............   Passed    0.34 sec
      Start 564: tests.integration.validate.rocprofv3-test-counter-collection-multiple-yaml.test_counter_collection_multiple_yaml
    Test #564: tests.integration.validate.rocprofv3-test-counter-collection-multiple-yaml.test_counter_collection_multiple_yaml .............   Passed    0.34 sec
      Start 564: tests.integration.validate.rocprofv3-test-counter-collection-multiple-yaml.test_counter_collection_multiple_yaml
    Test #564: tests.integration.validate.rocprofv3-test-counter-collection-multiple-yaml.test_counter_collection_multiple_yaml .............   Passed    0.34 sec
      Start 564: tests.integration.validate.rocprofv3-test-counter-collection-multiple-yaml.test_counter_collection_multiple_yaml
    Test #564: tests.integration.validate.rocprofv3-test-counter-collection-multiple-yaml.test_counter_collection_multiple_yaml .............   Passed    0.34 sec
      Start 564: tests.integration.validate.rocprofv3-test-counter-collection-multiple-yaml.test_counter_collection_multiple_yaml
    Test #564: tests.integration.validate.rocprofv3-test-counter-collection-multiple-yaml.test_counter_collection_multiple_yaml .............   Passed    0.34 sec
      Start 564: tests.integration.validate.rocprofv3-test-counter-collection-multiple-yaml.test_counter_collection_multiple_yaml
    Test #564: tests.integration.validate.rocprofv3-test-counter-collection-multiple-yaml.test_counter_collection_multiple_yaml .............   Passed    0.34 sec
      Start 564: tests.integration.validate.rocprofv3-test-counter-collection-multiple-yaml.test_counter_collection_multiple_yaml
    Test #564: tests.integration.validate.rocprofv3-test-counter-collection-multiple-yaml.test_counter_collection_multiple_yaml .............   Passed    0.34 sec
      Start 564: tests.integration.validate.rocprofv3-test-counter-collection-multiple-yaml.test_counter_collection_multiple_yaml
    Test #564: tests.integration.validate.rocprofv3-test-counter-collection-multiple-yaml.test_counter_collection_multiple_yaml .............   Passed    0.34 sec
      Start 564: tests.integration.validate.rocprofv3-test-counter-collection-multiple-yaml.test_counter_collection_multiple_yaml
    Test #564: tests.integration.validate.rocprofv3-test-counter-collection-multiple-yaml.test_counter_collection_multiple_yaml .............   Passed    0.34 sec
      Start 564: tests.integration.validate.rocprofv3-test-counter-collection-multiple-yaml.test_counter_collection_multiple_yaml
    Test #564: tests.integration.validate.rocprofv3-test-counter-collection-multiple-yaml.test_counter_collection_multiple_yaml .............   Passed    0.34 sec
      Start 564: tests.integration.validate.rocprofv3-test-counter-collection-multiple-yaml.test_counter_collection_multiple_yaml
    Test #564: tests.integration.validate.rocprofv3-test-counter-collection-multiple-yaml.test_counter_collection_multiple_yaml .............   Passed    0.34 sec
      Start 564: tests.integration.validate.rocprofv3-test-counter-collection-multiple-yaml.test_counter_collection_multiple_yaml
    Test #564: tests.integration.validate.rocprofv3-test-counter-collection-multiple-yaml.test_counter_collection_multiple_yaml .............   Passed    0.34 sec
      Start 564: tests.integration.validate.rocprofv3-test-counter-collection-multiple-yaml.test_counter_collection_multiple_yaml
    Test #564: tests.integration.validate.rocprofv3-test-counter-collection-multiple-yaml.test_counter_collection_multiple_yaml .............   Passed    0.34 sec
      Start 564: tests.integration.validate.rocprofv3-test-counter-collection-multiple-yaml.test_counter_collection_multiple_yaml
    Test #564: tests.integration.validate.rocprofv3-test-counter-collection-multiple-yaml.test_counter_collection_multiple_yaml .............   Passed    0.33 sec
      Start 564: tests.integration.validate.rocprofv3-test-counter-collection-multiple-yaml.test_counter_collection_multiple_yaml
    Test #564: tests.integration.validate.rocprofv3-test-counter-collection-multiple-yaml.test_counter_collection_multiple_yaml .............   Passed    0.34 sec
      Start 564: tests.integration.validate.rocprofv3-test-counter-collection-multiple-yaml.test_counter_collection_multiple_yaml
    Test #564: tests.integration.validate.rocprofv3-test-counter-collection-multiple-yaml.test_counter_collection_multiple_yaml .............   Passed    0.34 sec
      Start 564: tests.integration.validate.rocprofv3-test-counter-collection-multiple-yaml.test_counter_collection_multiple_yaml
    Test #564: tests.integration.validate.rocprofv3-test-counter-collection-multiple-yaml.test_counter_collection_multiple_yaml .............   Passed    0.35 sec
      Start 564: tests.integration.validate.rocprofv3-test-counter-collection-multiple-yaml.test_counter_collection_multiple_yaml
    Test #564: tests.integration.validate.rocprofv3-test-counter-collection-multiple-yaml.test_counter_collection_multiple_yaml .............   Passed    0.34 sec
      Start 564: tests.integration.validate.rocprofv3-test-counter-collection-multiple-yaml.test_counter_collection_multiple_yaml
    Test #564: tests.integration.validate.rocprofv3-test-counter-collection-multiple-yaml.test_counter_collection_multiple_yaml .............   Passed    0.34 sec
      Start 564: tests.integration.validate.rocprofv3-test-counter-collection-multiple-yaml.test_counter_collection_multiple_yaml
    Test #564: tests.integration.validate.rocprofv3-test-counter-collection-multiple-yaml.test_counter_collection_multiple_yaml .............   Passed    0.34 sec
      Start 564: tests.integration.validate.rocprofv3-test-counter-collection-multiple-yaml.test_counter_collection_multiple_yaml
    Test #564: tests.integration.validate.rocprofv3-test-counter-collection-multiple-yaml.test_counter_collection_multiple_yaml .............   Passed    0.34 sec
      Start 564: tests.integration.validate.rocprofv3-test-counter-collection-multiple-yaml.test_counter_collection_multiple_yaml
    Test #564: tests.integration.validate.rocprofv3-test-counter-collection-multiple-yaml.test_counter_collection_multiple_yaml .............   Passed    0.34 sec
      Start 564: tests.integration.validate.rocprofv3-test-counter-collection-multiple-yaml.test_counter_collection_multiple_yaml
    Test #564: tests.integration.validate.rocprofv3-test-counter-collection-multiple-yaml.test_counter_collection_multiple_yaml .............   Passed    0.34 sec
      Start 564: tests.integration.validate.rocprofv3-test-counter-collection-multiple-yaml.test_counter_collection_multiple_yaml
    Test #564: tests.integration.validate.rocprofv3-test-counter-collection-multiple-yaml.test_counter_collection_multiple_yaml .............   Passed    0.34 sec
      Start 564: tests.integration.validate.rocprofv3-test-counter-collection-multiple-yaml.test_counter_collection_multiple_yaml
    Test #564: tests.integration.validate.rocprofv3-test-counter-collection-multiple-yaml.test_counter_collection_multiple_yaml .............   Passed    0.34 sec
      Start 564: tests.integration.validate.rocprofv3-test-counter-collection-multiple-yaml.test_counter_collection_multiple_yaml
    Test #564: tests.integration.validate.rocprofv3-test-counter-collection-multiple-yaml.test_counter_collection_multiple_yaml .............   Passed    0.34 sec
      Start 564: tests.integration.validate.rocprofv3-test-counter-collection-multiple-yaml.test_counter_collection_multiple_yaml
    Test #564: tests.integration.validate.rocprofv3-test-counter-collection-multiple-yaml.test_counter_collection_multiple_yaml .............   Passed    0.34 sec
      Start 564: tests.integration.validate.rocprofv3-test-counter-collection-multiple-yaml.test_counter_collection_multiple_yaml
    Test #564: tests.integration.validate.rocprofv3-test-counter-collection-multiple-yaml.test_counter_collection_multiple_yaml .............   Passed    0.34 sec
      Start 564: tests.integration.validate.rocprofv3-test-counter-collection-multiple-yaml.test_counter_collection_multiple_yaml
    Test #564: tests.integration.validate.rocprofv3-test-counter-collection-multiple-yaml.test_counter_collection_multiple_yaml .............   Passed    0.34 sec
      Start 564: tests.integration.validate.rocprofv3-test-counter-collection-multiple-yaml.test_counter_collection_multiple_yaml
    Test #564: tests.integration.validate.rocprofv3-test-counter-collection-multiple-yaml.test_counter_collection_multiple_yaml .............   Passed    0.34 sec
      Start 564: tests.integration.validate.rocprofv3-test-counter-collection-multiple-yaml.test_counter_collection_multiple_yaml
    Test #564: tests.integration.validate.rocprofv3-test-counter-collection-multiple-yaml.test_counter_collection_multiple_yaml .............   Passed    0.34 sec
      Start 564: tests.integration.validate.rocprofv3-test-counter-collection-multiple-yaml.test_counter_collection_multiple_yaml
    Test #564: tests.integration.validate.rocprofv3-test-counter-collection-multiple-yaml.test_counter_collection_multiple_yaml .............   Passed    0.34 sec
      Start 564: tests.integration.validate.rocprofv3-test-counter-collection-multiple-yaml.test_counter_collection_multiple_yaml
    Test #564: tests.integration.validate.rocprofv3-test-counter-collection-multiple-yaml.test_counter_collection_multiple_yaml .............   Passed    0.34 sec
      Start 564: tests.integration.validate.rocprofv3-test-counter-collection-multiple-yaml.test_counter_collection_multiple_yaml
    Test #564: tests.integration.validate.rocprofv3-test-counter-collection-multiple-yaml.test_counter_collection_multiple_yaml .............   Passed    0.35 sec
      Start 564: tests.integration.validate.rocprofv3-test-counter-collection-multiple-yaml.test_counter_collection_multiple_yaml
    Test #564: tests.integration.validate.rocprofv3-test-counter-collection-multiple-yaml.test_counter_collection_multiple_yaml .............   Passed    0.34 sec
      Start 564: tests.integration.validate.rocprofv3-test-counter-collection-multiple-yaml.test_counter_collection_multiple_yaml
    Test #564: tests.integration.validate.rocprofv3-test-counter-collection-multiple-yaml.test_counter_collection_multiple_yaml .............   Passed    0.34 sec
      Start 564: tests.integration.validate.rocprofv3-test-counter-collection-multiple-yaml.test_counter_collection_multiple_yaml
    Test #564: tests.integration.validate.rocprofv3-test-counter-collection-multiple-yaml.test_counter_collection_multiple_yaml .............   Passed    0.34 sec
      Start 564: tests.integration.validate.rocprofv3-test-counter-collection-multiple-yaml.test_counter_collection_multiple_yaml
    Test #564: tests.integration.validate.rocprofv3-test-counter-collection-multiple-yaml.test_counter_collection_multiple_yaml .............   Passed    0.34 sec
      Start 564: tests.integration.validate.rocprofv3-test-counter-collection-multiple-yaml.test_counter_collection_multiple_yaml
    Test #564: tests.integration.validate.rocprofv3-test-counter-collection-multiple-yaml.test_counter_collection_multiple_yaml .............   Passed    0.34 sec
      Start 564: tests.integration.validate.rocprofv3-test-counter-collection-multiple-yaml.test_counter_collection_multiple_yaml
    Test #564: tests.integration.validate.rocprofv3-test-counter-collection-multiple-yaml.test_counter_collection_multiple_yaml .............   Passed    0.34 sec
      Start 564: tests.integration.validate.rocprofv3-test-counter-collection-multiple-yaml.test_counter_collection_multiple_yaml
    Test #564: tests.integration.validate.rocprofv3-test-counter-collection-multiple-yaml.test_counter_collection_multiple_yaml .............   Passed    0.34 sec
      Start 564: tests.integration.validate.rocprofv3-test-counter-collection-multiple-yaml.test_counter_collection_multiple_yaml
    Test #564: tests.integration.validate.rocprofv3-test-counter-collection-multiple-yaml.test_counter_collection_multiple_yaml .............   Passed    0.34 sec
      Start 564: tests.integration.validate.rocprofv3-test-counter-collection-multiple-yaml.test_counter_collection_multiple_yaml
    Test #564: tests.integration.validate.rocprofv3-test-counter-collection-multiple-yaml.test_counter_collection_multiple_yaml .............   Passed    0.34 sec
      Start 564: tests.integration.validate.rocprofv3-test-counter-collection-multiple-yaml.test_counter_collection_multiple_yaml
    Test #564: tests.integration.validate.rocprofv3-test-counter-collection-multiple-yaml.test_counter_collection_multiple_yaml .............   Passed    0.34 sec
      Start 564: tests.integration.validate.rocprofv3-test-counter-collection-multiple-yaml.test_counter_collection_multiple_yaml
    Test #564: tests.integration.validate.rocprofv3-test-counter-collection-multiple-yaml.test_counter_collection_multiple_yaml .............   Passed    0.34 sec
      Start 564: tests.integration.validate.rocprofv3-test-counter-collection-multiple-yaml.test_counter_collection_multiple_yaml
    Test #564: tests.integration.validate.rocprofv3-test-counter-collection-multiple-yaml.test_counter_collection_multiple_yaml .............   Passed    0.34 sec
      Start 564: tests.integration.validate.rocprofv3-test-counter-collection-multiple-yaml.test_counter_collection_multiple_yaml
    Test #564: tests.integration.validate.rocprofv3-test-counter-collection-multiple-yaml.test_counter_collection_multiple_yaml .............   Passed    0.34 sec
      Start 564: tests.integration.validate.rocprofv3-test-counter-collection-multiple-yaml.test_counter_collection_multiple_yaml
    Test #564: tests.integration.validate.rocprofv3-test-counter-collection-multiple-yaml.test_counter_collection_multiple_yaml .............   Passed    0.34 sec
      Start 564: tests.integration.validate.rocprofv3-test-counter-collection-multiple-yaml.test_counter_collection_multiple_yaml
    Test #564: tests.integration.validate.rocprofv3-test-counter-collection-multiple-yaml.test_counter_collection_multiple_yaml .............   Passed    0.34 sec
      Start 564: tests.integration.validate.rocprofv3-test-counter-collection-multiple-yaml.test_counter_collection_multiple_yaml
    Test #564: tests.integration.validate.rocprofv3-test-counter-collection-multiple-yaml.test_counter_collection_multiple_yaml .............   Passed    0.34 sec
      Start 564: tests.integration.validate.rocprofv3-test-counter-collection-multiple-yaml.test_counter_collection_multiple_yaml
    Test #564: tests.integration.validate.rocprofv3-test-counter-collection-multiple-yaml.test_counter_collection_multiple_yaml .............   Passed    0.34 sec
      Start 564: tests.integration.validate.rocprofv3-test-counter-collection-multiple-yaml.test_counter_collection_multiple_yaml
    Test #564: tests.integration.validate.rocprofv3-test-counter-collection-multiple-yaml.test_counter_collection_multiple_yaml .............   Passed    0.34 sec
      Start 564: tests.integration.validate.rocprofv3-test-counter-collection-multiple-yaml.test_counter_collection_multiple_yaml
    Test #564: tests.integration.validate.rocprofv3-test-counter-collection-multiple-yaml.test_counter_collection_multiple_yaml .............   Passed    0.34 sec
      Start 564: tests.integration.validate.rocprofv3-test-counter-collection-multiple-yaml.test_counter_collection_multiple_yaml
    Test #564: tests.integration.validate.rocprofv3-test-counter-collection-multiple-yaml.test_counter_collection_multiple_yaml .............   Passed    0.34 sec
      Start 564: tests.integration.validate.rocprofv3-test-counter-collection-multiple-yaml.test_counter_collection_multiple_yaml
    Test #564: tests.integration.validate.rocprofv3-test-counter-collection-multiple-yaml.test_counter_collection_multiple_yaml .............   Passed    0.34 sec
      Start 564: tests.integration.validate.rocprofv3-test-counter-collection-multiple-yaml.test_counter_collection_multiple_yaml
    Test #564: tests.integration.validate.rocprofv3-test-counter-collection-multiple-yaml.test_counter_collection_multiple_yaml .............   Passed    0.34 sec
      Start 564: tests.integration.validate.rocprofv3-test-counter-collection-multiple-yaml.test_counter_collection_multiple_yaml
    Test #564: tests.integration.validate.rocprofv3-test-counter-collection-multiple-yaml.test_counter_collection_multiple_yaml .............   Passed    0.34 sec
      Start 564: tests.integration.validate.rocprofv3-test-counter-collection-multiple-yaml.test_counter_collection_multiple_yaml
    Test #564: tests.integration.validate.rocprofv3-test-counter-collection-multiple-yaml.test_counter_collection_multiple_yaml .............   Passed    0.34 sec
      Start 564: tests.integration.validate.rocprofv3-test-counter-collection-multiple-yaml.test_counter_collection_multiple_yaml
    Test #564: tests.integration.validate.rocprofv3-test-counter-collection-multiple-yaml.test_counter_collection_multiple_yaml .............   Passed    0.34 sec
      Start 564: tests.integration.validate.rocprofv3-test-counter-collection-multiple-yaml.test_counter_collection_multiple_yaml
    Test #564: tests.integration.validate.rocprofv3-test-counter-collection-multiple-yaml.test_counter_collection_multiple_yaml .............   Passed    0.34 sec
      Start 564: tests.integration.validate.rocprofv3-test-counter-collection-multiple-yaml.test_counter_collection_multiple_yaml
    Test #564: tests.integration.validate.rocprofv3-test-counter-collection-multiple-yaml.test_counter_collection_multiple_yaml .............   Passed    0.34 sec
      Start 564: tests.integration.validate.rocprofv3-test-counter-collection-multiple-yaml.test_counter_collection_multiple_yaml
    Test #564: tests.integration.validate.rocprofv3-test-counter-collection-multiple-yaml.test_counter_collection_multiple_yaml .............   Passed    0.34 sec
      Start 564: tests.integration.validate.rocprofv3-test-counter-collection-multiple-yaml.test_counter_collection_multiple_yaml
    Test #564: tests.integration.validate.rocprofv3-test-counter-collection-multiple-yaml.test_counter_collection_multiple_yaml .............   Passed    0.34 sec
      Start 564: tests.integration.validate.rocprofv3-test-counter-collection-multiple-yaml.test_counter_collection_multiple_yaml
    Test #564: tests.integration.validate.rocprofv3-test-counter-collection-multiple-yaml.test_counter_collection_multiple_yaml .............   Passed    0.34 sec
      Start 564: tests.integration.validate.rocprofv3-test-counter-collection-multiple-yaml.test_counter_collection_multiple_yaml
    Test #564: tests.integration.validate.rocprofv3-test-counter-collection-multiple-yaml.test_counter_collection_multiple_yaml .............   Passed    0.34 sec
      Start 564: tests.integration.validate.rocprofv3-test-counter-collection-multiple-yaml.test_counter_collection_multiple_yaml
    Test #564: tests.integration.validate.rocprofv3-test-counter-collection-multiple-yaml.test_counter_collection_multiple_yaml .............   Passed    0.34 sec
      Start 564: tests.integration.validate.rocprofv3-test-counter-collection-multiple-yaml.test_counter_collection_multiple_yaml
    Test #564: tests.integration.validate.rocprofv3-test-counter-collection-multiple-yaml.test_counter_collection_multiple_yaml .............   Passed    0.34 sec
      Start 564: tests.integration.validate.rocprofv3-test-counter-collection-multiple-yaml.test_counter_collection_multiple_yaml
    Test #564: tests.integration.validate.rocprofv3-test-counter-collection-multiple-yaml.test_counter_collection_multiple_yaml .............   Passed    0.33 sec
      Start 564: tests.integration.validate.rocprofv3-test-counter-collection-multiple-yaml.test_counter_collection_multiple_yaml
    Test #564: tests.integration.validate.rocprofv3-test-counter-collection-multiple-yaml.test_counter_collection_multiple_yaml .............   Passed    0.33 sec
      Start 564: tests.integration.validate.rocprofv3-test-counter-collection-multiple-yaml.test_counter_collection_multiple_yaml
    Test #564: tests.integration.validate.rocprofv3-test-counter-collection-multiple-yaml.test_counter_collection_multiple_yaml .............   Passed    0.34 sec
      Start 564: tests.integration.validate.rocprofv3-test-counter-collection-multiple-yaml.test_counter_collection_multiple_yaml
    Test #564: tests.integration.validate.rocprofv3-test-counter-collection-multiple-yaml.test_counter_collection_multiple_yaml .............   Passed    0.34 sec
      Start 564: tests.integration.validate.rocprofv3-test-counter-collection-multiple-yaml.test_counter_collection_multiple_yaml
    Test #564: tests.integration.validate.rocprofv3-test-counter-collection-multiple-yaml.test_counter_collection_multiple_yaml .............   Passed    0.34 sec
      Start 564: tests.integration.validate.rocprofv3-test-counter-collection-multiple-yaml.test_counter_collection_multiple_yaml
    Test #564: tests.integration.validate.rocprofv3-test-counter-collection-multiple-yaml.test_counter_collection_multiple_yaml .............   Passed    0.33 sec
      Start 564: tests.integration.validate.rocprofv3-test-counter-collection-multiple-yaml.test_counter_collection_multiple_yaml
    Test #564: tests.integration.validate.rocprofv3-test-counter-collection-multiple-yaml.test_counter_collection_multiple_yaml .............   Passed    0.34 sec
      Start 564: tests.integration.validate.rocprofv3-test-counter-collection-multiple-yaml.test_counter_collection_multiple_yaml
    Test #564: tests.integration.validate.rocprofv3-test-counter-collection-multiple-yaml.test_counter_collection_multiple_yaml .............   Passed    0.34 sec
      Start 564: tests.integration.validate.rocprofv3-test-counter-collection-multiple-yaml.test_counter_collection_multiple_yaml
    Test #564: tests.integration.validate.rocprofv3-test-counter-collection-multiple-yaml.test_counter_collection_multiple_yaml .............   Passed    0.34 sec
      Start 564: tests.integration.validate.rocprofv3-test-counter-collection-multiple-yaml.test_counter_collection_multiple_yaml
    Test #564: tests.integration.validate.rocprofv3-test-counter-collection-multiple-yaml.test_counter_collection_multiple_yaml .............   Passed    0.34 sec
      Start 564: tests.integration.validate.rocprofv3-test-counter-collection-multiple-yaml.test_counter_collection_multiple_yaml
    Test #564: tests.integration.validate.rocprofv3-test-counter-collection-multiple-yaml.test_counter_collection_multiple_yaml .............   Passed    0.33 sec
      Start 564: tests.integration.validate.rocprofv3-test-counter-collection-multiple-yaml.test_counter_collection_multiple_yaml
    Test #564: tests.integration.validate.rocprofv3-test-counter-collection-multiple-yaml.test_counter_collection_multiple_yaml .............   Passed    0.34 sec
      Start 564: tests.integration.validate.rocprofv3-test-counter-collection-multiple-yaml.test_counter_collection_multiple_yaml
    Test #564: tests.integration.validate.rocprofv3-test-counter-collection-multiple-yaml.test_counter_collection_multiple_yaml .............   Passed    0.34 sec
      Start 564: tests.integration.validate.rocprofv3-test-counter-collection-multiple-yaml.test_counter_collection_multiple_yaml
    Test #564: tests.integration.validate.rocprofv3-test-counter-collection-multiple-yaml.test_counter_collection_multiple_yaml .............   Passed    0.33 sec
      Start 564: tests.integration.validate.rocprofv3-test-counter-collection-multiple-yaml.test_counter_collection_multiple_yaml
    Test #564: tests.integration.validate.rocprofv3-test-counter-collection-multiple-yaml.test_counter_collection_multiple_yaml .............   Passed    0.33 sec
      Start 564: tests.integration.validate.rocprofv3-test-counter-collection-multiple-yaml.test_counter_collection_multiple_yaml
    Test #564: tests.integration.validate.rocprofv3-test-counter-collection-multiple-yaml.test_counter_collection_multiple_yaml .............   Passed    0.33 sec
      Start 564: tests.integration.validate.rocprofv3-test-counter-collection-multiple-yaml.test_counter_collection_multiple_yaml
    Test #564: tests.integration.validate.rocprofv3-test-counter-collection-multiple-yaml.test_counter_collection_multiple_yaml .............   Passed    0.34 sec
      Start 564: tests.integration.validate.rocprofv3-test-counter-collection-multiple-yaml.test_counter_collection_multiple_yaml
    Test #564: tests.integration.validate.rocprofv3-test-counter-collection-multiple-yaml.test_counter_collection_multiple_yaml .............   Passed    0.33 sec
      Start 564: tests.integration.validate.rocprofv3-test-counter-collection-multiple-yaml.test_counter_collection_multiple_yaml
    Test #564: tests.integration.validate.rocprofv3-test-counter-collection-multiple-yaml.test_counter_collection_multiple_yaml .............   Passed    0.33 sec
      Start 564: tests.integration.validate.rocprofv3-test-counter-collection-multiple-yaml.test_counter_collection_multiple_yaml
    Test #564: tests.integration.validate.rocprofv3-test-counter-collection-multiple-yaml.test_counter_collection_multiple_yaml .............   Passed    0.33 sec
      Start 564: tests.integration.validate.rocprofv3-test-counter-collection-multiple-yaml.test_counter_collection_multiple_yaml
    Test #564: tests.integration.validate.rocprofv3-test-counter-collection-multiple-yaml.test_counter_collection_multiple_yaml .............   Passed    0.34 sec
      Start 564: tests.integration.validate.rocprofv3-test-counter-collection-multiple-yaml.test_counter_collection_multiple_yaml
    Test #564: tests.integration.validate.rocprofv3-test-counter-collection-multiple-yaml.test_counter_collection_multiple_yaml .............   Passed    0.34 sec
      Start 564: tests.integration.validate.rocprofv3-test-counter-collection-multiple-yaml.test_counter_collection_multiple_yaml
    Test #564: tests.integration.validate.rocprofv3-test-counter-collection-multiple-yaml.test_counter_collection_multiple_yaml .............   Passed    0.33 sec
      Start 564: tests.integration.validate.rocprofv3-test-counter-collection-multiple-yaml.test_counter_collection_multiple_yaml
    Test #564: tests.integration.validate.rocprofv3-test-counter-collection-multiple-yaml.test_counter_collection_multiple_yaml .............   Passed    0.34 sec
      Start 564: tests.integration.validate.rocprofv3-test-counter-collection-multiple-yaml.test_counter_collection_multiple_yaml
    Test #564: tests.integration.validate.rocprofv3-test-counter-collection-multiple-yaml.test_counter_collection_multiple_yaml .............   Passed    0.33 sec
      Start 564: tests.integration.validate.rocprofv3-test-counter-collection-multiple-yaml.test_counter_collection_multiple_yaml
    Test #564: tests.integration.validate.rocprofv3-test-counter-collection-multiple-yaml.test_counter_collection_multiple_yaml .............   Passed    0.34 sec
      Start 564: tests.integration.validate.rocprofv3-test-counter-collection-multiple-yaml.test_counter_collection_multiple_yaml
    Test #564: tests.integration.validate.rocprofv3-test-counter-collection-multiple-yaml.test_counter_collection_multiple_yaml .............   Passed    0.33 sec
      Start 564: tests.integration.validate.rocprofv3-test-counter-collection-multiple-yaml.test_counter_collection_multiple_yaml
    Test #564: tests.integration.validate.rocprofv3-test-counter-collection-multiple-yaml.test_counter_collection_multiple_yaml .............   Passed    0.33 sec
      Start 564: tests.integration.validate.rocprofv3-test-counter-collection-multiple-yaml.test_counter_collection_multiple_yaml
    Test #564: tests.integration.validate.rocprofv3-test-counter-collection-multiple-yaml.test_counter_collection_multiple_yaml .............   Passed    0.34 sec
      Start 564: tests.integration.validate.rocprofv3-test-counter-collection-multiple-yaml.test_counter_collection_multiple_yaml
    Test #564: tests.integration.validate.rocprofv3-test-counter-collection-multiple-yaml.test_counter_collection_multiple_yaml .............   Passed    0.33 sec
      Start 564: tests.integration.validate.rocprofv3-test-counter-collection-multiple-yaml.test_counter_collection_multiple_yaml
    Test #564: tests.integration.validate.rocprofv3-test-counter-collection-multiple-yaml.test_counter_collection_multiple_yaml .............   Passed    0.34 sec
      Start 564: tests.integration.validate.rocprofv3-test-counter-collection-multiple-yaml.test_counter_collection_multiple_yaml
    Test #564: tests.integration.validate.rocprofv3-test-counter-collection-multiple-yaml.test_counter_collection_multiple_yaml .............   Passed    0.33 sec
      Start 564: tests.integration.validate.rocprofv3-test-counter-collection-multiple-yaml.test_counter_collection_multiple_yaml
    Test #564: tests.integration.validate.rocprofv3-test-counter-collection-multiple-yaml.test_counter_collection_multiple_yaml .............   Passed    0.33 sec
      Start 564: tests.integration.validate.rocprofv3-test-counter-collection-multiple-yaml.test_counter_collection_multiple_yaml
    Test #564: tests.integration.validate.rocprofv3-test-counter-collection-multiple-yaml.test_counter_collection_multiple_yaml .............   Passed    0.33 sec
      Start 564: tests.integration.validate.rocprofv3-test-counter-collection-multiple-yaml.test_counter_collection_multiple_yaml
    Test #564: tests.integration.validate.rocprofv3-test-counter-collection-multiple-yaml.test_counter_collection_multiple_yaml .............   Passed    0.33 sec
      Start 564: tests.integration.validate.rocprofv3-test-counter-collection-multiple-yaml.test_counter_collection_multiple_yaml
    Test #564: tests.integration.validate.rocprofv3-test-counter-collection-multiple-yaml.test_counter_collection_multiple_yaml .............   Passed    0.33 sec
      Start 564: tests.integration.validate.rocprofv3-test-counter-collection-multiple-yaml.test_counter_collection_multiple_yaml
    Test #564: tests.integration.validate.rocprofv3-test-counter-collection-multiple-yaml.test_counter_collection_multiple_yaml .............   Passed    0.33 sec
      Start 564: tests.integration.validate.rocprofv3-test-counter-collection-multiple-yaml.test_counter_collection_multiple_yaml
    Test #564: tests.integration.validate.rocprofv3-test-counter-collection-multiple-yaml.test_counter_collection_multiple_yaml .............   Passed    0.33 sec
      Start 564: tests.integration.validate.rocprofv3-test-counter-collection-multiple-yaml.test_counter_collection_multiple_yaml
    Test #564: tests.integration.validate.rocprofv3-test-counter-collection-multiple-yaml.test_counter_collection_multiple_yaml .............   Passed    0.34 sec
      Start 564: tests.integration.validate.rocprofv3-test-counter-collection-multiple-yaml.test_counter_collection_multiple_yaml
    Test #564: tests.integration.validate.rocprofv3-test-counter-collection-multiple-yaml.test_counter_collection_multiple_yaml .............   Passed    0.33 sec
      Start 564: tests.integration.validate.rocprofv3-test-counter-collection-multiple-yaml.test_counter_collection_multiple_yaml
    Test #564: tests.integration.validate.rocprofv3-test-counter-collection-multiple-yaml.test_counter_collection_multiple_yaml .............   Passed    0.33 sec
      Start 564: tests.integration.validate.rocprofv3-test-counter-collection-multiple-yaml.test_counter_collection_multiple_yaml
    Test #564: tests.integration.validate.rocprofv3-test-counter-collection-multiple-yaml.test_counter_collection_multiple_yaml .............   Passed    0.34 sec
      Start 564: tests.integration.validate.rocprofv3-test-counter-collection-multiple-yaml.test_counter_collection_multiple_yaml
    Test #564: tests.integration.validate.rocprofv3-test-counter-collection-multiple-yaml.test_counter_collection_multiple_yaml .............   Passed    0.34 sec
      Start 564: tests.integration.validate.rocprofv3-test-counter-collection-multiple-yaml.test_counter_collection_multiple_yaml
    Test #564: tests.integration.validate.rocprofv3-test-counter-collection-multiple-yaml.test_counter_collection_multiple_yaml .............   Passed    0.33 sec
      Start 564: tests.integration.validate.rocprofv3-test-counter-collection-multiple-yaml.test_counter_collection_multiple_yaml
    Test #564: tests.integration.validate.rocprofv3-test-counter-collection-multiple-yaml.test_counter_collection_multiple_yaml .............   Passed    0.34 sec
      Start 564: tests.integration.validate.rocprofv3-test-counter-collection-multiple-yaml.test_counter_collection_multiple_yaml
    Test #564: tests.integration.validate.rocprofv3-test-counter-collection-multiple-yaml.test_counter_collection_multiple_yaml .............   Passed    0.33 sec
      Start 564: tests.integration.validate.rocprofv3-test-counter-collection-multiple-yaml.test_counter_collection_multiple_yaml
    Test #564: tests.integration.validate.rocprofv3-test-counter-collection-multiple-yaml.test_counter_collection_multiple_yaml .............   Passed    0.33 sec
      Start 564: tests.integration.validate.rocprofv3-test-counter-collection-multiple-yaml.test_counter_collection_multiple_yaml
    Test #564: tests.integration.validate.rocprofv3-test-counter-collection-multiple-yaml.test_counter_collection_multiple_yaml .............   Passed    0.34 sec
      Start 564: tests.integration.validate.rocprofv3-test-counter-collection-multiple-yaml.test_counter_collection_multiple_yaml
    Test #564: tests.integration.validate.rocprofv3-test-counter-collection-multiple-yaml.test_counter_collection_multiple_yaml .............   Passed    0.34 sec
      Start 564: tests.integration.validate.rocprofv3-test-counter-collection-multiple-yaml.test_counter_collection_multiple_yaml
    Test #564: tests.integration.validate.rocprofv3-test-counter-collection-multiple-yaml.test_counter_collection_multiple_yaml .............   Passed    0.33 sec
      Start 564: tests.integration.validate.rocprofv3-test-counter-collection-multiple-yaml.test_counter_collection_multiple_yaml
    Test #564: tests.integration.validate.rocprofv3-test-counter-collection-multiple-yaml.test_counter_collection_multiple_yaml .............   Passed    0.33 sec
      Start 564: tests.integration.validate.rocprofv3-test-counter-collection-multiple-yaml.test_counter_collection_multiple_yaml
    Test #564: tests.integration.validate.rocprofv3-test-counter-collection-multiple-yaml.test_counter_collection_multiple_yaml .............   Passed    0.34 sec
      Start 564: tests.integration.validate.rocprofv3-test-counter-collection-multiple-yaml.test_counter_collection_multiple_yaml
    Test #564: tests.integration.validate.rocprofv3-test-counter-collection-multiple-yaml.test_counter_collection_multiple_yaml .............   Passed    0.34 sec
      Start 564: tests.integration.validate.rocprofv3-test-counter-collection-multiple-yaml.test_counter_collection_multiple_yaml
    Test #564: tests.integration.validate.rocprofv3-test-counter-collection-multiple-yaml.test_counter_collection_multiple_yaml .............   Passed    0.33 sec
      Start 564: tests.integration.validate.rocprofv3-test-counter-collection-multiple-yaml.test_counter_collection_multiple_yaml
    Test #564: tests.integration.validate.rocprofv3-test-counter-collection-multiple-yaml.test_counter_collection_multiple_yaml .............   Passed    0.33 sec
      Start 564: tests.integration.validate.rocprofv3-test-counter-collection-multiple-yaml.test_counter_collection_multiple_yaml
    Test #564: tests.integration.validate.rocprofv3-test-counter-collection-multiple-yaml.test_counter_collection_multiple_yaml .............   Passed    0.34 sec
      Start 564: tests.integration.validate.rocprofv3-test-counter-collection-multiple-yaml.test_counter_collection_multiple_yaml
    Test #564: tests.integration.validate.rocprofv3-test-counter-collection-multiple-yaml.test_counter_collection_multiple_yaml .............   Passed    0.33 sec
      Start 564: tests.integration.validate.rocprofv3-test-counter-collection-multiple-yaml.test_counter_collection_multiple_yaml
    Test #564: tests.integration.validate.rocprofv3-test-counter-collection-multiple-yaml.test_counter_collection_multiple_yaml .............   Passed    0.34 sec
      Start 564: tests.integration.validate.rocprofv3-test-counter-collection-multiple-yaml.test_counter_collection_multiple_yaml
    Test #564: tests.integration.validate.rocprofv3-test-counter-collection-multiple-yaml.test_counter_collection_multiple_yaml .............   Passed    0.34 sec
      Start 564: tests.integration.validate.rocprofv3-test-counter-collection-multiple-yaml.test_counter_collection_multiple_yaml
    Test #564: tests.integration.validate.rocprofv3-test-counter-collection-multiple-yaml.test_counter_collection_multiple_yaml .............   Passed    0.33 sec
      Start 564: tests.integration.validate.rocprofv3-test-counter-collection-multiple-yaml.test_counter_collection_multiple_yaml
    Test #564: tests.integration.validate.rocprofv3-test-counter-collection-multiple-yaml.test_counter_collection_multiple_yaml .............   Passed    0.34 sec
      Start 564: tests.integration.validate.rocprofv3-test-counter-collection-multiple-yaml.test_counter_collection_multiple_yaml
    Test #564: tests.integration.validate.rocprofv3-test-counter-collection-multiple-yaml.test_counter_collection_multiple_yaml .............   Passed    0.34 sec
      Start 564: tests.integration.validate.rocprofv3-test-counter-collection-multiple-yaml.test_counter_collection_multiple_yaml
    Test #564: tests.integration.validate.rocprofv3-test-counter-collection-multiple-yaml.test_counter_collection_multiple_yaml .............   Passed    0.34 sec
      Start 564: tests.integration.validate.rocprofv3-test-counter-collection-multiple-yaml.test_counter_collection_multiple_yaml
    Test #564: tests.integration.validate.rocprofv3-test-counter-collection-multiple-yaml.test_counter_collection_multiple_yaml .............   Passed    0.34 sec
      Start 564: tests.integration.validate.rocprofv3-test-counter-collection-multiple-yaml.test_counter_collection_multiple_yaml
    Test #564: tests.integration.validate.rocprofv3-test-counter-collection-multiple-yaml.test_counter_collection_multiple_yaml .............   Passed    0.33 sec
      Start 564: tests.integration.validate.rocprofv3-test-counter-collection-multiple-yaml.test_counter_collection_multiple_yaml
    Test #564: tests.integration.validate.rocprofv3-test-counter-collection-multiple-yaml.test_counter_collection_multiple_yaml .............   Passed    0.34 sec
      Start 564: tests.integration.validate.rocprofv3-test-counter-collection-multiple-yaml.test_counter_collection_multiple_yaml
    Test #564: tests.integration.validate.rocprofv3-test-counter-collection-multiple-yaml.test_counter_collection_multiple_yaml .............   Passed    0.33 sec
      Start 564: tests.integration.validate.rocprofv3-test-counter-collection-multiple-yaml.test_counter_collection_multiple_yaml
    Test #564: tests.integration.validate.rocprofv3-test-counter-collection-multiple-yaml.test_counter_collection_multiple_yaml .............   Passed    0.33 sec
      Start 564: tests.integration.validate.rocprofv3-test-counter-collection-multiple-yaml.test_counter_collection_multiple_yaml
    Test #564: tests.integration.validate.rocprofv3-test-counter-collection-multiple-yaml.test_counter_collection_multiple_yaml .............   Passed    0.34 sec
      Start 564: tests.integration.validate.rocprofv3-test-counter-collection-multiple-yaml.test_counter_collection_multiple_yaml
    Test #564: tests.integration.validate.rocprofv3-test-counter-collection-multiple-yaml.test_counter_collection_multiple_yaml .............   Passed    0.33 sec
      Start 564: tests.integration.validate.rocprofv3-test-counter-collection-multiple-yaml.test_counter_collection_multiple_yaml
    Test #564: tests.integration.validate.rocprofv3-test-counter-collection-multiple-yaml.test_counter_collection_multiple_yaml .............   Passed    0.33 sec
      Start 564: tests.integration.validate.rocprofv3-test-counter-collection-multiple-yaml.test_counter_collection_multiple_yaml
    Test #564: tests.integration.validate.rocprofv3-test-counter-collection-multiple-yaml.test_counter_collection_multiple_yaml .............   Passed    0.33 sec
      Start 564: tests.integration.validate.rocprofv3-test-counter-collection-multiple-yaml.test_counter_collection_multiple_yaml
    Test #564: tests.integration.validate.rocprofv3-test-counter-collection-multiple-yaml.test_counter_collection_multiple_yaml .............   Passed    0.33 sec
      Start 564: tests.integration.validate.rocprofv3-test-counter-collection-multiple-yaml.test_counter_collection_multiple_yaml
    Test #564: tests.integration.validate.rocprofv3-test-counter-collection-multiple-yaml.test_counter_collection_multiple_yaml .............   Passed    0.34 sec
      Start 564: tests.integration.validate.rocprofv3-test-counter-collection-multiple-yaml.test_counter_collection_multiple_yaml
    Test #564: tests.integration.validate.rocprofv3-test-counter-collection-multiple-yaml.test_counter_collection_multiple_yaml .............   Passed    0.33 sec
      Start 564: tests.integration.validate.rocprofv3-test-counter-collection-multiple-yaml.test_counter_collection_multiple_yaml
    Test #564: tests.integration.validate.rocprofv3-test-counter-collection-multiple-yaml.test_counter_collection_multiple_yaml .............   Passed    0.34 sec
      Start 564: tests.integration.validate.rocprofv3-test-counter-collection-multiple-yaml.test_counter_collection_multiple_yaml
    Test #564: tests.integration.validate.rocprofv3-test-counter-collection-multiple-yaml.test_counter_collection_multiple_yaml .............   Passed    0.34 sec
      Start 564: tests.integration.validate.rocprofv3-test-counter-collection-multiple-yaml.test_counter_collection_multiple_yaml
    Test #564: tests.integration.validate.rocprofv3-test-counter-collection-multiple-yaml.test_counter_collection_multiple_yaml .............   Passed    0.34 sec
      Start 564: tests.integration.validate.rocprofv3-test-counter-collection-multiple-yaml.test_counter_collection_multiple_yaml
    Test #564: tests.integration.validate.rocprofv3-test-counter-collection-multiple-yaml.test_counter_collection_multiple_yaml .............   Passed    0.33 sec
      Start 564: tests.integration.validate.rocprofv3-test-counter-collection-multiple-yaml.test_counter_collection_multiple_yaml
    Test #564: tests.integration.validate.rocprofv3-test-counter-collection-multiple-yaml.test_counter_collection_multiple_yaml .............   Passed    0.33 sec
      Start 564: tests.integration.validate.rocprofv3-test-counter-collection-multiple-yaml.test_counter_collection_multiple_yaml
    Test #564: tests.integration.validate.rocprofv3-test-counter-collection-multiple-yaml.test_counter_collection_multiple_yaml .............   Passed    0.34 sec
      Start 564: tests.integration.validate.rocprofv3-test-counter-collection-multiple-yaml.test_counter_collection_multiple_yaml
    Test #564: tests.integration.validate.rocprofv3-test-counter-collection-multiple-yaml.test_counter_collection_multiple_yaml .............   Passed    0.33 sec
      Start 564: tests.integration.validate.rocprofv3-test-counter-collection-multiple-yaml.test_counter_collection_multiple_yaml
    Test #564: tests.integration.validate.rocprofv3-test-counter-collection-multiple-yaml.test_counter_collection_multiple_yaml .............   Passed    0.34 sec
      Start 564: tests.integration.validate.rocprofv3-test-counter-collection-multiple-yaml.test_counter_collection_multiple_yaml
    Test #564: tests.integration.validate.rocprofv3-test-counter-collection-multiple-yaml.test_counter_collection_multiple_yaml .............   Passed    0.33 sec
      Start 564: tests.integration.validate.rocprofv3-test-counter-collection-multiple-yaml.test_counter_collection_multiple_yaml
    Test #564: tests.integration.validate.rocprofv3-test-counter-collection-multiple-yaml.test_counter_collection_multiple_yaml .............   Passed    0.34 sec
      Start 564: tests.integration.validate.rocprofv3-test-counter-collection-multiple-yaml.test_counter_collection_multiple_yaml
    Test #564: tests.integration.validate.rocprofv3-test-counter-collection-multiple-yaml.test_counter_collection_multiple_yaml .............   Passed    0.34 sec
      Start 564: tests.integration.validate.rocprofv3-test-counter-collection-multiple-yaml.test_counter_collection_multiple_yaml
    Test #564: tests.integration.validate.rocprofv3-test-counter-collection-multiple-yaml.test_counter_collection_multiple_yaml .............   Passed    0.33 sec
      Start 564: tests.integration.validate.rocprofv3-test-counter-collection-multiple-yaml.test_counter_collection_multiple_yaml
    Test #564: tests.integration.validate.rocprofv3-test-counter-collection-multiple-yaml.test_counter_collection_multiple_yaml .............   Passed    0.34 sec
      Start 564: tests.integration.validate.rocprofv3-test-counter-collection-multiple-yaml.test_counter_collection_multiple_yaml
    Test #564: tests.integration.validate.rocprofv3-test-counter-collection-multiple-yaml.test_counter_collection_multiple_yaml .............   Passed    0.34 sec
      Start 564: tests.integration.validate.rocprofv3-test-counter-collection-multiple-yaml.test_counter_collection_multiple_yaml
    Test #564: tests.integration.validate.rocprofv3-test-counter-collection-multiple-yaml.test_counter_collection_multiple_yaml .............   Passed    0.34 sec
      Start 564: tests.integration.validate.rocprofv3-test-counter-collection-multiple-yaml.test_counter_collection_multiple_yaml
    Test #564: tests.integration.validate.rocprofv3-test-counter-collection-multiple-yaml.test_counter_collection_multiple_yaml .............   Passed    0.34 sec
      Start 564: tests.integration.validate.rocprofv3-test-counter-collection-multiple-yaml.test_counter_collection_multiple_yaml
    Test #564: tests.integration.validate.rocprofv3-test-counter-collection-multiple-yaml.test_counter_collection_multiple_yaml .............   Passed    0.33 sec
      Start 564: tests.integration.validate.rocprofv3-test-counter-collection-multiple-yaml.test_counter_collection_multiple_yaml
    Test #564: tests.integration.validate.rocprofv3-test-counter-collection-multiple-yaml.test_counter_collection_multiple_yaml .............   Passed    0.34 sec
      Start 564: tests.integration.validate.rocprofv3-test-counter-collection-multiple-yaml.test_counter_collection_multiple_yaml
    Test #564: tests.integration.validate.rocprofv3-test-counter-collection-multiple-yaml.test_counter_collection_multiple_yaml .............   Passed    0.34 sec
      Start 564: tests.integration.validate.rocprofv3-test-counter-collection-multiple-yaml.test_counter_collection_multiple_yaml
    Test #564: tests.integration.validate.rocprofv3-test-counter-collection-multiple-yaml.test_counter_collection_multiple_yaml .............   Passed    0.34 sec
      Start 564: tests.integration.validate.rocprofv3-test-counter-collection-multiple-yaml.test_counter_collection_multiple_yaml
    Test #564: tests.integration.validate.rocprofv3-test-counter-collection-multiple-yaml.test_counter_collection_multiple_yaml .............   Passed    0.34 sec
      Start 564: tests.integration.validate.rocprofv3-test-counter-collection-multiple-yaml.test_counter_collection_multiple_yaml
    Test #564: tests.integration.validate.rocprofv3-test-counter-collection-multiple-yaml.test_counter_collection_multiple_yaml .............   Passed    0.34 sec
      Start 564: tests.integration.validate.rocprofv3-test-counter-collection-multiple-yaml.test_counter_collection_multiple_yaml
    Test #564: tests.integration.validate.rocprofv3-test-counter-collection-multiple-yaml.test_counter_collection_multiple_yaml .............   Passed    0.34 sec
      Start 564: tests.integration.validate.rocprofv3-test-counter-collection-multiple-yaml.test_counter_collection_multiple_yaml
    Test #564: tests.integration.validate.rocprofv3-test-counter-collection-multiple-yaml.test_counter_collection_multiple_yaml .............   Passed    0.34 sec
      Start 564: tests.integration.validate.rocprofv3-test-counter-collection-multiple-yaml.test_counter_collection_multiple_yaml
    Test #564: tests.integration.validate.rocprofv3-test-counter-collection-multiple-yaml.test_counter_collection_multiple_yaml .............   Passed    0.34 sec
      Start 564: tests.integration.validate.rocprofv3-test-counter-collection-multiple-yaml.test_counter_collection_multiple_yaml
    Test #564: tests.integration.validate.rocprofv3-test-counter-collection-multiple-yaml.test_counter_collection_multiple_yaml .............   Passed    0.34 sec
      Start 564: tests.integration.validate.rocprofv3-test-counter-collection-multiple-yaml.test_counter_collection_multiple_yaml
    Test #564: tests.integration.validate.rocprofv3-test-counter-collection-multiple-yaml.test_counter_collection_multiple_yaml .............   Passed    0.34 sec
      Start 564: tests.integration.validate.rocprofv3-test-counter-collection-multiple-yaml.test_counter_collection_multiple_yaml
    Test #564: tests.integration.validate.rocprofv3-test-counter-collection-multiple-yaml.test_counter_collection_multiple_yaml .............   Passed    0.34 sec
      Start 564: tests.integration.validate.rocprofv3-test-counter-collection-multiple-yaml.test_counter_collection_multiple_yaml
    Test #564: tests.integration.validate.rocprofv3-test-counter-collection-multiple-yaml.test_counter_collection_multiple_yaml .............   Passed    0.34 sec
      Start 564: tests.integration.validate.rocprofv3-test-counter-collection-multiple-yaml.test_counter_collection_multiple_yaml
    Test #564: tests.integration.validate.rocprofv3-test-counter-collection-multiple-yaml.test_counter_collection_multiple_yaml .............   Passed    0.34 sec
      Start 564: tests.integration.validate.rocprofv3-test-counter-collection-multiple-yaml.test_counter_collection_multiple_yaml
    Test #564: tests.integration.validate.rocprofv3-test-counter-collection-multiple-yaml.test_counter_collection_multiple_yaml .............   Passed    0.34 sec
      Start 564: tests.integration.validate.rocprofv3-test-counter-collection-multiple-yaml.test_counter_collection_multiple_yaml
    Test #564: tests.integration.validate.rocprofv3-test-counter-collection-multiple-yaml.test_counter_collection_multiple_yaml .............   Passed    0.34 sec
      Start 564: tests.integration.validate.rocprofv3-test-counter-collection-multiple-yaml.test_counter_collection_multiple_yaml
    Test #564: tests.integration.validate.rocprofv3-test-counter-collection-multiple-yaml.test_counter_collection_multiple_yaml .............   Passed    0.34 sec
      Start 564: tests.integration.validate.rocprofv3-test-counter-collection-multiple-yaml.test_counter_collection_multiple_yaml
    Test #564: tests.integration.validate.rocprofv3-test-counter-collection-multiple-yaml.test_counter_collection_multiple_yaml .............   Passed    0.34 sec
      Start 564: tests.integration.validate.rocprofv3-test-counter-collection-multiple-yaml.test_counter_collection_multiple_yaml
    Test #564: tests.integration.validate.rocprofv3-test-counter-collection-multiple-yaml.test_counter_collection_multiple_yaml .............   Passed    0.34 sec
      Start 564: tests.integration.validate.rocprofv3-test-counter-collection-multiple-yaml.test_counter_collection_multiple_yaml
    Test #564: tests.integration.validate.rocprofv3-test-counter-collection-multiple-yaml.test_counter_collection_multiple_yaml .............   Passed    0.34 sec
      Start 564: tests.integration.validate.rocprofv3-test-counter-collection-multiple-yaml.test_counter_collection_multiple_yaml
    Test #564: tests.integration.validate.rocprofv3-test-counter-collection-multiple-yaml.test_counter_collection_multiple_yaml .............   Passed    0.34 sec
      Start 564: tests.integration.validate.rocprofv3-test-counter-collection-multiple-yaml.test_counter_collection_multiple_yaml
    Test #564: tests.integration.validate.rocprofv3-test-counter-collection-multiple-yaml.test_counter_collection_multiple_yaml .............   Passed    0.34 sec
      Start 564: tests.integration.validate.rocprofv3-test-counter-collection-multiple-yaml.test_counter_collection_multiple_yaml
    Test #564: tests.integration.validate.rocprofv3-test-counter-collection-multiple-yaml.test_counter_collection_multiple_yaml .............   Passed    0.34 sec
      Start 564: tests.integration.validate.rocprofv3-test-counter-collection-multiple-yaml.test_counter_collection_multiple_yaml
    Test #564: tests.integration.validate.rocprofv3-test-counter-collection-multiple-yaml.test_counter_collection_multiple_yaml .............   Passed    0.34 sec
      Start 564: tests.integration.validate.rocprofv3-test-counter-collection-multiple-yaml.test_counter_collection_multiple_yaml
    Test #564: tests.integration.validate.rocprofv3-test-counter-collection-multiple-yaml.test_counter_collection_multiple_yaml .............   Passed    0.34 sec
      Start 564: tests.integration.validate.rocprofv3-test-counter-collection-multiple-yaml.test_counter_collection_multiple_yaml
    Test #564: tests.integration.validate.rocprofv3-test-counter-collection-multiple-yaml.test_counter_collection_multiple_yaml .............   Passed    0.34 sec
      Start 564: tests.integration.validate.rocprofv3-test-counter-collection-multiple-yaml.test_counter_collection_multiple_yaml
    Test #564: tests.integration.validate.rocprofv3-test-counter-collection-multiple-yaml.test_counter_collection_multiple_yaml .............   Passed    0.34 sec
      Start 564: tests.integration.validate.rocprofv3-test-counter-collection-multiple-yaml.test_counter_collection_multiple_yaml
    Test #564: tests.integration.validate.rocprofv3-test-counter-collection-multiple-yaml.test_counter_collection_multiple_yaml .............   Passed    0.34 sec
      Start 564: tests.integration.validate.rocprofv3-test-counter-collection-multiple-yaml.test_counter_collection_multiple_yaml
    Test #564: tests.integration.validate.rocprofv3-test-counter-collection-multiple-yaml.test_counter_collection_multiple_yaml .............   Passed    0.34 sec
      Start 564: tests.integration.validate.rocprofv3-test-counter-collection-multiple-yaml.test_counter_collection_multiple_yaml
    Test #564: tests.integration.validate.rocprofv3-test-counter-collection-multiple-yaml.test_counter_collection_multiple_yaml .............   Passed    0.34 sec
      Start 564: tests.integration.validate.rocprofv3-test-counter-collection-multiple-yaml.test_counter_collection_multiple_yaml
    Test #564: tests.integration.validate.rocprofv3-test-counter-collection-multiple-yaml.test_counter_collection_multiple_yaml .............   Passed    0.34 sec
      Start 564: tests.integration.validate.rocprofv3-test-counter-collection-multiple-yaml.test_counter_collection_multiple_yaml
    Test #564: tests.integration.validate.rocprofv3-test-counter-collection-multiple-yaml.test_counter_collection_multiple_yaml .............   Passed    0.34 sec
      Start 564: tests.integration.validate.rocprofv3-test-counter-collection-multiple-yaml.test_counter_collection_multiple_yaml
    Test #564: tests.integration.validate.rocprofv3-test-counter-collection-multiple-yaml.test_counter_collection_multiple_yaml .............   Passed    0.34 sec
      Start 564: tests.integration.validate.rocprofv3-test-counter-collection-multiple-yaml.test_counter_collection_multiple_yaml
    Test #564: tests.integration.validate.rocprofv3-test-counter-collection-multiple-yaml.test_counter_collection_multiple_yaml .............   Passed    0.34 sec
      Start 564: tests.integration.validate.rocprofv3-test-counter-collection-multiple-yaml.test_counter_collection_multiple_yaml
    Test #564: tests.integration.validate.rocprofv3-test-counter-collection-multiple-yaml.test_counter_collection_multiple_yaml .............   Passed    0.34 sec
      Start 564: tests.integration.validate.rocprofv3-test-counter-collection-multiple-yaml.test_counter_collection_multiple_yaml
    Test #564: tests.integration.validate.rocprofv3-test-counter-collection-multiple-yaml.test_counter_collection_multiple_yaml .............   Passed    0.34 sec
      Start 564: tests.integration.validate.rocprofv3-test-counter-collection-multiple-yaml.test_counter_collection_multiple_yaml
    Test #564: tests.integration.validate.rocprofv3-test-counter-collection-multiple-yaml.test_counter_collection_multiple_yaml .............   Passed    0.34 sec
      Start 564: tests.integration.validate.rocprofv3-test-counter-collection-multiple-yaml.test_counter_collection_multiple_yaml
    Test #564: tests.integration.validate.rocprofv3-test-counter-collection-multiple-yaml.test_counter_collection_multiple_yaml .............   Passed    0.34 sec
      Start 564: tests.integration.validate.rocprofv3-test-counter-collection-multiple-yaml.test_counter_collection_multiple_yaml
    Test #564: tests.integration.validate.rocprofv3-test-counter-collection-multiple-yaml.test_counter_collection_multiple_yaml .............   Passed    0.34 sec
      Start 564: tests.integration.validate.rocprofv3-test-counter-collection-multiple-yaml.test_counter_collection_multiple_yaml
    Test #564: tests.integration.validate.rocprofv3-test-counter-collection-multiple-yaml.test_counter_collection_multiple_yaml .............   Passed    0.34 sec
      Start 564: tests.integration.validate.rocprofv3-test-counter-collection-multiple-yaml.test_counter_collection_multiple_yaml
    Test #564: tests.integration.validate.rocprofv3-test-counter-collection-multiple-yaml.test_counter_collection_multiple_yaml .............   Passed    0.34 sec
      Start 564: tests.integration.validate.rocprofv3-test-counter-collection-multiple-yaml.test_counter_collection_multiple_yaml
    Test #564: tests.integration.validate.rocprofv3-test-counter-collection-multiple-yaml.test_counter_collection_multiple_yaml .............   Passed    0.34 sec
      Start 564: tests.integration.validate.rocprofv3-test-counter-collection-multiple-yaml.test_counter_collection_multiple_yaml
    Test #564: tests.integration.validate.rocprofv3-test-counter-collection-multiple-yaml.test_counter_collection_multiple_yaml .............   Passed    0.34 sec
      Start 564: tests.integration.validate.rocprofv3-test-counter-collection-multiple-yaml.test_counter_collection_multiple_yaml
    Test #564: tests.integration.validate.rocprofv3-test-counter-collection-multiple-yaml.test_counter_collection_multiple_yaml .............   Passed    0.34 sec
      Start 564: tests.integration.validate.rocprofv3-test-counter-collection-multiple-yaml.test_counter_collection_multiple_yaml
    Test #564: tests.integration.validate.rocprofv3-test-counter-collection-multiple-yaml.test_counter_collection_multiple_yaml .............   Passed    0.34 sec
      Start 564: tests.integration.validate.rocprofv3-test-counter-collection-multiple-yaml.test_counter_collection_multiple_yaml
    Test #564: tests.integration.validate.rocprofv3-test-counter-collection-multiple-yaml.test_counter_collection_multiple_yaml .............   Passed    0.34 sec
      Start 564: tests.integration.validate.rocprofv3-test-counter-collection-multiple-yaml.test_counter_collection_multiple_yaml
    Test #564: tests.integration.validate.rocprofv3-test-counter-collection-multiple-yaml.test_counter_collection_multiple_yaml .............   Passed    0.34 sec
      Start 564: tests.integration.validate.rocprofv3-test-counter-collection-multiple-yaml.test_counter_collection_multiple_yaml
    Test #564: tests.integration.validate.rocprofv3-test-counter-collection-multiple-yaml.test_counter_collection_multiple_yaml .............   Passed    0.34 sec
      Start 564: tests.integration.validate.rocprofv3-test-counter-collection-multiple-yaml.test_counter_collection_multiple_yaml
    Test #564: tests.integration.validate.rocprofv3-test-counter-collection-multiple-yaml.test_counter_collection_multiple_yaml .............   Passed    0.34 sec
      Start 564: tests.integration.validate.rocprofv3-test-counter-collection-multiple-yaml.test_counter_collection_multiple_yaml
    Test #564: tests.integration.validate.rocprofv3-test-counter-collection-multiple-yaml.test_counter_collection_multiple_yaml .............   Passed    0.34 sec
      Start 564: tests.integration.validate.rocprofv3-test-counter-collection-multiple-yaml.test_counter_collection_multiple_yaml
    Test #564: tests.integration.validate.rocprofv3-test-counter-collection-multiple-yaml.test_counter_collection_multiple_yaml .............   Passed    0.34 sec
      Start 564: tests.integration.validate.rocprofv3-test-counter-collection-multiple-yaml.test_counter_collection_multiple_yaml
    Test #564: tests.integration.validate.rocprofv3-test-counter-collection-multiple-yaml.test_counter_collection_multiple_yaml .............   Passed    0.34 sec
      Start 564: tests.integration.validate.rocprofv3-test-counter-collection-multiple-yaml.test_counter_collection_multiple_yaml
    Test #564: tests.integration.validate.rocprofv3-test-counter-collection-multiple-yaml.test_counter_collection_multiple_yaml .............   Passed    0.34 sec
      Start 564: tests.integration.validate.rocprofv3-test-counter-collection-multiple-yaml.test_counter_collection_multiple_yaml
    Test #564: tests.integration.validate.rocprofv3-test-counter-collection-multiple-yaml.test_counter_collection_multiple_yaml .............   Passed    0.34 sec
      Start 564: tests.integration.validate.rocprofv3-test-counter-collection-multiple-yaml.test_counter_collection_multiple_yaml
    Test #564: tests.integration.validate.rocprofv3-test-counter-collection-multiple-yaml.test_counter_collection_multiple_yaml .............   Passed    0.34 sec
      Start 564: tests.integration.validate.rocprofv3-test-counter-collection-multiple-yaml.test_counter_collection_multiple_yaml
    Test #564: tests.integration.validate.rocprofv3-test-counter-collection-multiple-yaml.test_counter_collection_multiple_yaml .............   Passed    0.34 sec
      Start 564: tests.integration.validate.rocprofv3-test-counter-collection-multiple-yaml.test_counter_collection_multiple_yaml
    Test #564: tests.integration.validate.rocprofv3-test-counter-collection-multiple-yaml.test_counter_collection_multiple_yaml .............   Passed    0.34 sec
      Start 564: tests.integration.validate.rocprofv3-test-counter-collection-multiple-yaml.test_counter_collection_multiple_yaml
    Test #564: tests.integration.validate.rocprofv3-test-counter-collection-multiple-yaml.test_counter_collection_multiple_yaml .............   Passed    0.34 sec
      Start 564: tests.integration.validate.rocprofv3-test-counter-collection-multiple-yaml.test_counter_collection_multiple_yaml
    Test #564: tests.integration.validate.rocprofv3-test-counter-collection-multiple-yaml.test_counter_collection_multiple_yaml .............   Passed    0.34 sec
      Start 564: tests.integration.validate.rocprofv3-test-counter-collection-multiple-yaml.test_counter_collection_multiple_yaml
    Test #564: tests.integration.validate.rocprofv3-test-counter-collection-multiple-yaml.test_counter_collection_multiple_yaml .............   Passed    0.34 sec
      Start 564: tests.integration.validate.rocprofv3-test-counter-collection-multiple-yaml.test_counter_collection_multiple_yaml
    Test #564: tests.integration.validate.rocprofv3-test-counter-collection-multiple-yaml.test_counter_collection_multiple_yaml .............   Passed    0.34 sec
      Start 564: tests.integration.validate.rocprofv3-test-counter-collection-multiple-yaml.test_counter_collection_multiple_yaml
    Test #564: tests.integration.validate.rocprofv3-test-counter-collection-multiple-yaml.test_counter_collection_multiple_yaml .............   Passed    0.34 sec
      Start 564: tests.integration.validate.rocprofv3-test-counter-collection-multiple-yaml.test_counter_collection_multiple_yaml
    Test #564: tests.integration.validate.rocprofv3-test-counter-collection-multiple-yaml.test_counter_collection_multiple_yaml .............   Passed    0.34 sec
      Start 564: tests.integration.validate.rocprofv3-test-counter-collection-multiple-yaml.test_counter_collection_multiple_yaml
    Test #564: tests.integration.validate.rocprofv3-test-counter-collection-multiple-yaml.test_counter_collection_multiple_yaml .............   Passed    0.34 sec
      Start 564: tests.integration.validate.rocprofv3-test-counter-collection-multiple-yaml.test_counter_collection_multiple_yaml
    Test #564: tests.integration.validate.rocprofv3-test-counter-collection-multiple-yaml.test_counter_collection_multiple_yaml .............   Passed    0.34 sec
      Start 564: tests.integration.validate.rocprofv3-test-counter-collection-multiple-yaml.test_counter_collection_multiple_yaml
    Test #564: tests.integration.validate.rocprofv3-test-counter-collection-multiple-yaml.test_counter_collection_multiple_yaml .............   Passed    0.34 sec
      Start 564: tests.integration.validate.rocprofv3-test-counter-collection-multiple-yaml.test_counter_collection_multiple_yaml
    Test #564: tests.integration.validate.rocprofv3-test-counter-collection-multiple-yaml.test_counter_collection_multiple_yaml .............   Passed    0.34 sec
      Start 564: tests.integration.validate.rocprofv3-test-counter-collection-multiple-yaml.test_counter_collection_multiple_yaml
    Test #564: tests.integration.validate.rocprofv3-test-counter-collection-multiple-yaml.test_counter_collection_multiple_yaml .............   Passed    0.34 sec
      Start 564: tests.integration.validate.rocprofv3-test-counter-collection-multiple-yaml.test_counter_collection_multiple_yaml
    Test #564: tests.integration.validate.rocprofv3-test-counter-collection-multiple-yaml.test_counter_collection_multiple_yaml .............   Passed    0.34 sec
      Start 564: tests.integration.validate.rocprofv3-test-counter-collection-multiple-yaml.test_counter_collection_multiple_yaml
    Test #564: tests.integration.validate.rocprofv3-test-counter-collection-multiple-yaml.test_counter_collection_multiple_yaml .............   Passed    0.34 sec
      Start 564: tests.integration.validate.rocprofv3-test-counter-collection-multiple-yaml.test_counter_collection_multiple_yaml
    Test #564: tests.integration.validate.rocprofv3-test-counter-collection-multiple-yaml.test_counter_collection_multiple_yaml .............   Passed    0.35 sec
      Start 564: tests.integration.validate.rocprofv3-test-counter-collection-multiple-yaml.test_counter_collection_multiple_yaml
    Test #564: tests.integration.validate.rocprofv3-test-counter-collection-multiple-yaml.test_counter_collection_multiple_yaml .............   Passed    0.34 sec
      Start 564: tests.integration.validate.rocprofv3-test-counter-collection-multiple-yaml.test_counter_collection_multiple_yaml
    Test #564: tests.integration.validate.rocprofv3-test-counter-collection-multiple-yaml.test_counter_collection_multiple_yaml .............   Passed    0.34 sec
      Start 564: tests.integration.validate.rocprofv3-test-counter-collection-multiple-yaml.test_counter_collection_multiple_yaml
    Test #564: tests.integration.validate.rocprofv3-test-counter-collection-multiple-yaml.test_counter_collection_multiple_yaml .............   Passed    0.34 sec
      Start 564: tests.integration.validate.rocprofv3-test-counter-collection-multiple-yaml.test_counter_collection_multiple_yaml
    Test #564: tests.integration.validate.rocprofv3-test-counter-collection-multiple-yaml.test_counter_collection_multiple_yaml .............   Passed    0.34 sec
      Start 564: tests.integration.validate.rocprofv3-test-counter-collection-multiple-yaml.test_counter_collection_multiple_yaml
    Test #564: tests.integration.validate.rocprofv3-test-counter-collection-multiple-yaml.test_counter_collection_multiple_yaml .............   Passed    0.34 sec
      Start 564: tests.integration.validate.rocprofv3-test-counter-collection-multiple-yaml.test_counter_collection_multiple_yaml
    Test #564: tests.integration.validate.rocprofv3-test-counter-collection-multiple-yaml.test_counter_collection_multiple_yaml .............   Passed    0.34 sec
      Start 564: tests.integration.validate.rocprofv3-test-counter-collection-multiple-yaml.test_counter_collection_multiple_yaml
    Test #564: tests.integration.validate.rocprofv3-test-counter-collection-multiple-yaml.test_counter_collection_multiple_yaml .............   Passed    0.34 sec
      Start 564: tests.integration.validate.rocprofv3-test-counter-collection-multiple-yaml.test_counter_collection_multiple_yaml
    Test #564: tests.integration.validate.rocprofv3-test-counter-collection-multiple-yaml.test_counter_collection_multiple_yaml .............   Passed    0.34 sec
      Start 564: tests.integration.validate.rocprofv3-test-counter-collection-multiple-yaml.test_counter_collection_multiple_yaml
    Test #564: tests.integration.validate.rocprofv3-test-counter-collection-multiple-yaml.test_counter_collection_multiple_yaml .............   Passed    0.34 sec
      Start 564: tests.integration.validate.rocprofv3-test-counter-collection-multiple-yaml.test_counter_collection_multiple_yaml
    Test #564: tests.integration.validate.rocprofv3-test-counter-collection-multiple-yaml.test_counter_collection_multiple_yaml .............   Passed    0.34 sec
      Start 564: tests.integration.validate.rocprofv3-test-counter-collection-multiple-yaml.test_counter_collection_multiple_yaml
    Test #564: tests.integration.validate.rocprofv3-test-counter-collection-multiple-yaml.test_counter_collection_multiple_yaml .............   Passed    0.34 sec
      Start 564: tests.integration.validate.rocprofv3-test-counter-collection-multiple-yaml.test_counter_collection_multiple_yaml
    Test #564: tests.integration.validate.rocprofv3-test-counter-collection-multiple-yaml.test_counter_collection_multiple_yaml .............   Passed    0.34 sec
      Start 564: tests.integration.validate.rocprofv3-test-counter-collection-multiple-yaml.test_counter_collection_multiple_yaml
    Test #564: tests.integration.validate.rocprofv3-test-counter-collection-multiple-yaml.test_counter_collection_multiple_yaml .............   Passed    0.34 sec
      Start 564: tests.integration.validate.rocprofv3-test-counter-collection-multiple-yaml.test_counter_collection_multiple_yaml
    Test #564: tests.integration.validate.rocprofv3-test-counter-collection-multiple-yaml.test_counter_collection_multiple_yaml .............   Passed    0.34 sec
      Start 564: tests.integration.validate.rocprofv3-test-counter-collection-multiple-yaml.test_counter_collection_multiple_yaml
    Test #564: tests.integration.validate.rocprofv3-test-counter-collection-multiple-yaml.test_counter_collection_multiple_yaml .............   Passed    0.34 sec
      Start 564: tests.integration.validate.rocprofv3-test-counter-collection-multiple-yaml.test_counter_collection_multiple_yaml
    Test #564: tests.integration.validate.rocprofv3-test-counter-collection-multiple-yaml.test_counter_collection_multiple_yaml .............   Passed    0.34 sec
      Start 564: tests.integration.validate.rocprofv3-test-counter-collection-multiple-yaml.test_counter_collection_multiple_yaml
    Test #564: tests.integration.validate.rocprofv3-test-counter-collection-multiple-yaml.test_counter_collection_multiple_yaml .............   Passed    0.34 sec
      Start 564: tests.integration.validate.rocprofv3-test-counter-collection-multiple-yaml.test_counter_collection_multiple_yaml
    Test #564: tests.integration.validate.rocprofv3-test-counter-collection-multiple-yaml.test_counter_collection_multiple_yaml .............   Passed    0.34 sec
      Start 564: tests.integration.validate.rocprofv3-test-counter-collection-multiple-yaml.test_counter_collection_multiple_yaml
    Test #564: tests.integration.validate.rocprofv3-test-counter-collection-multiple-yaml.test_counter_collection_multiple_yaml .............   Passed    0.34 sec
      Start 564: tests.integration.validate.rocprofv3-test-counter-collection-multiple-yaml.test_counter_collection_multiple_yaml
    Test #564: tests.integration.validate.rocprofv3-test-counter-collection-multiple-yaml.test_counter_collection_multiple_yaml .............   Passed    0.34 sec
      Start 564: tests.integration.validate.rocprofv3-test-counter-collection-multiple-yaml.test_counter_collection_multiple_yaml
    Test #564: tests.integration.validate.rocprofv3-test-counter-collection-multiple-yaml.test_counter_collection_multiple_yaml .............   Passed    0.34 sec
      Start 564: tests.integration.validate.rocprofv3-test-counter-collection-multiple-yaml.test_counter_collection_multiple_yaml
    Test #564: tests.integration.validate.rocprofv3-test-counter-collection-multiple-yaml.test_counter_collection_multiple_yaml .............   Passed    0.34 sec
      Start 564: tests.integration.validate.rocprofv3-test-counter-collection-multiple-yaml.test_counter_collection_multiple_yaml
    Test #564: tests.integration.validate.rocprofv3-test-counter-collection-multiple-yaml.test_counter_collection_multiple_yaml .............   Passed    0.34 sec
      Start 564: tests.integration.validate.rocprofv3-test-counter-collection-multiple-yaml.test_counter_collection_multiple_yaml
    Test #564: tests.integration.validate.rocprofv3-test-counter-collection-multiple-yaml.test_counter_collection_multiple_yaml .............   Passed    0.34 sec
      Start 564: tests.integration.validate.rocprofv3-test-counter-collection-multiple-yaml.test_counter_collection_multiple_yaml
    Test #564: tests.integration.validate.rocprofv3-test-counter-collection-multiple-yaml.test_counter_collection_multiple_yaml .............   Passed    0.34 sec
      Start 564: tests.integration.validate.rocprofv3-test-counter-collection-multiple-yaml.test_counter_collection_multiple_yaml
    Test #564: tests.integration.validate.rocprofv3-test-counter-collection-multiple-yaml.test_counter_collection_multiple_yaml .............   Passed    0.34 sec
      Start 564: tests.integration.validate.rocprofv3-test-counter-collection-multiple-yaml.test_counter_collection_multiple_yaml
    Test #564: tests.integration.validate.rocprofv3-test-counter-collection-multiple-yaml.test_counter_collection_multiple_yaml .............   Passed    0.34 sec
      Start 564: tests.integration.validate.rocprofv3-test-counter-collection-multiple-yaml.test_counter_collection_multiple_yaml
    Test #564: tests.integration.validate.rocprofv3-test-counter-collection-multiple-yaml.test_counter_collection_multiple_yaml .............   Passed    0.34 sec
      Start 564: tests.integration.validate.rocprofv3-test-counter-collection-multiple-yaml.test_counter_collection_multiple_yaml
    Test #564: tests.integration.validate.rocprofv3-test-counter-collection-multiple-yaml.test_counter_collection_multiple_yaml .............   Passed    0.34 sec
      Start 564: tests.integration.validate.rocprofv3-test-counter-collection-multiple-yaml.test_counter_collection_multiple_yaml
    Test #564: tests.integration.validate.rocprofv3-test-counter-collection-multiple-yaml.test_counter_collection_multiple_yaml .............   Passed    0.34 sec
      Start 564: tests.integration.validate.rocprofv3-test-counter-collection-multiple-yaml.test_counter_collection_multiple_yaml
    Test #564: tests.integration.validate.rocprofv3-test-counter-collection-multiple-yaml.test_counter_collection_multiple_yaml .............   Passed    0.34 sec
      Start 564: tests.integration.validate.rocprofv3-test-counter-collection-multiple-yaml.test_counter_collection_multiple_yaml
    Test #564: tests.integration.validate.rocprofv3-test-counter-collection-multiple-yaml.test_counter_collection_multiple_yaml .............   Passed    0.34 sec
      Start 564: tests.integration.validate.rocprofv3-test-counter-collection-multiple-yaml.test_counter_collection_multiple_yaml
    Test #564: tests.integration.validate.rocprofv3-test-counter-collection-multiple-yaml.test_counter_collection_multiple_yaml .............   Passed    0.34 sec
      Start 564: tests.integration.validate.rocprofv3-test-counter-collection-multiple-yaml.test_counter_collection_multiple_yaml
    Test #564: tests.integration.validate.rocprofv3-test-counter-collection-multiple-yaml.test_counter_collection_multiple_yaml .............   Passed    0.34 sec
      Start 564: tests.integration.validate.rocprofv3-test-counter-collection-multiple-yaml.test_counter_collection_multiple_yaml
    Test #564: tests.integration.validate.rocprofv3-test-counter-collection-multiple-yaml.test_counter_collection_multiple_yaml .............   Passed    0.34 sec
      Start 564: tests.integration.validate.rocprofv3-test-counter-collection-multiple-yaml.test_counter_collection_multiple_yaml
    Test #564: tests.integration.validate.rocprofv3-test-counter-collection-multiple-yaml.test_counter_collection_multiple_yaml .............   Passed    0.34 sec
      Start 564: tests.integration.validate.rocprofv3-test-counter-collection-multiple-yaml.test_counter_collection_multiple_yaml
    Test #564: tests.integration.validate.rocprofv3-test-counter-collection-multiple-yaml.test_counter_collection_multiple_yaml .............   Passed    0.34 sec
      Start 564: tests.integration.validate.rocprofv3-test-counter-collection-multiple-yaml.test_counter_collection_multiple_yaml
    Test #564: tests.integration.validate.rocprofv3-test-counter-collection-multiple-yaml.test_counter_collection_multiple_yaml .............   Passed    0.34 sec
      Start 564: tests.integration.validate.rocprofv3-test-counter-collection-multiple-yaml.test_counter_collection_multiple_yaml
    Test #564: tests.integration.validate.rocprofv3-test-counter-collection-multiple-yaml.test_counter_collection_multiple_yaml .............   Passed    0.33 sec
      Start 564: tests.integration.validate.rocprofv3-test-counter-collection-multiple-yaml.test_counter_collection_multiple_yaml
    Test #564: tests.integration.validate.rocprofv3-test-counter-collection-multiple-yaml.test_counter_collection_multiple_yaml .............   Passed    0.33 sec
      Start 564: tests.integration.validate.rocprofv3-test-counter-collection-multiple-yaml.test_counter_collection_multiple_yaml
    Test #564: tests.integration.validate.rocprofv3-test-counter-collection-multiple-yaml.test_counter_collection_multiple_yaml .............   Passed    0.33 sec
      Start 564: tests.integration.validate.rocprofv3-test-counter-collection-multiple-yaml.test_counter_collection_multiple_yaml
    Test #564: tests.integration.validate.rocprofv3-test-counter-collection-multiple-yaml.test_counter_collection_multiple_yaml .............   Passed    0.33 sec
      Start 564: tests.integration.validate.rocprofv3-test-counter-collection-multiple-yaml.test_counter_collection_multiple_yaml
    Test #564: tests.integration.validate.rocprofv3-test-counter-collection-multiple-yaml.test_counter_collection_multiple_yaml .............   Passed    0.33 sec
      Start 564: tests.integration.validate.rocprofv3-test-counter-collection-multiple-yaml.test_counter_collection_multiple_yaml
    Test #564: tests.integration.validate.rocprofv3-test-counter-collection-multiple-yaml.test_counter_collection_multiple_yaml .............   Passed    0.33 sec
      Start 564: tests.integration.validate.rocprofv3-test-counter-collection-multiple-yaml.test_counter_collection_multiple_yaml
    Test #564: tests.integration.validate.rocprofv3-test-counter-collection-multiple-yaml.test_counter_collection_multiple_yaml .............   Passed    0.33 sec
      Start 564: tests.integration.validate.rocprofv3-test-counter-collection-multiple-yaml.test_counter_collection_multiple_yaml
    Test #564: tests.integration.validate.rocprofv3-test-counter-collection-multiple-yaml.test_counter_collection_multiple_yaml .............   Passed    0.33 sec
      Start 564: tests.integration.validate.rocprofv3-test-counter-collection-multiple-yaml.test_counter_collection_multiple_yaml
    Test #564: tests.integration.validate.rocprofv3-test-counter-collection-multiple-yaml.test_counter_collection_multiple_yaml .............   Passed    0.33 sec
      Start 564: tests.integration.validate.rocprofv3-test-counter-collection-multiple-yaml.test_counter_collection_multiple_yaml
    Test #564: tests.integration.validate.rocprofv3-test-counter-collection-multiple-yaml.test_counter_collection_multiple_yaml .............   Passed    0.33 sec
      Start 564: tests.integration.validate.rocprofv3-test-counter-collection-multiple-yaml.test_counter_collection_multiple_yaml
    Test #564: tests.integration.validate.rocprofv3-test-counter-collection-multiple-yaml.test_counter_collection_multiple_yaml .............   Passed    0.33 sec
      Start 564: tests.integration.validate.rocprofv3-test-counter-collection-multiple-yaml.test_counter_collection_multiple_yaml
    Test #564: tests.integration.validate.rocprofv3-test-counter-collection-multiple-yaml.test_counter_collection_multiple_yaml .............   Passed    0.33 sec
      Start 564: tests.integration.validate.rocprofv3-test-counter-collection-multiple-yaml.test_counter_collection_multiple_yaml
    Test #564: tests.integration.validate.rocprofv3-test-counter-collection-multiple-yaml.test_counter_collection_multiple_yaml .............   Passed    0.33 sec
      Start 564: tests.integration.validate.rocprofv3-test-counter-collection-multiple-yaml.test_counter_collection_multiple_yaml
    Test #564: tests.integration.validate.rocprofv3-test-counter-collection-multiple-yaml.test_counter_collection_multiple_yaml .............   Passed    0.33 sec
      Start 564: tests.integration.validate.rocprofv3-test-counter-collection-multiple-yaml.test_counter_collection_multiple_yaml
    Test #564: tests.integration.validate.rocprofv3-test-counter-collection-multiple-yaml.test_counter_collection_multiple_yaml .............   Passed    0.33 sec
      Start 564: tests.integration.validate.rocprofv3-test-counter-collection-multiple-yaml.test_counter_collection_multiple_yaml
    Test #564: tests.integration.validate.rocprofv3-test-counter-collection-multiple-yaml.test_counter_collection_multiple_yaml .............   Passed    0.33 sec
      Start 564: tests.integration.validate.rocprofv3-test-counter-collection-multiple-yaml.test_counter_collection_multiple_yaml
    Test #564: tests.integration.validate.rocprofv3-test-counter-collection-multiple-yaml.test_counter_collection_multiple_yaml .............   Passed    0.33 sec
      Start 564: tests.integration.validate.rocprofv3-test-counter-collection-multiple-yaml.test_counter_collection_multiple_yaml
    Test #564: tests.integration.validate.rocprofv3-test-counter-collection-multiple-yaml.test_counter_collection_multiple_yaml .............   Passed    0.33 sec
      Start 564: tests.integration.validate.rocprofv3-test-counter-collection-multiple-yaml.test_counter_collection_multiple_yaml
    Test #564: tests.integration.validate.rocprofv3-test-counter-collection-multiple-yaml.test_counter_collection_multiple_yaml .............   Passed    0.34 sec
      Start 564: tests.integration.validate.rocprofv3-test-counter-collection-multiple-yaml.test_counter_collection_multiple_yaml
    Test #564: tests.integration.validate.rocprofv3-test-counter-collection-multiple-yaml.test_counter_collection_multiple_yaml .............   Passed    0.33 sec
      Start 564: tests.integration.validate.rocprofv3-test-counter-collection-multiple-yaml.test_counter_collection_multiple_yaml
    Test #564: tests.integration.validate.rocprofv3-test-counter-collection-multiple-yaml.test_counter_collection_multiple_yaml .............   Passed    0.33 sec
      Start 564: tests.integration.validate.rocprofv3-test-counter-collection-multiple-yaml.test_counter_collection_multiple_yaml
    Test #564: tests.integration.validate.rocprofv3-test-counter-collection-multiple-yaml.test_counter_collection_multiple_yaml .............   Passed    0.34 sec
      Start 564: tests.integration.validate.rocprofv3-test-counter-collection-multiple-yaml.test_counter_collection_multiple_yaml
    Test #564: tests.integration.validate.rocprofv3-test-counter-collection-multiple-yaml.test_counter_collection_multiple_yaml .............   Passed    0.34 sec
      Start 564: tests.integration.validate.rocprofv3-test-counter-collection-multiple-yaml.test_counter_collection_multiple_yaml
    Test #564: tests.integration.validate.rocprofv3-test-counter-collection-multiple-yaml.test_counter_collection_multiple_yaml .............   Passed    0.34 sec
      Start 564: tests.integration.validate.rocprofv3-test-counter-collection-multiple-yaml.test_counter_collection_multiple_yaml
    Test #564: tests.integration.validate.rocprofv3-test-counter-collection-multiple-yaml.test_counter_collection_multiple_yaml .............   Passed    0.34 sec
      Start 564: tests.integration.validate.rocprofv3-test-counter-collection-multiple-yaml.test_counter_collection_multiple_yaml
    Test #564: tests.integration.validate.rocprofv3-test-counter-collection-multiple-yaml.test_counter_collection_multiple_yaml .............   Passed    0.34 sec
      Start 564: tests.integration.validate.rocprofv3-test-counter-collection-multiple-yaml.test_counter_collection_multiple_yaml
    Test #564: tests.integration.validate.rocprofv3-test-counter-collection-multiple-yaml.test_counter_collection_multiple_yaml .............   Passed    0.34 sec
      Start 564: tests.integration.validate.rocprofv3-test-counter-collection-multiple-yaml.test_counter_collection_multiple_yaml
    Test #564: tests.integration.validate.rocprofv3-test-counter-collection-multiple-yaml.test_counter_collection_multiple_yaml .............   Passed    0.34 sec
      Start 564: tests.integration.validate.rocprofv3-test-counter-collection-multiple-yaml.test_counter_collection_multiple_yaml
    Test #564: tests.integration.validate.rocprofv3-test-counter-collection-multiple-yaml.test_counter_collection_multiple_yaml .............   Passed    0.34 sec
      Start 564: tests.integration.validate.rocprofv3-test-counter-collection-multiple-yaml.test_counter_collection_multiple_yaml
    Test #564: tests.integration.validate.rocprofv3-test-counter-collection-multiple-yaml.test_counter_collection_multiple_yaml .............   Passed    0.34 sec
      Start 564: tests.integration.validate.rocprofv3-test-counter-collection-multiple-yaml.test_counter_collection_multiple_yaml
    Test #564: tests.integration.validate.rocprofv3-test-counter-collection-multiple-yaml.test_counter_collection_multiple_yaml .............   Passed    0.34 sec
      Start 564: tests.integration.validate.rocprofv3-test-counter-collection-multiple-yaml.test_counter_collection_multiple_yaml
    Test #564: tests.integration.validate.rocprofv3-test-counter-collection-multiple-yaml.test_counter_collection_multiple_yaml .............   Passed    0.33 sec
      Start 564: tests.integration.validate.rocprofv3-test-counter-collection-multiple-yaml.test_counter_collection_multiple_yaml
    Test #564: tests.integration.validate.rocprofv3-test-counter-collection-multiple-yaml.test_counter_collection_multiple_yaml .............   Passed    0.33 sec
      Start 564: tests.integration.validate.rocprofv3-test-counter-collection-multiple-yaml.test_counter_collection_multiple_yaml
    Test #564: tests.integration.validate.rocprofv3-test-counter-collection-multiple-yaml.test_counter_collection_multiple_yaml .............   Passed    0.33 sec
      Start 564: tests.integration.validate.rocprofv3-test-counter-collection-multiple-yaml.test_counter_collection_multiple_yaml
    Test #564: tests.integration.validate.rocprofv3-test-counter-collection-multiple-yaml.test_counter_collection_multiple_yaml .............   Passed    0.34 sec
      Start 564: tests.integration.validate.rocprofv3-test-counter-collection-multiple-yaml.test_counter_collection_multiple_yaml
    Test #564: tests.integration.validate.rocprofv3-test-counter-collection-multiple-yaml.test_counter_collection_multiple_yaml .............   Passed    0.33 sec
      Start 564: tests.integration.validate.rocprofv3-test-counter-collection-multiple-yaml.test_counter_collection_multiple_yaml
    Test #564: tests.integration.validate.rocprofv3-test-counter-collection-multiple-yaml.test_counter_collection_multiple_yaml .............   Passed    0.33 sec
      Start 564: tests.integration.validate.rocprofv3-test-counter-collection-multiple-yaml.test_counter_collection_multiple_yaml
    Test #564: tests.integration.validate.rocprofv3-test-counter-collection-multiple-yaml.test_counter_collection_multiple_yaml .............   Passed    0.33 sec
      Start 564: tests.integration.validate.rocprofv3-test-counter-collection-multiple-yaml.test_counter_collection_multiple_yaml
    Test #564: tests.integration.validate.rocprofv3-test-counter-collection-multiple-yaml.test_counter_collection_multiple_yaml .............   Passed    0.33 sec
      Start 564: tests.integration.validate.rocprofv3-test-counter-collection-multiple-yaml.test_counter_collection_multiple_yaml
    Test #564: tests.integration.validate.rocprofv3-test-counter-collection-multiple-yaml.test_counter_collection_multiple_yaml .............   Passed    0.34 sec
      Start 564: tests.integration.validate.rocprofv3-test-counter-collection-multiple-yaml.test_counter_collection_multiple_yaml
    Test #564: tests.integration.validate.rocprofv3-test-counter-collection-multiple-yaml.test_counter_collection_multiple_yaml .............   Passed    0.34 sec
      Start 564: tests.integration.validate.rocprofv3-test-counter-collection-multiple-yaml.test_counter_collection_multiple_yaml
    Test #564: tests.integration.validate.rocprofv3-test-counter-collection-multiple-yaml.test_counter_collection_multiple_yaml .............   Passed    0.33 sec
      Start 564: tests.integration.validate.rocprofv3-test-counter-collection-multiple-yaml.test_counter_collection_multiple_yaml
    Test #564: tests.integration.validate.rocprofv3-test-counter-collection-multiple-yaml.test_counter_collection_multiple_yaml .............   Passed    0.33 sec
      Start 564: tests.integration.validate.rocprofv3-test-counter-collection-multiple-yaml.test_counter_collection_multiple_yaml
    Test #564: tests.integration.validate.rocprofv3-test-counter-collection-multiple-yaml.test_counter_collection_multiple_yaml .............   Passed    0.33 sec
      Start 564: tests.integration.validate.rocprofv3-test-counter-collection-multiple-yaml.test_counter_collection_multiple_yaml
    Test #564: tests.integration.validate.rocprofv3-test-counter-collection-multiple-yaml.test_counter_collection_multiple_yaml .............   Passed    0.34 sec
      Start 564: tests.integration.validate.rocprofv3-test-counter-collection-multiple-yaml.test_counter_collection_multiple_yaml
    Test #564: tests.integration.validate.rocprofv3-test-counter-collection-multiple-yaml.test_counter_collection_multiple_yaml .............   Passed    0.34 sec
      Start 564: tests.integration.validate.rocprofv3-test-counter-collection-multiple-yaml.test_counter_collection_multiple_yaml
    Test #564: tests.integration.validate.rocprofv3-test-counter-collection-multiple-yaml.test_counter_collection_multiple_yaml .............   Passed    0.33 sec
      Start 564: tests.integration.validate.rocprofv3-test-counter-collection-multiple-yaml.test_counter_collection_multiple_yaml
    Test #564: tests.integration.validate.rocprofv3-test-counter-collection-multiple-yaml.test_counter_collection_multiple_yaml .............   Passed    0.33 sec
      Start 564: tests.integration.validate.rocprofv3-test-counter-collection-multiple-yaml.test_counter_collection_multiple_yaml
    Test #564: tests.integration.validate.rocprofv3-test-counter-collection-multiple-yaml.test_counter_collection_multiple_yaml .............   Passed    0.34 sec
      Start 564: tests.integration.validate.rocprofv3-test-counter-collection-multiple-yaml.test_counter_collection_multiple_yaml
    Test #564: tests.integration.validate.rocprofv3-test-counter-collection-multiple-yaml.test_counter_collection_multiple_yaml .............   Passed    0.34 sec
      Start 564: tests.integration.validate.rocprofv3-test-counter-collection-multiple-yaml.test_counter_collection_multiple_yaml
    Test #564: tests.integration.validate.rocprofv3-test-counter-collection-multiple-yaml.test_counter_collection_multiple_yaml .............   Passed    0.34 sec
      Start 564: tests.integration.validate.rocprofv3-test-counter-collection-multiple-yaml.test_counter_collection_multiple_yaml
    Test #564: tests.integration.validate.rocprofv3-test-counter-collection-multiple-yaml.test_counter_collection_multiple_yaml .............   Passed    0.34 sec
      Start 564: tests.integration.validate.rocprofv3-test-counter-collection-multiple-yaml.test_counter_collection_multiple_yaml
    Test #564: tests.integration.validate.rocprofv3-test-counter-collection-multiple-yaml.test_counter_collection_multiple_yaml .............   Passed    0.34 sec
      Start 564: tests.integration.validate.rocprofv3-test-counter-collection-multiple-yaml.test_counter_collection_multiple_yaml
    Test #564: tests.integration.validate.rocprofv3-test-counter-collection-multiple-yaml.test_counter_collection_multiple_yaml .............   Passed    0.34 sec
      Start 564: tests.integration.validate.rocprofv3-test-counter-collection-multiple-yaml.test_counter_collection_multiple_yaml
    Test #564: tests.integration.validate.rocprofv3-test-counter-collection-multiple-yaml.test_counter_collection_multiple_yaml .............   Passed    0.34 sec
      Start 564: tests.integration.validate.rocprofv3-test-counter-collection-multiple-yaml.test_counter_collection_multiple_yaml
    Test #564: tests.integration.validate.rocprofv3-test-counter-collection-multiple-yaml.test_counter_collection_multiple_yaml .............   Passed    0.34 sec
      Start 564: tests.integration.validate.rocprofv3-test-counter-collection-multiple-yaml.test_counter_collection_multiple_yaml
    Test #564: tests.integration.validate.rocprofv3-test-counter-collection-multiple-yaml.test_counter_collection_multiple_yaml .............   Passed    0.34 sec
      Start 564: tests.integration.validate.rocprofv3-test-counter-collection-multiple-yaml.test_counter_collection_multiple_yaml
    Test #564: tests.integration.validate.rocprofv3-test-counter-collection-multiple-yaml.test_counter_collection_multiple_yaml .............   Passed    0.34 sec
      Start 564: tests.integration.validate.rocprofv3-test-counter-collection-multiple-yaml.test_counter_collection_multiple_yaml
    Test #564: tests.integration.validate.rocprofv3-test-counter-collection-multiple-yaml.test_counter_collection_multiple_yaml .............   Passed    0.34 sec
      Start 564: tests.integration.validate.rocprofv3-test-counter-collection-multiple-yaml.test_counter_collection_multiple_yaml
    Test #564: tests.integration.validate.rocprofv3-test-counter-collection-multiple-yaml.test_counter_collection_multiple_yaml .............   Passed    0.34 sec
      Start 564: tests.integration.validate.rocprofv3-test-counter-collection-multiple-yaml.test_counter_collection_multiple_yaml
    Test #564: tests.integration.validate.rocprofv3-test-counter-collection-multiple-yaml.test_counter_collection_multiple_yaml .............   Passed    0.34 sec
      Start 564: tests.integration.validate.rocprofv3-test-counter-collection-multiple-yaml.test_counter_collection_multiple_yaml
    Test #564: tests.integration.validate.rocprofv3-test-counter-collection-multiple-yaml.test_counter_collection_multiple_yaml .............   Passed    0.33 sec
      Start 564: tests.integration.validate.rocprofv3-test-counter-collection-multiple-yaml.test_counter_collection_multiple_yaml
    Test #564: tests.integration.validate.rocprofv3-test-counter-collection-multiple-yaml.test_counter_collection_multiple_yaml .............   Passed    0.34 sec
      Start 564: tests.integration.validate.rocprofv3-test-counter-collection-multiple-yaml.test_counter_collection_multiple_yaml
    Test #564: tests.integration.validate.rocprofv3-test-counter-collection-multiple-yaml.test_counter_collection_multiple_yaml .............   Passed    0.33 sec
      Start 564: tests.integration.validate.rocprofv3-test-counter-collection-multiple-yaml.test_counter_collection_multiple_yaml
    Test #564: tests.integration.validate.rocprofv3-test-counter-collection-multiple-yaml.test_counter_collection_multiple_yaml .............   Passed    0.33 sec
      Start 564: tests.integration.validate.rocprofv3-test-counter-collection-multiple-yaml.test_counter_collection_multiple_yaml
    Test #564: tests.integration.validate.rocprofv3-test-counter-collection-multiple-yaml.test_counter_collection_multiple_yaml .............   Passed    0.34 sec
      Start 564: tests.integration.validate.rocprofv3-test-counter-collection-multiple-yaml.test_counter_collection_multiple_yaml
    Test #564: tests.integration.validate.rocprofv3-test-counter-collection-multiple-yaml.test_counter_collection_multiple_yaml .............   Passed    0.33 sec
      Start 564: tests.integration.validate.rocprofv3-test-counter-collection-multiple-yaml.test_counter_collection_multiple_yaml
    Test #564: tests.integration.validate.rocprofv3-test-counter-collection-multiple-yaml.test_counter_collection_multiple_yaml .............   Passed    0.34 sec
      Start 564: tests.integration.validate.rocprofv3-test-counter-collection-multiple-yaml.test_counter_collection_multiple_yaml
    Test #564: tests.integration.validate.rocprofv3-test-counter-collection-multiple-yaml.test_counter_collection_multiple_yaml .............   Passed    0.33 sec
      Start 564: tests.integration.validate.rocprofv3-test-counter-collection-multiple-yaml.test_counter_collection_multiple_yaml
    Test #564: tests.integration.validate.rocprofv3-test-counter-collection-multiple-yaml.test_counter_collection_multiple_yaml .............   Passed    0.34 sec
      Start 564: tests.integration.validate.rocprofv3-test-counter-collection-multiple-yaml.test_counter_collection_multiple_yaml
    Test #564: tests.integration.validate.rocprofv3-test-counter-collection-multiple-yaml.test_counter_collection_multiple_yaml .............   Passed    0.33 sec
      Start 564: tests.integration.validate.rocprofv3-test-counter-collection-multiple-yaml.test_counter_collection_multiple_yaml
    Test #564: tests.integration.validate.rocprofv3-test-counter-collection-multiple-yaml.test_counter_collection_multiple_yaml .............   Passed    0.34 sec
      Start 564: tests.integration.validate.rocprofv3-test-counter-collection-multiple-yaml.test_counter_collection_multiple_yaml
    Test #564: tests.integration.validate.rocprofv3-test-counter-collection-multiple-yaml.test_counter_collection_multiple_yaml .............   Passed    0.34 sec
      Start 564: tests.integration.validate.rocprofv3-test-counter-collection-multiple-yaml.test_counter_collection_multiple_yaml
    Test #564: tests.integration.validate.rocprofv3-test-counter-collection-multiple-yaml.test_counter_collection_multiple_yaml .............   Passed    0.34 sec
      Start 564: tests.integration.validate.rocprofv3-test-counter-collection-multiple-yaml.test_counter_collection_multiple_yaml
    Test #564: tests.integration.validate.rocprofv3-test-counter-collection-multiple-yaml.test_counter_collection_multiple_yaml .............   Passed    0.34 sec
      Start 564: tests.integration.validate.rocprofv3-test-counter-collection-multiple-yaml.test_counter_collection_multiple_yaml
    Test #564: tests.integration.validate.rocprofv3-test-counter-collection-multiple-yaml.test_counter_collection_multiple_yaml .............   Passed    0.34 sec
      Start 564: tests.integration.validate.rocprofv3-test-counter-collection-multiple-yaml.test_counter_collection_multiple_yaml
    Test #564: tests.integration.validate.rocprofv3-test-counter-collection-multiple-yaml.test_counter_collection_multiple_yaml .............   Passed    0.35 sec
      Start 564: tests.integration.validate.rocprofv3-test-counter-collection-multiple-yaml.test_counter_collection_multiple_yaml
    Test #564: tests.integration.validate.rocprofv3-test-counter-collection-multiple-yaml.test_counter_collection_multiple_yaml .............   Passed    0.34 sec
      Start 564: tests.integration.validate.rocprofv3-test-counter-collection-multiple-yaml.test_counter_collection_multiple_yaml
    Test #564: tests.integration.validate.rocprofv3-test-counter-collection-multiple-yaml.test_counter_collection_multiple_yaml .............   Passed    0.34 sec
      Start 564: tests.integration.validate.rocprofv3-test-counter-collection-multiple-yaml.test_counter_collection_multiple_yaml
    Test #564: tests.integration.validate.rocprofv3-test-counter-collection-multiple-yaml.test_counter_collection_multiple_yaml .............   Passed    0.34 sec
      Start 564: tests.integration.validate.rocprofv3-test-counter-collection-multiple-yaml.test_counter_collection_multiple_yaml
    Test #564: tests.integration.validate.rocprofv3-test-counter-collection-multiple-yaml.test_counter_collection_multiple_yaml .............   Passed    0.34 sec
      Start 564: tests.integration.validate.rocprofv3-test-counter-collection-multiple-yaml.test_counter_collection_multiple_yaml
    Test #564: tests.integration.validate.rocprofv3-test-counter-collection-multiple-yaml.test_counter_collection_multiple_yaml .............   Passed    0.34 sec
      Start 564: tests.integration.validate.rocprofv3-test-counter-collection-multiple-yaml.test_counter_collection_multiple_yaml
    Test #564: tests.integration.validate.rocprofv3-test-counter-collection-multiple-yaml.test_counter_collection_multiple_yaml .............   Passed    0.34 sec
      Start 564: tests.integration.validate.rocprofv3-test-counter-collection-multiple-yaml.test_counter_collection_multiple_yaml
    Test #564: tests.integration.validate.rocprofv3-test-counter-collection-multiple-yaml.test_counter_collection_multiple_yaml .............   Passed    0.34 sec
      Start 564: tests.integration.validate.rocprofv3-test-counter-collection-multiple-yaml.test_counter_collection_multiple_yaml
    Test #564: tests.integration.validate.rocprofv3-test-counter-collection-multiple-yaml.test_counter_collection_multiple_yaml .............   Passed    0.34 sec
      Start 564: tests.integration.validate.rocprofv3-test-counter-collection-multiple-yaml.test_counter_collection_multiple_yaml
    Test #564: tests.integration.validate.rocprofv3-test-counter-collection-multiple-yaml.test_counter_collection_multiple_yaml .............   Passed    0.34 sec
      Start 564: tests.integration.validate.rocprofv3-test-counter-collection-multiple-yaml.test_counter_collection_multiple_yaml
    Test #564: tests.integration.validate.rocprofv3-test-counter-collection-multiple-yaml.test_counter_collection_multiple_yaml .............   Passed    0.34 sec
      Start 564: tests.integration.validate.rocprofv3-test-counter-collection-multiple-yaml.test_counter_collection_multiple_yaml
    Test #564: tests.integration.validate.rocprofv3-test-counter-collection-multiple-yaml.test_counter_collection_multiple_yaml .............   Passed    0.33 sec
      Start 564: tests.integration.validate.rocprofv3-test-counter-collection-multiple-yaml.test_counter_collection_multiple_yaml
    Test #564: tests.integration.validate.rocprofv3-test-counter-collection-multiple-yaml.test_counter_collection_multiple_yaml .............   Passed    0.34 sec
      Start 564: tests.integration.validate.rocprofv3-test-counter-collection-multiple-yaml.test_counter_collection_multiple_yaml
    Test #564: tests.integration.validate.rocprofv3-test-counter-collection-multiple-yaml.test_counter_collection_multiple_yaml .............   Passed    0.33 sec
      Start 564: tests.integration.validate.rocprofv3-test-counter-collection-multiple-yaml.test_counter_collection_multiple_yaml
    Test #564: tests.integration.validate.rocprofv3-test-counter-collection-multiple-yaml.test_counter_collection_multiple_yaml .............   Passed    0.33 sec
      Start 564: tests.integration.validate.rocprofv3-test-counter-collection-multiple-yaml.test_counter_collection_multiple_yaml
    Test #564: tests.integration.validate.rocprofv3-test-counter-collection-multiple-yaml.test_counter_collection_multiple_yaml .............   Passed    0.34 sec
      Start 564: tests.integration.validate.rocprofv3-test-counter-collection-multiple-yaml.test_counter_collection_multiple_yaml
    Test #564: tests.integration.validate.rocprofv3-test-counter-collection-multiple-yaml.test_counter_collection_multiple_yaml .............   Passed    0.33 sec
      Start 564: tests.integration.validate.rocprofv3-test-counter-collection-multiple-yaml.test_counter_collection_multiple_yaml
    Test #564: tests.integration.validate.rocprofv3-test-counter-collection-multiple-yaml.test_counter_collection_multiple_yaml .............   Passed    0.34 sec
      Start 564: tests.integration.validate.rocprofv3-test-counter-collection-multiple-yaml.test_counter_collection_multiple_yaml
    Test #564: tests.integration.validate.rocprofv3-test-counter-collection-multiple-yaml.test_counter_collection_multiple_yaml .............   Passed    0.34 sec
      Start 564: tests.integration.validate.rocprofv3-test-counter-collection-multiple-yaml.test_counter_collection_multiple_yaml
    Test #564: tests.integration.validate.rocprofv3-test-counter-collection-multiple-yaml.test_counter_collection_multiple_yaml .............   Passed    0.33 sec
      Start 564: tests.integration.validate.rocprofv3-test-counter-collection-multiple-yaml.test_counter_collection_multiple_yaml
    Test #564: tests.integration.validate.rocprofv3-test-counter-collection-multiple-yaml.test_counter_collection_multiple_yaml .............   Passed    0.33 sec
      Start 564: tests.integration.validate.rocprofv3-test-counter-collection-multiple-yaml.test_counter_collection_multiple_yaml
    Test #564: tests.integration.validate.rocprofv3-test-counter-collection-multiple-yaml.test_counter_collection_multiple_yaml .............   Passed    0.33 sec
      Start 564: tests.integration.validate.rocprofv3-test-counter-collection-multiple-yaml.test_counter_collection_multiple_yaml
    Test #564: tests.integration.validate.rocprofv3-test-counter-collection-multiple-yaml.test_counter_collection_multiple_yaml .............   Passed    0.33 sec
      Start 564: tests.integration.validate.rocprofv3-test-counter-collection-multiple-yaml.test_counter_collection_multiple_yaml
    Test #564: tests.integration.validate.rocprofv3-test-counter-collection-multiple-yaml.test_counter_collection_multiple_yaml .............   Passed    0.34 sec
      Start 564: tests.integration.validate.rocprofv3-test-counter-collection-multiple-yaml.test_counter_collection_multiple_yaml
    Test #564: tests.integration.validate.rocprofv3-test-counter-collection-multiple-yaml.test_counter_collection_multiple_yaml .............   Passed    0.33 sec
      Start 564: tests.integration.validate.rocprofv3-test-counter-collection-multiple-yaml.test_counter_collection_multiple_yaml
    Test #564: tests.integration.validate.rocprofv3-test-counter-collection-multiple-yaml.test_counter_collection_multiple_yaml .............   Passed    0.34 sec
      Start 564: tests.integration.validate.rocprofv3-test-counter-collection-multiple-yaml.test_counter_collection_multiple_yaml
    Test #564: tests.integration.validate.rocprofv3-test-counter-collection-multiple-yaml.test_counter_collection_multiple_yaml .............   Passed    0.34 sec
      Start 564: tests.integration.validate.rocprofv3-test-counter-collection-multiple-yaml.test_counter_collection_multiple_yaml
    Test #564: tests.integration.validate.rocprofv3-test-counter-collection-multiple-yaml.test_counter_collection_multiple_yaml .............   Passed    0.33 sec
      Start 564: tests.integration.validate.rocprofv3-test-counter-collection-multiple-yaml.test_counter_collection_multiple_yaml
    Test #564: tests.integration.validate.rocprofv3-test-counter-collection-multiple-yaml.test_counter_collection_multiple_yaml .............   Passed    0.34 sec
      Start 564: tests.integration.validate.rocprofv3-test-counter-collection-multiple-yaml.test_counter_collection_multiple_yaml
    Test #564: tests.integration.validate.rocprofv3-test-counter-collection-multiple-yaml.test_counter_collection_multiple_yaml .............   Passed    0.34 sec
      Start 564: tests.integration.validate.rocprofv3-test-counter-collection-multiple-yaml.test_counter_collection_multiple_yaml
    Test #564: tests.integration.validate.rocprofv3-test-counter-collection-multiple-yaml.test_counter_collection_multiple_yaml .............   Passed    0.33 sec
      Start 564: tests.integration.validate.rocprofv3-test-counter-collection-multiple-yaml.test_counter_collection_multiple_yaml
    Test #564: tests.integration.validate.rocprofv3-test-counter-collection-multiple-yaml.test_counter_collection_multiple_yaml .............   Passed    0.33 sec
      Start 564: tests.integration.validate.rocprofv3-test-counter-collection-multiple-yaml.test_counter_collection_multiple_yaml
    Test #564: tests.integration.validate.rocprofv3-test-counter-collection-multiple-yaml.test_counter_collection_multiple_yaml .............   Passed    0.33 sec
      Start 564: tests.integration.validate.rocprofv3-test-counter-collection-multiple-yaml.test_counter_collection_multiple_yaml
    Test #564: tests.integration.validate.rocprofv3-test-counter-collection-multiple-yaml.test_counter_collection_multiple_yaml .............   Passed    0.33 sec
      Start 564: tests.integration.validate.rocprofv3-test-counter-collection-multiple-yaml.test_counter_collection_multiple_yaml
    Test #564: tests.integration.validate.rocprofv3-test-counter-collection-multiple-yaml.test_counter_collection_multiple_yaml .............   Passed    0.33 sec
      Start 564: tests.integration.validate.rocprofv3-test-counter-collection-multiple-yaml.test_counter_collection_multiple_yaml
    Test #564: tests.integration.validate.rocprofv3-test-counter-collection-multiple-yaml.test_counter_collection_multiple_yaml .............   Passed    0.33 sec
      Start 564: tests.integration.validate.rocprofv3-test-counter-collection-multiple-yaml.test_counter_collection_multiple_yaml
    Test #564: tests.integration.validate.rocprofv3-test-counter-collection-multiple-yaml.test_counter_collection_multiple_yaml .............   Passed    0.34 sec
      Start 564: tests.integration.validate.rocprofv3-test-counter-collection-multiple-yaml.test_counter_collection_multiple_yaml
    Test #564: tests.integration.validate.rocprofv3-test-counter-collection-multiple-yaml.test_counter_collection_multiple_yaml .............   Passed    0.33 sec
      Start 564: tests.integration.validate.rocprofv3-test-counter-collection-multiple-yaml.test_counter_collection_multiple_yaml
    Test #564: tests.integration.validate.rocprofv3-test-counter-collection-multiple-yaml.test_counter_collection_multiple_yaml .............   Passed    0.34 sec
      Start 564: tests.integration.validate.rocprofv3-test-counter-collection-multiple-yaml.test_counter_collection_multiple_yaml
    Test #564: tests.integration.validate.rocprofv3-test-counter-collection-multiple-yaml.test_counter_collection_multiple_yaml .............   Passed    0.33 sec
      Start 564: tests.integration.validate.rocprofv3-test-counter-collection-multiple-yaml.test_counter_collection_multiple_yaml
    Test #564: tests.integration.validate.rocprofv3-test-counter-collection-multiple-yaml.test_counter_collection_multiple_yaml .............   Passed    0.34 sec
      Start 564: tests.integration.validate.rocprofv3-test-counter-collection-multiple-yaml.test_counter_collection_multiple_yaml
    Test #564: tests.integration.validate.rocprofv3-test-counter-collection-multiple-yaml.test_counter_collection_multiple_yaml .............   Passed    0.33 sec
      Start 564: tests.integration.validate.rocprofv3-test-counter-collection-multiple-yaml.test_counter_collection_multiple_yaml
    Test #564: tests.integration.validate.rocprofv3-test-counter-collection-multiple-yaml.test_counter_collection_multiple_yaml .............   Passed    0.33 sec
      Start 564: tests.integration.validate.rocprofv3-test-counter-collection-multiple-yaml.test_counter_collection_multiple_yaml
    Test #564: tests.integration.validate.rocprofv3-test-counter-collection-multiple-yaml.test_counter_collection_multiple_yaml .............   Passed    0.34 sec
      Start 564: tests.integration.validate.rocprofv3-test-counter-collection-multiple-yaml.test_counter_collection_multiple_yaml
    Test #564: tests.integration.validate.rocprofv3-test-counter-collection-multiple-yaml.test_counter_collection_multiple_yaml .............   Passed    0.34 sec
      Start 564: tests.integration.validate.rocprofv3-test-counter-collection-multiple-yaml.test_counter_collection_multiple_yaml
    Test #564: tests.integration.validate.rocprofv3-test-counter-collection-multiple-yaml.test_counter_collection_multiple_yaml .............   Passed    0.33 sec
      Start 564: tests.integration.validate.rocprofv3-test-counter-collection-multiple-yaml.test_counter_collection_multiple_yaml
    Test #564: tests.integration.validate.rocprofv3-test-counter-collection-multiple-yaml.test_counter_collection_multiple_yaml .............   Passed    0.33 sec
      Start 564: tests.integration.validate.rocprofv3-test-counter-collection-multiple-yaml.test_counter_collection_multiple_yaml
    Test #564: tests.integration.validate.rocprofv3-test-counter-collection-multiple-yaml.test_counter_collection_multiple_yaml .............   Passed    0.33 sec
      Start 564: tests.integration.validate.rocprofv3-test-counter-collection-multiple-yaml.test_counter_collection_multiple_yaml
    Test #564: tests.integration.validate.rocprofv3-test-counter-collection-multiple-yaml.test_counter_collection_multiple_yaml .............   Passed    0.33 sec
      Start 564: tests.integration.validate.rocprofv3-test-counter-collection-multiple-yaml.test_counter_collection_multiple_yaml
    Test #564: tests.integration.validate.rocprofv3-test-counter-collection-multiple-yaml.test_counter_collection_multiple_yaml .............   Passed    0.33 sec
      Start 564: tests.integration.validate.rocprofv3-test-counter-collection-multiple-yaml.test_counter_collection_multiple_yaml
    Test #564: tests.integration.validate.rocprofv3-test-counter-collection-multiple-yaml.test_counter_collection_multiple_yaml .............   Passed    0.33 sec
      Start 564: tests.integration.validate.rocprofv3-test-counter-collection-multiple-yaml.test_counter_collection_multiple_yaml
    Test #564: tests.integration.validate.rocprofv3-test-counter-collection-multiple-yaml.test_counter_collection_multiple_yaml .............   Passed    0.34 sec
      Start 564: tests.integration.validate.rocprofv3-test-counter-collection-multiple-yaml.test_counter_collection_multiple_yaml
    Test #564: tests.integration.validate.rocprofv3-test-counter-collection-multiple-yaml.test_counter_collection_multiple_yaml .............   Passed    0.33 sec
      Start 564: tests.integration.validate.rocprofv3-test-counter-collection-multiple-yaml.test_counter_collection_multiple_yaml
    Test #564: tests.integration.validate.rocprofv3-test-counter-collection-multiple-yaml.test_counter_collection_multiple_yaml .............   Passed    0.33 sec
      Start 564: tests.integration.validate.rocprofv3-test-counter-collection-multiple-yaml.test_counter_collection_multiple_yaml
    Test #564: tests.integration.validate.rocprofv3-test-counter-collection-multiple-yaml.test_counter_collection_multiple_yaml .............   Passed    0.33 sec
      Start 564: tests.integration.validate.rocprofv3-test-counter-collection-multiple-yaml.test_counter_collection_multiple_yaml
    Test #564: tests.integration.validate.rocprofv3-test-counter-collection-multiple-yaml.test_counter_collection_multiple_yaml .............   Passed    0.33 sec
      Start 564: tests.integration.validate.rocprofv3-test-counter-collection-multiple-yaml.test_counter_collection_multiple_yaml
    Test #564: tests.integration.validate.rocprofv3-test-counter-collection-multiple-yaml.test_counter_collection_multiple_yaml .............   Passed    0.34 sec
      Start 564: tests.integration.validate.rocprofv3-test-counter-collection-multiple-yaml.test_counter_collection_multiple_yaml
    Test #564: tests.integration.validate.rocprofv3-test-counter-collection-multiple-yaml.test_counter_collection_multiple_yaml .............   Passed    0.34 sec
      Start 564: tests.integration.validate.rocprofv3-test-counter-collection-multiple-yaml.test_counter_collection_multiple_yaml
    Test #564: tests.integration.validate.rocprofv3-test-counter-collection-multiple-yaml.test_counter_collection_multiple_yaml .............   Passed    0.34 sec
      Start 564: tests.integration.validate.rocprofv3-test-counter-collection-multiple-yaml.test_counter_collection_multiple_yaml
    Test #564: tests.integration.validate.rocprofv3-test-counter-collection-multiple-yaml.test_counter_collection_multiple_yaml .............   Passed    0.33 sec
      Start 564: tests.integration.validate.rocprofv3-test-counter-collection-multiple-yaml.test_counter_collection_multiple_yaml
    Test #564: tests.integration.validate.rocprofv3-test-counter-collection-multiple-yaml.test_counter_collection_multiple_yaml .............   Passed    0.33 sec
      Start 564: tests.integration.validate.rocprofv3-test-counter-collection-multiple-yaml.test_counter_collection_multiple_yaml
    Test #564: tests.integration.validate.rocprofv3-test-counter-collection-multiple-yaml.test_counter_collection_multiple_yaml .............   Passed    0.33 sec
      Start 564: tests.integration.validate.rocprofv3-test-counter-collection-multiple-yaml.test_counter_collection_multiple_yaml
    Test #564: tests.integration.validate.rocprofv3-test-counter-collection-multiple-yaml.test_counter_collection_multiple_yaml .............   Passed    0.33 sec
      Start 564: tests.integration.validate.rocprofv3-test-counter-collection-multiple-yaml.test_counter_collection_multiple_yaml
    Test #564: tests.integration.validate.rocprofv3-test-counter-collection-multiple-yaml.test_counter_collection_multiple_yaml .............   Passed    0.34 sec
      Start 564: tests.integration.validate.rocprofv3-test-counter-collection-multiple-yaml.test_counter_collection_multiple_yaml
    Test #564: tests.integration.validate.rocprofv3-test-counter-collection-multiple-yaml.test_counter_collection_multiple_yaml .............   Passed    0.34 sec
      Start 564: tests.integration.validate.rocprofv3-test-counter-collection-multiple-yaml.test_counter_collection_multiple_yaml
    Test #564: tests.integration.validate.rocprofv3-test-counter-collection-multiple-yaml.test_counter_collection_multiple_yaml .............   Passed    0.34 sec
      Start 564: tests.integration.validate.rocprofv3-test-counter-collection-multiple-yaml.test_counter_collection_multiple_yaml
    Test #564: tests.integration.validate.rocprofv3-test-counter-collection-multiple-yaml.test_counter_collection_multiple_yaml .............   Passed    0.33 sec
      Start 564: tests.integration.validate.rocprofv3-test-counter-collection-multiple-yaml.test_counter_collection_multiple_yaml
    Test #564: tests.integration.validate.rocprofv3-test-counter-collection-multiple-yaml.test_counter_collection_multiple_yaml .............   Passed    0.34 sec
      Start 564: tests.integration.validate.rocprofv3-test-counter-collection-multiple-yaml.test_counter_collection_multiple_yaml
    Test #564: tests.integration.validate.rocprofv3-test-counter-collection-multiple-yaml.test_counter_collection_multiple_yaml .............   Passed    0.34 sec
      Start 564: tests.integration.validate.rocprofv3-test-counter-collection-multiple-yaml.test_counter_collection_multiple_yaml
    Test #564: tests.integration.validate.rocprofv3-test-counter-collection-multiple-yaml.test_counter_collection_multiple_yaml .............   Passed    0.33 sec
      Start 564: tests.integration.validate.rocprofv3-test-counter-collection-multiple-yaml.test_counter_collection_multiple_yaml
    Test #564: tests.integration.validate.rocprofv3-test-counter-collection-multiple-yaml.test_counter_collection_multiple_yaml .............   Passed    0.34 sec
      Start 564: tests.integration.validate.rocprofv3-test-counter-collection-multiple-yaml.test_counter_collection_multiple_yaml
    Test #564: tests.integration.validate.rocprofv3-test-counter-collection-multiple-yaml.test_counter_collection_multiple_yaml .............   Passed    0.34 sec
      Start 564: tests.integration.validate.rocprofv3-test-counter-collection-multiple-yaml.test_counter_collection_multiple_yaml
    Test #564: tests.integration.validate.rocprofv3-test-counter-collection-multiple-yaml.test_counter_collection_multiple_yaml .............   Passed    0.33 sec
      Start 564: tests.integration.validate.rocprofv3-test-counter-collection-multiple-yaml.test_counter_collection_multiple_yaml
    Test #564: tests.integration.validate.rocprofv3-test-counter-collection-multiple-yaml.test_counter_collection_multiple_yaml .............   Passed    0.33 sec
      Start 564: tests.integration.validate.rocprofv3-test-counter-collection-multiple-yaml.test_counter_collection_multiple_yaml
    Test #564: tests.integration.validate.rocprofv3-test-counter-collection-multiple-yaml.test_counter_collection_multiple_yaml .............   Passed    0.34 sec
      Start 564: tests.integration.validate.rocprofv3-test-counter-collection-multiple-yaml.test_counter_collection_multiple_yaml
    Test #564: tests.integration.validate.rocprofv3-test-counter-collection-multiple-yaml.test_counter_collection_multiple_yaml .............   Passed    0.34 sec
      Start 564: tests.integration.validate.rocprofv3-test-counter-collection-multiple-yaml.test_counter_collection_multiple_yaml
    Test #564: tests.integration.validate.rocprofv3-test-counter-collection-multiple-yaml.test_counter_collection_multiple_yaml .............   Passed    0.33 sec
      Start 564: tests.integration.validate.rocprofv3-test-counter-collection-multiple-yaml.test_counter_collection_multiple_yaml
    Test #564: tests.integration.validate.rocprofv3-test-counter-collection-multiple-yaml.test_counter_collection_multiple_yaml .............   Passed    0.34 sec
      Start 564: tests.integration.validate.rocprofv3-test-counter-collection-multiple-yaml.test_counter_collection_multiple_yaml
    Test #564: tests.integration.validate.rocprofv3-test-counter-collection-multiple-yaml.test_counter_collection_multiple_yaml .............   Passed    0.33 sec
      Start 564: tests.integration.validate.rocprofv3-test-counter-collection-multiple-yaml.test_counter_collection_multiple_yaml
    Test #564: tests.integration.validate.rocprofv3-test-counter-collection-multiple-yaml.test_counter_collection_multiple_yaml .............   Passed    0.34 sec
      Start 564: tests.integration.validate.rocprofv3-test-counter-collection-multiple-yaml.test_counter_collection_multiple_yaml
    Test #564: tests.integration.validate.rocprofv3-test-counter-collection-multiple-yaml.test_counter_collection_multiple_yaml .............   Passed    0.34 sec
      Start 564: tests.integration.validate.rocprofv3-test-counter-collection-multiple-yaml.test_counter_collection_multiple_yaml
    Test #564: tests.integration.validate.rocprofv3-test-counter-collection-multiple-yaml.test_counter_collection_multiple_yaml .............   Passed    0.34 sec
      Start 564: tests.integration.validate.rocprofv3-test-counter-collection-multiple-yaml.test_counter_collection_multiple_yaml
    Test #564: tests.integration.validate.rocprofv3-test-counter-collection-multiple-yaml.test_counter_collection_multiple_yaml .............   Passed    0.34 sec
      Start 564: tests.integration.validate.rocprofv3-test-counter-collection-multiple-yaml.test_counter_collection_multiple_yaml
    Test #564: tests.integration.validate.rocprofv3-test-counter-collection-multiple-yaml.test_counter_collection_multiple_yaml .............   Passed    0.34 sec
      Start 564: tests.integration.validate.rocprofv3-test-counter-collection-multiple-yaml.test_counter_collection_multiple_yaml
    Test #564: tests.integration.validate.rocprofv3-test-counter-collection-multiple-yaml.test_counter_collection_multiple_yaml .............   Passed    0.33 sec
      Start 564: tests.integration.validate.rocprofv3-test-counter-collection-multiple-yaml.test_counter_collection_multiple_yaml
    Test #564: tests.integration.validate.rocprofv3-test-counter-collection-multiple-yaml.test_counter_collection_multiple_yaml .............   Passed    0.34 sec
      Start 564: tests.integration.validate.rocprofv3-test-counter-collection-multiple-yaml.test_counter_collection_multiple_yaml
    Test #564: tests.integration.validate.rocprofv3-test-counter-collection-multiple-yaml.test_counter_collection_multiple_yaml .............   Passed    0.34 sec
      Start 564: tests.integration.validate.rocprofv3-test-counter-collection-multiple-yaml.test_counter_collection_multiple_yaml
    Test #564: tests.integration.validate.rocprofv3-test-counter-collection-multiple-yaml.test_counter_collection_multiple_yaml .............   Passed    0.34 sec
      Start 564: tests.integration.validate.rocprofv3-test-counter-collection-multiple-yaml.test_counter_collection_multiple_yaml
    Test #564: tests.integration.validate.rocprofv3-test-counter-collection-multiple-yaml.test_counter_collection_multiple_yaml .............   Passed    0.34 sec
      Start 564: tests.integration.validate.rocprofv3-test-counter-collection-multiple-yaml.test_counter_collection_multiple_yaml
    Test #564: tests.integration.validate.rocprofv3-test-counter-collection-multiple-yaml.test_counter_collection_multiple_yaml .............   Passed    0.34 sec
      Start 564: tests.integration.validate.rocprofv3-test-counter-collection-multiple-yaml.test_counter_collection_multiple_yaml
    Test #564: tests.integration.validate.rocprofv3-test-counter-collection-multiple-yaml.test_counter_collection_multiple_yaml .............   Passed    0.33 sec
      Start 564: tests.integration.validate.rocprofv3-test-counter-collection-multiple-yaml.test_counter_collection_multiple_yaml
    Test #564: tests.integration.validate.rocprofv3-test-counter-collection-multiple-yaml.test_counter_collection_multiple_yaml .............   Passed    0.34 sec
      Start 564: tests.integration.validate.rocprofv3-test-counter-collection-multiple-yaml.test_counter_collection_multiple_yaml
    Test #564: tests.integration.validate.rocprofv3-test-counter-collection-multiple-yaml.test_counter_collection_multiple_yaml .............   Passed    0.33 sec
      Start 564: tests.integration.validate.rocprofv3-test-counter-collection-multiple-yaml.test_counter_collection_multiple_yaml
 9/14 Test #564: tests.integration.validate.rocprofv3-test-counter-collection-multiple-yaml.test_counter_collection_multiple_yaml .............   Passed    0.34 sec
      Start 708: tests.integration.execute.rocprofv3-test-conversion-script
    Test #708: tests.integration.execute.rocprofv3-test-conversion-script ...................................................................   Passed   12.99 sec
      Start 708: tests.integration.execute.rocprofv3-test-conversion-script
    Test #708: tests.integration.execute.rocprofv3-test-conversion-script ...................................................................   Passed   13.19 sec
      Start 708: tests.integration.execute.rocprofv3-test-conversion-script
    Test #708: tests.integration.execute.rocprofv3-test-conversion-script ...................................................................   Passed   13.34 sec
      Start 708: tests.integration.execute.rocprofv3-test-conversion-script
    Test #708: tests.integration.execute.rocprofv3-test-conversion-script ...................................................................   Passed   13.08 sec
      Start 708: tests.integration.execute.rocprofv3-test-conversion-script
    Test #708: tests.integration.execute.rocprofv3-test-conversion-script ...................................................................   Passed   13.33 sec
      Start 708: tests.integration.execute.rocprofv3-test-conversion-script
    Test #708: tests.integration.execute.rocprofv3-test-conversion-script ...................................................................   Passed   13.33 sec
      Start 708: tests.integration.execute.rocprofv3-test-conversion-script
    Test #708: tests.integration.execute.rocprofv3-test-conversion-script ...................................................................   Passed   13.07 sec
      Start 708: tests.integration.execute.rocprofv3-test-conversion-script
    Test #708: tests.integration.execute.rocprofv3-test-conversion-script ...................................................................   Passed   13.43 sec
      Start 708: tests.integration.execute.rocprofv3-test-conversion-script
    Test #708: tests.integration.execute.rocprofv3-test-conversion-script ...................................................................   Passed   13.33 sec
      Start 708: tests.integration.execute.rocprofv3-test-conversion-script
    Test #708: tests.integration.execute.rocprofv3-test-conversion-script ...................................................................   Passed   13.43 sec
      Start 708: tests.integration.execute.rocprofv3-test-conversion-script
    Test #708: tests.integration.execute.rocprofv3-test-conversion-script ...................................................................   Passed   14.04 sec
      Start 708: tests.integration.execute.rocprofv3-test-conversion-script
    Test #708: tests.integration.execute.rocprofv3-test-conversion-script ...................................................................   Passed   14.11 sec
      Start 708: tests.integration.execute.rocprofv3-test-conversion-script
    Test #708: tests.integration.execute.rocprofv3-test-conversion-script ...................................................................   Passed   14.15 sec
      Start 708: tests.integration.execute.rocprofv3-test-conversion-script
    Test #708: tests.integration.execute.rocprofv3-test-conversion-script ...................................................................   Passed   14.13 sec
      Start 708: tests.integration.execute.rocprofv3-test-conversion-script
    Test #708: tests.integration.execute.rocprofv3-test-conversion-script ...................................................................   Passed   14.07 sec
      Start 708: tests.integration.execute.rocprofv3-test-conversion-script
    Test #708: tests.integration.execute.rocprofv3-test-conversion-script ...................................................................   Passed   14.04 sec
      Start 708: tests.integration.execute.rocprofv3-test-conversion-script
    Test #708: tests.integration.execute.rocprofv3-test-conversion-script ...................................................................   Passed   13.97 sec
      Start 708: tests.integration.execute.rocprofv3-test-conversion-script
    Test #708: tests.integration.execute.rocprofv3-test-conversion-script ...................................................................   Passed   14.00 sec
      Start 708: tests.integration.execute.rocprofv3-test-conversion-script
    Test #708: tests.integration.execute.rocprofv3-test-conversion-script ...................................................................   Passed   14.11 sec
      Start 708: tests.integration.execute.rocprofv3-test-conversion-script
    Test #708: tests.integration.execute.rocprofv3-test-conversion-script ...................................................................   Passed   14.30 sec
      Start 708: tests.integration.execute.rocprofv3-test-conversion-script
    Test #708: tests.integration.execute.rocprofv3-test-conversion-script ...................................................................   Passed   14.43 sec
      Start 708: tests.integration.execute.rocprofv3-test-conversion-script
    Test #708: tests.integration.execute.rocprofv3-test-conversion-script ...................................................................   Passed   14.11 sec
      Start 708: tests.integration.execute.rocprofv3-test-conversion-script
    Test #708: tests.integration.execute.rocprofv3-test-conversion-script ...................................................................   Passed   14.41 sec
      Start 708: tests.integration.execute.rocprofv3-test-conversion-script
    Test #708: tests.integration.execute.rocprofv3-test-conversion-script ...................................................................   Passed   14.29 sec
      Start 708: tests.integration.execute.rocprofv3-test-conversion-script
    Test #708: tests.integration.execute.rocprofv3-test-conversion-script ...................................................................   Passed   14.19 sec
      Start 708: tests.integration.execute.rocprofv3-test-conversion-script
    Test #708: tests.integration.execute.rocprofv3-test-conversion-script ...................................................................   Passed   14.29 sec
      Start 708: tests.integration.execute.rocprofv3-test-conversion-script
    Test #708: tests.integration.execute.rocprofv3-test-conversion-script ...................................................................   Passed   14.23 sec
      Start 708: tests.integration.execute.rocprofv3-test-conversion-script
    Test #708: tests.integration.execute.rocprofv3-test-conversion-script ...................................................................   Passed   14.20 sec
      Start 708: tests.integration.execute.rocprofv3-test-conversion-script
    Test #708: tests.integration.execute.rocprofv3-test-conversion-script ...................................................................   Passed   14.32 sec
      Start 708: tests.integration.execute.rocprofv3-test-conversion-script
    Test #708: tests.integration.execute.rocprofv3-test-conversion-script ...................................................................   Passed   14.29 sec
      Start 708: tests.integration.execute.rocprofv3-test-conversion-script
    Test #708: tests.integration.execute.rocprofv3-test-conversion-script ...................................................................   Passed   14.29 sec
      Start 708: tests.integration.execute.rocprofv3-test-conversion-script
    Test #708: tests.integration.execute.rocprofv3-test-conversion-script ...................................................................   Passed   13.96 sec
      Start 708: tests.integration.execute.rocprofv3-test-conversion-script
    Test #708: tests.integration.execute.rocprofv3-test-conversion-script ...................................................................   Passed   14.16 sec
      Start 708: tests.integration.execute.rocprofv3-test-conversion-script
    Test #708: tests.integration.execute.rocprofv3-test-conversion-script ...................................................................***Timeout  45.20 sec
[rocprofv3] Warning: Text file format for counter collection is deprecated and will be removed in a future release.
Please use JSON or YAML format instead.

Example conversion:
Text file (deprecated):
    pmc: counter1 counter2

YAML file (recommended):
    jobs:
      - pmc:
          - counter1
      - pmc:
          - counter2

JSON file (recommended):
    {"jobs":[{"pmc": ["SQ_WAVES"]},{ "pmc":["GRBM_COUNT"]}]}
W0715 10:59:20.698126 1193118 simple_timer.cpp:55] [rocprofv3] tool initialization ::     0.293790 sec
W0715 10:59:20.698715 1193118 simple_timer.cpp:55] [rocprofv3] '/home/ephoukon/rocm-systems/projects/rocprofiler-sdk/build/bin/vector-ops' ::     0.000000 sec
W0715 10:59:20.896771 1193118 tool.cpp:3081] HSA version 1.21.0 initialized (instance=0)
/home/ephoukon/rocm-systems/projects/rocprofiler-sdk/tests/bin/vector-operations/vector-ops.cpp:188 :: HIP error : unspecified launch failure
terminate called after throwing an instance of 'std::runtime_error'
  what():  hip_api_call
W0715 10:59:30.214323 1193118 tool.cpp:3811] [PPID=1193116][PID=1193118][TID=1193118][rocprofv3_error_signal_handler] rocprofv3 caught signal 6...
W0715 10:59:30.214406 1193118 tool.cpp:3834] [PPID=1193116][PID=1193118][TID=1193118][rocprofv3_error_signal_handler] rocprofv3 will wait for 0 children to exit
W0715 10:59:30.214410 1193118 tool.cpp:3849] [PPID=1193116][PID=1193118][TID=1193118][rocprofv3_error_signal_handler] rocprofv3 finalizing after signal 6...
W0715 10:59:30.218491 1193118 simple_timer.cpp:55] [rocprofv3] output generation ::     0.002109 sec
W0715 10:59:30.218599 1193118 simple_timer.cpp:55] [rocprofv3] tool finalization ::     0.002222 sec
W0715 10:59:30.218808 1193118 tool.cpp:3891] [PPID=1193116][PID=1193118][TID=1193118][rocprofv3_error_signal_handler] rocprofv3 found chained signal handler for 6... executing chained sigaction (SIGINFO)
W0715 10:59:30.218853 1193118 tool.cpp:3811] [PPID=1193116][PID=1193118][TID=1193118][rocprofv3_error_signal_handler] rocprofv3 caught signal 6...

      Start 709: tests.integration.execute.rocprofv3-test-conversion-script-convert-no-agent-prefix
Failed test dependencies: tests.integration.execute.rocprofv3-test-conversion-script
    Test #709: tests.integration.execute.rocprofv3-test-conversion-script-convert-no-agent-prefix ...........................................***Not Run   0.00 sec
      Start 706: tests.integration.validate.rocprofv3-test-conversion-script-validate-no-agent-prefix.test_validate_counter_collection_pmc1
Failed test dependencies: tests.integration.execute.rocprofv3-test-conversion-script-convert-no-agent-prefix
    Test #706: tests.integration.validate.rocprofv3-test-conversion-script-validate-no-agent-prefix.test_validate_counter_collection_pmc1 ...***Not Run   0.00 sec
      Start 710: tests.integration.execute.rocprofv3-test-conversion-script-convert-agent-prefix
Failed test dependencies: tests.integration.execute.rocprofv3-test-conversion-script
    Test #710: tests.integration.execute.rocprofv3-test-conversion-script-convert-agent-prefix ..............................................***Not Run   0.00 sec
      Start 707: tests.integration.validate.rocprofv3-test-conversion-script-validate-agent-prefix.test_validate_counter_collection_pmc1
Failed test dependencies: tests.integration.execute.rocprofv3-test-conversion-script-convert-agent-prefix
    Test #707: tests.integration.validate.rocprofv3-test-conversion-script-validate-agent-prefix.test_validate_counter_collection_pmc1 ......***Not Run   0.00 sec

43% tests passed[0;0m, [0;31m8 tests failed[0;0m out of 14

Label Time Summary:
execution            =  52.53 sec*proc (6 tests)
integration-tests    =  53.87 sec*proc (14 tests)
validation           =   1.35 sec*proc (8 tests)

Total Test time (real) = 3045.36 sec

The following tests FAILED:
	[0;33m444 - tests.integration.validate.counter-collection.test_data_structure (Not Run)[0;0m integration-tests validation
	[0;33m445 - tests.integration.validate.counter-collection.test_counter_values (Not Run)[0;0m integration-tests validation
	[0;31m446 - tests.integration.execute.counter-collection (Subprocess aborted)[0;0m execution integration-tests
	[0;33m706 - tests.integration.validate.rocprofv3-test-conversion-script-validate-no-agent-prefix.test_validate_counter_collection_pmc1 (Not Run)[0;0m integration-tests validation
	[0;33m707 - tests.integration.validate.rocprofv3-test-conversion-script-validate-agent-prefix.test_validate_counter_collection_pmc1 (Not Run)[0;0m integration-tests validation
	[0;31m708 - tests.integration.execute.rocprofv3-test-conversion-script (Timeout)[0;0m execution integration-tests
	[0;33m709 - tests.integration.execute.rocprofv3-test-conversion-script-convert-no-agent-prefix (Not Run)[0;0m execution integration-tests
	[0;33m710 - tests.integration.execute.rocprofv3-test-conversion-script-convert-agent-prefix (Not Run)[0;0m execution integration-tests
[ERROR_MESSAGE] 
Errors while running CTest

