function_name,timestamp,duration_seconds,pid,arguments,return_value
"hipMalloc","12:29:47.503780","0.033527","2368223","0x7f8fa21e0a78, 0x17764000, 0x3d94d, 0x20bc3a","0"
"hipMalloc","12:29:47.537518","0.016462","2368223","0x7f8fa21e0a70, 0x17764000, 0, 0","0"
"__hipPushCallConfiguration","12:29:47.776532","0.001485","2368223","0x13600000136, 1, 0x2000000020, 1","0"
"__hipPopCallConfiguration","12:29:47.778072","0.001139","2368223","0x7f8fa21e0a90, 0x7f8fa21e0ad8, 0x7f8fa21e0ad0, 0x7f8fa21e0ac8","0"
"hipMalloc","12:29:47.780578","0.034880","2368222","0x7f8fa29e1a70, 0x17764000, 0, 0","0"
"__hipPushCallConfiguration","12:29:47.928127","0.001494","2368222","0x13600000136, 1, 0x2000000020, 1","0"
"__hipPopCallConfiguration","12:29:47.929742","0.002767","2368222","0x7f8fa29e1a90, 0x7f8fa29e1ad8, 0x7f8fa29e1ad0, 0x7f8fa29e1ac8","0"
"__hipPushCallConfiguration","12:29:48.010535","0.001142","2368223","0x13600000136, 1, 0x2000000020, 1","0"
"__hipPopCallConfiguration","12:29:48.011760","0.001196","2368223","0x7f8fa21e0a90, 0x7f8fa21e0ad8, 0x7f8fa21e0ad0, 0x7f8fa21e0ac8","0"
"hipLaunchKernel","12:29:48.013026","0.001182","2368223","0x7fcfbb7d9280, 0x13600000136, 1, 0x2000000020","0"
"__hipPushCallConfiguration","12:29:48.015341","0.001132","2368223","0x13600000136, 1, 0x2000000020, 1","0"
"__hipPopCallConfiguration","12:29:48.016551","0.001175","2368223","0x7f8fa21e0a90, 0x7f8fa21e0ad8, 0x7f8fa21e0ad0, 0x7f8fa21e0ac8","0"
"hipLaunchKernel","12:29:48.017793","0.001133","2368223","0x7fcfbb7d9280, 0x13600000136, 1, 0x2000000020","0"
"__hipPushCallConfiguration","12:29:48.020058","0.001247","2368223","0x13600000136, 1, 0x2000000020, 1","0"
"__hipPopCallConfiguration","12:29:48.021519","0.001318","2368223","0x7f8fa21e0a90, 0x7f8fa21e0ad8, 0x7f8fa21e0ad0, 0x7f8fa21e0ac8","0"
"hipLaunchKernel","12:29:48.022908","0.001133","2368223","0x7fcfbb7d9280, 0x13600000136, 1, 0x2000000020","0"
"__hipPushCallConfiguration","12:29:48.025255","0.001132","2368223","0x13600000136, 1, 0x2000000020, 1","0"
"__hipPopCallConfiguration","12:29:48.026471","0.001164","2368223","0x7f8fa21e0a90, 0x7f8fa21e0ad8, 0x7f8fa21e0ad0, 0x7f8fa21e0ac8","0"
"hipLaunchKernel","12:29:48.027701","0.001137","2368223","0x7fcfbb7d9280, 0x13600000136, 1, 0x2000000020","0"
"__hipPushCallConfiguration","12:29:48.029993","0.001150","2368223","0x13600000136, 1, 0x2000000020, 1","0"
"__hipPopCallConfiguration","12:29:48.031233","0.001128","2368223","0x7f8fa21e0a90, 0x7f8fa21e0ad8, 0x7f8fa21e0ad0, 0x7f8fa21e0ac8","0"
"hipLaunchKernel","12:29:48.032425","0.001197","2368223","0x7fcfbb7d9280, 0x13600000136, 1, 0x2000000020","0"
"__hipPushCallConfiguration","12:29:48.035205","0.001198","2368223","0x13600000136, 1, 0x2000000020, 1","0"
"__hipPopCallConfiguration","12:29:48.036484","0.001248","2368223","0x7f8fa21e0a90, 0x7f8fa21e0ad8, 0x7f8fa21e0ad0, 0x7f8fa21e0ac8","0"
"hipLaunchKernel","12:29:48.037948","0.001316","2368223","0x7fcfbb7d9280, 0x13600000136, 1, 0x2000000020","0"
"__hipPushCallConfiguration","12:29:48.040436","0.001144","2368223","0x13600000136, 1, 0x2000000020, 1","0"
"__hipPopCallConfiguration","12:29:48.041670","0.001136","2368223","0x7f8fa21e0a90, 0x7f8fa21e0ad8, 0x7f8fa21e0ad0, 0x7f8fa21e0ac8","0"
"hipLaunchKernel","12:29:48.042871","0.001139","2368223","0x7fcfbb7d9280, 0x13600000136, 1, 0x2000000020","0"
"__hipPushCallConfiguration","12:29:48.045182","0.001132","2368223","0x13600000136, 1, 0x2000000020, 1","0"
"__hipPopCallConfiguration","12:29:48.046415","0.001161","2368223","0x7f8fa21e0a90, 0x7f8fa21e0ad8, 0x7f8fa21e0ad0, 0x7f8fa21e0ac8","0"
"hipLaunchKernel","12:29:48.047646","0.001153","2368223","0x7fcfbb7d9280, 0x13600000136, 1, 0x2000000020","0"
"__hipPushCallConfiguration","12:29:48.049962","0.001116","2368223","0x13600000136, 1, 0x2000000020, 1","0"
"__hipPopCallConfiguration","12:29:48.051173","0.001154","2368223","0x7f8fa21e0a90, 0x7f8fa21e0ad8, 0x7f8fa21e0ad0, 0x7f8fa21e0ac8","0"
"hipLaunchKernel","12:29:48.052392","0.001151","2368223","0x7fcfbb7d9280, 0x13600000136, 1, 0x2000000020","0"
"__hipPushCallConfiguration","12:29:48.054777","0.001195","2368223","0x13600000136, 1, 0x2000000020, 1","0"
"__hipPopCallConfiguration","12:29:48.056063","0.001122","2368223","0x7f8fa21e0a90, 0x7f8fa21e0ad8, 0x7f8fa21e0ad0, 0x7f8fa21e0ac8","0"
"hipLaunchKernel","12:29:48.057253","0.001106","2368223","0x7fcfbb7d9280, 0x13600000136, 1, 0x2000000020","0"
"__hipPushCallConfiguration","12:29:48.059538","0.001128","2368223","0x13600000136, 1, 0x2000000020, 1","0"
"__hipPopCallConfiguration","12:29:48.060793","0.001177","2368223","0x7f8fa21e0a90, 0x7f8fa21e0ad8, 0x7f8fa21e0ad0, 0x7f8fa21e0ac8","0"
"hipLaunchKernel","12:29:48.062043","0.001155","2368223","0x7fcfbb7d9280, 0x13600000136, 1, 0x2000000020","0"
"__hipPushCallConfiguration","12:29:48.064354","0.001110","2368223","0x13600000136, 1, 0x2000000020, 1","0"
"__hipPopCallConfiguration","12:29:48.065550","0.001145","2368223","0x7f8fa21e0a90, 0x7f8fa21e0ad8, 0x7f8fa21e0ad0, 0x7f8fa21e0ac8","0"
"hipLaunchKernel","12:29:48.066759","0.001107","2368223","0x7fcfbb7d9280, 0x13600000136, 1, 0x2000000020","0"
"__hipPushCallConfiguration","12:29:48.069008","0.001114","2368223","0x13600000136, 1, 0x2000000020, 1","0"
"__hipPopCallConfiguration","12:29:48.070207","0.001146","2368223","0x7f8fa21e0a90, 0x7f8fa21e0ad8, 0x7f8fa21e0ad0, 0x7f8fa21e0ac8","0"
"hipLaunchKernel","12:29:48.071416","0.001134","2368223","0x7fcfbb7d9280, 0x13600000136, 1, 0x2000000020","0"
"__hipPushCallConfiguration","12:29:48.073778","0.001104","2368223","0x13600000136, 1, 0x2000000020, 1","0"
"__hipPopCallConfiguration","12:29:48.074963","0.030352","2368223","0x7f8fa21e0a90, 0x7f8fa21e0ad8, 0x7f8fa21e0ad0, 0x7f8fa21e0ac8","0"
"hipLaunchKernel","12:29:48.105523","0.001398","2368223","0x7fcfbb7d9280, 0x13600000136, 1, 0x2000000020","0"
"__hipPushCallConfiguration","12:29:48.108094","0.001157","2368223","0x13600000136, 1, 0x2000000020, 1","0"
"__hipPopCallConfiguration","12:29:48.109333","0.001140","2368223","0x7f8fa21e0a90, 0x7f8fa21e0ad8, 0x7f8fa21e0ad0, 0x7f8fa21e0ac8","0"
"hipLaunchKernel","12:29:48.110539","0.001141","2368223","0x7fcfbb7d9280, 0x13600000136, 1, 0x2000000020","0"
"__hipPushCallConfiguration","12:29:48.112863","0.001133","2368223","0x13600000136, 1, 0x2000000020, 1","0"
"__hipPopCallConfiguration","12:29:48.114077","0.001131","2368223","0x7f8fa21e0a90, 0x7f8fa21e0ad8, 0x7f8fa21e0ad0, 0x7f8fa21e0ac8","0"
"hipLaunchKernel","12:29:48.115272","0.001134","2368223","0x7fcfbb7d9280, 0x13600000136, 1, 0x2000000020","0"
"__hipPushCallConfiguration","12:29:48.117531","0.001087","2368223","0x13600000136, 1, 0x2000000020, 1","0"
"__hipPopCallConfiguration","12:29:48.118702","0.001125","2368223","0x7f8fa21e0a90, 0x7f8fa21e0ad8, 0x7f8fa21e0ad0, 0x7f8fa21e0ac8","0"
"hipLaunchKernel","12:29:48.119891","0.001640","2368223","0x7fcfbb7d9280, 0x13600000136, 1, 0x2000000020","0"
"__hipPushCallConfiguration","12:29:48.122696","0.001115","2368223","0x13600000136, 1, 0x2000000020, 1","0"
"__hipPopCallConfiguration","12:29:48.123901","0.001179","2368223","0x7f8fa21e0a90, 0x7f8fa21e0ad8, 0x7f8fa21e0ad0, 0x7f8fa21e0ac8","0"
"hipLaunchKernel","12:29:48.125148","0.001136","2368223","0x7fcfbb7d9280, 0x13600000136, 1, 0x2000000020","0"
"__hipPushCallConfiguration","12:29:48.127472","0.001118","2368223","0x13600000136, 1, 0x2000000020, 1","0"
"__hipPopCallConfiguration","12:29:48.128666","0.001244","2368223","0x7f8fa21e0a90, 0x7f8fa21e0ad8, 0x7f8fa21e0ad0, 0x7f8fa21e0ac8","0"
"hipLaunchKernel","12:29:48.129986","0.001139","2368223","0x7fcfbb7d9280, 0x13600000136, 1, 0x2000000020","0"
"__hipPushCallConfiguration","12:29:48.132386","0.001224","2368223","0x13600000136, 1, 0x2000000020, 1","0"
"__hipPopCallConfiguration","12:29:48.133703","0.001248","2368223","0x7f8fa21e0a90, 0x7f8fa21e0ad8, 0x7f8fa21e0ad0, 0x7f8fa21e0ac8","0"
"hipLaunchKernel","12:29:48.135146","0.001319","2368223","0x7fcfbb7d9280, 0x13600000136, 1, 0x2000000020","0"
"__hipPushCallConfiguration","12:29:48.148083","0.001345","2368223","0x13600000136, 1, 0x2000000020, 1","0"
"__hipPopCallConfiguration","12:29:48.149555","0.001243","2368223","0x7f8fa21e0a90, 0x7f8fa21e0ad8, 0x7f8fa21e0ad0, 0x7f8fa21e0ac8","0"
"__hipPushCallConfiguration","12:29:48.230087","0.000904","2368222","0x13600000136, 1, 0x2000000020, 1","0"
"hipLaunchKernel","12:29:48.234757","0.000907","2368223","0x7fcfbb7d9280, 0x13600000136, 1, 0x2000000020","0"
"__hipPushCallConfiguration","12:29:48.305916","0.000971","2368223","0x13600000136, 1, 0x2000000020, 1","0"
"__hipPopCallConfiguration","12:29:48.306957","0.000946","2368223","0x7f8fa21e0a90, 0x7f8fa21e0ad8, 0x7f8fa21e0ad0, 0x7f8fa21e0ac8","0"
"hipLaunchKernel","12:29:48.307961","0.000982","2368223","0x7fcfbb7d9280, 0x13600000136, 1, 0x2000000020","0"
"__hipPushCallConfiguration","12:29:48.309913","0.030274","2368223","0x13600000136, 1, 0x2000000020, 1","0"
"__hipPopCallConfiguration","12:29:48.340320","0.001028","2368223","0x7f8fa21e0a90, 0x7f8fa21e0ad8, 0x7f8fa21e0ad0, 0x7f8fa21e0ac8","0"
"hipLaunchKernel","12:29:48.341410","0.001024","2368223","0x7fcfbb7d9280, 0x13600000136, 1, 0x2000000020","0"
"__hipPushCallConfiguration","12:29:48.343458","0.001000","2368223","0x13600000136, 1, 0x2000000020, 1","0"
"__hipPopCallConfiguration","12:29:48.344638","0.001088","2368223","0x7f8fa21e0a90, 0x7f8fa21e0ad8, 0x7f8fa21e0ad0, 0x7f8fa21e0ac8","0"
"hipLaunchKernel","12:29:48.345796","0.000907","2368223","0x7fcfbb7d9280, 0x13600000136, 1, 0x2000000020","0"
"__hipPushCallConfiguration","12:29:48.347645","0.000882","2368223","0x13600000136, 1, 0x2000000020, 1","0"
"__hipPopCallConfiguration","12:29:48.348597","0.001043","2368223","0x7f8fa21e0a90, 0x7f8fa21e0ad8, 0x7f8fa21e0ad0, 0x7f8fa21e0ac8","0"
"__hipPopCallConfiguration","12:29:48.357210","0.000906","2368222","0x7f8fa29e1a90, 0x7f8fa29e1ad8, 0x7f8fa29e1ad0, 0x7f8fa29e1ac8","0"
"__hipPopCallConfiguration","12:29:48.382926","0.000955","2368223","0x7f8fa21e0a90, 0x7f8fa21e0ad8, 0x7f8fa21e0ad0, 0x7f8fa21e0ac8","0"
"hipLaunchKernel","12:29:48.383953","0.000997","2368223","0x7fcfbb7d9280, 0x13600000136, 1, 0x2000000020","0"
"__hipPushCallConfiguration","12:29:48.385022","0.000940","2368223","0x13600000136, 1, 0x2000000020, 1","0"
"__hipPopCallConfiguration","12:29:48.394587","0.000871","2368222","0x7f8fa29e1a90, 0x7f8fa29e1ad8, 0x7f8fa29e1ad0, 0x7f8fa29e1ac8","0"
"__hipPushCallConfiguration","12:29:48.416799","0.000961","2368223","0x13600000136, 1, 0x2000000020, 1","0"
"__hipPopCallConfiguration","12:29:48.417850","0.000954","2368223","0x7f8fa21e0a90, 0x7f8fa21e0ad8, 0x7f8fa21e0ad0, 0x7f8fa21e0ac8","0"
"hipLaunchKernel","12:29:48.418865","0.000987","2368223","0x7fcfbb7d9280, 0x13600000136, 1, 0x2000000020","0"
"__hipPushCallConfiguration","12:29:48.420888","0.000959","2368223","0x13600000136, 1, 0x2000000020, 1","0"
"__hipPopCallConfiguration","12:29:48.421897","0.000947","2368223","0x7f8fa21e0a90, 0x7f8fa21e0ad8, 0x7f8fa21e0ad0, 0x7f8fa21e0ac8","0"
"hipLaunchKernel","12:29:48.422897","0.000948","2368223","0x7fcfbb7d9280, 0x13600000136, 1, 0x2000000020","0"
"__hipPushCallConfiguration","12:29:48.424882","0.023792","2368223","0x13600000136, 1, 0x2000000020, 1","0"
"__hipPopCallConfiguration","12:29:48.448861","0.001007","2368223","0x7f8fa21e0a90, 0x7f8fa21e0ad8, 0x7f8fa21e0ad0, 0x7f8fa21e0ac8","0"
"hipLaunchKernel","12:29:48.449936","0.004239","2368223","0x7fcfbb7d9280, 0x13600000136, 1, 0x2000000020","0"
"__hipPushCallConfiguration","12:29:48.455330","0.000879","2368223","0x13600000136, 1, 0x2000000020, 1","0"
"__hipPopCallConfiguration","12:29:48.456288","0.000889","2368223","0x7f8fa21e0a90, 0x7f8fa21e0ad8, 0x7f8fa21e0ad0, 0x7f8fa21e0ac8","0"
"hipLaunchKernel","12:29:48.457240","0.000867","2368223","0x7fcfbb7d9280, 0x13600000136, 1, 0x2000000020","0"
"__hipPushCallConfiguration","12:29:48.536423","0.000969","2368223","0x13600000136, 1, 0x2000000020, 1","0"
"__hipPopCallConfiguration","12:29:48.537450","0.000953","2368223","0x7f8fa21e0a90, 0x7f8fa21e0ad8, 0x7f8fa21e0ad0, 0x7f8fa21e0ac8","0"
"hipLaunchKernel","12:29:48.538447","0.000923","2368223","0x7fcfbb7d9280, 0x13600000136, 1, 0x2000000020","0"
"__hipPushCallConfiguration","12:29:48.540294","0.000893","2368223","0x13600000136, 1, 0x2000000020, 1","0"
"__hipPopCallConfiguration","12:29:48.541237","0.000876","2368223","0x7f8fa21e0a90, 0x7f8fa21e0ad8, 0x7f8fa21e0ad0, 0x7f8fa21e0ac8","0"
"hipLaunchKernel","12:29:48.542156","0.000920","2368223","0x7fcfbb7d9280, 0x13600000136, 1, 0x2000000020","0"
"__hipPushCallConfiguration","12:29:48.544116","0.001027","2368223","0x13600000136, 1, 0x2000000020, 1","0"
"__hipPopCallConfiguration","12:29:48.545278","0.000992","2368223","0x7f8fa21e0a90, 0x7f8fa21e0ad8, 0x7f8fa21e0ad0, 0x7f8fa21e0ac8","0"
"hipLaunchKernel","12:29:48.546321","0.000951","2368223","0x7fcfbb7d9280, 0x13600000136, 1, 0x2000000020","0"
"__hipPushCallConfiguration","12:29:48.548250","0.000977","2368223","0x13600000136, 1, 0x2000000020, 1","0"
"__hipPopCallConfiguration","12:29:48.549305","0.001007","2368223","0x7f8fa21e0a90, 0x7f8fa21e0ad8, 0x7f8fa21e0ad0, 0x7f8fa21e0ac8","0"
"hipLaunchKernel","12:29:48.550360","0.030282","2368223","0x7fcfbb7d9280, 0x13600000136, 1, 0x2000000020","0"
"__hipPushCallConfiguration","12:29:48.581836","0.001056","2368223","0x13600000136, 1, 0x2000000020, 1","0"
"__hipPopCallConfiguration","12:29:48.582968","0.000993","2368223","0x7f8fa21e0a90, 0x7f8fa21e0ad8, 0x7f8fa21e0ad0, 0x7f8fa21e0ac8","0"
"hipLaunchKernel","12:29:48.584011","0.001239","2368223","0x7fcfbb7d9280, 0x13600000136, 1, 0x2000000020","0"
"__hipPushCallConfiguration","12:29:48.586245","0.000996","2368223","0x13600000136, 1, 0x2000000020, 1","0"
"__hipPopCallConfiguration","12:29:48.587379","0.001047","2368223","0x7f8fa21e0a90, 0x7f8fa21e0ad8, 0x7f8fa21e0ad0, 0x7f8fa21e0ac8","0"
"__hipPushCallConfiguration","12:29:48.600106","0.000970","2368223","0x13600000136, 1, 0x2000000020, 1","0"
"__hipPopCallConfiguration","12:29:48.601133","0.000964","2368223","0x7f8fa21e0a90, 0x7f8fa21e0ad8, 0x7f8fa21e0ad0, 0x7f8fa21e0ac8","0"
"hipLaunchKernel","12:29:48.602147","0.000968","2368223","0x7fcfbb7d9280, 0x13600000136, 1, 0x2000000020","0"
"__hipPushCallConfiguration","12:29:48.603166","0.000951","2368223","0x13600000136, 1, 0x2000000020, 1","0"
"__hipPopCallConfiguration","12:29:48.604167","0.000951","2368223","0x7f8fa21e0a90, 0x7f8fa21e0ad8, 0x7f8fa21e0ad0, 0x7f8fa21e0ac8","0"
"hipLaunchKernel","12:29:48.605171","0.000961","2368223","0x7fcfbb7d9280, 0x13600000136, 1, 0x2000000020","0"
"__hipPushCallConfiguration","12:29:48.606182","0.000927","2368223","0x13600000136, 1, 0x2000000020, 1","0"
"hipLaunchKernel","12:29:48.633146","0.001018","2368222","0x7fcfbb7d9280, 0x13600000136, 1, 0x2000000020","0"
"__hipPushCallConfiguration","12:29:48.634221","0.000914","2368222","0x13600000136, 1, 0x2000000020, 1","0"
"hipLaunchKernel","12:29:48.709955","0.001010","2368223","0x7fcfbb7d9280, 0x13600000136, 1, 0x2000000020","0"
"__hipPushCallConfiguration","12:29:48.741568","0.001178","2368222","0x13600000136, 1, 0x2000000020, 1","0"
"__hipPopCallConfiguration","12:29:48.742816","0.000939","2368222","0x7f8fa29e1a90, 0x7f8fa29e1ad8, 0x7f8fa29e1ad0, 0x7f8fa29e1ac8","0"
"__hipPopCallConfiguration","12:29:48.780724","0.030191","2368223","0x7f8fa21e0a90, 0x7f8fa21e0ad8, 0x7f8fa21e0ad0, 0x7f8fa21e0ac8","0"
"hipLaunchKernel","12:29:48.811054","0.001084","2368223","0x7fcfbb7d9280, 0x13600000136, 1, 0x2000000020","0"
"__hipPushCallConfiguration","12:29:48.851081","0.023963","2368222","0x13600000136, 1, 0x2000000020, 1","0"
"__hipPopCallConfiguration","12:29:48.875194","0.001292","2368222","0x7f8fa29e1a90, 0x7f8fa29e1ad8, 0x7f8fa29e1ad0, 0x7f8fa29e1ac8","0"
"__hipPushCallConfiguration","12:29:48.878476","0.001768","2368222","0x13600000136, 1, 0x2000000020, 1","0"
"__hipPushCallConfiguration","12:29:48.932667","0.000990","2368223","0x13600000136, 1, 0x2000000020, 1","0"
"__hipPopCallConfiguration","12:29:48.933712","0.000930","2368223","0x7f8fa21e0a90, 0x7f8fa21e0ad8, 0x7f8fa21e0ad0, 0x7f8fa21e0ac8","0"
"__hipPopCallConfiguration","12:29:48.954182","0.000978","2368222","0x7f8fa29e1a90, 0x7f8fa29e1ad8, 0x7f8fa29e1ad0, 0x7f8fa29e1ac8","0"
"__hipPopCallConfiguration","12:29:49.024023","0.001064","2368223","0x7f8fa21e0a90, 0x7f8fa21e0ad8, 0x7f8fa21e0ad0, 0x7f8fa21e0ac8","0"
"hipLaunchKernel","12:29:49.025237","0.001025","2368223","0x7fcfbb7d9280, 0x13600000136, 1, 0x2000000020","0"
"hipLaunchKernel","12:29:49.043211","0.001070","2368222","0x7fcfbb7d9280, 0x13600000136, 1, 0x2000000020","0"
"__hipPushCallConfiguration","12:29:49.045463","0.001153","2368222","0x13600000136, 1, 0x2000000020, 1","0"
"__hipPopCallConfiguration","12:29:49.053799","0.001109","2368222","0x7f8fa29e1a90, 0x7f8fa29e1ad8, 0x7f8fa29e1ad0, 0x7f8fa29e1ac8","0"
"hipLaunchKernel","12:29:49.054953","0.001082","2368222","0x7fcfbb7d9280, 0x13600000136, 1, 0x2000000020","0"
"__hipPushCallConfiguration","12:29:49.056961","0.000884","2368222","0x13600000136, 1, 0x2000000020, 1","0"
"__hipPopCallConfiguration","12:29:49.057899","0.000890","2368222","0x7f8fa29e1a90, 0x7f8fa29e1ad8, 0x7f8fa29e1ad0, 0x7f8fa29e1ac8","0"
"hipLaunchKernel","12:29:49.058835","0.000891","2368222","0x7fcfbb7d9280, 0x13600000136, 1, 0x2000000020","0"
"__hipPushCallConfiguration","12:29:49.060612","0.000895","2368222","0x13600000136, 1, 0x2000000020, 1","0"
"__hipPopCallConfiguration","12:29:49.061560","0.000910","2368222","0x7f8fa29e1a90, 0x7f8fa29e1ad8, 0x7f8fa29e1ad0, 0x7f8fa29e1ac8","0"
"hipLaunchKernel","12:29:49.062514","0.000916","2368222","0x7fcfbb7d9280, 0x13600000136, 1, 0x2000000020","0"
"__hipPushCallConfiguration","12:29:49.064336","0.000921","2368222","0x13600000136, 1, 0x2000000020, 1","0"
"__hipPopCallConfiguration","12:29:49.065310","0.000941","2368222","0x7f8fa29e1a90, 0x7f8fa29e1ad8, 0x7f8fa29e1ad0, 0x7f8fa29e1ac8","0"
"hipLaunchKernel","12:29:49.066295","0.000967","2368222","0x7fcfbb7d9280, 0x13600000136, 1, 0x2000000020","0"
"__hipPushCallConfiguration","12:29:49.068243","0.000967","2368222","0x13600000136, 1, 0x2000000020, 1","0"
"__hipPopCallConfiguration","12:29:49.069264","0.000982","2368222","0x7f8fa29e1a90, 0x7f8fa29e1ad8, 0x7f8fa29e1ad0, 0x7f8fa29e1ac8","0"
"hipLaunchKernel","12:29:49.070295","0.000957","2368222","0x7fcfbb7d9280, 0x13600000136, 1, 0x2000000020","0"
"__hipPushCallConfiguration","12:29:49.072206","0.000952","2368222","0x13600000136, 1, 0x2000000020, 1","0"
"__hipPopCallConfiguration","12:29:49.073208","0.000952","2368222","0x7f8fa29e1a90, 0x7f8fa29e1ad8, 0x7f8fa29e1ad0, 0x7f8fa29e1ac8","0"
"hipLaunchKernel","12:29:49.074206","0.000941","2368222","0x7fcfbb7d9280, 0x13600000136, 1, 0x2000000020","0"
"__hipPushCallConfiguration","12:29:49.076102","0.007597","2368222","0x13600000136, 1, 0x2000000020, 1","0"
"__hipPopCallConfiguration","12:29:49.083833","0.001031","2368222","0x7f8fa29e1a90, 0x7f8fa29e1ad8, 0x7f8fa29e1ad0, 0x7f8fa29e1ac8","0"
"hipLaunchKernel","12:29:49.084940","0.000974","2368222","0x7fcfbb7d9280, 0x13600000136, 1, 0x2000000020","0"
"__hipPushCallConfiguration","12:29:49.087092","0.000896","2368222","0x13600000136, 1, 0x2000000020, 1","0"
"__hipPopCallConfiguration","12:29:49.088041","0.000897","2368222","0x7f8fa29e1a90, 0x7f8fa29e1ad8, 0x7f8fa29e1ad0, 0x7f8fa29e1ac8","0"
"hipLaunchKernel","12:29:49.088992","0.000944","2368222","0x7fcfbb7d9280, 0x13600000136, 1, 0x2000000020","0"
"__hipPushCallConfiguration","12:29:49.089990","0.000923","2368222","0x13600000136, 1, 0x2000000020, 1","0"
"__hipPopCallConfiguration","12:29:49.090967","0.000924","2368222","0x7f8fa29e1a90, 0x7f8fa29e1ad8, 0x7f8fa29e1ad0, 0x7f8fa29e1ac8","0"
"hipLaunchKernel","12:29:49.091943","0.000918","2368222","0x7fcfbb7d9280, 0x13600000136, 1, 0x2000000020","0"
"__hipPushCallConfiguration","12:29:49.093093","0.000921","2368222","0x13600000136, 1, 0x2000000020, 1","0"
"__hipPopCallConfiguration","12:29:49.105045","0.000926","2368222","0x7f8fa29e1a90, 0x7f8fa29e1ad8, 0x7f8fa29e1ad0, 0x7f8fa29e1ac8","0"
"hipLaunchKernel","12:29:49.106018","0.000916","2368222","0x7fcfbb7d9280, 0x13600000136, 1, 0x2000000020","0"
"__hipPushCallConfiguration","12:29:49.107819","0.000875","2368222","0x13600000136, 1, 0x2000000020, 1","0"
"__hipPopCallConfiguration","12:29:49.108744","0.000914","2368222","0x7f8fa29e1a90, 0x7f8fa29e1ad8, 0x7f8fa29e1ad0, 0x7f8fa29e1ac8","0"
"hipLaunchKernel","12:29:49.109749","0.000903","2368222","0x7fcfbb7d9280, 0x13600000136, 1, 0x2000000020","0"
"__hipPushCallConfiguration","12:29:49.111557","0.000874","2368222","0x13600000136, 1, 0x2000000020, 1","0"
"__hipPopCallConfiguration","12:29:49.112479","0.000921","2368222","0x7f8fa29e1a90, 0x7f8fa29e1ad8, 0x7f8fa29e1ad0, 0x7f8fa29e1ac8","0"
"hipLaunchKernel","12:29:49.113448","0.000869","2368222","0x7fcfbb7d9280, 0x13600000136, 1, 0x2000000020","0"
"__hipPushCallConfiguration","12:29:49.123638","0.000913","2368222","0x13600000136, 1, 0x2000000020, 1","0"
"__hipPopCallConfiguration","12:29:49.124612","0.000885","2368222","0x7f8fa29e1a90, 0x7f8fa29e1ad8, 0x7f8fa29e1ad0, 0x7f8fa29e1ac8","0"
"hipLaunchKernel","12:29:49.131076","0.000894","2368222","0x7fcfbb7d9280, 0x13600000136, 1, 0x2000000020","0"
"__hipPushCallConfiguration","12:29:49.133077","0.029216","2368222","0x13600000136, 1, 0x2000000020, 1","0"
"__hipPopCallConfiguration","12:29:49.162441","0.001003","2368222","0x7f8fa29e1a90, 0x7f8fa29e1ad8, 0x7f8fa29e1ad0, 0x7f8fa29e1ac8","0"
"hipLaunchKernel","12:29:49.163499","0.000931","2368222","0x7fcfbb7d9280, 0x13600000136, 1, 0x2000000020","0"
"__hipPushCallConfiguration","12:29:49.165382","0.000863","2368222","0x13600000136, 1, 0x2000000020, 1","0"
"__hipPopCallConfiguration","12:29:49.166298","0.000901","2368222","0x7f8fa29e1a90, 0x7f8fa29e1ad8, 0x7f8fa29e1ad0, 0x7f8fa29e1ac8","0"
"hipLaunchKernel","12:29:49.167255","0.000869","2368222","0x7fcfbb7d9280, 0x13600000136, 1, 0x2000000020","0"
"__hipPushCallConfiguration","12:29:49.169104","0.000857","2368222","0x13600000136, 1, 0x2000000020, 1","0"
"__hipPopCallConfiguration","12:29:49.170038","0.000845","2368222","0x7f8fa29e1a90, 0x7f8fa29e1ad8, 0x7f8fa29e1ad0, 0x7f8fa29e1ac8","0"
"hipLaunchKernel","12:29:49.170941","0.000867","2368222","0x7fcfbb7d9280, 0x13600000136, 1, 0x2000000020","0"
"hipLaunchKernel","12:29:49.211077","0.000880","2368222","0x7fcfbb7d9280, 0x13600000136, 1, 0x2000000020","0"
"__hipPushCallConfiguration","12:29:49.212926","0.005672","2368222","0x13600000136, 1, 0x2000000020, 1","0"
"hipLaunchKernel","12:29:49.219724","0.000982","2368222","0x7fcfbb7d9280, 0x13600000136, 1, 0x2000000020","0"
"__hipPushCallConfiguration","12:29:49.221053","0.001021","2368222","0x13600000136, 1, 0x2000000020, 1","0"
"__hipPopCallConfiguration","12:29:49.222132","0.000887","2368222","0x7f8fa29e1a90, 0x7f8fa29e1ad8, 0x7f8fa29e1ad0, 0x7f8fa29e1ac8","0"
"hipLaunchKernel","12:29:49.223069","0.000927","2368222","0x7fcfbb7d9280, 0x13600000136, 1, 0x2000000020","0"
"__hipPushCallConfiguration","12:29:49.224052","0.000908","2368222","0x13600000136, 1, 0x2000000020, 1","0"
"__hipPopCallConfiguration","12:29:49.225010","0.000894","2368222","0x7f8fa29e1a90, 0x7f8fa29e1ad8, 0x7f8fa29e1ad0, 0x7f8fa29e1ac8","0"
"hipLaunchKernel","12:29:49.225954","0.029474","2368222","0x7fcfbb7d9280, 0x13600000136, 1, 0x2000000020","0"
"__hipPushCallConfiguration","12:29:49.255554","0.001100","2368222","0x13600000136, 1, 0x2000000020, 1","0"
"__hipPopCallConfiguration","12:29:49.256759","0.005813","2368222","0x7f8fa29e1a90, 0x7f8fa29e1ad8, 0x7f8fa29e1ad0, 0x7f8fa29e1ac8","0"
"hipLaunchKernel","12:29:49.262652","0.001046","2368222","0x7fcfbb7d9280, 0x13600000136, 1, 0x2000000020","0"
"__hipPushCallConfiguration","12:29:49.263876","0.001136","2368222","0x13600000136, 1, 0x2000000020, 1","0"
"__hipPopCallConfiguration","12:29:49.265079","0.001127","2368222","0x7f8fa29e1a90, 0x7f8fa29e1ad8, 0x7f8fa29e1ad0, 0x7f8fa29e1ac8","0"
"hipLaunchKernel","12:29:49.266267","0.001111","2368222","0x7fcfbb7d9280, 0x13600000136, 1, 0x2000000020","0"
"__hipPushCallConfiguration","12:29:49.267437","0.001134","2368222","0x13600000136, 1, 0x2000000020, 1","0"
"__hipPopCallConfiguration","12:29:49.268637","0.011800","2368222","0x7f8fa29e1a90, 0x7f8fa29e1ad8, 0x7f8fa29e1ad0, 0x7f8fa29e1ac8","0"
"hipLaunchKernel","12:29:49.280545","0.008705","2368222","0x7fcfbb7d9280, 0x13600000136, 1, 0x2000000020","0"
"__hipPushCallConfiguration","12:29:49.289328","0.000983","2368222","0x13600000136, 1, 0x2000000020, 1","0"
"__hipPopCallConfiguration","12:29:49.290367","0.001017","2368222","0x7f8fa29e1a90, 0x7f8fa29e1ad8, 0x7f8fa29e1ad0, 0x7f8fa29e1ac8","0"
"hipLaunchKernel","12:29:49.291486","0.001207","2368222","0x7fcfbb7d9280, 0x13600000136, 1, 0x2000000020","0"
"__hipPushCallConfiguration","12:29:49.292759","0.001180","2368222","0x13600000136, 1, 0x2000000020, 1","0"
"__hipPopCallConfiguration","12:29:49.305042","0.001735","2368223","0x7f8fa21e0a90, 0x7f8fa21e0ad8, 0x7f8fa21e0ad0, 0x7f8fa21e0ac8","0"
"__hipPopCallConfiguration","12:29:49.372359","0.000987","2368223","0x7f8fa21e0a90, 0x7f8fa21e0ad8, 0x7f8fa21e0ad0, 0x7f8fa21e0ac8","0"
"hipLaunchKernel","12:29:49.373414","0.000918","2368223","0x7fcfbb7d9280, 0x13600000136, 1, 0x2000000020","0"
"__hipPushCallConfiguration","12:29:49.415503","0.029484","2368222","0x13600000136, 1, 0x2000000020, 1","0"
"hipLaunchKernel","12:29:49.493376","0.001141","2368223","0x7fcfbb7d9280, 0x13600000136, 1, 0x2000000020","0"
"__hipPushCallConfiguration","12:29:49.495734","0.001091","2368223","0x13600000136, 1, 0x2000000020, 1","0"
"__hipPopCallConfiguration","12:29:49.497049","0.001098","2368223","0x7f8fa21e0a90, 0x7f8fa21e0ad8, 0x7f8fa21e0ad0, 0x7f8fa21e0ac8","0"
"__hipPushCallConfiguration","12:29:49.500411","0.001096","2368223","0x13600000136, 1, 0x2000000020, 1","0"
"__hipPopCallConfiguration","12:29:49.501569","0.001101","2368223","0x7f8fa21e0a90, 0x7f8fa21e0ad8, 0x7f8fa21e0ad0, 0x7f8fa21e0ac8","0"
"hipLaunchKernel","12:29:49.502731","0.001112","2368223","0x7fcfbb7d9280, 0x13600000136, 1, 0x2000000020","0"
"__hipPushCallConfiguration","12:29:49.503903","0.001151","2368223","0x13600000136, 1, 0x2000000020, 1","0"
"__hipPopCallConfiguration","12:29:49.505117","0.001057","2368223","0x7f8fa21e0a90, 0x7f8fa21e0ad8, 0x7f8fa21e0ad0, 0x7f8fa21e0ac8","0"
"hipLaunchKernel","12:29:49.506224","0.000903","2368223","0x7fcfbb7d9280, 0x13600000136, 1, 0x2000000020","0"
"__hipPushCallConfiguration","12:29:49.507181","0.000938","2368223","0x13600000136, 1, 0x2000000020, 1","0"
"__hipPopCallConfiguration","12:29:49.508171","0.000992","2368223","0x7f8fa21e0a90, 0x7f8fa21e0ad8, 0x7f8fa21e0ad0, 0x7f8fa21e0ac8","0"
"hipLaunchKernel","12:29:49.509219","0.000927","2368223","0x7fcfbb7d9280, 0x13600000136, 1, 0x2000000020","0"
"__hipPushCallConfiguration","12:29:49.510202","0.000911","2368223","0x13600000136, 1, 0x2000000020, 1","0"
"__hipPopCallConfiguration","12:29:49.511166","0.000918","2368223","0x7f8fa21e0a90, 0x7f8fa21e0ad8, 0x7f8fa21e0ad0, 0x7f8fa21e0ac8","0"
"hipLaunchKernel","12:29:49.512136","0.000929","2368223","0x7fcfbb7d9280, 0x13600000136, 1, 0x2000000020","0"
"__hipPushCallConfiguration","12:29:49.513394","0.000976","2368223","0x13600000136, 1, 0x2000000020, 1","0"
"__hipPopCallConfiguration","12:29:49.514422","0.029311","2368223","0x7f8fa21e0a90, 0x7f8fa21e0ad8, 0x7f8fa21e0ad0, 0x7f8fa21e0ac8","0"
"hipLaunchKernel","12:29:49.543882","0.001474","2368223","0x7fcfbb7d9280, 0x13600000136, 1, 0x2000000020","0"
"__hipPushCallConfiguration","12:29:49.545497","0.001079","2368223","0x13600000136, 1, 0x2000000020, 1","0"
"__hipPopCallConfiguration","12:29:49.546633","0.000897","2368223","0x7f8fa21e0a90, 0x7f8fa21e0ad8, 0x7f8fa21e0ad0, 0x7f8fa21e0ac8","0"
"hipLaunchKernel","12:29:49.547582","0.000901","2368223","0x7fcfbb7d9280, 0x13600000136, 1, 0x2000000020","0"
"__hipPushCallConfiguration","12:29:49.548534","0.000929","2368223","0x13600000136, 1, 0x2000000020, 1","0"
"__hipPopCallConfiguration","12:29:49.549518","0.000888","2368223","0x7f8fa21e0a90, 0x7f8fa21e0ad8, 0x7f8fa21e0ad0, 0x7f8fa21e0ac8","0"
"hipLaunchKernel","12:29:49.550459","0.000899","2368223","0x7fcfbb7d9280, 0x13600000136, 1, 0x2000000020","0"
"__hipPushCallConfiguration","12:29:49.551408","0.000915","2368223","0x13600000136, 1, 0x2000000020, 1","0"
"__hipPopCallConfiguration","12:29:49.552374","0.000899","2368223","0x7f8fa21e0a90, 0x7f8fa21e0ad8, 0x7f8fa21e0ad0, 0x7f8fa21e0ac8","0"
"hipLaunchKernel","12:29:49.553324","0.000917","2368223","0x7fcfbb7d9280, 0x13600000136, 1, 0x2000000020","0"
"__hipPushCallConfiguration","12:29:49.554321","0.000918","2368223","0x13600000136, 1, 0x2000000020, 1","0"
"__hipPopCallConfiguration","12:29:49.555289","0.000900","2368223","0x7f8fa21e0a90, 0x7f8fa21e0ad8, 0x7f8fa21e0ad0, 0x7f8fa21e0ac8","0"
"hipLaunchKernel","12:29:49.556239","0.000926","2368223","0x7fcfbb7d9280, 0x13600000136, 1, 0x2000000020","0"
"__hipPushCallConfiguration","12:29:49.557218","0.000914","2368223","0x13600000136, 1, 0x2000000020, 1","0"
"__hipPopCallConfiguration","12:29:49.558203","0.000887","2368223","0x7f8fa21e0a90, 0x7f8fa21e0ad8, 0x7f8fa21e0ad0, 0x7f8fa21e0ac8","0"
"hipLaunchKernel","12:29:49.559141","0.000912","2368223","0x7fcfbb7d9280, 0x13600000136, 1, 0x2000000020","0"
"__hipPushCallConfiguration","12:29:49.560105","0.000929","2368223","0x13600000136, 1, 0x2000000020, 1","0"
"__hipPopCallConfiguration","12:29:49.561086","0.000920","2368223","0x7f8fa21e0a90, 0x7f8fa21e0ad8, 0x7f8fa21e0ad0, 0x7f8fa21e0ac8","0"
"hipLaunchKernel","12:29:49.562058","0.000930","2368223","0x7fcfbb7d9280, 0x13600000136, 1, 0x2000000020","0"
"__hipPushCallConfiguration","12:29:49.563041","0.001456","2368223","0x13600000136, 1, 0x2000000020, 1","0"
"__hipPopCallConfiguration","12:29:49.564547","0.000941","2368223","0x7f8fa21e0a90, 0x7f8fa21e0ad8, 0x7f8fa21e0ad0, 0x7f8fa21e0ac8","0"
"hipLaunchKernel","12:29:49.565542","0.000896","2368223","0x7fcfbb7d9280, 0x13600000136, 1, 0x2000000020","0"
"__hipPushCallConfiguration","12:29:49.566515","0.000892","2368223","0x13600000136, 1, 0x2000000020, 1","0"
"__hipPopCallConfiguration","12:29:49.567458","0.000892","2368223","0x7f8fa21e0a90, 0x7f8fa21e0ad8, 0x7f8fa21e0ad0, 0x7f8fa21e0ac8","0"
"hipLaunchKernel","12:29:49.568400","0.000910","2368223","0x7fcfbb7d9280, 0x13600000136, 1, 0x2000000020","0"
"__hipPushCallConfiguration","12:29:49.569388","0.000899","2368223","0x13600000136, 1, 0x2000000020, 1","0"
"__hipPopCallConfiguration","12:29:49.570336","0.000894","2368223","0x7f8fa21e0a90, 0x7f8fa21e0ad8, 0x7f8fa21e0ad0, 0x7f8fa21e0ac8","0"
"hipLaunchKernel","12:29:49.571283","0.000900","2368223","0x7fcfbb7d9280, 0x13600000136, 1, 0x2000000020","0"
"__hipPushCallConfiguration","12:29:49.572517","0.004992","2368223","0x13600000136, 1, 0x2000000020, 1","0"
"__hipPopCallConfiguration","12:29:49.577639","0.001169","2368223","0x7f8fa21e0a90, 0x7f8fa21e0ad8, 0x7f8fa21e0ad0, 0x7f8fa21e0ac8","0"
"hipLaunchKernel","12:29:49.578875","0.001140","2368223","0x7fcfbb7d9280, 0x13600000136, 1, 0x2000000020","0"
"__hipPushCallConfiguration","12:29:49.580081","0.001148","2368223","0x13600000136, 1, 0x2000000020, 1","0"
"__hipPopCallConfiguration","12:29:49.581296","0.001104","2368223","0x7f8fa21e0a90, 0x7f8fa21e0ad8, 0x7f8fa21e0ad0, 0x7f8fa21e0ac8","0"
"hipLaunchKernel","12:29:49.582462","0.001128","2368223","0x7fcfbb7d9280, 0x13600000136, 1, 0x2000000020","0"
"__hipPopCallConfiguration","12:29:49.689090","0.000938","2368218","0x7fc7b55ebdb8, 0x7fc7b55ebda8, 0x7fc7b55ebda0, 0x7fc7b55ebd98","0"
"hipLaunchKernel","12:29:49.690086","0.012432","2368218","0x7fcfbb7c5fc0, 0x80000000040, 1, 0x100000040","0"
"hipLaunchKernel","12:29:49.709615","0.000957","2368218","0x7fcfbb7c5fc8, 0x80000000040, 1, 0x100000040","0"
"__hipPushCallConfiguration","12:29:49.710663","0.000978","2368218","0x80000000040, 1, 0x100000040, 1","0"
"__hipPushCallConfiguration","12:29:49.794279","0.000877","2368223","0x13600000136, 1, 0x2000000020, 1","0"
"hipLaunchKernel","12:29:49.804444","0.001025","2368223","0x7fcfbb7d9280, 0x13600000136, 1, 0x2000000020","0"
"__hipPopCallConfiguration","12:29:49.851612","0.000864","2368223","0x7f8fa21e0a90, 0x7f8fa21e0ad8, 0x7f8fa21e0ad0, 0x7f8fa21e0ac8","0"
"__hipPushCallConfiguration","12:29:49.855497","0.000991","2368218","0x80000000040, 1, 0x100000040, 1","0"
"hipLaunchKernel","12:29:49.861525","0.001184","2368223","0x7fcfbb7d9280, 0x13600000136, 1, 0x2000000020","0"
"__hipPopCallConfiguration","12:29:49.877220","0.000909","2368223","0x7f8fa21e0a90, 0x7f8fa21e0ad8, 0x7f8fa21e0ad0, 0x7f8fa21e0ac8","0"
"__hipPushCallConfiguration","12:29:49.884323","0.029918","2368222","0x13600000136, 1, 0x2000000020, 1","0"
"hipLaunchKernel","12:29:49.916228","0.000922","2368222","0x7fcfbb7d9280, 0x13600000136, 1, 0x2000000020","0"
"__hipPushCallConfiguration","12:29:49.918078","0.000890","2368222","0x13600000136, 1, 0x2000000020, 1","0"
"__hipPopCallConfiguration","12:29:49.919020","0.000898","2368222","0x7f8fa29e1a90, 0x7f8fa29e1ad8, 0x7f8fa29e1ad0, 0x7f8fa29e1ac8","0"
"__hipPopCallConfiguration","12:29:49.935696","0.000915","2368222","0x7f8fa29e1a90, 0x7f8fa29e1ad8, 0x7f8fa29e1ad0, 0x7f8fa29e1ac8","0"
"hipLaunchKernel","12:29:49.942226","0.000896","2368222","0x7fcfbb7d9280, 0x13600000136, 1, 0x2000000020","0"
"__hipPushCallConfiguration","12:29:49.944006","0.000912","2368222","0x13600000136, 1, 0x2000000020, 1","0"
"__hipPopCallConfiguration","12:29:49.944970","0.000905","2368222","0x7f8fa29e1a90, 0x7f8fa29e1ad8, 0x7f8fa29e1ad0, 0x7f8fa29e1ac8","0"
"hipLaunchKernel","12:29:49.945919","0.000893","2368222","0x7fcfbb7d9280, 0x13600000136, 1, 0x2000000020","0"
"__hipPushCallConfiguration","12:29:49.947710","0.000869","2368222","0x13600000136, 1, 0x2000000020, 1","0"
"__hipPopCallConfiguration","12:29:49.948630","0.000903","2368222","0x7f8fa29e1a90, 0x7f8fa29e1ad8, 0x7f8fa29e1ad0, 0x7f8fa29e1ac8","0"
"hipLaunchKernel","12:29:49.949578","0.000891","2368222","0x7fcfbb7d9280, 0x13600000136, 1, 0x2000000020","0"
"__hipPushCallConfiguration","12:29:49.951371","0.000878","2368222","0x13600000136, 1, 0x2000000020, 1","0"
"__hipPopCallConfiguration","12:29:49.952299","0.000901","2368222","0x7f8fa29e1a90, 0x7f8fa29e1ad8, 0x7f8fa29e1ad0, 0x7f8fa29e1ac8","0"
"hipLaunchKernel","12:29:49.953247","0.000895","2368222","0x7fcfbb7d9280, 0x13600000136, 1, 0x2000000020","0"
"__hipPushCallConfiguration","12:29:49.955027","0.000894","2368222","0x13600000136, 1, 0x2000000020, 1","0"
"__hipPopCallConfiguration","12:29:49.955970","0.000893","2368222","0x7f8fa29e1a90, 0x7f8fa29e1ad8, 0x7f8fa29e1ad0, 0x7f8fa29e1ac8","0"
"hipLaunchKernel","12:29:49.956943","0.000890","2368222","0x7fcfbb7d9280, 0x13600000136, 1, 0x2000000020","0"
"__hipPushCallConfiguration","12:29:49.958717","0.000891","2368222","0x13600000136, 1, 0x2000000020, 1","0"
"__hipPopCallConfiguration","12:29:49.959658","0.000888","2368222","0x7f8fa29e1a90, 0x7f8fa29e1ad8, 0x7f8fa29e1ad0, 0x7f8fa29e1ac8","0"
"hipLaunchKernel","12:29:49.960588","0.000902","2368222","0x7fcfbb7d9280, 0x13600000136, 1, 0x2000000020","0"
"__hipPushCallConfiguration","12:29:49.962375","0.000885","2368222","0x13600000136, 1, 0x2000000020, 1","0"
"__hipPopCallConfiguration","12:29:49.963309","0.000887","2368222","0x7f8fa29e1a90, 0x7f8fa29e1ad8, 0x7f8fa29e1ad0, 0x7f8fa29e1ac8","0"
"hipLaunchKernel","12:29:49.964239","0.000901","2368222","0x7fcfbb7d9280, 0x13600000136, 1, 0x2000000020","0"
"__hipPushCallConfiguration","12:29:49.966270","0.000996","2368222","0x13600000136, 1, 0x2000000020, 1","0"
"__hipPopCallConfiguration","12:29:49.967367","0.000935","2368222","0x7f8fa29e1a90, 0x7f8fa29e1ad8, 0x7f8fa29e1ad0, 0x7f8fa29e1ac8","0"
"hipLaunchKernel","12:29:49.973832","0.000957","2368222","0x7fcfbb7d9280, 0x13600000136, 1, 0x2000000020","0"
"__hipPushCallConfiguration","12:29:49.975680","0.000897","2368222","0x13600000136, 1, 0x2000000020, 1","0"
"__hipPopCallConfiguration","12:29:49.976627","0.000910","2368222","0x7f8fa29e1a90, 0x7f8fa29e1ad8, 0x7f8fa29e1ad0, 0x7f8fa29e1ac8","0"
"hipLaunchKernel","12:29:49.977584","0.000890","2368222","0x7fcfbb7d9280, 0x13600000136, 1, 0x2000000020","0"
"__hipPushCallConfiguration","12:29:49.979358","0.000904","2368222","0x13600000136, 1, 0x2000000020, 1","0"
"__hipPopCallConfiguration","12:29:49.980314","0.000901","2368222","0x7f8fa29e1a90, 0x7f8fa29e1ad8, 0x7f8fa29e1ad0, 0x7f8fa29e1ac8","0"
"hipLaunchKernel","12:29:49.981261","0.000894","2368222","0x7fcfbb7d9280, 0x13600000136, 1, 0x2000000020","0"
"__hipPushCallConfiguration","12:29:49.983038","0.000890","2368222","0x13600000136, 1, 0x2000000020, 1","0"
"__hipPopCallConfiguration","12:29:49.983977","0.000903","2368222","0x7f8fa29e1a90, 0x7f8fa29e1ad8, 0x7f8fa29e1ad0, 0x7f8fa29e1ac8","0"
"hipLaunchKernel","12:29:49.984926","0.000895","2368222","0x7fcfbb7d9280, 0x13600000136, 1, 0x2000000020","0"
"__hipPushCallConfiguration","12:29:49.986708","0.000887","2368222","0x13600000136, 1, 0x2000000020, 1","0"
"__hipPopCallConfiguration","12:29:49.987645","0.000894","2368222","0x7f8fa29e1a90, 0x7f8fa29e1ad8, 0x7f8fa29e1ad0, 0x7f8fa29e1ac8","0"
"hipLaunchKernel","12:29:49.988583","0.000906","2368222","0x7fcfbb7d9280, 0x13600000136, 1, 0x2000000020","0"
"__hipPushCallConfiguration","12:29:49.990380","0.000905","2368222","0x13600000136, 1, 0x2000000020, 1","0"
"__hipPopCallConfiguration","12:29:49.991336","0.000900","2368222","0x7f8fa29e1a90, 0x7f8fa29e1ad8, 0x7f8fa29e1ad0, 0x7f8fa29e1ac8","0"
"hipLaunchKernel","12:29:49.992280","0.000902","2368222","0x7fcfbb7d9280, 0x13600000136, 1, 0x2000000020","0"
"__hipPushCallConfiguration","12:29:49.994090","0.000890","2368222","0x13600000136, 1, 0x2000000020, 1","0"
"__hipPopCallConfiguration","12:29:49.995034","0.000889","2368222","0x7f8fa29e1a90, 0x7f8fa29e1ad8, 0x7f8fa29e1ad0, 0x7f8fa29e1ac8","0"
"hipLaunchKernel","12:29:49.995967","0.000894","2368222","0x7fcfbb7d9280, 0x13600000136, 1, 0x2000000020","0"
"__hipPushCallConfiguration","12:29:49.997757","0.000897","2368222","0x13600000136, 1, 0x2000000020, 1","0"
"__hipPopCallConfiguration","12:29:49.998705","0.000890","2368222","0x7f8fa29e1a90, 0x7f8fa29e1ad8, 0x7f8fa29e1ad0, 0x7f8fa29e1ac8","0"
"hipLaunchKernel","12:29:49.999638","0.000888","2368222","0x7fcfbb7d9280, 0x13600000136, 1, 0x2000000020","0"
"__hipPushCallConfiguration","12:29:50.001421","0.000908","2368222","0x13600000136, 1, 0x2000000020, 1","0"
"__hipPopCallConfiguration","12:29:50.002394","0.000900","2368222","0x7f8fa29e1a90, 0x7f8fa29e1ad8, 0x7f8fa29e1ad0, 0x7f8fa29e1ac8","0"
"hipLaunchKernel","12:29:50.003338","0.000897","2368222","0x7fcfbb7d9280, 0x13600000136, 1, 0x2000000020","0"
"__hipPushCallConfiguration","12:29:50.010834","0.000854","2368222","0x13600000136, 1, 0x2000000020, 1","0"
"__hipPopCallConfiguration","12:29:50.011731","0.000935","2368222","0x7f8fa29e1a90, 0x7f8fa29e1ad8, 0x7f8fa29e1ad0, 0x7f8fa29e1ac8","0"
"hipLaunchKernel","12:29:50.012711","0.000919","2368222","0x7fcfbb7d9280, 0x13600000136, 1, 0x2000000020","0"
"__hipPushCallConfiguration","12:29:50.014131","0.000507","2368222","0x13600000136, 1, 0x2000000020, 1","0"
"__hipPopCallConfiguration","12:29:50.014680","0.000513","2368222","0x7f8fa29e1a90, 0x7f8fa29e1ad8, 0x7f8fa29e1ad0, 0x7f8fa29e1ac8","0"
"hipLaunchKernel","12:29:50.015230","0.000645","2368222","0x7fcfbb7d9280, 0x13600000136, 1, 0x2000000020","0"
"__hipPushCallConfiguration","12:29:50.016963","0.030220","2368222","0x13600000136, 1, 0x2000000020, 1","0"
"__hipPopCallConfiguration","12:29:50.047289","0.000561","2368222","0x7f8fa29e1a90, 0x7f8fa29e1ad8, 0x7f8fa29e1ad0, 0x7f8fa29e1ac8","0"
"hipLaunchKernel","12:29:50.047935","0.000585","2368222","0x7fcfbb7d9280, 0x13600000136, 1, 0x2000000020","0"
"__hipPushCallConfiguration","12:29:50.049018","0.000481","2368222","0x13600000136, 1, 0x2000000020, 1","0"
"__hipPopCallConfiguration","12:29:50.049538","0.000486","2368222","0x7f8fa29e1a90, 0x7f8fa29e1ad8, 0x7f8fa29e1ad0, 0x7f8fa29e1ac8","0"
"hipLaunchKernel","12:29:50.050062","0.000479","2368222","0x7fcfbb7d9280, 0x13600000136, 1, 0x2000000020","0"
"__hipPushCallConfiguration","12:29:50.051031","0.000479","2368222","0x13600000136, 1, 0x2000000020, 1","0"
"__hipPopCallConfiguration","12:29:50.051555","0.000486","2368222","0x7f8fa29e1a90, 0x7f8fa29e1ad8, 0x7f8fa29e1ad0, 0x7f8fa29e1ac8","0"
"hipLaunchKernel","12:29:50.052076","0.000482","2368222","0x7fcfbb7d9280, 0x13600000136, 1, 0x2000000020","0"
"__hipPushCallConfiguration","12:29:50.053054","0.000474","2368222","0x13600000136, 1, 0x2000000020, 1","0"
"__hipPopCallConfiguration","12:29:50.056506","0.000497","2368222","0x7f8fa29e1a90, 0x7f8fa29e1ad8, 0x7f8fa29e1ad0, 0x7f8fa29e1ac8","0"
"hipLaunchKernel","12:29:50.057040","0.000483","2368222","0x7fcfbb7d9280, 0x13600000136, 1, 0x2000000020","0"
"__hipPushCallConfiguration","12:29:50.062520","0.000510","2368222","0x13600000136, 1, 0x2000000020, 1","0"
"__hipPopCallConfiguration","12:29:50.063070","0.000547","2368222","0x7f8fa29e1a90, 0x7f8fa29e1ad8, 0x7f8fa29e1ad0, 0x7f8fa29e1ac8","0"
"hipLaunchKernel","12:29:50.063651","0.000524","2368222","0x7fcfbb7d9280, 0x13600000136, 1, 0x2000000020","0"
"__hipPushCallConfiguration","12:29:50.064800","0.000573","2368222","0x13600000136, 1, 0x2000000020, 1","0"
"__hipPopCallConfiguration","12:29:50.065432","0.000512","2368222","0x7f8fa29e1a90, 0x7f8fa29e1ad8, 0x7f8fa29e1ad0, 0x7f8fa29e1ac8","0"
"hipLaunchKernel","12:29:50.065979","0.004087","2368222","0x7fcfbb7d9280, 0x13600000136, 1, 0x2000000020","0"
"__hipPushCallConfiguration","12:29:50.071209","0.000924","2368222","0x13600000136, 1, 0x2000000020, 1","0"
"__hipPopCallConfiguration","12:29:50.072187","0.000936","2368222","0x7f8fa29e1a90, 0x7f8fa29e1ad8, 0x7f8fa29e1ad0, 0x7f8fa29e1ac8","0"
"hipLaunchKernel","12:29:50.073187","0.000892","2368222","0x7fcfbb7d9280, 0x13600000136, 1, 0x2000000020","0"
"__hipPushCallConfiguration","12:29:50.075004","0.000883","2368222","0x13600000136, 1, 0x2000000020, 1","0"
"__hipPopCallConfiguration","12:29:50.075941","0.000898","2368222","0x7f8fa29e1a90, 0x7f8fa29e1ad8, 0x7f8fa29e1ad0, 0x7f8fa29e1ac8","0"
"hipLaunchKernel","12:29:50.076912","0.000903","2368222","0x7fcfbb7d9280, 0x13600000136, 1, 0x2000000020","0"
"__hipPushCallConfiguration","12:29:50.100841","0.000729","2368222","0x13600000136, 1, 0x2000000020, 1","0"
"__hipPopCallConfiguration","12:29:50.101615","0.000511","2368222","0x7f8fa29e1a90, 0x7f8fa29e1ad8, 0x7f8fa29e1ad0, 0x7f8fa29e1ac8","0"
"hipLaunchKernel","12:29:50.102163","0.000499","2368222","0x7fcfbb7d9280, 0x13600000136, 1, 0x2000000020","0"
"__hipPushCallConfiguration","12:29:50.102697","0.000501","2368222","0x13600000136, 1, 0x2000000020, 1","0"
"__hipPopCallConfiguration","12:29:50.103236","0.000496","2368222","0x7f8fa29e1a90, 0x7f8fa29e1ad8, 0x7f8fa29e1ad0, 0x7f8fa29e1ac8","0"
"hipLaunchKernel","12:29:50.103770","0.002898","2368222","0x7fcfbb7d9280, 0x13600000136, 1, 0x2000000020","0"
"__hipPushCallConfiguration","12:29:50.121451","0.000520","2368223","0x13600000136, 1, 0x2000000020, 1","0"
"__hipPopCallConfiguration","12:29:50.122024","0.000515","2368223","0x7f8fa21e0a90, 0x7f8fa21e0ad8, 0x7f8fa21e0ad0, 0x7f8fa21e0ac8","0"
"hipLaunchKernel","12:29:50.374606","0.000896","2368223","0x7fcfbb7d9280, 0x13600000136, 1, 0x2000000020","0"
"__hipPushCallConfiguration","12:29:50.376477","0.000878","2368223","0x13600000136, 1, 0x2000000020, 1","0"
"__hipPopCallConfiguration","12:29:50.377428","0.000913","2368223","0x7f8fa21e0a90, 0x7f8fa21e0ad8, 0x7f8fa21e0ad0, 0x7f8fa21e0ac8","0"
"hipLaunchKernel","12:29:50.378388","0.000892","2368223","0x7fcfbb7d9280, 0x13600000136, 1, 0x2000000020","0"
"__hipPushCallConfiguration","12:29:50.380168","0.000871","2368223","0x13600000136, 1, 0x2000000020, 1","0"
"__hipPopCallConfiguration","12:29:50.381116","0.000918","2368223","0x7f8fa21e0a90, 0x7f8fa21e0ad8, 0x7f8fa21e0ad0, 0x7f8fa21e0ac8","0"
"hipLaunchKernel","12:29:50.382083","0.000876","2368223","0x7fcfbb7d9280, 0x13600000136, 1, 0x2000000020","0"
"__hipPushCallConfiguration","12:29:50.383862","0.000894","2368223","0x13600000136, 1, 0x2000000020, 1","0"
"__hipPopCallConfiguration","12:29:50.384807","0.000871","2368223","0x7f8fa21e0a90, 0x7f8fa21e0ad8, 0x7f8fa21e0ad0, 0x7f8fa21e0ac8","0"
"hipLaunchKernel","12:29:50.385729","0.000855","2368223","0x7fcfbb7d9280, 0x13600000136, 1, 0x2000000020","0"
"__hipPushCallConfiguration","12:29:50.387448","0.000856","2368223","0x13600000136, 1, 0x2000000020, 1","0"
"hipLaunchKernel","12:29:50.450467","0.000544","2368223","0x7fcfbb7d9280, 0x13600000136, 1, 0x2000000020","0"
"__hipPushCallConfiguration","12:29:50.464686","0.000995","2368223","0x13600000136, 1, 0x2000000020, 1","0"
"__hipPopCallConfiguration","12:29:50.465751","0.000624","2368223","0x7f8fa21e0a90, 0x7f8fa21e0ad8, 0x7f8fa21e0ad0, 0x7f8fa21e0ac8","0"
"hipLaunchKernel","12:29:50.466524","0.001088","2368223","0x7fcfbb7d9280, 0x13600000136, 1, 0x2000000020","0"
"__hipPushCallConfiguration","12:29:50.475729","0.001062","2368223","0x13600000136, 1, 0x2000000020, 1","0"
"__hipPopCallConfiguration","12:29:50.476842","0.001225","2368223","0x7f8fa21e0a90, 0x7f8fa21e0ad8, 0x7f8fa21e0ad0, 0x7f8fa21e0ac8","0"
"hipLaunchKernel","12:29:50.478125","0.001163","2368223","0x7fcfbb7d9280, 0x13600000136, 1, 0x2000000020","0"
"__hipPushCallConfiguration","12:29:50.480398","0.001081","2368223","0x13600000136, 1, 0x2000000020, 1","0"
"__hipPopCallConfiguration","12:29:50.481543","0.001098","2368223","0x7f8fa21e0a90, 0x7f8fa21e0ad8, 0x7f8fa21e0ad0, 0x7f8fa21e0ac8","0"
"hipLaunchKernel","12:29:50.482695","0.001109","2368223","0x7fcfbb7d9280, 0x13600000136, 1, 0x2000000020","0"
"__hipPushCallConfiguration","12:29:50.484921","0.001089","2368223","0x13600000136, 1, 0x2000000020, 1","0"
"__hipPopCallConfiguration","12:29:50.486077","0.001101","2368223","0x7f8fa21e0a90, 0x7f8fa21e0ad8, 0x7f8fa21e0ad0, 0x7f8fa21e0ac8","0"
"hipLaunchKernel","12:29:50.487231","0.001105","2368223","0x7fcfbb7d9280, 0x13600000136, 1, 0x2000000020","0"
"__hipPushCallConfiguration","12:29:50.489557","0.001132","2368223","0x13600000136, 1, 0x2000000020, 1","0"
"__hipPopCallConfiguration","12:29:50.490752","0.001086","2368223","0x7f8fa21e0a90, 0x7f8fa21e0ad8, 0x7f8fa21e0ad0, 0x7f8fa21e0ac8","0"
"hipLaunchKernel","12:29:50.491893","0.001135","2368223","0x7fcfbb7d9280, 0x13600000136, 1, 0x2000000020","0"
"__hipPushCallConfiguration","12:29:50.494136","0.001082","2368223","0x13600000136, 1, 0x2000000020, 1","0"
"__hipPopCallConfiguration","12:29:50.495280","0.001141","2368223","0x7f8fa21e0a90, 0x7f8fa21e0ad8, 0x7f8fa21e0ad0, 0x7f8fa21e0ac8","0"
"hipLaunchKernel","12:29:50.496476","0.001105","2368223","0x7fcfbb7d9280, 0x13600000136, 1, 0x2000000020","0"
"__hipPushCallConfiguration","12:29:50.498487","0.000892","2368223","0x13600000136, 1, 0x2000000020, 1","0"
"__hipPopCallConfiguration","12:29:50.499436","0.000893","2368223","0x7f8fa21e0a90, 0x7f8fa21e0ad8, 0x7f8fa21e0ad0, 0x7f8fa21e0ac8","0"
"hipLaunchKernel","12:29:50.500375","0.000912","2368223","0x7fcfbb7d9280, 0x13600000136, 1, 0x2000000020","0"
"__hipPushCallConfiguration","12:29:50.502182","0.000889","2368223","0x13600000136, 1, 0x2000000020, 1","0"
"__hipPopCallConfiguration","12:29:50.503123","0.000895","2368223","0x7f8fa21e0a90, 0x7f8fa21e0ad8, 0x7f8fa21e0ad0, 0x7f8fa21e0ac8","0"
"hipLaunchKernel","12:29:50.504062","0.001030","2368223","0x7fcfbb7d9280, 0x13600000136, 1, 0x2000000020","0"
"__hipPushCallConfiguration","12:29:50.506005","0.000900","2368223","0x13600000136, 1, 0x2000000020, 1","0"
"__hipPopCallConfiguration","12:29:50.506960","0.000890","2368223","0x7f8fa21e0a90, 0x7f8fa21e0ad8, 0x7f8fa21e0ad0, 0x7f8fa21e0ac8","0"
"hipLaunchKernel","12:29:50.507896","0.000901","2368223","0x7fcfbb7d9280, 0x13600000136, 1, 0x2000000020","0"
"__hipPushCallConfiguration","12:29:50.509697","0.000896","2368223","0x13600000136, 1, 0x2000000020, 1","0"
"__hipPopCallConfiguration","12:29:50.510646","0.000899","2368223","0x7f8fa21e0a90, 0x7f8fa21e0ad8, 0x7f8fa21e0ad0, 0x7f8fa21e0ac8","0"
"hipLaunchKernel","12:29:50.511593","0.000904","2368223","0x7fcfbb7d9280, 0x13600000136, 1, 0x2000000020","0"
"__hipPushCallConfiguration","12:29:50.513394","0.000882","2368223","0x13600000136, 1, 0x2000000020, 1","0"
"__hipPopCallConfiguration","12:29:50.514331","0.000889","2368223","0x7f8fa21e0a90, 0x7f8fa21e0ad8, 0x7f8fa21e0ad0, 0x7f8fa21e0ac8","0"
"hipLaunchKernel","12:29:50.515264","0.000911","2368223","0x7fcfbb7d9280, 0x13600000136, 1, 0x2000000020","0"
"__hipPushCallConfiguration","12:29:50.517297","0.000911","2368223","0x13600000136, 1, 0x2000000020, 1","0"
"__hipPopCallConfiguration","12:29:50.518282","0.000914","2368223","0x7f8fa21e0a90, 0x7f8fa21e0ad8, 0x7f8fa21e0ad0, 0x7f8fa21e0ac8","0"
"hipLaunchKernel","12:29:50.519244","0.000914","2368223","0x7fcfbb7d9280, 0x13600000136, 1, 0x2000000020","0"
"__hipPushCallConfiguration","12:29:50.521092","0.000635","2368223","0x13600000136, 1, 0x2000000020, 1","0"
"__hipPopCallConfiguration","12:29:50.521771","0.000482","2368223","0x7f8fa21e0a90, 0x7f8fa21e0ad8, 0x7f8fa21e0ad0, 0x7f8fa21e0ac8","0"
"hipLaunchKernel","12:29:50.522287","0.000523","2368223","0x7fcfbb7d9280, 0x13600000136, 1, 0x2000000020","0"
"__hipPushCallConfiguration","12:29:50.523367","0.000604","2368223","0x13600000136, 1, 0x2000000020, 1","0"
"__hipPopCallConfiguration","12:29:50.524134","0.001153","2368223","0x7f8fa21e0a90, 0x7f8fa21e0ad8, 0x7f8fa21e0ad0, 0x7f8fa21e0ac8","0"
"hipLaunchKernel","12:29:50.525346","0.000600","2368223","0x7fcfbb7d9280, 0x13600000136, 1, 0x2000000020","0"
"__hipPushCallConfiguration","12:29:50.527034","0.000981","2368223","0x13600000136, 1, 0x2000000020, 1","0"
"__hipPopCallConfiguration","12:29:50.528071","0.000964","2368223","0x7f8fa21e0a90, 0x7f8fa21e0ad8, 0x7f8fa21e0ad0, 0x7f8fa21e0ac8","0"
"hipLaunchKernel","12:29:50.529089","0.000972","2368223","0x7fcfbb7d9280, 0x13600000136, 1, 0x2000000020","0"
"__hipPushCallConfiguration","12:29:50.560347","0.001975","2368223","0x13600000136, 1, 0x2000000020, 1","0"
"__hipPopCallConfiguration","12:29:50.562421","0.001153","2368223","0x7f8fa21e0a90, 0x7f8fa21e0ad8, 0x7f8fa21e0ad0, 0x7f8fa21e0ac8","0"
"hipLaunchKernel","12:29:50.563636","0.001140","2368223","0x7fcfbb7d9280, 0x13600000136, 1, 0x2000000020","0"
"__hipPushCallConfiguration","12:29:50.565965","0.001154","2368223","0x13600000136, 1, 0x2000000020, 1","0"
"__hipPopCallConfiguration","12:29:50.567199","0.002558","2368223","0x7f8fa21e0a90, 0x7f8fa21e0ad8, 0x7f8fa21e0ad0, 0x7f8fa21e0ac8","0"
"hipLaunchKernel","12:29:50.569856","0.000987","2368223","0x7fcfbb7d9280, 0x13600000136, 1, 0x2000000020","0"
"__hipPopCallConfiguration","12:29:50.591369","0.001188","2368223","0x7f8fa21e0a90, 0x7f8fa21e0ad8, 0x7f8fa21e0ad0, 0x7f8fa21e0ac8","0"
"__hipPushCallConfiguration","12:29:50.593944","0.001112","2368223","0x13600000136, 1, 0x2000000020, 1","0"
"__hipPopCallConfiguration","12:29:50.595117","0.001113","2368223","0x7f8fa21e0a90, 0x7f8fa21e0ad8, 0x7f8fa21e0ad0, 0x7f8fa21e0ac8","0"
"hipLaunchKernel","12:29:50.596292","0.001119","2368223","0x7fcfbb7d9280, 0x13600000136, 1, 0x2000000020","0"
"__hipPushCallConfiguration","12:29:50.598423","0.000862","2368223","0x13600000136, 1, 0x2000000020, 1","0"
"hipLaunchKernel","12:29:50.600408","0.001166","2368223","0x7fcfbb7d9280, 0x13600000136, 1, 0x2000000020","0"
"__hipPushCallConfiguration","12:29:50.601636","0.000951","2368223","0x13600000136, 1, 0x2000000020, 1","0"
"__hipPopCallConfiguration","12:29:50.604836","0.000485","2368219","0x7fc7b4deadb8, 0x7fc7b4deada8, 0x7fc7b4deada0, 0x7fc7b4dead98","0"
"__hipPushCallConfiguration","12:29:50.606131","0.000601","2368222","0x13600000136, 1, 0x2000000020, 1","0"
"__hipPopCallConfiguration","12:29:50.606826","0.000962","2368222","0x7f8fa29e1a90, 0x7f8fa29e1ad8, 0x7f8fa29e1ad0, 0x7f8fa29e1ac8","0"
"hipLaunchKernel","12:29:50.607836","0.000913","2368222","0x7fcfbb7d9280, 0x13600000136, 1, 0x2000000020","0"
"__hipPushCallConfiguration","12:29:50.609674","0.000886","2368222","0x13600000136, 1, 0x2000000020, 1","0"
"__hipPopCallConfiguration","12:29:50.610615","0.000894","2368222","0x7f8fa29e1a90, 0x7f8fa29e1ad8, 0x7f8fa29e1ad0, 0x7f8fa29e1ac8","0"
"hipLaunchKernel","12:29:50.611554","0.000917","2368222","0x7fcfbb7d9280, 0x13600000136, 1, 0x2000000020","0"
"__hipPushCallConfiguration","12:29:50.613387","0.000902","2368222","0x13600000136, 1, 0x2000000020, 1","0"
"__hipPopCallConfiguration","12:29:50.614341","0.000900","2368222","0x7f8fa29e1a90, 0x7f8fa29e1ad8, 0x7f8fa29e1ad0, 0x7f8fa29e1ac8","0"
"hipLaunchKernel","12:29:50.615285","0.000898","2368222","0x7fcfbb7d9280, 0x13600000136, 1, 0x2000000020","0"
"__hipPushCallConfiguration","12:29:50.617101","0.000902","2368222","0x13600000136, 1, 0x2000000020, 1","0"
"__hipPopCallConfiguration","12:29:50.618055","0.000893","2368222","0x7f8fa29e1a90, 0x7f8fa29e1ad8, 0x7f8fa29e1ad0, 0x7f8fa29e1ac8","0"
"hipLaunchKernel","12:29:50.618992","0.000898","2368222","0x7fcfbb7d9280, 0x13600000136, 1, 0x2000000020","0"
"__hipPushCallConfiguration","12:29:50.620780","0.000910","2368222","0x13600000136, 1, 0x2000000020, 1","0"
"__hipPopCallConfiguration","12:29:50.621770","0.000867","2368222","0x7f8fa29e1a90, 0x7f8fa29e1ad8, 0x7f8fa29e1ad0, 0x7f8fa29e1ac8","0"
"hipLaunchKernel","12:29:50.622680","0.000517","2368222","0x7fcfbb7d9280, 0x13600000136, 1, 0x2000000020","0"
"__hipPushCallConfiguration","12:29:50.623745","0.000563","2368222","0x13600000136, 1, 0x2000000020, 1","0"
"__hipPopCallConfiguration","12:29:50.624357","0.000516","2368222","0x7f8fa29e1a90, 0x7f8fa29e1ad8, 0x7f8fa29e1ad0, 0x7f8fa29e1ac8","0"
"hipLaunchKernel","12:29:50.624911","0.000499","2368222","0x7fcfbb7d9280, 0x13600000136, 1, 0x2000000020","0"
"__hipPopCallConfiguration","12:29:50.823940","0.001120","2368222","0x7f8fa29e1a90, 0x7f8fa29e1ad8, 0x7f8fa29e1ad0, 0x7f8fa29e1ac8","0"
"hipLaunchKernel","12:29:50.825121","0.001167","2368222","0x7fcfbb7d9280, 0x13600000136, 1, 0x2000000020","0"
"__hipPushCallConfiguration","12:29:50.826350","0.001210","2368222","0x13600000136, 1, 0x2000000020, 1","0"
"__hipPopCallConfiguration","12:29:50.827622","0.001225","2368222","0x7f8fa29e1a90, 0x7f8fa29e1ad8, 0x7f8fa29e1ad0, 0x7f8fa29e1ac8","0"
"hipLaunchKernel","12:29:50.829010","0.000650","2368222","0x7fcfbb7d9280, 0x13600000136, 1, 0x2000000020","0"
"__hipPushCallConfiguration","12:29:50.829701","0.001023","2368222","0x13600000136, 1, 0x2000000020, 1","0"
"__hipPopCallConfiguration","12:29:50.830810","0.001185","2368222","0x7f8fa29e1a90, 0x7f8fa29e1ad8, 0x7f8fa29e1ad0, 0x7f8fa29e1ac8","0"
"hipLaunchKernel","12:29:50.832058","0.001208","2368222","0x7fcfbb7d9280, 0x13600000136, 1, 0x2000000020","0"
"__hipPushCallConfiguration","12:29:50.833329","0.001176","2368222","0x13600000136, 1, 0x2000000020, 1","0"
"__hipPopCallConfiguration","12:29:50.834568","0.001195","2368222","0x7f8fa29e1a90, 0x7f8fa29e1ad8, 0x7f8fa29e1ad0, 0x7f8fa29e1ac8","0"
"hipLaunchKernel","12:29:50.835821","0.001182","2368222","0x7fcfbb7d9280, 0x13600000136, 1, 0x2000000020","0"
"__hipPopCallConfiguration","12:29:51.232666","0.000970","2368222","0x7f8fa29e1a90, 0x7f8fa29e1ad8, 0x7f8fa29e1ad0, 0x7f8fa29e1ac8","0"
"hipLaunchKernel","12:29:51.327460","0.000890","2368223","0x7fcfbb7d9280, 0x13600000136, 1, 0x2000000020","0"
"hipLaunchKernel","12:29:51.383170","0.013585","2368223","0x7fcfbb7d9280, 0x13600000136, 1, 0x2000000020","0"
"__hipPushCallConfiguration","12:29:51.397877","0.000959","2368223","0x13600000136, 1, 0x2000000020, 1","0"
"__hipPopCallConfiguration","12:29:51.398899","0.000963","2368223","0x7f8fa21e0a90, 0x7f8fa21e0ad8, 0x7f8fa21e0ad0, 0x7f8fa21e0ac8","0"
"hipLaunchKernel","12:29:51.399913","0.000897","2368223","0x7fcfbb7d9280, 0x13600000136, 1, 0x2000000020","0"
"__hipPushCallConfiguration","12:29:51.401711","0.000856","2368223","0x13600000136, 1, 0x2000000020, 1","0"
"__hipPopCallConfiguration","12:29:51.402620","0.000872","2368223","0x7f8fa21e0a90, 0x7f8fa21e0ad8, 0x7f8fa21e0ad0, 0x7f8fa21e0ac8","0"
"hipLaunchKernel","12:29:51.403540","0.000875","2368223","0x7fcfbb7d9280, 0x13600000136, 1, 0x2000000020","0"
"__hipPushCallConfiguration","12:29:51.405348","0.000868","2368223","0x13600000136, 1, 0x2000000020, 1","0"
"__hipPopCallConfiguration","12:29:51.406270","0.000895","2368223","0x7f8fa21e0a90, 0x7f8fa21e0ad8, 0x7f8fa21e0ad0, 0x7f8fa21e0ac8","0"
"hipLaunchKernel","12:29:51.407212","0.000886","2368223","0x7fcfbb7d9280, 0x13600000136, 1, 0x2000000020","0"
"__hipPushCallConfiguration","12:29:51.409027","0.000865","2368223","0x13600000136, 1, 0x2000000020, 1","0"
"__hipPopCallConfiguration","12:29:51.409949","0.000886","2368223","0x7f8fa21e0a90, 0x7f8fa21e0ad8, 0x7f8fa21e0ad0, 0x7f8fa21e0ac8","0"
"hipLaunchKernel","12:29:51.410881","0.000868","2368223","0x7fcfbb7d9280, 0x13600000136, 1, 0x2000000020","0"
"__hipPushCallConfiguration","12:29:51.412645","0.000867","2368223","0x13600000136, 1, 0x2000000020, 1","0"
"__hipPopCallConfiguration","12:29:51.413564","0.000872","2368223","0x7f8fa21e0a90, 0x7f8fa21e0ad8, 0x7f8fa21e0ad0, 0x7f8fa21e0ac8","0"
"__hipPushCallConfiguration","12:29:51.416181","0.000928","2368222","0x13600000136, 1, 0x2000000020, 1","0"
"__hipPopCallConfiguration","12:29:51.417167","0.000960","2368222","0x7f8fa29e1a90, 0x7f8fa29e1ad8, 0x7f8fa29e1ad0, 0x7f8fa29e1ac8","0"
"hipLaunchKernel","12:29:51.418173","0.000928","2368222","0x7fcfbb7d9280, 0x13600000136, 1, 0x2000000020","0"
"__hipPushCallConfiguration","12:29:51.420032","0.000873","2368222","0x13600000136, 1, 0x2000000020, 1","0"
"__hipPopCallConfiguration","12:29:51.420961","0.000902","2368222","0x7f8fa29e1a90, 0x7f8fa29e1ad8, 0x7f8fa29e1ad0, 0x7f8fa29e1ac8","0"
"__hipPushCallConfiguration","12:29:51.423675","0.000893","2368222","0x13600000136, 1, 0x2000000020, 1","0"
"__hipPopCallConfiguration","12:29:51.424619","0.000963","2368222","0x7f8fa29e1a90, 0x7f8fa29e1ad8, 0x7f8fa29e1ad0, 0x7f8fa29e1ac8","0"
"hipLaunchKernel","12:29:51.425636","0.000960","2368222","0x7fcfbb7d9280, 0x13600000136, 1, 0x2000000020","0"
"__hipPushCallConfiguration","12:29:51.426646","0.000885","2368222","0x13600000136, 1, 0x2000000020, 1","0"
"__hipPopCallConfiguration","12:29:51.427581","0.000877","2368222","0x7f8fa29e1a90, 0x7f8fa29e1ad8, 0x7f8fa29e1ad0, 0x7f8fa29e1ac8","0"
"hipLaunchKernel","12:29:51.428507","0.005332","2368222","0x7fcfbb7d9280, 0x13600000136, 1, 0x2000000020","0"
"__hipPushCallConfiguration","12:29:51.435005","0.012890","2368223","0x13600000136, 1, 0x2000000020, 1","0"
"__hipPopCallConfiguration","12:29:51.447984","0.000903","2368223","0x7f8fa21e0a90, 0x7f8fa21e0ad8, 0x7f8fa21e0ad0, 0x7f8fa21e0ac8","0"
"hipLaunchKernel","12:29:51.448952","0.000947","2368223","0x7fcfbb7d9280, 0x13600000136, 1, 0x2000000020","0"
"__hipPushCallConfiguration","12:29:51.449960","0.001004","2368223","0x13600000136, 1, 0x2000000020, 1","0"
"__hipPopCallConfiguration","12:29:51.451117","0.001152","2368223","0x7f8fa21e0a90, 0x7f8fa21e0ad8, 0x7f8fa21e0ad0, 0x7f8fa21e0ac8","0"
"hipLaunchKernel","12:29:51.452335","0.001142","2368223","0x7fcfbb7d9280, 0x13600000136, 1, 0x2000000020","0"
"__hipPushCallConfiguration","12:29:51.453547","0.001140","2368223","0x13600000136, 1, 0x2000000020, 1","0"
"__hipPopCallConfiguration","12:29:51.454747","0.001114","2368223","0x7f8fa21e0a90, 0x7f8fa21e0ad8, 0x7f8fa21e0ad0, 0x7f8fa21e0ac8","0"
"hipLaunchKernel","12:29:51.455919","0.001142","2368223","0x7fcfbb7d9280, 0x13600000136, 1, 0x2000000020","0"
"__hipPushCallConfiguration","12:29:51.457125","0.001145","2368223","0x13600000136, 1, 0x2000000020, 1","0"
"__hipPopCallConfiguration","12:29:51.458330","0.001098","2368223","0x7f8fa21e0a90, 0x7f8fa21e0ad8, 0x7f8fa21e0ad0, 0x7f8fa21e0ac8","0"
"hipLaunchKernel","12:29:51.459489","0.001109","2368223","0x7fcfbb7d9280, 0x13600000136, 1, 0x2000000020","0"
"__hipPushCallConfiguration","12:29:51.460681","0.001147","2368223","0x13600000136, 1, 0x2000000020, 1","0"
"__hipPopCallConfiguration","12:29:51.461891","0.001108","2368223","0x7f8fa21e0a90, 0x7f8fa21e0ad8, 0x7f8fa21e0ad0, 0x7f8fa21e0ac8","0"
"hipLaunchKernel","12:29:51.463061","0.001149","2368223","0x7fcfbb7d9280, 0x13600000136, 1, 0x2000000020","0"
"__hipPushCallConfiguration","12:29:51.464271","0.001147","2368223","0x13600000136, 1, 0x2000000020, 1","0"
"__hipPopCallConfiguration","12:29:51.465479","0.000963","2368223","0x7f8fa21e0a90, 0x7f8fa21e0ad8, 0x7f8fa21e0ad0, 0x7f8fa21e0ac8","0"
"hipLaunchKernel","12:29:51.466492","0.000918","2368223","0x7fcfbb7d9280, 0x13600000136, 1, 0x2000000020","0"
"__hipPushCallConfiguration","12:29:51.467461","0.002492","2368223","0x13600000136, 1, 0x2000000020, 1","0"
"__hipPopCallConfiguration","12:29:51.470007","0.000949","2368223","0x7f8fa21e0a90, 0x7f8fa21e0ad8, 0x7f8fa21e0ad0, 0x7f8fa21e0ac8","0"
"hipLaunchKernel","12:29:51.471032","0.001035","2368223","0x7fcfbb7d9280, 0x13600000136, 1, 0x2000000020","0"
"__hipPushCallConfiguration","12:29:51.472219","0.001058","2368223","0x13600000136, 1, 0x2000000020, 1","0"
"__hipPopCallConfiguration","12:29:51.473335","0.000972","2368223","0x7f8fa21e0a90, 0x7f8fa21e0ad8, 0x7f8fa21e0ad0, 0x7f8fa21e0ac8","0"
"__hipPopCallConfiguration","12:29:51.502112","0.001033","2368222","0x7f8fa29e1a90, 0x7f8fa29e1ad8, 0x7f8fa29e1ad0, 0x7f8fa29e1ac8","0"
"hipLaunchKernel","12:29:51.503222","0.000996","2368222","0x7fcfbb7d9280, 0x13600000136, 1, 0x2000000020","0"
"__hipPushCallConfiguration","12:29:51.505200","0.002290","2368222","0x13600000136, 1, 0x2000000020, 1","0"
"__hipPopCallConfiguration","12:29:51.557595","0.000932","2368223","0x7f8fa21e0a90, 0x7f8fa21e0ad8, 0x7f8fa21e0ad0, 0x7f8fa21e0ac8","0"
"hipLaunchKernel","12:29:51.558579","0.000986","2368223","0x7fcfbb7d9280, 0x13600000136, 1, 0x2000000020","0"
"__hipPushCallConfiguration","12:29:51.790724","0.000920","2368222","0x13600000136, 1, 0x2000000020, 1","0"
"__hipPopCallConfiguration","12:29:51.799715","0.000918","2368222","0x7f8fa29e1a90, 0x7f8fa29e1ad8, 0x7f8fa29e1ad0, 0x7f8fa29e1ac8","0"
"hipLaunchKernel","12:29:51.800684","0.000919","2368222","0x7fcfbb7d9280, 0x13600000136, 1, 0x2000000020","0"
"__hipPushCallConfiguration","12:29:51.801657","0.000893","2368222","0x13600000136, 1, 0x2000000020, 1","0"
"__hipPopCallConfiguration","12:29:51.802600","0.000900","2368222","0x7f8fa29e1a90, 0x7f8fa29e1ad8, 0x7f8fa29e1ad0, 0x7f8fa29e1ac8","0"
"hipLaunchKernel","12:29:51.803550","0.000902","2368222","0x7fcfbb7d9280, 0x13600000136, 1, 0x2000000020","0"
"hipLaunchKernel","12:29:51.821435","0.000898","2368222","0x7fcfbb7d9280, 0x13600000136, 1, 0x2000000020","0"
"hipLaunchKernel","12:29:51.826777","0.000905","2368222","0x7fcfbb7d9280, 0x13600000136, 1, 0x2000000020","0"
"__hipPushCallConfiguration","12:29:52.023451","0.000978","2368223","0x13600000136, 1, 0x2000000020, 1","0"
"__hipPopCallConfiguration","12:29:52.087455","0.001095","2368223","0x7f8fa21e0a90, 0x7f8fa21e0ad8, 0x7f8fa21e0ad0, 0x7f8fa21e0ac8","0"
"hipLaunchKernel","12:29:52.088606","0.001154","2368223","0x7fcfbb7d9280, 0x13600000136, 1, 0x2000000020","0"
"__hipPushCallConfiguration","12:29:52.090899","0.002071","2368223","0x13600000136, 1, 0x2000000020, 1","0"
"__hipPopCallConfiguration","12:29:52.093037","0.001062","2368223","0x7f8fa21e0a90, 0x7f8fa21e0ad8, 0x7f8fa21e0ad0, 0x7f8fa21e0ac8","0"
"hipLaunchKernel","12:29:52.094147","0.000894","2368223","0x7fcfbb7d9280, 0x13600000136, 1, 0x2000000020","0"
"__hipPushCallConfiguration","12:29:52.096024","0.000955","2368223","0x13600000136, 1, 0x2000000020, 1","0"
"__hipPopCallConfiguration","12:29:52.097032","0.004916","2368223","0x7f8fa21e0a90, 0x7f8fa21e0ad8, 0x7f8fa21e0ad0, 0x7f8fa21e0ac8","0"
"hipLaunchKernel","12:29:52.109052","0.001075","2368223","0x7fcfbb7d9280, 0x13600000136, 1, 0x2000000020","0"
"__hipPushCallConfiguration","12:29:52.111029","0.000881","2368223","0x13600000136, 1, 0x2000000020, 1","0"
"__hipPopCallConfiguration","12:29:52.111963","0.000942","2368223","0x7f8fa21e0a90, 0x7f8fa21e0ad8, 0x7f8fa21e0ad0, 0x7f8fa21e0ac8","0"
"hipLaunchKernel","12:29:52.112954","0.000937","2368223","0x7fcfbb7d9280, 0x13600000136, 1, 0x2000000020","0"
"__hipPushCallConfiguration","12:29:52.114837","0.000915","2368223","0x13600000136, 1, 0x2000000020, 1","0"
"hipLaunchKernel","12:29:52.116833","0.000871","2368223","0x7fcfbb7d9280, 0x13600000136, 1, 0x2000000020","0"
"__hipPushCallConfiguration","12:29:52.118576","0.000823","2368223","0x13600000136, 1, 0x2000000020, 1","0"
"__hipPopCallConfiguration","12:29:52.119454","0.000812","2368223","0x7f8fa21e0a90, 0x7f8fa21e0ad8, 0x7f8fa21e0ad0, 0x7f8fa21e0ac8","0"
"hipLaunchKernel","12:29:52.127858","0.000811","2368223","0x7fcfbb7d9280, 0x13600000136, 1, 0x2000000020","0"
"__hipPushCallConfiguration","12:29:52.129524","0.000815","2368223","0x13600000136, 1, 0x2000000020, 1","0"
"hipLaunchKernel","12:29:52.136317","0.000874","2368223","0x7fcfbb7d9280, 0x13600000136, 1, 0x2000000020","0"
"__hipPushCallConfiguration","12:29:52.137244","0.000778","2368223","0x13600000136, 1, 0x2000000020, 1","0"
"__hipPopCallConfiguration","12:29:52.138061","0.013034","2368223","0x7f8fa21e0a90, 0x7f8fa21e0ad8, 0x7f8fa21e0ad0, 0x7f8fa21e0ac8","0"
"hipLaunchKernel","12:29:52.151289","0.001034","2368223","0x7fcfbb7d9280, 0x13600000136, 1, 0x2000000020","0"
"__hipPushCallConfiguration","12:29:52.152389","0.000542","2368223","0x13600000136, 1, 0x2000000020, 1","0"
"__hipPopCallConfiguration","12:29:52.152972","0.000471","2368223","0x7f8fa21e0a90, 0x7f8fa21e0ad8, 0x7f8fa21e0ad0, 0x7f8fa21e0ac8","0"
"hipLaunchKernel","12:29:52.153482","0.000497","2368223","0x7fcfbb7d9280, 0x13600000136, 1, 0x2000000020","0"
"__hipPushCallConfiguration","12:29:52.154350","0.004753","2368223","0x13600000136, 1, 0x2000000020, 1","0"
"__hipPopCallConfiguration","12:29:52.185675","0.000893","2368222","0x7f8fa29e1a90, 0x7f8fa29e1ad8, 0x7f8fa29e1ad0, 0x7f8fa29e1ac8","0"
"__hipPushCallConfiguration","12:29:52.315319","0.000907","2368223","0x13600000136, 1, 0x2000000020, 1","0"
"__hipPopCallConfiguration","12:29:52.385338","0.000838","2368222","0x7f8fa29e1a90, 0x7f8fa29e1ad8, 0x7f8fa29e1ad0, 0x7f8fa29e1ac8","0"
"__hipPopCallConfiguration","12:29:52.387905","0.000815","2368223","0x7f8fa21e0a90, 0x7f8fa21e0ad8, 0x7f8fa21e0ad0, 0x7f8fa21e0ac8","0"
"__hipPushCallConfiguration","12:29:52.426056","0.000847","2368223","0x13600000136, 1, 0x2000000020, 1","0"
"__hipPushCallConfiguration","12:29:52.491802","0.000879","2368223","0x13600000136, 1, 0x2000000020, 1","0"
"__hipPopCallConfiguration","12:29:52.492738","0.000857","2368223","0x7f8fa21e0a90, 0x7f8fa21e0ad8, 0x7f8fa21e0ad0, 0x7f8fa21e0ac8","0"
"hipLaunchKernel","12:29:52.493672","0.000828","2368223","0x7fcfbb7d9280, 0x13600000136, 1, 0x2000000020","0"
"__hipPushCallConfiguration","12:29:52.494554","0.000818","2368223","0x13600000136, 1, 0x2000000020, 1","0"
"__hipPopCallConfiguration","12:29:52.495423","0.004836","2368223","0x7f8fa21e0a90, 0x7f8fa21e0ad8, 0x7f8fa21e0ad0, 0x7f8fa21e0ac8","0"
"hipLaunchKernel","12:29:52.500317","0.000960","2368223","0x7fcfbb7d9280, 0x13600000136, 1, 0x2000000020","0"
"__hipPushCallConfiguration","12:29:52.501345","0.000924","2368223","0x13600000136, 1, 0x2000000020, 1","0"
"__hipPopCallConfiguration","12:29:52.502360","0.000515","2368223","0x7f8fa21e0a90, 0x7f8fa21e0ad8, 0x7f8fa21e0ad0, 0x7f8fa21e0ac8","0"
"hipLaunchKernel","12:29:52.502917","0.013666","2368223","0x7fcfbb7d9280, 0x13600000136, 1, 0x2000000020","0"
"__hipPushCallConfiguration","12:29:52.516687","0.001011","2368223","0x13600000136, 1, 0x2000000020, 1","0"
"__hipPopCallConfiguration","12:29:52.517791","0.000519","2368223","0x7f8fa21e0a90, 0x7f8fa21e0ad8, 0x7f8fa21e0ad0, 0x7f8fa21e0ac8","0"
"hipLaunchKernel","12:29:52.518369","0.000500","2368223","0x7fcfbb7d9280, 0x13600000136, 1, 0x2000000020","0"
"__hipPushCallConfiguration","12:29:52.518911","0.000542","2368223","0x13600000136, 1, 0x2000000020, 1","0"
"__hipPopCallConfiguration","12:29:52.519546","0.000523","2368223","0x7f8fa21e0a90, 0x7f8fa21e0ad8, 0x7f8fa21e0ad0, 0x7f8fa21e0ac8","0"
"hipLaunchKernel","12:29:52.520111","0.000487","2368223","0x7fcfbb7d9280, 0x13600000136, 1, 0x2000000020","0"
"__hipPushCallConfiguration","12:29:52.520638","0.000495","2368223","0x13600000136, 1, 0x2000000020, 1","0"
"__hipPopCallConfiguration","12:29:52.521177","0.000508","2368223","0x7f8fa21e0a90, 0x7f8fa21e0ad8, 0x7f8fa21e0ad0, 0x7f8fa21e0ac8","0"
"hipLaunchKernel","12:29:52.521759","0.003358","2368223","0x7fcfbb7d9280, 0x13600000136, 1, 0x2000000020","0"
"__hipPushCallConfiguration","12:29:52.525207","0.000934","2368223","0x13600000136, 1, 0x2000000020, 1","0"
"__hipPopCallConfiguration","12:29:52.526198","0.000867","2368223","0x7f8fa21e0a90, 0x7f8fa21e0ad8, 0x7f8fa21e0ad0, 0x7f8fa21e0ac8","0"
"hipLaunchKernel","12:29:52.527120","0.000888","2368223","0x7fcfbb7d9280, 0x13600000136, 1, 0x2000000020","0"
"__hipPushCallConfiguration","12:29:52.528080","0.013349","2368223","0x13600000136, 1, 0x2000000020, 1","0"
"__hipPopCallConfiguration","12:29:52.541611","0.001215","2368223","0x7f8fa21e0a90, 0x7f8fa21e0ad8, 0x7f8fa21e0ad0, 0x7f8fa21e0ac8","0"
"hipLaunchKernel","12:29:52.542904","0.000579","2368223","0x7fcfbb7d9280, 0x13600000136, 1, 0x2000000020","0"
"__hipPushCallConfiguration","12:29:52.543570","0.000551","2368223","0x13600000136, 1, 0x2000000020, 1","0"
"__hipPopCallConfiguration","12:29:52.544166","0.000515","2368223","0x7f8fa21e0a90, 0x7f8fa21e0ad8, 0x7f8fa21e0ad0, 0x7f8fa21e0ac8","0"
"hipLaunchKernel","12:29:52.544730","0.000541","2368223","0x7fcfbb7d9280, 0x13600000136, 1, 0x2000000020","0"
"__hipPushCallConfiguration","12:29:52.545625","0.004741","2368223","0x13600000136, 1, 0x2000000020, 1","0"
"__hipPopCallConfiguration","12:29:52.550452","0.001007","2368223","0x7f8fa21e0a90, 0x7f8fa21e0ad8, 0x7f8fa21e0ad0, 0x7f8fa21e0ac8","0"
"__hipPopCallConfiguration","12:29:52.615676","0.000892","2368222","0x7f8fa29e1a90, 0x7f8fa29e1ad8, 0x7f8fa29e1ad0, 0x7f8fa29e1ac8","0"
"__hipPopCallConfiguration","12:29:52.618024","0.002492","2368223","0x7f8fa21e0a90, 0x7f8fa21e0ad8, 0x7f8fa21e0ad0, 0x7f8fa21e0ac8","0"
"__hipPushCallConfiguration","12:29:52.858050","0.013415","2368222","0x13600000136, 1, 0x2000000020, 1","0"
"hipLaunchKernel","12:29:52.875879","0.000906","2368223","0x7fcfbb7d9280, 0x13600000136, 1, 0x2000000020","0"
"__hipPushCallConfiguration","12:29:52.967239","0.000658","2368222","0x13600000136, 1, 0x2000000020, 1","0"
"hipLaunchKernel","12:29:52.983986","0.004694","2368223","0x7fcfbb7d9280, 0x13600000136, 1, 0x2000000020","0"
"__hipPushCallConfiguration","12:29:52.988904","0.001031","2368223","0x13600000136, 1, 0x2000000020, 1","0"
"__hipPopCallConfiguration","12:29:53.005297","0.000759","2368222","0x7f8fa29e1a90, 0x7f8fa29e1ad8, 0x7f8fa29e1ad0, 0x7f8fa29e1ac8","0"
"hipLaunchKernel","12:29:53.042981","0.000624","2368222","0x7fcfbb7d9280, 0x13600000136, 1, 0x2000000020","0"
"__hipPushCallConfiguration","12:29:53.048764","0.000668","2368223","0x13600000136, 1, 0x2000000020, 1","0"
"__hipPopCallConfiguration","12:29:53.085175","0.000581","2368223","0x7f8fa21e0a90, 0x7f8fa21e0ad8, 0x7f8fa21e0ad0, 0x7f8fa21e0ac8","0"
"__hipPopCallConfiguration","12:29:53.115895","0.000582","2368222","0x7f8fa29e1a90, 0x7f8fa29e1ad8, 0x7f8fa29e1ad0, 0x7f8fa29e1ac8","0"
"__hipPopCallConfiguration","12:29:53.119702","0.000364","2368223","0x7f8fa21e0a90, 0x7f8fa21e0ad8, 0x7f8fa21e0ad0, 0x7f8fa21e0ac8","0"
"hipLaunchKernel","12:29:53.133568","0.000575","2368223","0x7fcfbb7d9280, 0x13600000136, 1, 0x2000000020","0"
"__hipPushCallConfiguration","12:29:53.147330","0.000323","2368222","0x13600000136, 1, 0x2000000020, 1","0"
"hipLaunchKernel","12:29:53.149064","0.000579","2368223","0x7fcfbb7d9280, 0x13600000136, 1, 0x2000000020","0"
"__hipPushCallConfiguration","12:29:53.152522","0.000321","2368223","0x13600000136, 1, 0x2000000020, 1","0"
"__hipPushCallConfiguration","12:29:53.152874","0.000578","2368222","0x13600000136, 1, 0x2000000020, 1","0"
"__hipPushCallConfiguration","12:29:53.181266","0.000314","2368223","0x13600000136, 1, 0x2000000020, 1","0"
"__hipPushCallConfiguration","12:29:53.181603","0.000561","2368222","0x13600000136, 1, 0x2000000020, 1","0"
"__hipPushCallConfiguration","12:29:53.204224","0.000324","2368222","0x13600000136, 1, 0x2000000020, 1","0"
"__hipPushCallConfiguration","12:29:53.204572","0.000576","2368223","0x13600000136, 1, 0x2000000020, 1","0"
"__hipPushCallConfiguration","12:29:53.210007","0.000318","2368223","0x13600000136, 1, 0x2000000020, 1","0"
"__hipPushCallConfiguration","12:29:53.210347","0.000559","2368222","0x13600000136, 1, 0x2000000020, 1","0"
"__hipPushCallConfiguration","12:29:53.233097","0.000325","2368222","0x13600000136, 1, 0x2000000020, 1","0"
"__hipPushCallConfiguration","12:29:53.233446","0.000566","2368223","0x13600000136, 1, 0x2000000020, 1","0"
"__hipPushCallConfiguration","12:29:53.238684","0.000327","2368223","0x13600000136, 1, 0x2000000020, 1","0"
"__hipPushCallConfiguration","12:29:53.239036","0.000582","2368222","0x13600000136, 1, 0x2000000020, 1","0"
"__hipPushCallConfiguration","12:29:53.261906","0.000315","2368222","0x13600000136, 1, 0x2000000020, 1","0"
"__hipPopCallConfiguration","12:29:53.262257","0.000314","2368222","0x7f8fa29e1a90, 0x7f8fa29e1ad8, 0x7f8fa29e1ad0, 0x7f8fa29e1ac8","0"
"hipLaunchKernel","12:29:53.262637","0.000314","2368222","0x7fcfbb7d9280, 0x13600000136, 1, 0x2000000020","0"
"__hipPushCallConfiguration","12:29:53.262989","0.009007","2368222","0x13600000136, 1, 0x2000000020, 1","0"
"__hipPopCallConfiguration","12:29:53.272064","0.000394","2368222","0x7f8fa29e1a90, 0x7f8fa29e1ad8, 0x7f8fa29e1ad0, 0x7f8fa29e1ac8","0"
"hipLaunchKernel","12:29:53.272588","0.000421","2368222","0x7fcfbb7d9280, 0x13600000136, 1, 0x2000000020","0"
"__hipPushCallConfiguration","12:29:53.273351","0.007968","2368222","0x13600000136, 1, 0x2000000020, 1","0"
"__hipPopCallConfiguration","12:29:53.281412","0.000360","2368222","0x7f8fa29e1a90, 0x7f8fa29e1ad8, 0x7f8fa29e1ad0, 0x7f8fa29e1ac8","0"
"hipLaunchKernel","12:29:53.281808","0.007850","2368222","0x7fcfbb7d9280, 0x13600000136, 1, 0x2000000020","0"
"__hipPushCallConfiguration","12:29:53.289719","0.000349","2368222","0x13600000136, 1, 0x2000000020, 1","0"
"__hipPopCallConfiguration","12:29:53.290124","0.008175","2368222","0x7f8fa29e1a90, 0x7f8fa29e1ad8, 0x7f8fa29e1ad0, 0x7f8fa29e1ac8","0"
"hipLaunchKernel","12:29:53.298373","0.007519","2368222","0x7fcfbb7d9280, 0x13600000136, 1, 0x2000000020","0"
"__hipPushCallConfiguration","12:29:53.305959","0.007609","2368222","0x13600000136, 1, 0x2000000020, 1","0"
"__hipPopCallConfiguration","12:29:53.313635","0.000350","2368222","0x7f8fa29e1a90, 0x7f8fa29e1ad8, 0x7f8fa29e1ad0, 0x7f8fa29e1ac8","0"
"hipLaunchKernel","12:29:53.314025","0.007688","2368222","0x7fcfbb7d9280, 0x13600000136, 1, 0x2000000020","0"
"__hipPushCallConfiguration","12:29:53.321803","0.000321","2368222","0x13600000136, 1, 0x2000000020, 1","0"
"__hipPopCallConfiguration","12:29:53.322158","0.007471","2368222","0x7f8fa29e1a90, 0x7f8fa29e1ad8, 0x7f8fa29e1ad0, 0x7f8fa29e1ac8","0"
"hipLaunchKernel","12:29:53.329704","0.000353","2368222","0x7fcfbb7d9280, 0x13600000136, 1, 0x2000000020","0"
"__hipPushCallConfiguration","12:29:53.330096","0.007537","2368222","0x13600000136, 1, 0x2000000020, 1","0"
"__hipPopCallConfiguration","12:29:53.337700","0.000350","2368222","0x7f8fa29e1a90, 0x7f8fa29e1ad8, 0x7f8fa29e1ad0, 0x7f8fa29e1ac8","0"
"hipLaunchKernel","12:29:53.338094","0.007453","2368222","0x7fcfbb7d9280, 0x13600000136, 1, 0x2000000020","0"
"__hipPushCallConfiguration","12:29:53.345624","0.007362","2368222","0x13600000136, 1, 0x2000000020, 1","0"
"__hipPopCallConfiguration","12:29:53.353048","0.005500","2368222","0x7f8fa29e1a90, 0x7f8fa29e1ad8, 0x7f8fa29e1ad0, 0x7f8fa29e1ac8","0"
"hipLaunchKernel","12:29:53.358694","0.000386","2368222","0x7fcfbb7d9280, 0x13600000136, 1, 0x2000000020","0"
"__hipPushCallConfiguration","12:29:53.359124","0.000317","2368222","0x13600000136, 1, 0x2000000020, 1","0"
"__hipPopCallConfiguration","12:29:53.359472","0.001659","2368222","0x7f8fa29e1a90, 0x7f8fa29e1ad8, 0x7f8fa29e1ad0, 0x7f8fa29e1ac8","0"
"hipLaunchKernel","12:29:53.361191","0.000700","2368222","0x7fcfbb7d9280, 0x13600000136, 1, 0x2000000020","0"
"__hipPushCallConfiguration","12:29:53.361954","0.000705","2368222","0x13600000136, 1, 0x2000000020, 1","0"
"__hipPopCallConfiguration","12:29:53.362719","0.001918","2368222","0x7f8fa29e1a90, 0x7f8fa29e1ad8, 0x7f8fa29e1ad0, 0x7f8fa29e1ac8","0"
"__hipPushCallConfiguration","12:29:53.366124","0.000724","2368222","0x13600000136, 1, 0x2000000020, 1","0"
"__hipPopCallConfiguration","12:29:53.366929","0.000693","2368222","0x7f8fa29e1a90, 0x7f8fa29e1ad8, 0x7f8fa29e1ad0, 0x7f8fa29e1ac8","0"
"__hipPushCallConfiguration","12:29:53.369169","0.000670","2368222","0x13600000136, 1, 0x2000000020, 1","0"
"__hipPopCallConfiguration","12:29:53.369885","0.000704","2368222","0x7f8fa29e1a90, 0x7f8fa29e1ad8, 0x7f8fa29e1ad0, 0x7f8fa29e1ac8","0"
"hipLaunchKernel","12:29:53.370642","0.000677","2368222","0x7fcfbb7d9280, 0x13600000136, 1, 0x2000000020","0"
"__hipPushCallConfiguration","12:29:53.378889","0.051940","2368222","0x13600000136, 1, 0x2000000020, 1","0"
"__hipPopCallConfiguration","12:29:53.474480","0.018999","2368222","0x7f8fa29e1a90, 0x7f8fa29e1ad8, 0x7f8fa29e1ad0, 0x7f8fa29e1ac8","0"
"__hipPushCallConfiguration","12:29:53.527444","0.000696","2368222","0x13600000136, 1, 0x2000000020, 1","0"
"__hipPopCallConfiguration","12:29:53.528206","0.000628","2368222","0x7f8fa29e1a90, 0x7f8fa29e1ad8, 0x7f8fa29e1ad0, 0x7f8fa29e1ac8","0"
"hipLaunchKernel","12:29:53.528911","0.000645","2368222","0x7fcfbb7d9280, 0x13600000136, 1, 0x2000000020","0"
"__hipPushCallConfiguration","12:29:53.529643","0.000618","2368222","0x13600000136, 1, 0x2000000020, 1","0"
"__hipPopCallConfiguration","12:29:53.530322","0.000621","2368222","0x7f8fa29e1a90, 0x7f8fa29e1ad8, 0x7f8fa29e1ad0, 0x7f8fa29e1ac8","0"
"hipLaunchKernel","12:29:53.531001","0.000616","2368222","0x7fcfbb7d9280, 0x13600000136, 1, 0x2000000020","0"
"__hipPushCallConfiguration","12:29:53.531669","0.000606","2368222","0x13600000136, 1, 0x2000000020, 1","0"
"__hipPopCallConfiguration","12:29:53.532327","0.000609","2368222","0x7f8fa29e1a90, 0x7f8fa29e1ad8, 0x7f8fa29e1ad0, 0x7f8fa29e1ac8","0"
"hipLaunchKernel","12:29:53.532991","0.000614","2368222","0x7fcfbb7d9280, 0x13600000136, 1, 0x2000000020","0"
"__hipPushCallConfiguration","12:29:53.533656","0.000607","2368222","0x13600000136, 1, 0x2000000020, 1","0"
"__hipPopCallConfiguration","12:29:53.534312","0.000596","2368222","0x7f8fa29e1a90, 0x7f8fa29e1ad8, 0x7f8fa29e1ad0, 0x7f8fa29e1ac8","0"
"hipLaunchKernel","12:29:53.534970","0.000613","2368222","0x7fcfbb7d9280, 0x13600000136, 1, 0x2000000020","0"
"__hipPushCallConfiguration","12:29:53.535643","0.000608","2368222","0x13600000136, 1, 0x2000000020, 1","0"
"__hipPopCallConfiguration","12:29:53.536306","0.000619","2368222","0x7f8fa29e1a90, 0x7f8fa29e1ad8, 0x7f8fa29e1ad0, 0x7f8fa29e1ac8","0"
"hipLaunchKernel","12:29:53.536983","0.000615","2368222","0x7fcfbb7d9280, 0x13600000136, 1, 0x2000000020","0"
"__hipPushCallConfiguration","12:29:53.537658","0.000605","2368222","0x13600000136, 1, 0x2000000020, 1","0"
"__hipPopCallConfiguration","12:29:53.538319","0.000605","2368222","0x7f8fa29e1a90, 0x7f8fa29e1ad8, 0x7f8fa29e1ad0, 0x7f8fa29e1ac8","0"
"hipLaunchKernel","12:29:53.538975","0.000600","2368222","0x7fcfbb7d9280, 0x13600000136, 1, 0x2000000020","0"
"__hipPushCallConfiguration","12:29:53.539634","0.000623","2368222","0x13600000136, 1, 0x2000000020, 1","0"
"__hipPopCallConfiguration","12:29:53.540310","0.000615","2368222","0x7f8fa29e1a90, 0x7f8fa29e1ad8, 0x7f8fa29e1ad0, 0x7f8fa29e1ac8","0"
"hipLaunchKernel","12:29:53.540987","0.000622","2368222","0x7fcfbb7d9280, 0x13600000136, 1, 0x2000000020","0"
"__hipPushCallConfiguration","12:29:53.541669","0.000619","2368222","0x13600000136, 1, 0x2000000020, 1","0"
"__hipPopCallConfiguration","12:29:53.542343","0.000618","2368222","0x7f8fa29e1a90, 0x7f8fa29e1ad8, 0x7f8fa29e1ad0, 0x7f8fa29e1ac8","0"
"hipLaunchKernel","12:29:53.543017","0.000608","2368222","0x7fcfbb7d9280, 0x13600000136, 1, 0x2000000020","0"
"__hipPushCallConfiguration","12:29:53.543686","0.000624","2368222","0x13600000136, 1, 0x2000000020, 1","0"
"__hipPopCallConfiguration","12:29:53.544369","0.000625","2368222","0x7f8fa29e1a90, 0x7f8fa29e1ad8, 0x7f8fa29e1ad0, 0x7f8fa29e1ac8","0"
"hipLaunchKernel","12:29:53.545048","0.000608","2368222","0x7fcfbb7d9280, 0x13600000136, 1, 0x2000000020","0"
"__hipPushCallConfiguration","12:29:53.546004","0.000613","2368222","0x13600000136, 1, 0x2000000020, 1","0"
"__hipPopCallConfiguration","12:29:53.546669","0.000590","2368222","0x7f8fa29e1a90, 0x7f8fa29e1ad8, 0x7f8fa29e1ad0, 0x7f8fa29e1ac8","0"
"hipLaunchKernel","12:29:53.547309","0.000615","2368222","0x7fcfbb7d9280, 0x13600000136, 1, 0x2000000020","0"
"__hipPushCallConfiguration","12:29:53.547974","0.000609","2368222","0x13600000136, 1, 0x2000000020, 1","0"
"__hipPopCallConfiguration","12:29:53.548640","0.000622","2368222","0x7f8fa29e1a90, 0x7f8fa29e1ad8, 0x7f8fa29e1ad0, 0x7f8fa29e1ac8","0"
"hipLaunchKernel","12:29:53.549318","0.000630","2368222","0x7fcfbb7d9280, 0x13600000136, 1, 0x2000000020","0"
"__hipPushCallConfiguration","12:29:53.549999","0.000610","2368222","0x13600000136, 1, 0x2000000020, 1","0"
"__hipPopCallConfiguration","12:29:53.550663","0.000611","2368222","0x7f8fa29e1a90, 0x7f8fa29e1ad8, 0x7f8fa29e1ad0, 0x7f8fa29e1ac8","0"
"hipLaunchKernel","12:29:53.551349","0.000613","2368222","0x7fcfbb7d9280, 0x13600000136, 1, 0x2000000020","0"
"__hipPushCallConfiguration","12:29:53.552025","0.000616","2368222","0x13600000136, 1, 0x2000000020, 1","0"
"__hipPopCallConfiguration","12:29:53.552697","0.000695","2368222","0x7f8fa29e1a90, 0x7f8fa29e1ad8, 0x7f8fa29e1ad0, 0x7f8fa29e1ac8","0"
"hipLaunchKernel","12:29:53.553549","0.000723","2368222","0x7fcfbb7d9280, 0x13600000136, 1, 0x2000000020","0"
"__hipPushCallConfiguration","12:29:53.554342","0.000633","2368222","0x13600000136, 1, 0x2000000020, 1","0"
"__hipPopCallConfiguration","12:29:53.555037","0.000628","2368222","0x7f8fa29e1a90, 0x7f8fa29e1ad8, 0x7f8fa29e1ad0, 0x7f8fa29e1ac8","0"
"hipLaunchKernel","12:29:53.555730","0.000629","2368222","0x7fcfbb7d9280, 0x13600000136, 1, 0x2000000020","0"
"__hipPushCallConfiguration","12:29:53.556421","0.000639","2368222","0x13600000136, 1, 0x2000000020, 1","0"
"__hipPopCallConfiguration","12:29:53.557123","0.000636","2368222","0x7f8fa29e1a90, 0x7f8fa29e1ad8, 0x7f8fa29e1ad0, 0x7f8fa29e1ac8","0"
"hipLaunchKernel","12:29:53.557824","0.000630","2368222","0x7fcfbb7d9280, 0x13600000136, 1, 0x2000000020","0"
"__hipPushCallConfiguration","12:29:53.558515","0.000614","2368222","0x13600000136, 1, 0x2000000020, 1","0"
"__hipPopCallConfiguration","12:29:53.559188","0.000616","2368222","0x7f8fa29e1a90, 0x7f8fa29e1ad8, 0x7f8fa29e1ad0, 0x7f8fa29e1ac8","0"
"hipLaunchKernel","12:29:53.559863","0.000623","2368222","0x7fcfbb7d9280, 0x13600000136, 1, 0x2000000020","0"
"__hipPushCallConfiguration","12:29:53.560549","0.000628","2368222","0x13600000136, 1, 0x2000000020, 1","0"
"__hipPopCallConfiguration","12:29:53.561240","0.000614","2368222","0x7f8fa29e1a90, 0x7f8fa29e1ad8, 0x7f8fa29e1ad0, 0x7f8fa29e1ac8","0"
"hipLaunchKernel","12:29:53.561911","0.000621","2368222","0x7fcfbb7d9280, 0x13600000136, 1, 0x2000000020","0"
"__hipPushCallConfiguration","12:29:53.562594","0.000614","2368222","0x13600000136, 1, 0x2000000020, 1","0"
"__hipPopCallConfiguration","12:29:53.563268","0.000616","2368222","0x7f8fa29e1a90, 0x7f8fa29e1ad8, 0x7f8fa29e1ad0, 0x7f8fa29e1ac8","0"
"hipLaunchKernel","12:29:53.563941","0.000622","2368222","0x7fcfbb7d9280, 0x13600000136, 1, 0x2000000020","0"
"__hipPushCallConfiguration","12:29:53.564625","0.000621","2368222","0x13600000136, 1, 0x2000000020, 1","0"
"__hipPopCallConfiguration","12:29:53.565307","0.000634","2368222","0x7f8fa29e1a90, 0x7f8fa29e1ad8, 0x7f8fa29e1ad0, 0x7f8fa29e1ac8","0"
"hipLaunchKernel","12:29:53.566000","0.000622","2368222","0x7fcfbb7d9280, 0x13600000136, 1, 0x2000000020","0"
"__hipPushCallConfiguration","12:29:53.566970","0.000634","2368222","0x13600000136, 1, 0x2000000020, 1","0"
"__hipPopCallConfiguration","12:29:53.567666","0.000601","2368222","0x7f8fa29e1a90, 0x7f8fa29e1ad8, 0x7f8fa29e1ad0, 0x7f8fa29e1ac8","0"
"hipLaunchKernel","12:29:53.568321","0.000620","2368222","0x7fcfbb7d9280, 0x13600000136, 1, 0x2000000020","0"
"__hipPushCallConfiguration","12:29:53.568995","0.000606","2368222","0x13600000136, 1, 0x2000000020, 1","0"
"__hipPopCallConfiguration","12:29:53.569656","0.000600","2368222","0x7f8fa29e1a90, 0x7f8fa29e1ad8, 0x7f8fa29e1ad0, 0x7f8fa29e1ac8","0"
"hipLaunchKernel","12:29:53.570312","0.000607","2368222","0x7fcfbb7d9280, 0x13600000136, 1, 0x2000000020","0"
"__hipPushCallConfiguration","12:29:53.570969","0.000600","2368222","0x13600000136, 1, 0x2000000020, 1","0"
"__hipPopCallConfiguration","12:29:53.571620","0.000587","2368222","0x7f8fa29e1a90, 0x7f8fa29e1ad8, 0x7f8fa29e1ad0, 0x7f8fa29e1ac8","0"
"hipLaunchKernel","12:29:53.572258","0.000619","2368222","0x7fcfbb7d9280, 0x13600000136, 1, 0x2000000020","0"
"__hipPushCallConfiguration","12:29:53.572937","0.000617","2368222","0x13600000136, 1, 0x2000000020, 1","0"
"__hipPopCallConfiguration","12:29:53.573624","0.000604","2368222","0x7f8fa29e1a90, 0x7f8fa29e1ad8, 0x7f8fa29e1ad0, 0x7f8fa29e1ac8","0"
"hipLaunchKernel","12:29:53.574283","0.000609","2368222","0x7fcfbb7d9280, 0x13600000136, 1, 0x2000000020","0"
"__hipPushCallConfiguration","12:29:53.574942","0.000601","2368222","0x13600000136, 1, 0x2000000020, 1","0"
"__hipPopCallConfiguration","12:29:53.575598","0.000599","2368222","0x7f8fa29e1a90, 0x7f8fa29e1ad8, 0x7f8fa29e1ad0, 0x7f8fa29e1ac8","0"
"hipLaunchKernel","12:29:53.576253","0.000610","2368222","0x7fcfbb7d9280, 0x13600000136, 1, 0x2000000020","0"
"__hipPushCallConfiguration","12:29:53.576928","0.000607","2368222","0x13600000136, 1, 0x2000000020, 1","0"
"__hipPopCallConfiguration","12:29:53.577591","0.000601","2368222","0x7f8fa29e1a90, 0x7f8fa29e1ad8, 0x7f8fa29e1ad0, 0x7f8fa29e1ac8","0"
"hipLaunchKernel","12:29:53.578242","0.000597","2368222","0x7fcfbb7d9280, 0x13600000136, 1, 0x2000000020","0"
"__hipPushCallConfiguration","12:29:53.578897","0.000607","2368222","0x13600000136, 1, 0x2000000020, 1","0"
"__hipPopCallConfiguration","12:29:53.579553","0.000603","2368222","0x7f8fa29e1a90, 0x7f8fa29e1ad8, 0x7f8fa29e1ad0, 0x7f8fa29e1ac8","0"
"hipLaunchKernel","12:29:53.580208","0.000599","2368222","0x7fcfbb7d9280, 0x13600000136, 1, 0x2000000020","0"
"__hipPushCallConfiguration","12:29:53.580875","0.000624","2368222","0x13600000136, 1, 0x2000000020, 1","0"
"__hipPopCallConfiguration","12:29:53.581545","0.000604","2368222","0x7f8fa29e1a90, 0x7f8fa29e1ad8, 0x7f8fa29e1ad0, 0x7f8fa29e1ac8","0"
"hipLaunchKernel","12:29:53.582199","0.000597","2368222","0x7fcfbb7d9280, 0x13600000136, 1, 0x2000000020","0"
"__hipPushCallConfiguration","12:29:53.582853","0.000606","2368222","0x13600000136, 1, 0x2000000020, 1","0"
"__hipPopCallConfiguration","12:29:53.583511","0.000588","2368222","0x7f8fa29e1a90, 0x7f8fa29e1ad8, 0x7f8fa29e1ad0, 0x7f8fa29e1ac8","0"
"hipLaunchKernel","12:29:53.584150","0.000605","2368222","0x7fcfbb7d9280, 0x13600000136, 1, 0x2000000020","0"
"__hipPushCallConfiguration","12:29:53.584805","0.000837","2368222","0x13600000136, 1, 0x2000000020, 1","0"
"__hipPopCallConfiguration","12:29:53.585710","0.000604","2368222","0x7f8fa29e1a90, 0x7f8fa29e1ad8, 0x7f8fa29e1ad0, 0x7f8fa29e1ac8","0"
"hipLaunchKernel","12:29:53.586366","0.000600","2368222","0x7fcfbb7d9280, 0x13600000136, 1, 0x2000000020","0"
"__hipPushCallConfiguration","12:29:53.587314","0.000616","2368222","0x13600000136, 1, 0x2000000020, 1","0"
"__hipPopCallConfiguration","12:29:53.587981","0.000607","2368222","0x7f8fa29e1a90, 0x7f8fa29e1ad8, 0x7f8fa29e1ad0, 0x7f8fa29e1ac8","0"
"hipLaunchKernel","12:29:53.588643","0.000640","2368222","0x7fcfbb7d9280, 0x13600000136, 1, 0x2000000020","0"
"__hipPushCallConfiguration","12:29:53.589344","0.000613","2368222","0x13600000136, 1, 0x2000000020, 1","0"
"__hipPopCallConfiguration","12:29:53.590009","0.000599","2368222","0x7f8fa29e1a90, 0x7f8fa29e1ad8, 0x7f8fa29e1ad0, 0x7f8fa29e1ac8","0"
"hipLaunchKernel","12:29:53.590659","0.000611","2368222","0x7fcfbb7d9280, 0x13600000136, 1, 0x2000000020","0"
"__hipPushCallConfiguration","12:29:53.591330","0.000613","2368222","0x13600000136, 1, 0x2000000020, 1","0"
"__hipPopCallConfiguration","12:29:53.592000","0.000615","2368222","0x7f8fa29e1a90, 0x7f8fa29e1ad8, 0x7f8fa29e1ad0, 0x7f8fa29e1ac8","0"
"hipLaunchKernel","12:29:53.592673","0.000687","2368222","0x7fcfbb7d9280, 0x13600000136, 1, 0x2000000020","0"
"__hipPushCallConfiguration","12:29:53.593482","0.000689","2368222","0x13600000136, 1, 0x2000000020, 1","0"
"__hipPopCallConfiguration","12:29:53.594236","0.000625","2368222","0x7f8fa29e1a90, 0x7f8fa29e1ad8, 0x7f8fa29e1ad0, 0x7f8fa29e1ac8","0"
"hipLaunchKernel","12:29:53.594922","0.000627","2368222","0x7fcfbb7d9280, 0x13600000136, 1, 0x2000000020","0"
"__hipPushCallConfiguration","12:29:53.595637","0.000621","2368222","0x13600000136, 1, 0x2000000020, 1","0"
"__hipPopCallConfiguration","12:29:53.596317","0.000627","2368222","0x7f8fa29e1a90, 0x7f8fa29e1ad8, 0x7f8fa29e1ad0, 0x7f8fa29e1ac8","0"
"hipLaunchKernel","12:29:53.597005","0.000637","2368222","0x7fcfbb7d9280, 0x13600000136, 1, 0x2000000020","0"
"__hipPushCallConfiguration","12:29:53.597704","0.000620","2368222","0x13600000136, 1, 0x2000000020, 1","0"
"__hipPopCallConfiguration","12:29:53.598387","0.000619","2368222","0x7f8fa29e1a90, 0x7f8fa29e1ad8, 0x7f8fa29e1ad0, 0x7f8fa29e1ac8","0"
"hipLaunchKernel","12:29:53.599066","0.000621","2368222","0x7fcfbb7d9280, 0x13600000136, 1, 0x2000000020","0"
"__hipPushCallConfiguration","12:29:53.599748","0.000612","2368222","0x13600000136, 1, 0x2000000020, 1","0"
"__hipPopCallConfiguration","12:29:53.600419","0.000628","2368222","0x7f8fa29e1a90, 0x7f8fa29e1ad8, 0x7f8fa29e1ad0, 0x7f8fa29e1ac8","0"
"hipLaunchKernel","12:29:53.601109","0.000622","2368222","0x7fcfbb7d9280, 0x13600000136, 1, 0x2000000020","0"
"__hipPushCallConfiguration","12:29:53.601793","0.000611","2368222","0x13600000136, 1, 0x2000000020, 1","0"
"__hipPopCallConfiguration","12:29:53.602464","0.000619","2368222","0x7f8fa29e1a90, 0x7f8fa29e1ad8, 0x7f8fa29e1ad0, 0x7f8fa29e1ac8","0"
"hipLaunchKernel","12:29:53.603145","0.000623","2368222","0x7fcfbb7d9280, 0x13600000136, 1, 0x2000000020","0"
"__hipPushCallConfiguration","12:29:53.603831","0.000626","2368222","0x13600000136, 1, 0x2000000020, 1","0"
"__hipPopCallConfiguration","12:29:53.604516","0.000628","2368222","0x7f8fa29e1a90, 0x7f8fa29e1ad8, 0x7f8fa29e1ad0, 0x7f8fa29e1ac8","0"
"hipLaunchKernel","12:29:53.605208","0.000622","2368222","0x7fcfbb7d9280, 0x13600000136, 1, 0x2000000020","0"
"__hipPushCallConfiguration","12:29:53.605892","0.000625","2368222","0x13600000136, 1, 0x2000000020, 1","0"
"__hipPopCallConfiguration","12:29:53.606580","0.000612","2368222","0x7f8fa29e1a90, 0x7f8fa29e1ad8, 0x7f8fa29e1ad0, 0x7f8fa29e1ac8","0"
"hipLaunchKernel","12:29:53.607250","0.000620","2368222","0x7fcfbb7d9280, 0x13600000136, 1, 0x2000000020","0"
"hipFree","12:29:53.704229","0.001422","2368222","0x7f730a000000, 0x7f8fa29e1a24, 0, 0x3e01b23","0"
"hipFree","12:29:53.705829","0.001123","2368222","0x7f72f0400000, 0, 0, 305","0"
"hipMalloc","12:29:53.971530","0.001205","2368221","0x7f8fa31e29d8, 0x17764000, 0x69e74, 0x20bc3a","0"
"hipMalloc","12:29:53.972817","0.000798","2368221","0x7f8fa31e29d0, 0x17764000, 0, 0","0"
"hipMalloc","12:29:54.080604","0.051028","2368224","0x7f8fa19dfa78, 0x17764000, 0x84dae, 0x20bc3a","0"
"hipMalloc","12:29:54.131805","0.053739","2368224","0x7f8fa19dfa70, 0x17764000, 0, 0","0"
"__hipPushCallConfiguration","12:29:54.232633","0.006878","2368221","0x13600000136, 1, 0x2000000020, 1","0"
"__hipPopCallConfiguration","12:29:54.239730","0.000630","2368221","0x7f8fa31e29f0, 0x7f8fa31e2a38, 0x7f8fa31e2a30, 0x7f8fa31e2a28","0"
"hipLaunchKernel","12:29:54.240423","0.047947","2368221","0x7fcfbb7d9280, 0x13600000136, 1, 0x2000000020","0"
"__hipPushCallConfiguration","12:29:54.288545","0.005477","2368221","0x13600000136, 1, 0x2000000020, 1","0"
"__hipPopCallConfiguration","12:29:54.294192","0.000614","2368221","0x7f8fa31e29f0, 0x7f8fa31e2a38, 0x7f8fa31e2a30, 0x7f8fa31e2a28","0"
"__hipPopCallConfiguration","12:29:54.297653","0.000496","2368221","0x7f8fa31e29f0, 0x7f8fa31e2a38, 0x7f8fa31e2a30, 0x7f8fa31e2a28","0"
"hipLaunchKernel","12:29:54.298186","0.000547","2368221","0x7fcfbb7d9280, 0x13600000136, 1, 0x2000000020","0"
"__hipPushCallConfiguration","12:29:54.299251","0.000543","2368221","0x13600000136, 1, 0x2000000020, 1","0"
"__hipPopCallConfiguration","12:29:54.299850","0.000514","2368221","0x7f8fa31e29f0, 0x7f8fa31e2a38, 0x7f8fa31e2a30, 0x7f8fa31e2a28","0"
"hipLaunchKernel","12:29:54.300413","0.000545","2368221","0x7fcfbb7d9280, 0x13600000136, 1, 0x2000000020","0"
"__hipPushCallConfiguration","12:29:54.301492","0.000507","2368221","0x13600000136, 1, 0x2000000020, 1","0"
"__hipPopCallConfiguration","12:29:54.302052","0.000510","2368221","0x7f8fa31e29f0, 0x7f8fa31e2a38, 0x7f8fa31e2a30, 0x7f8fa31e2a28","0"
"hipLaunchKernel","12:29:54.302609","0.000506","2368221","0x7fcfbb7d9280, 0x13600000136, 1, 0x2000000020","0"
"__hipPushCallConfiguration","12:29:54.303652","0.000516","2368221","0x13600000136, 1, 0x2000000020, 1","0"
"__hipPopCallConfiguration","12:29:54.304221","0.000508","2368221","0x7f8fa31e29f0, 0x7f8fa31e2a38, 0x7f8fa31e2a30, 0x7f8fa31e2a28","0"
"hipLaunchKernel","12:29:54.304774","0.000516","2368221","0x7fcfbb7d9280, 0x13600000136, 1, 0x2000000020","0"
"__hipPushCallConfiguration","12:29:54.305840","0.000514","2368221","0x13600000136, 1, 0x2000000020, 1","0"
"__hipPopCallConfiguration","12:29:54.306414","0.000505","2368221","0x7f8fa31e29f0, 0x7f8fa31e2a38, 0x7f8fa31e2a30, 0x7f8fa31e2a28","0"
"hipLaunchKernel","12:29:54.306963","0.000501","2368221","0x7fcfbb7d9280, 0x13600000136, 1, 0x2000000020","0"
"__hipPushCallConfiguration","12:29:54.307999","0.000522","2368221","0x13600000136, 1, 0x2000000020, 1","0"
"__hipPopCallConfiguration","12:29:54.308576","0.000516","2368221","0x7f8fa31e29f0, 0x7f8fa31e2a38, 0x7f8fa31e2a30, 0x7f8fa31e2a28","0"
"hipLaunchKernel","12:29:54.309144","0.000525","2368221","0x7fcfbb7d9280, 0x13600000136, 1, 0x2000000020","0"
"__hipPushCallConfiguration","12:29:54.310185","0.000521","2368221","0x13600000136, 1, 0x2000000020, 1","0"
"__hipPopCallConfiguration","12:29:54.310759","0.000503","2368221","0x7f8fa31e29f0, 0x7f8fa31e2a38, 0x7f8fa31e2a30, 0x7f8fa31e2a28","0"
"hipLaunchKernel","12:29:54.311307","0.000522","2368221","0x7fcfbb7d9280, 0x13600000136, 1, 0x2000000020","0"
"__hipPushCallConfiguration","12:29:54.313252","0.000535","2368221","0x13600000136, 1, 0x2000000020, 1","0"
"hipLaunchKernel","12:29:54.316064","0.000521","2368224","0x7fcfbb7d9280, 0x13600000136, 1, 0x2000000020","0"
"__hipPushCallConfiguration","12:29:54.354077","0.000503","2368221","0x13600000136, 1, 0x2000000020, 1","0"
"hipLaunchKernel","12:29:54.359981","0.000537","2368224","0x7fcfbb7d9280, 0x13600000136, 1, 0x2000000020","0"
"__hipPushCallConfiguration","12:29:54.398001","0.000519","2368221","0x13600000136, 1, 0x2000000020, 1","0"
"hipLaunchKernel","12:29:54.403922","0.000527","2368224","0x7fcfbb7d9280, 0x13600000136, 1, 0x2000000020","0"
"__hipPushCallConfiguration","12:29:54.437696","0.000410","2368221","0x13600000136, 1, 0x2000000020, 1","0"
"hipLaunchKernel","12:29:54.442488","0.000431","2368224","0x7fcfbb7d9280, 0x13600000136, 1, 0x2000000020","0"
"__hipPushCallConfiguration","12:29:54.474419","0.000409","2368221","0x13600000136, 1, 0x2000000020, 1","0"
"hipLaunchKernel","12:29:54.479296","0.000430","2368224","0x7fcfbb7d9280, 0x13600000136, 1, 0x2000000020","0"
"__hipPushCallConfiguration","12:29:54.510361","0.000437","2368221","0x13600000136, 1, 0x2000000020, 1","0"
"hipLaunchKernel","12:29:54.515177","0.000422","2368224","0x7fcfbb7d9280, 0x13600000136, 1, 0x2000000020","0"
"__hipPushCallConfiguration","12:29:54.546038","0.000412","2368221","0x13600000136, 1, 0x2000000020, 1","0"
"hipLaunchKernel","12:29:54.551091","0.000436","2368224","0x7fcfbb7d9280, 0x13600000136, 1, 0x2000000020","0"
"__hipPushCallConfiguration","12:29:54.582388","0.000424","2368221","0x13600000136, 1, 0x2000000020, 1","0"
"hipLaunchKernel","12:29:54.587251","0.000431","2368224","0x7fcfbb7d9280, 0x13600000136, 1, 0x2000000020","0"
"__hipPushCallConfiguration","12:29:54.618345","0.000429","2368221","0x13600000136, 1, 0x2000000020, 1","0"
"hipLaunchKernel","12:29:54.623330","0.000417","2368224","0x7fcfbb7d9280, 0x13600000136, 1, 0x2000000020","0"
"__hipPushCallConfiguration","12:29:54.652291","0.000242","2368221","0x13600000136, 1, 0x2000000020, 1","0"
"hipLaunchKernel","12:29:54.656695","0.000427","2368224","0x7fcfbb7d9280, 0x13600000136, 1, 0x2000000020","0"
"__hipPushCallConfiguration","12:29:54.657164","0.000242","2368224","0x13600000136, 1, 0x2000000020, 1","0"
"__hipPushCallConfiguration","12:29:54.657427","0.000416","2368221","0x13600000136, 1, 0x2000000020, 1","0"
"__hipPushCallConfiguration","12:29:54.674242","0.000232","2368221","0x13600000136, 1, 0x2000000020, 1","0"
"hipLaunchKernel","12:29:54.676930","0.000257","2368224","0x7fcfbb7d9280, 0x13600000136, 1, 0x2000000020","0"
"__hipPushCallConfiguration","12:29:54.694864","0.000233","2368221","0x13600000136, 1, 0x2000000020, 1","0"
"hipLaunchKernel","12:29:54.697596","0.000254","2368224","0x7fcfbb7d9280, 0x13600000136, 1, 0x2000000020","0"
"__hipPushCallConfiguration","12:29:54.715305","0.000230","2368221","0x13600000136, 1, 0x2000000020, 1","0"
"hipLaunchKernel","12:29:54.718186","0.000255","2368224","0x7fcfbb7d9280, 0x13600000136, 1, 0x2000000020","0"
"__hipPushCallConfiguration","12:29:54.735655","0.000229","2368221","0x13600000136, 1, 0x2000000020, 1","0"
"hipLaunchKernel","12:29:54.738479","0.000263","2368224","0x7fcfbb7d9280, 0x13600000136, 1, 0x2000000020","0"
"__hipPushCallConfiguration","12:29:54.755948","0.000263","2368221","0x13600000136, 1, 0x2000000020, 1","0"
"hipLaunchKernel","12:29:54.758701","0.000249","2368224","0x7fcfbb7d9280, 0x13600000136, 1, 0x2000000020","0"
"__hipPushCallConfiguration","12:29:54.776407","0.000235","2368221","0x13600000136, 1, 0x2000000020, 1","0"
"hipLaunchKernel","12:29:54.779123","0.000418","2368224","0x7fcfbb7d9280, 0x13600000136, 1, 0x2000000020","0"
"__hipPushCallConfiguration","12:29:54.779586","0.000240","2368224","0x13600000136, 1, 0x2000000020, 1","0"
"__hipPushCallConfiguration","12:29:54.779848","0.000422","2368221","0x13600000136, 1, 0x2000000020, 1","0"
"__hipPushCallConfiguration","12:29:54.796651","0.000241","2368221","0x13600000136, 1, 0x2000000020, 1","0"
"hipLaunchKernel","12:29:54.799338","0.000254","2368224","0x7fcfbb7d9280, 0x13600000136, 1, 0x2000000020","0"
"__hipPushCallConfiguration","12:29:54.817305","0.000238","2368221","0x13600000136, 1, 0x2000000020, 1","0"
"hipLaunchKernel","12:29:54.820005","0.000437","2368224","0x7fcfbb7d9280, 0x13600000136, 1, 0x2000000020","0"
"__hipPushCallConfiguration","12:29:54.820480","0.000242","2368224","0x13600000136, 1, 0x2000000020, 1","0"
"__hipPushCallConfiguration","12:29:54.820743","0.000411","2368221","0x13600000136, 1, 0x2000000020, 1","0"
"__hipPushCallConfiguration","12:29:54.837407","0.000230","2368221","0x13600000136, 1, 0x2000000020, 1","0"
"hipLaunchKernel","12:29:54.840196","0.000260","2368224","0x7fcfbb7d9280, 0x13600000136, 1, 0x2000000020","0"
"__hipPushCallConfiguration","12:29:54.857612","0.000237","2368221","0x13600000136, 1, 0x2000000020, 1","0"
"hipLaunchKernel","12:29:54.860295","0.000257","2368224","0x7fcfbb7d9280, 0x13600000136, 1, 0x2000000020","0"
"__hipPushCallConfiguration","12:29:54.877895","0.000232","2368221","0x13600000136, 1, 0x2000000020, 1","0"
"hipLaunchKernel","12:29:54.880555","0.000259","2368224","0x7fcfbb7d9280, 0x13600000136, 1, 0x2000000020","0"
"__hipPushCallConfiguration","12:29:54.898593","0.000264","2368221","0x13600000136, 1, 0x2000000020, 1","0"
"hipLaunchKernel","12:29:54.901320","0.000258","2368224","0x7fcfbb7d9280, 0x13600000136, 1, 0x2000000020","0"
"__hipPushCallConfiguration","12:29:54.918880","0.000230","2368221","0x13600000136, 1, 0x2000000020, 1","0"
"hipLaunchKernel","12:29:54.921586","0.000249","2368224","0x7fcfbb7d9280, 0x13600000136, 1, 0x2000000020","0"
"__hipPushCallConfiguration","12:29:54.941263","0.000612","2368221","0x13600000136, 1, 0x2000000020, 1","0"
"hipLaunchKernel","12:29:54.944545","0.000249","2368224","0x7fcfbb7d9280, 0x13600000136, 1, 0x2000000020","0"
"__hipPushCallConfiguration","12:29:54.962261","0.000235","2368221","0x13600000136, 1, 0x2000000020, 1","0"
"hipLaunchKernel","12:29:54.964969","0.000254","2368224","0x7fcfbb7d9280, 0x13600000136, 1, 0x2000000020","0"
"__hipPushCallConfiguration","12:29:54.982523","0.000274","2368221","0x13600000136, 1, 0x2000000020, 1","0"
"hipLaunchKernel","12:29:54.985380","0.000261","2368224","0x7fcfbb7d9280, 0x13600000136, 1, 0x2000000020","0"
"__hipPushCallConfiguration","12:29:55.002700","0.000263","2368221","0x13600000136, 1, 0x2000000020, 1","0"
"hipLaunchKernel","12:29:55.005443","0.000253","2368224","0x7fcfbb7d9280, 0x13600000136, 1, 0x2000000020","0"
"__hipPushCallConfiguration","12:29:55.022899","0.000233","2368221","0x13600000136, 1, 0x2000000020, 1","0"
"hipLaunchKernel","12:29:55.025705","0.000263","2368224","0x7fcfbb7d9280, 0x13600000136, 1, 0x2000000020","0"
"__hipPushCallConfiguration","12:29:55.043149","0.000231","2368221","0x13600000136, 1, 0x2000000020, 1","0"
"hipLaunchKernel","12:29:55.045819","0.000254","2368224","0x7fcfbb7d9280, 0x13600000136, 1, 0x2000000020","0"
"__hipPushCallConfiguration","12:29:55.063941","0.000230","2368221","0x13600000136, 1, 0x2000000020, 1","0"
"hipLaunchKernel","12:29:55.066664","0.000258","2368224","0x7fcfbb7d9280, 0x13600000136, 1, 0x2000000020","0"
"__hipPushCallConfiguration","12:29:55.084288","0.000258","2368221","0x13600000136, 1, 0x2000000020, 1","0"
"hipLaunchKernel","12:29:55.087022","0.000269","2368224","0x7fcfbb7d9280, 0x13600000136, 1, 0x2000000020","0"
"__hipPushCallConfiguration","12:29:55.103681","0.000236","2368221","0x13600000136, 1, 0x2000000020, 1","0"
"hipLaunchKernel","12:29:55.106629","0.000258","2368224","0x7fcfbb7d9280, 0x13600000136, 1, 0x2000000020","0"
"__hipPushCallConfiguration","12:29:55.124146","0.000232","2368221","0x13600000136, 1, 0x2000000020, 1","0"
"hipLaunchKernel","12:29:55.126868","0.000278","2368224","0x7fcfbb7d9280, 0x13600000136, 1, 0x2000000020","0"
"__hipPushCallConfiguration","12:29:55.143902","0.000242","2368221","0x13600000136, 1, 0x2000000020, 1","0"
"hipLaunchKernel","12:29:55.146637","0.000250","2368224","0x7fcfbb7d9280, 0x13600000136, 1, 0x2000000020","0"
"__hipPushCallConfiguration","12:29:55.164431","0.000232","2368221","0x13600000136, 1, 0x2000000020, 1","0"
"hipLaunchKernel","12:29:55.167118","0.000251","2368224","0x7fcfbb7d9280, 0x13600000136, 1, 0x2000000020","0"
"__hipPushCallConfiguration","12:29:55.184549","0.000236","2368221","0x13600000136, 1, 0x2000000020, 1","0"
"hipLaunchKernel","12:29:55.187265","0.000254","2368224","0x7fcfbb7d9280, 0x13600000136, 1, 0x2000000020","0"
"__hipPushCallConfiguration","12:29:55.209251","0.000246","2368224","0x13600000136, 1, 0x2000000020, 1","0"
"__hipPushCallConfiguration","12:29:55.209523","0.000424","2368221","0x13600000136, 1, 0x2000000020, 1","0"
"__hipPushCallConfiguration","12:29:55.226695","0.000238","2368221","0x13600000136, 1, 0x2000000020, 1","0"
"__hipPushCallConfiguration","12:29:55.226957","0.000427","2368224","0x13600000136, 1, 0x2000000020, 1","0"
"__hipPushCallConfiguration","12:29:55.230950","0.000235","2368224","0x13600000136, 1, 0x2000000020, 1","0"
"__hipPushCallConfiguration","12:29:55.231210","0.000425","2368221","0x13600000136, 1, 0x2000000020, 1","0"
"__hipPushCallConfiguration","12:29:55.248092","0.000240","2368221","0x13600000136, 1, 0x2000000020, 1","0"
"__hipPushCallConfiguration","12:29:55.248356","0.000425","2368224","0x13600000136, 1, 0x2000000020, 1","0"
"__hipPushCallConfiguration","12:29:55.252535","0.000243","2368224","0x13600000136, 1, 0x2000000020, 1","0"
"__hipPushCallConfiguration","12:29:55.252802","0.000566","2368221","0x13600000136, 1, 0x2000000020, 1","0"
"__hipPushCallConfiguration","12:29:55.274118","0.000244","2368224","0x13600000136, 1, 0x2000000020, 1","0"
"__hipPushCallConfiguration","12:29:55.274393","0.000430","2368221","0x13600000136, 1, 0x2000000020, 1","0"
"__hipPushCallConfiguration","12:29:55.295937","0.000241","2368224","0x13600000136, 1, 0x2000000020, 1","0"
"__hipPopCallConfiguration","12:29:55.296704","0.000571","2368221","0x7f8fa31e29f0, 0x7f8fa31e2a38, 0x7f8fa31e2a30, 0x7f8fa31e2a28","0"
"__hipPushCallConfiguration","12:29:55.313161","0.000245","2368221","0x13600000136, 1, 0x2000000020, 1","0"
"__hipPushCallConfiguration","12:29:55.313432","0.000428","2368224","0x13600000136, 1, 0x2000000020, 1","0"
"__hipPushCallConfiguration","12:29:55.317522","0.000238","2368224","0x13600000136, 1, 0x2000000020, 1","0"
"__hipPushCallConfiguration","12:29:55.317790","0.000430","2368221","0x13600000136, 1, 0x2000000020, 1","0"
"__hipPushCallConfiguration","12:29:55.339016","0.000237","2368224","0x13600000136, 1, 0x2000000020, 1","0"
"__hipPopCallConfiguration","12:29:55.339781","0.000420","2368221","0x7f8fa31e29f0, 0x7f8fa31e2a38, 0x7f8fa31e2a30, 0x7f8fa31e2a28","0"
"__hipPushCallConfiguration","12:29:55.360292","0.000245","2368224","0x13600000136, 1, 0x2000000020, 1","0"
"__hipPushCallConfiguration","12:29:55.360562","0.000432","2368221","0x13600000136, 1, 0x2000000020, 1","0"
"__hipPushCallConfiguration","12:29:55.377665","0.000245","2368221","0x13600000136, 1, 0x2000000020, 1","0"
"__hipPushCallConfiguration","12:29:55.377935","0.000436","2368224","0x13600000136, 1, 0x2000000020, 1","0"
"__hipPushCallConfiguration","12:29:55.381983","0.000244","2368224","0x13600000136, 1, 0x2000000020, 1","0"
"__hipPushCallConfiguration","12:29:55.382254","0.000429","2368221","0x13600000136, 1, 0x2000000020, 1","0"
"__hipPushCallConfiguration","12:29:55.399643","0.000247","2368221","0x13600000136, 1, 0x2000000020, 1","0"
"__hipPushCallConfiguration","12:29:55.399917","0.000427","2368224","0x13600000136, 1, 0x2000000020, 1","0"
"__hipPushCallConfiguration","12:29:55.403933","0.000237","2368224","0x13600000136, 1, 0x2000000020, 1","0"
"__hipPushCallConfiguration","12:29:55.404196","0.000425","2368221","0x13600000136, 1, 0x2000000020, 1","0"
"__hipPushCallConfiguration","12:29:55.421259","0.000245","2368221","0x13600000136, 1, 0x2000000020, 1","0"
"__hipPushCallConfiguration","12:29:55.421531","0.000427","2368224","0x13600000136, 1, 0x2000000020, 1","0"
"__hipPushCallConfiguration","12:29:55.425527","0.000241","2368224","0x13600000136, 1, 0x2000000020, 1","0"
"__hipPushCallConfiguration","12:29:55.425794","0.000426","2368221","0x13600000136, 1, 0x2000000020, 1","0"
"__hipPushCallConfiguration","12:29:55.447149","0.000240","2368224","0x13600000136, 1, 0x2000000020, 1","0"
"__hipPushCallConfiguration","12:29:55.447414","0.000428","2368221","0x13600000136, 1, 0x2000000020, 1","0"
"__hipPushCallConfiguration","12:29:55.469058","0.000244","2368224","0x13600000136, 1, 0x2000000020, 1","0"
"__hipPushCallConfiguration","12:29:55.469328","0.000431","2368221","0x13600000136, 1, 0x2000000020, 1","0"
"__hipPushCallConfiguration","12:29:55.486375","0.000240","2368221","0x13600000136, 1, 0x2000000020, 1","0"
"__hipPushCallConfiguration","12:29:55.486640","0.000413","2368224","0x13600000136, 1, 0x2000000020, 1","0"
"__hipPushCallConfiguration","12:29:55.490631","0.000236","2368224","0x13600000136, 1, 0x2000000020, 1","0"
"__hipPopCallConfiguration","12:29:55.490912","0.000245","2368224","0x7f8fa19dfa90, 0x7f8fa19dfad8, 0x7f8fa19dfad0, 0x7f8fa19dfac8","0"
"hipLaunchKernel","12:29:55.491214","0.000240","2368224","0x7fcfbb7d9280, 0x13600000136, 1, 0x2000000020","0"
"__hipPushCallConfiguration","12:29:55.491493","0.074721","2368224","0x13600000136, 1, 0x2000000020, 1","0"
"__hipPopCallConfiguration","12:29:55.566356","0.000334","2368224","0x7f8fa19dfa90, 0x7f8fa19dfad8, 0x7f8fa19dfad0, 0x7f8fa19dfac8","0"
"hipLaunchKernel","12:29:55.566806","0.000310","2368224","0x7fcfbb7d9280, 0x13600000136, 1, 0x2000000020","0"
"__hipPushCallConfiguration","12:29:55.567158","0.062637","2368224","0x13600000136, 1, 0x2000000020, 1","0"
"__hipPopCallConfiguration","12:29:55.629951","0.030185","2368224","0x7f8fa19dfa90, 0x7f8fa19dfad8, 0x7f8fa19dfad0, 0x7f8fa19dfac8","0"
"hipLaunchKernel","12:29:55.660262","0.029850","2368224","0x7fcfbb7d9280, 0x13600000136, 1, 0x2000000020","0"
"__hipPushCallConfiguration","12:29:55.690194","0.030509","2368224","0x13600000136, 1, 0x2000000020, 1","0"
"__hipPopCallConfiguration","12:29:55.720911","0.004640","2368224","0x7f8fa19dfa90, 0x7f8fa19dfad8, 0x7f8fa19dfad0, 0x7f8fa19dfac8","0"
"hipLaunchKernel","12:29:55.725679","0.003512","2368224","0x7fcfbb7d9280, 0x13600000136, 1, 0x2000000020","0"
"__hipPushCallConfiguration","12:29:55.729248","0.004432","2368224","0x13600000136, 1, 0x2000000020, 1","0"
"__hipPopCallConfiguration","12:29:55.733730","0.000299","2368224","0x7f8fa19dfa90, 0x7f8fa19dfad8, 0x7f8fa19dfad0, 0x7f8fa19dfac8","0"
"hipLaunchKernel","12:29:55.734142","0.003693","2368224","0x7fcfbb7d9280, 0x13600000136, 1, 0x2000000020","0"
"__hipPushCallConfiguration","12:29:55.737926","0.000541","2368224","0x13600000136, 1, 0x2000000020, 1","0"
"__hipPopCallConfiguration","12:29:55.738528","0.003683","2368224","0x7f8fa19dfa90, 0x7f8fa19dfad8, 0x7f8fa19dfad0, 0x7f8fa19dfac8","0"
"hipLaunchKernel","12:29:55.742297","0.000541","2368224","0x7fcfbb7d9280, 0x13600000136, 1, 0x2000000020","0"
"__hipPushCallConfiguration","12:29:55.742905","0.003711","2368224","0x13600000136, 1, 0x2000000020, 1","0"
"__hipPopCallConfiguration","12:29:55.746686","0.000524","2368224","0x7f8fa19dfa90, 0x7f8fa19dfad8, 0x7f8fa19dfad0, 0x7f8fa19dfac8","0"
"hipLaunchKernel","12:29:55.747270","0.002677","2368224","0x7fcfbb7d9280, 0x13600000136, 1, 0x2000000020","0"
"__hipPushCallConfiguration","12:29:55.750018","0.000527","2368224","0x13600000136, 1, 0x2000000020, 1","0"
"__hipPopCallConfiguration","12:29:55.750606","0.000510","2368224","0x7f8fa19dfa90, 0x7f8fa19dfad8, 0x7f8fa19dfad0, 0x7f8fa19dfac8","0"
"hipLaunchKernel","12:29:55.751196","0.001378","2368224","0x7fcfbb7d9280, 0x13600000136, 1, 0x2000000020","0"
"hipFree","12:29:55.753524","0.008585","2368221","0x7f88f0600000, 0x7f8fa31e2984, 0, 0x136c92c","0"
"hipFree","12:29:55.762201","0.000920","2368221","0x7f88d8c00000, 0, 0, 40","0"
"hipFree","12:29:55.990939","0.001160","2368224","0x7f88c1200000, 0x7f8fa19dfa24, 0, 0x593bcf6","0"
"hipFree","12:29:55.992241","0.000707","2368224","0x7f88a9800000, 0, 0, 40","0"
"__hipUnregisterFatBinary","12:29:56.137022","0.006824","2368191","0x55cb1ea9b020, 0, 1, 0x7fcfb9be3b38","0"
"__hipUnregisterFatBinary","12:29:56.143950","0.006563","2368191","0x55cb1ea9b900, 0, 1, 0x7fcfb9c0a298","0"
