function_id,function_name,pid,tid,start_timestamp_ns,end_timestamp_ns,duration_ns,arg_count,arg0_name,arg0_value,arg1_name,arg1_value,arg2_name,arg2_value,arg3_name,arg3_value,arg4_name,arg4_value,arg5_name,arg5_value,arg6_name,arg6_value,arg7_name,arg7_value,return_value
943,hipGetDeviceCount,3075363,3075363,815464621942900,815465087226052,465283152,1,count,0x7fffcf99d4ec,,,,,,,,,,,,,,,0x0
513,hipGetDeviceCount,3075363,3075373,815465087513409,815465087692344,178935,1,count,0x7f01dc9eee5c,,,,,,,,,,,,,,,0x0
19,hipSetDevice,3075363,3075374,815465088000031,815465088253216,253185,1,deviceId,0x0,,,,,,,,,,,,,,,0x0
191,hipSetDevice,3075363,3075375,815465088191284,815465088347116,155832,1,deviceId,0x1,,,,,,,,,,,,,,,0x0
397,hipSetDevice,3075363,3075376,815465088397470,815465088677826,280356,1,deviceId,0x2,,,,,,,,,,,,,,,0x0
646,hipSetDevice,3075363,3075377,815465088646360,815465088762973,116613,1,deviceId,0x3,,,,,,,,,,,,,,,0x0
233,hipGetDeviceCount,3075363,3075379,815465188233808,815465188333626,99818,1,count,0x7ec9c8fefe28,,,,,,,,,,,,,,,0x0
750,hipSetDevice,3075363,3075381,815465188750494,815465188867057,116563,1,deviceId,0x2,,,,,,,,,,,,,,,0x0
726,hipSetDevice,3075363,3075380,815465188726308,815465188918133,191825,1,deviceId,0x1,,,,,,,,,,,,,,,0x0
885,hipSetDevice,3075363,3075379,815465188885695,815465188919535,33840,1,deviceId,0x0,,,,,,,,,,,,,,,0x0
984,hipSetDevice,3075363,3075382,815465188984862,815465189135956,151094,1,deviceId,0x3,,,,,,,,,,,,,,,0x0
717,hipStreamCreateWithFlags,3075363,3075376,815465088717796,815466044264832,955547036,2,arg,0x7ec9b40011d0,arg,0x1,,,,,,,,,,,,,0x0
305,hipHostMalloc,3075363,3075376,815466044305833,815466173505564,129199731,3,arg,0x7ec9b40010b0,arg,0x2000000,arg,0x0,,,,,,,,,,,0x0
529,hipHostMalloc,3075363,3075376,815466173529459,815466211382608,37853149,3,arg,0x7ec9b40010e0,arg,0x2000000,arg,0x0,,,,,,,,,,,0x0
802,hipStreamCreateWithFlags,3075363,3075377,815465088802772,815466222473943,1133671171,2,arg,0x7ec9b80011d0,arg,0x1,,,,,,,,,,,,,0x0
401,hipHostMalloc,3075363,3075376,815466211401887,815466242413185,31011298,3,arg,0x7ec9b4001110,arg,0x2000000,arg,0x0,,,,,,,,,,,0x0
398,hipStreamCreateWithFlags,3075363,3075375,815465088398562,815466253970581,1165572019,2,arg,0x7ec9c00011d0,arg,0x1,,,,,,,,,,,,,0x0
902,hipStreamCreate,3075363,3075381,815465188902740,815466262732991,1073830251,1,stream,0x7ec98dbeea58,,,,,,,,,,,,,,,0x0
528,hipHostMalloc,3075363,3075377,815466222528213,815466340251327,117723114,3,arg,0x7ec9b80010b0,arg,0x2000000,arg,0x0,,,,,,,,,,,0x0
311,hipStreamCreateWithFlags,3075363,3075374,815465088311252,815466350193197,1261881945,2,arg,0x7ec9bc0011d0,arg,0x1,,,,,,,,,,,,,0x0
288,hipHostMalloc,3075363,3075377,815466340288192,815466425883451,85595259,3,arg,0x7ec9b80010e0,arg,0x2000000,arg,0x0,,,,,,,,,,,0x0
178,hipStreamCreate,3075363,3075382,815465189178028,815466433272863,1244094835,1,stream,0x7ec98d3eda58,,,,,,,,,,,,,,,0x0
8,hipHostMalloc,3075363,3075375,815466254007977,815466553437499,299429522,3,arg,0x7ec9c00010b0,arg,0x2000000,arg,0x0,,,,,,,,,,,0x0
838,hipMallocAsync,3075363,3075376,815466245837825,815466562239668,316401843,3,arg,0x7ec9b4001140,arg,0x2000000,arg,0x7ec9b4001200,,,,,,,,,,,0x0
272,hipMallocAsync,3075363,3075376,815466562272397,815466562352135,79738,3,arg,0x7ec9b4001170,arg,0x2000000,arg,0x7ec9b4001200,,,,,,,,,,,0x0
361,hipMallocAsync,3075363,3075376,815466562361769,815466562425905,64136,3,arg,0x7ec9b40011a0,arg,0x2000000,arg,0x7ec9b4001200,,,,,,,,,,,0x0
471,hipHostMalloc,3075363,3075375,815466553471019,815466607917946,54446927,3,arg,0x7ec9c00010e0,arg,0x2000000,arg,0x0,,,,,,,,,,,0x0
954,hipStreamCreate,3075363,3075379,815465188954347,815466680070492,1491116145,1,stream,0x7ec9c8fee9b8,,,,,,,,,,,,,,,0x0
938,hipHostMalloc,3075363,3075377,815466425937982,815466721211799,295273817,3,arg,0x7ec9b8001110,arg,0x2000000,arg,0x0,,,,,,,,,,,0x0
445,hipMemcpyAsync,3075363,3075376,815466562445273,815466790166420,227721147,5,dst,0x7ec332e00100,src,0x7ec93e400000,count,0x2000000,kind,0x1,stream,0x7ec9b4001200,,,,,,,0x0
242,hipMemcpyAsync,3075363,3075376,815466790242813,815466790293438,50625,5,dst,0x7ec334e00200,src,0x7ec931000000,count,0x2000000,kind,0x1,stream,0x7ec9b4001200,,,,,,,0x0
952,hipStreamCreate,3075363,3075380,815465188952163,815466792960745,1604008582,1,stream,0x7ec9a8deea58,,,,,,,,,,,,,,,0x0
231,hipHostMalloc,3075363,3075374,815466350231073,815466799792611,449561538,3,arg,0x7ec9bc0010b0,arg,0x2000000,arg,0x0,,,,,,,,,,,0x0
984,hipHostMalloc,3075363,3075375,815466607984795,815466884796593,276811798,3,arg,0x7ec9c0001110,arg,0x2000000,arg,0x0,,,,,,,,,,,0x0
853,hipHostMalloc,3075363,3075374,815466799853832,815466967181168,167327336,3,arg,0x7ec9bc0010e0,arg,0x2000000,arg,0x0,,,,,,,,,,,0x0
35,hipMallocAsync,3075363,3075377,815466725035141,815467019065444,294030303,3,arg,0x7ec9b8001140,arg,0x2000000,arg,0x7ec9b8001200,,,,,,,,,,,0x0
101,hipMallocAsync,3075363,3075377,815467019101637,815467019187715,86078,3,arg,0x7ec9b8001170,arg,0x2000000,arg,0x7ec9b8001200,,,,,,,,,,,0x0
193,hipMallocAsync,3075363,3075377,815467019193403,815467019262266,68863,3,arg,0x7ec9b80011a0,arg,0x2000000,arg,0x7ec9b8001200,,,,,,,,,,,0x0
311,hipStreamCreateWithFlags,3075363,3075376,815466790311254,815467028057364,237746110,2,arg,0x7ec9b40011d8,arg,0x1,,,,,,,,,,,,,0x0
219,hipHostMalloc,3075363,3075374,815466967219055,815467071839018,104619963,3,arg,0x7ec9bc001110,arg,0x2000000,arg,0x0,,,,,,,,,,,0x0
312,hipMallocAsync,3075363,3075375,815466888312298,815467165426805,277114507,3,arg,0x7ec9c0001140,arg,0x2000000,arg,0x7ec9c0001200,,,,,,,,,,,0x0
463,hipMallocAsync,3075363,3075375,815467165463279,815467198824584,33361305,3,arg,0x7ec9c0001170,arg,0x2000000,arg,0x7ec9c0001200,,,,,,,,,,,0x0
134,hipHostMalloc,3075363,3075376,815467028134007,815467245827056,217693049,3,arg,0x7ec9b40010b8,arg,0x2000000,arg,0x0,,,,,,,,,,,0x0
281,hipMemcpyAsync,3075363,3075377,815467019281043,815467246012772,226731729,5,dst,0x7ebab9e00100,src,0x7ec265200000,count,0x2000000,kind,0x1,stream,0x7ec9b8001200,,,,,,,0x0
96,hipMemcpyAsync,3075363,3075377,815467246096766,815467246157406,60640,5,dst,0x7ebabbe00200,src,0x7ec17f200000,count,0x2000000,kind,0x1,stream,0x7ec9b8001200,,,,,,,0x0
852,hipMallocAsync,3075363,3075375,815467198852876,815467246552663,47699787,3,arg,0x7ec9c00011a0,arg,0x2000000,arg,0x7ec9c0001200,,,,,,,,,,,0x0
861,hipHostMalloc,3075363,3075376,815467245861287,815467287740549,41879262,3,arg,0x7ec9b40010e8,arg,0x2000000,arg,0x0,,,,,,,,,,,0x0
905,hipMalloc,3075363,3075381,815467207905716,815467288192800,80287084,2,devPtr,0x7ec98dbeea78,size,0x17764000,,,,,,,,,,,,,0x0
263,hipMalloc,3075363,3075381,815467288263194,815467292505428,4242234,2,devPtr,0x7ec98dbeea70,size,0x17764000,,,,,,,,,,,,,0x0
545,hipMemsetAsync,3075363,3075381,815467292544947,815467292705755,160808,4,devPtr,0x7eada8000000,value,0x0,count,0x17764000,stream,0x7ec9800010b0,,,,,,,,,0x0
741,hipMemsetAsync,3075363,3075381,815467292741879,815467292764232,22353,4,devPtr,0x7ead90400000,value,0x0,count,0x17764000,stream,0x7ec9800010b0,,,,,,,,,0x0
765,hipHostMalloc,3075363,3075376,815467287765756,815467387509666,99743910,3,arg,0x7ec9b4001118,arg,0x2000000,arg,0x0,,,,,,,,,,,0x0
98,hipMalloc,3075363,3075382,815467519098261,815467528121127,9022866,2,devPtr,0x7ec98d3eda78,size,0x17764000,,,,,,,,,,,,,0x0
590,hipMemcpyAsync,3075363,3075375,815467246590068,815467567098293,320508225,5,dst,0x7eb3ee800100,src,0x7ec182c00000,count,0x2000000,kind,0x1,stream,0x7ec9c0001200,,,,,,,0x0
179,hipMemcpyAsync,3075363,3075375,815467567179474,815467567230980,51506,5,dst,0x7eb3f0800200,src,0x7eb9f7e00000,count,0x2000000,kind,0x1,stream,0x7ec9c0001200,,,,,,,0x0
151,hipMalloc,3075363,3075382,815467528151962,815467567279492,39127530,2,devPtr,0x7ec98d3eda70,size,0x17764000,,,,,,,,,,,,,0x0
797,hipMemcpyAsync,3075363,3075381,815467292797862,815467567380442,274582580,5,dst,0x7eada8000000,src,0x7ec2c7709010,count,0x17764000,kind,0x1,stream,0x7ec9800010b0,,,,,,,0x0
326,hipMemsetAsync,3075363,3075382,815467567326812,815467567391568,64756,4,devPtr,0x7ead5f000000,value,0x0,count,0x17764000,stream,0x7ec97c0010b0,,,,,,,,,0x0
410,hipMemsetAsync,3075363,3075382,815467567410526,815467567421112,10586,4,devPtr,0x7ead3c400000,value,0x0,count,0x17764000,stream,0x7ec97c0010b0,,,,,,,,,0x0
402,hipMallocAsync,3075363,3075376,815467396402139,815467580743087,184340948,3,arg,0x7ec9b4001148,arg,0x2000000,arg,0x7ec9b4320c90,,,,,,,,,,,0x0
427,hipStreamSynchronize,3075363,3075381,815467567427572,815467580769646,13342074,1,stream,0x7ec9800010b0,,,,,,,,,,,,,,,0x0
778,hipMallocAsync,3075363,3075376,815467580778429,815467593570287,12791858,3,arg,0x7ec9b4001178,arg,0x2000000,arg,0x7ec9b4320c90,,,,,,,,,,,0x0
193,hipStreamCreateWithFlags,3075363,3075377,815467246193871,815467608525945,362332074,2,arg,0x7ec9b80011d8,arg,0x1,,,,,,,,,,,,,0x0
83,hipMallocAsync,3075363,3075376,815467601083293,815467673431419,72348126,3,arg,0x7ec9b40011a8,arg,0x2000000,arg,0x7ec9b4320c90,,,,,,,,,,,0x0
469,hipMemcpyAsync,3075363,3075376,815467673469205,815467673553450,84245,5,dst,0x7ec338e00400,src,0x7eadbfa00000,count,0x2000000,kind,0x1,stream,0x7ec9b4320c90,,,,,,,0x0
487,hipMemcpyAsync,3075363,3075376,815467680487267,815467680555568,68301,5,dst,0x7ec33ae00500,src,0x7ead82e00000,count,0x2000000,kind,0x1,stream,0x7ec9b4320c90,,,,,,,0x0
563,hipHostMalloc,3075363,3075377,815467608563571,815467694967510,86403939,3,arg,0x7ec9b80010b8,arg,0x2000000,arg,0x0,,,,,,,,,,,0x0
435,hipMallocAsync,3075363,3075374,815467075435253,815467695658315,620223062,3,arg,0x7ec9bc001140,arg,0x2000000,arg,0x7ec9bc001200,,,,,,,,,,,0x0
698,hipMallocAsync,3075363,3075374,815467695698394,815467695785313,86919,3,arg,0x7ec9bc001170,arg,0x2000000,arg,0x7ec9bc001200,,,,,,,,,,,0x0
799,hipMallocAsync,3075363,3075374,815467695798933,815467695868547,69614,3,arg,0x7ec9bc0011a0,arg,0x2000000,arg,0x7ec9bc001200,,,,,,,,,,,0x0
6,hipHostMalloc,3075363,3075377,815467695005887,815467786159261,91153374,3,arg,0x7ec9b80010e8,arg,0x2000000,arg,0x0,,,,,,,,,,,0x0
433,hipMemcpyAsync,3075363,3075382,815467567433310,815467842151251,274717941,5,dst,0x7ead5f000000,src,0x7ec1fbc6f010,count,0x17764000,kind,0x1,stream,0x7ec97c0010b0,,,,,,,0x0
225,hipStreamSynchronize,3075363,3075382,815467842225541,815467842271770,46229,1,stream,0x7ec97c0010b0,,,,,,,,,,,,,,,0x0
585,hipStreamCreateWithFlags,3075363,3075376,815467680585102,815467856581830,175996728,2,arg,0x7ec9b40011e0,arg,0x1,,,,,,,,,,,,,0x0
828,hipLaunchKernel,3075363,3075381,815467580828544,815467856689430,275860886,6,func,0x7f09e13f1280,gridDim,0x13600000136,blockDim,0x1,args,0x2000000020,sharedMemBytes,0x1,unknown,0x0,,,,,0x0
766,hipGetLastError,3075363,3075381,815467856766714,815467856819843,53129,1,none,0x7f09dff28e40,,,,,,,,,,,,,,,0x0
863,hipLaunchKernel,3075363,3075381,815467856863207,815467856907974,44767,6,func,0x7f09e13f1280,gridDim,0x13600000136,blockDim,0x1,args,0x2000000020,sharedMemBytes,0x1,unknown,0x0,,,,,0x0
940,hipGetLastError,3075363,3075381,815467856940051,815467856968023,27972,1,none,0x7f09dff28e40,,,,,,,,,,,,,,,0x0
997,hipLaunchKernel,3075363,3075381,815467856997066,815467857031808,34742,6,func,0x7f09e13f1280,gridDim,0x13600000136,blockDim,0x1,args,0x2000000020,sharedMemBytes,0x1,unknown,0x0,,,,,0x0
61,hipGetLastError,3075363,3075381,815467857061301,815467857085597,24296,1,none,0x7f09dff28e40,,,,,,,,,,,,,,,0x0
110,hipLaunchKernel,3075363,3075381,815467857110715,815467857142782,32067,6,func,0x7f09e13f1280,gridDim,0x13600000136,blockDim,0x1,args,0x2000000020,sharedMemBytes,0x1,unknown,0x0,,,,,0x0
168,hipGetLastError,3075363,3075381,815467857168320,815467857192796,24476,1,none,0x7f09dff28e40,,,,,,,,,,,,,,,0x0
217,hipLaunchKernel,3075363,3075381,815467857217002,815467857245835,28833,6,func,0x7f09e13f1280,gridDim,0x13600000136,blockDim,0x1,args,0x2000000020,sharedMemBytes,0x1,unknown,0x0,,,,,0x0
273,hipGetLastError,3075363,3075381,815467857273887,815467857300436,26549,1,none,0x7f09dff28e40,,,,,,,,,,,,,,,0x0
328,hipLaunchKernel,3075363,3075381,815467857328638,815467857361607,32969,6,func,0x7f09e13f1280,gridDim,0x13600000136,blockDim,0x1,args,0x2000000020,sharedMemBytes,0x1,unknown,0x0,,,,,0x0
389,hipGetLastError,3075363,3075381,815467857389688,815467857415347,25659,1,none,0x7f09dff28e40,,,,,,,,,,,,,,,0x0
442,hipLaunchKernel,3075363,3075381,815467857442547,815467857475235,32688,6,func,0x7f09e13f1280,gridDim,0x13600000136,blockDim,0x1,args,0x2000000020,sharedMemBytes,0x1,unknown,0x0,,,,,0x0
503,hipGetLastError,3075363,3075381,815467857502946,815467857529977,27031,1,none,0x7f09dff28e40,,,,,,,,,,,,,,,0x0
554,hipLaunchKernel,3075363,3075381,815467857554383,815467857588493,34110,6,func,0x7f09e13f1280,gridDim,0x13600000136,blockDim,0x1,args,0x2000000020,sharedMemBytes,0x1,unknown,0x0,,,,,0x0
615,hipGetLastError,3075363,3075381,815467857615714,815467857644426,28712,1,none,0x7f09dff28e40,,,,,,,,,,,,,,,0x0
672,hipLaunchKernel,3075363,3075381,815467857672578,815467857706368,33790,6,func,0x7f09e13f1280,gridDim,0x13600000136,blockDim,0x1,args,0x2000000020,sharedMemBytes,0x1,unknown,0x0,,,,,0x0
733,hipGetLastError,3075363,3075381,815467857733879,815467857755071,21192,1,none,0x7f09dff28e40,,,,,,,,,,,,,,,0x0
782,hipLaunchKernel,3075363,3075381,815467857782020,815467857815680,33660,6,func,0x7f09e13f1280,gridDim,0x13600000136,blockDim,0x1,args,0x2000000020,sharedMemBytes,0x1,unknown,0x0,,,,,0x0
843,hipGetLastError,3075363,3075381,815467857843111,815467857870712,27601,1,none,0x7f09dff28e40,,,,,,,,,,,,,,,0x0
901,hipStreamSynchronize,3075363,3075381,815467857901418,815467859841977,1940559,1,stream,0x7ec9800010b0,,,,,,,,,,,,,,,0x0
878,hipLaunchKernel,3075363,3075381,815467859878401,815467859911239,32838,6,func,0x7f09e13f1280,gridDim,0x13600000136,blockDim,0x1,args,0x2000000020,sharedMemBytes,0x1,unknown,0x0,,,,,0x0
936,hipGetLastError,3075363,3075381,815467859936136,815467859959831,23695,1,none,0x7f09dff28e40,,,,,,,,,,,,,,,0x0
988,hipLaunchKernel,3075363,3075381,815467859988183,815467860043566,55383,6,func,0x7f09e13f1280,gridDim,0x13600000136,blockDim,0x1,args,0x2000000020,sharedMemBytes,0x1,unknown,0x0,,,,,0x0
70,hipGetLastError,3075363,3075381,815467860070836,815467860088793,17957,1,none,0x7f09dff28e40,,,,,,,,,,,,,,,0x0
114,hipLaunchKernel,3075363,3075381,815467860114241,815467860147159,32918,6,func,0x7f09e13f1280,gridDim,0x13600000136,blockDim,0x1,args,0x2000000020,sharedMemBytes,0x1,unknown,0x0,,,,,0x0
174,hipGetLastError,3075363,3075381,815467860174340,815467860202161,27821,1,none,0x7f09dff28e40,,,,,,,,,,,,,,,0x0
230,hipLaunchKernel,3075363,3075381,815467860230223,815467860266176,35953,6,func,0x7f09e13f1280,gridDim,0x13600000136,blockDim,0x1,args,0x2000000020,sharedMemBytes,0x1,unknown,0x0,,,,,0x0
293,hipGetLastError,3075363,3075381,815467860293126,815467860321829,28703,1,none,0x7f09dff28e40,,,,,,,,,,,,,,,0x0
349,hipLaunchKernel,3075363,3075381,815467860349790,815467860384221,34431,6,func,0x7f09e13f1280,gridDim,0x13600000136,blockDim,0x1,args,0x2000000020,sharedMemBytes,0x1,unknown,0x0,,,,,0x0
411,hipGetLastError,3075363,3075381,815467860411271,815467860438742,27471,1,none,0x7f09dff28e40,,,,,,,,,,,,,,,0x0
466,hipLaunchKernel,3075363,3075381,815467860466203,815467860497960,31757,6,func,0x7f09e13f1280,gridDim,0x13600000136,blockDim,0x1,args,0x2000000020,sharedMemBytes,0x1,unknown,0x0,,,,,0x0
524,hipGetLastError,3075363,3075381,815467860524479,815467860552140,27661,1,none,0x7f09dff28e40,,,,,,,,,,,,,,,0x0
579,hipLaunchKernel,3075363,3075381,815467860579591,815467860614393,34802,6,func,0x7f09e13f1280,gridDim,0x13600000136,blockDim,0x1,args,0x2000000020,sharedMemBytes,0x1,unknown,0x0,,,,,0x0
641,hipGetLastError,3075363,3075381,815467860641272,815467860665639,24367,1,none,0x7f09dff28e40,,,,,,,,,,,,,,,0x0
693,hipLaunchKernel,3075363,3075381,815467860693460,815467860727691,34231,6,func,0x7f09e13f1280,gridDim,0x13600000136,blockDim,0x1,args,0x2000000020,sharedMemBytes,0x1,unknown,0x0,,,,,0x0
754,hipGetLastError,3075363,3075381,815467860754060,815467860781681,27621,1,none,0x7f09dff28e40,,,,,,,,,,,,,,,0x0
809,hipLaunchKernel,3075363,3075381,815467860809432,815467860841470,32038,6,func,0x7f09e13f1280,gridDim,0x13600000136,blockDim,0x1,args,0x2000000020,sharedMemBytes,0x1,unknown,0x0,,,,,0x0
868,hipGetLastError,3075363,3075381,815467860868029,815467860892545,24516,1,none,0x7f09dff28e40,,,,,,,,,,,,,,,0x0
920,hipLaunchKernel,3075363,3075381,815467860920106,815467860955709,35603,6,func,0x7f09e13f1280,gridDim,0x13600000136,blockDim,0x1,args,0x2000000020,sharedMemBytes,0x1,unknown,0x0,,,,,0x0
982,hipGetLastError,3075363,3075381,815467860982319,815467861010641,28322,1,none,0x7f09dff28e40,,,,,,,,,,,,,,,0x0
38,hipStreamSynchronize,3075363,3075381,815467861038221,815467863152078,2113857,1,stream,0x7ec9800010b0,,,,,,,,,,,,,,,0x0
180,hipLaunchKernel,3075363,3075381,815467863180450,815467863212688,32238,6,func,0x7f09e13f1280,gridDim,0x13600000136,blockDim,0x1,args,0x2000000020,sharedMemBytes,0x1,unknown,0x0,,,,,0x0
241,hipGetLastError,3075363,3075381,815467863241080,815467863268420,27340,1,none,0x7f09dff28e40,,,,,,,,,,,,,,,0x0
295,hipLaunchKernel,3075363,3075381,815467863295671,815467863331764,36093,6,func,0x7f09e13f1280,gridDim,0x13600000136,blockDim,0x1,args,0x2000000020,sharedMemBytes,0x1,unknown,0x0,,,,,0x0
359,hipGetLastError,3075363,3075381,815467863359686,815467863387127,27441,1,none,0x7f09dff28e40,,,,,,,,,,,,,,,0x0
414,hipLaunchKernel,3075363,3075381,815467863414137,815467863446665,32528,6,func,0x7f09e13f1280,gridDim,0x13600000136,blockDim,0x1,args,0x2000000020,sharedMemBytes,0x1,unknown,0x0,,,,,0x0
474,hipGetLastError,3075363,3075381,815467863474336,815467863501076,26740,1,none,0x7f09dff28e40,,,,,,,,,,,,,,,0x0
528,hipLaunchKernel,3075363,3075381,815467863528056,815467863562076,34020,6,func,0x7f09e13f1280,gridDim,0x13600000136,blockDim,0x1,args,0x2000000020,sharedMemBytes,0x1,unknown,0x0,,,,,0x0
590,hipGetLastError,3075363,3075381,815467863590138,815467863614764,24626,1,none,0x7f09dff28e40,,,,,,,,,,,,,,,0x0
641,hipLaunchKernel,3075363,3075381,815467863641774,815467863676666,34892,6,func,0x7f09e13f1280,gridDim,0x13600000136,blockDim,0x1,args,0x2000000020,sharedMemBytes,0x1,unknown,0x0,,,,,0x0
704,hipGetLastError,3075363,3075381,815467863704307,815467863731417,27110,1,none,0x7f09dff28e40,,,,,,,,,,,,,,,0x0
758,hipLaunchKernel,3075363,3075381,815467863758548,815467863792849,34301,6,func,0x7f09e13f1280,gridDim,0x13600000136,blockDim,0x1,args,0x2000000020,sharedMemBytes,0x1,unknown,0x0,,,,,0x0
820,hipGetLastError,3075363,3075381,815467863820490,815467863847760,27270,1,none,0x7f09dff28e40,,,,,,,,,,,,,,,0x0
875,hipLaunchKernel,3075363,3075381,815467863875241,815467863903803,28562,6,func,0x7f09e13f1280,gridDim,0x13600000136,blockDim,0x1,args,0x2000000020,sharedMemBytes,0x1,unknown,0x0,,,,,0x0
931,hipGetLastError,3075363,3075381,815467863931054,815467863958494,27440,1,none,0x7f09dff28e40,,,,,,,,,,,,,,,0x0
985,hipLaunchKernel,3075363,3075381,815467863985564,815467864027537,41973,6,func,0x7f09e13f1280,gridDim,0x13600000136,blockDim,0x1,args,0x2000000020,sharedMemBytes,0x1,unknown,0x0,,,,,0x0
55,hipGetLastError,3075363,3075381,815467864055538,815467864081777,26239,1,none,0x7f09dff28e40,,,,,,,,,,,,,,,0x0
109,hipLaunchKernel,3075363,3075381,815467864108907,815467864140234,31327,6,func,0x7f09e13f1280,gridDim,0x13600000136,blockDim,0x1,args,0x2000000020,sharedMemBytes,0x1,unknown,0x0,,,,,0x0
168,hipGetLastError,3075363,3075381,815467864168195,815467864195616,27421,1,none,0x7f09dff28e40,,,,,,,,,,,,,,,0x0
222,hipLaunchKernel,3075363,3075381,815467864222776,815467864255795,33019,6,func,0x7f09e13f1280,gridDim,0x13600000136,blockDim,0x1,args,0x2000000020,sharedMemBytes,0x1,unknown,0x0,,,,,0x0
284,hipGetLastError,3075363,3075381,815467864284157,815467864306410,22253,1,none,0x7f09dff28e40,,,,,,,,,,,,,,,0x0
333,hipStreamSynchronize,3075363,3075381,815467864333380,815467866421018,2087638,1,stream,0x7ec9800010b0,,,,,,,,,,,,,,,0x0
450,hipLaunchKernel,3075363,3075381,815467866450291,815467866478783,28492,6,func,0x7f09e13f1280,gridDim,0x13600000136,blockDim,0x1,args,0x2000000020,sharedMemBytes,0x1,unknown,0x0,,,,,0x0
506,hipGetLastError,3075363,3075381,815467866506725,815467866535978,29253,1,none,0x7f09dff28e40,,,,,,,,,,,,,,,0x0
563,hipLaunchKernel,3075363,3075381,815467866563820,815467866599653,35833,6,func,0x7f09e13f1280,gridDim,0x13600000136,blockDim,0x1,args,0x2000000020,sharedMemBytes,0x1,unknown,0x0,,,,,0x0
626,hipGetLastError,3075363,3075381,815467866626452,815467866653402,26950,1,none,0x7f09dff28e40,,,,,,,,,,,,,,,0x0
681,hipLaunchKernel,3075363,3075381,815467866681504,815467866711569,30065,6,func,0x7f09e13f1280,gridDim,0x13600000136,blockDim,0x1,args,0x2000000020,sharedMemBytes,0x1,unknown,0x0,,,,,0x0
739,hipGetLastError,3075363,3075381,815467866738919,815467866766400,27481,1,none,0x7f09dff28e40,,,,,,,,,,,,,,,0x0
794,hipLaunchKernel,3075363,3075381,815467866794271,815467866828202,33931,6,func,0x7f09e13f1280,gridDim,0x13600000136,blockDim,0x1,args,0x2000000020,sharedMemBytes,0x1,unknown,0x0,,,,,0x0
855,hipGetLastError,3075363,3075381,815467866854961,815467866882542,27581,1,none,0x7f09dff28e40,,,,,,,,,,,,,,,0x0
910,hipLaunchKernel,3075363,3075381,815467866910604,815467866945996,35392,6,func,0x7f09e13f1280,gridDim,0x13600000136,blockDim,0x1,args,0x2000000020,sharedMemBytes,0x1,unknown,0x0,,,,,0x0
975,hipGetLastError,3075363,3075381,815467866975580,815467867002490,26910,1,none,0x7f09dff28e40,,,,,,,,,,,,,,,0x0
27,hipLaunchKernel,3075363,3075381,815467867027247,815467867057913,30666,6,func,0x7f09e13f1280,gridDim,0x13600000136,blockDim,0x1,args,0x2000000020,sharedMemBytes,0x1,unknown,0x0,,,,,0x0
85,hipGetLastError,3075363,3075381,815467867085624,815467867108928,23304,1,none,0x7f09dff28e40,,,,,,,,,,,,,,,0x0
137,hipLaunchKernel,3075363,3075381,815467867137380,815467867172643,35263,6,func,0x7f09e13f1280,gridDim,0x13600000136,blockDim,0x1,args,0x2000000020,sharedMemBytes,0x1,unknown,0x0,,,,,0x0
199,hipGetLastError,3075363,3075381,815467867199883,815467867224570,24687,1,none,0x7f09dff28e40,,,,,,,,,,,,,,,0x0
253,hipLaunchKernel,3075363,3075381,815467867253373,815467867288625,35252,6,func,0x7f09e13f1280,gridDim,0x13600000136,blockDim,0x1,args,0x2000000020,sharedMemBytes,0x1,unknown,0x0,,,,,0x0
316,hipGetLastError,3075363,3075381,815467867315935,815467867343907,27972,1,none,0x7f09dff28e40,,,,,,,,,,,,,,,0x0
372,hipLaunchKernel,3075363,3075381,815467867372209,815467867406069,33860,6,func,0x7f09e13f1280,gridDim,0x13600000136,blockDim,0x1,args,0x2000000020,sharedMemBytes,0x1,unknown,0x0,,,,,0x0
433,hipGetLastError,3075363,3075381,815467867433450,815467867460840,27390,1,none,0x7f09dff28e40,,,,,,,,,,,,,,,0x0
488,hipLaunchKernel,3075363,3075381,815467867488712,815467867522662,33950,6,func,0x7f09e13f1280,gridDim,0x13600000136,blockDim,0x1,args,0x2000000020,sharedMemBytes,0x1,unknown,0x0,,,,,0x0
549,hipGetLastError,3075363,3075381,815467867549512,815467867576312,26800,1,none,0x7f09dff28e40,,,,,,,,,,,,,,,0x0
604,hipStreamSynchronize,3075363,3075381,815467867603953,815467869642567,2038614,1,stream,0x7ec9800010b0,,,,,,,,,,,,,,,0x0
672,hipLaunchKernel,3075363,3075381,815467869672121,815467869696557,24436,6,func,0x7f09e13f1280,gridDim,0x13600000136,blockDim,0x1,args,0x2000000020,sharedMemBytes,0x1,unknown,0x0,,,,,0x0
724,hipGetLastError,3075363,3075381,815467869724599,815467869752170,27571,1,none,0x7f09dff28e40,,,,,,,,,,,,,,,0x0
779,hipLaunchKernel,3075363,3075381,815467869779781,815467869816495,36714,6,func,0x7f09e13f1280,gridDim,0x13600000136,blockDim,0x1,args,0x2000000020,sharedMemBytes,0x1,unknown,0x0,,,,,0x0
844,hipGetLastError,3075363,3075381,815467869843966,815467869864797,20831,1,none,0x7f09dff28e40,,,,,,,,,,,,,,,0x0
892,hipLaunchKernel,3075363,3075381,815467869892017,815467869926058,34041,6,func,0x7f09e13f1280,gridDim,0x13600000136,blockDim,0x1,args,0x2000000020,sharedMemBytes,0x1,unknown,0x0,,,,,0x0
954,hipGetLastError,3075363,3075381,815467869954510,815467869981520,27010,1,none,0x7f09dff28e40,,,,,,,,,,,,,,,0x0
8,hipLaunchKernel,3075363,3075381,815467870008400,815467870040738,32338,6,func,0x7f09e13f1280,gridDim,0x13600000136,blockDim,0x1,args,0x2000000020,sharedMemBytes,0x1,unknown,0x0,,,,,0x0
68,hipGetLastError,3075363,3075381,815467870068459,815467870092895,24436,1,none,0x7f09dff28e40,,,,,,,,,,,,,,,0x0
120,hipLaunchKernel,3075363,3075381,815467870120436,815467870154787,34351,6,func,0x7f09e13f1280,gridDim,0x13600000136,blockDim,0x1,args,0x2000000020,sharedMemBytes,0x1,unknown,0x0,,,,,0x0
182,hipGetLastError,3075363,3075381,815467870182358,815467870209779,27421,1,none,0x7f09dff28e40,,,,,,,,,,,,,,,0x0
237,hipLaunchKernel,3075363,3075381,815467870237369,815467870269758,32389,6,func,0x7f09e13f1280,gridDim,0x13600000136,blockDim,0x1,args,0x2000000020,sharedMemBytes,0x1,unknown,0x0,,,,,0x0
297,hipGetLastError,3075363,3075381,815467870297649,815467870325490,27841,1,none,0x7f09dff28e40,,,,,,,,,,,,,,,0x0
353,hipLaunchKernel,3075363,3075381,815467870353231,815467870383927,30696,6,func,0x7f09e13f1280,gridDim,0x13600000136,blockDim,0x1,args,0x2000000020,sharedMemBytes,0x1,unknown,0x0,,,,,0x0
411,hipGetLastError,3075363,3075381,815467870411708,815467870439239,27531,1,none,0x7f09dff28e40,,,,,,,,,,,,,,,0x0
466,hipLaunchKernel,3075363,3075381,815467870466760,815467870498297,31537,6,func,0x7f09e13f1280,gridDim,0x13600000136,blockDim,0x1,args,0x2000000020,sharedMemBytes,0x1,unknown,0x0,,,,,0x0
525,hipGetLastError,3075363,3075381,815467870525687,815467870554200,28513,1,none,0x7f09dff28e40,,,,,,,,,,,,,,,0x0
581,hipLaunchKernel,3075363,3075381,815467870581420,815467870615400,33980,6,func,0x7f09e13f1280,gridDim,0x13600000136,blockDim,0x1,args,0x2000000020,sharedMemBytes,0x1,unknown,0x0,,,,,0x0
643,hipGetLastError,3075363,3075381,815467870643402,815467870670502,27100,1,none,0x7f09dff28e40,,,,,,,,,,,,,,,0x0
697,hipLaunchKernel,3075363,3075381,815467870697742,815467870732654,34912,6,func,0x7f09e13f1280,gridDim,0x13600000136,blockDim,0x1,args,0x2000000020,sharedMemBytes,0x1,unknown,0x0,,,,,0x0
760,hipGetLastError,3075363,3075381,815467870760536,815467870787736,27200,1,none,0x7f09dff28e40,,,,,,,,,,,,,,,0x0
815,hipStreamSynchronize,3075363,3075381,815467870815026,815467872821673,2006647,1,stream,0x7ec9800010b0,,,,,,,,,,,,,,,0x0
851,hipLaunchKernel,3075363,3075381,815467872851828,815467872879139,27311,6,func,0x7f09e13f1280,gridDim,0x13600000136,blockDim,0x1,args,0x2000000020,sharedMemBytes,0x1,unknown,0x0,,,,,0x0
907,hipGetLastError,3075363,3075381,815467872907291,815467872934952,27661,1,none,0x7f09dff28e40,,,,,,,,,,,,,,,0x0
963,hipLaunchKernel,3075363,3075381,815467872963414,815467873000238,36824,6,func,0x7f09e13f1280,gridDim,0x13600000136,blockDim,0x1,args,0x2000000020,sharedMemBytes,0x1,unknown,0x0,,,,,0x0
28,hipGetLastError,3075363,3075381,815467873028851,815467873056752,27901,1,none,0x7f09dff28e40,,,,,,,,,,,,,,,0x0
85,hipLaunchKernel,3075363,3075381,815467873085014,815467873118334,33320,6,func,0x7f09e13f1280,gridDim,0x13600000136,blockDim,0x1,args,0x2000000020,sharedMemBytes,0x1,unknown,0x0,,,,,0x0
145,hipGetLastError,3075363,3075381,815467873145524,815467873169419,23895,1,none,0x7f09dff28e40,,,,,,,,,,,,,,,0x0
197,hipLaunchKernel,3075363,3075381,815467873196980,815467873230971,33991,6,func,0x7f09e13f1280,gridDim,0x13600000136,blockDim,0x1,args,0x2000000020,sharedMemBytes,0x1,unknown,0x0,,,,,0x0
258,hipGetLastError,3075363,3075381,815467873258051,815467873285952,27901,1,none,0x7f09dff28e40,,,,,,,,,,,,,,,0x0
313,hipLaunchKernel,3075363,3075381,815467873313774,815467873343658,29884,6,func,0x7f09e13f1280,gridDim,0x13600000136,blockDim,0x1,args,0x2000000020,sharedMemBytes,0x1,unknown,0x0,,,,,0x0
371,hipGetLastError,3075363,3075381,815467873371099,815467873394093,22994,1,none,0x7f09dff28e40,,,,,,,,,,,,,,,0x0
422,hipLaunchKernel,3075363,3075381,815467873422465,815467873457357,34892,6,func,0x7f09e13f1280,gridDim,0x13600000136,blockDim,0x1,args,0x2000000020,sharedMemBytes,0x1,unknown,0x0,,,,,0x0
484,hipGetLastError,3075363,3075381,815467873484557,815467873508803,24246,1,none,0x7f09dff28e40,,,,,,,,,,,,,,,0x0
536,hipLaunchKernel,3075363,3075381,815467873536824,815467873572217,35393,6,func,0x7f09e13f1280,gridDim,0x13600000136,blockDim,0x1,args,0x2000000020,sharedMemBytes,0x1,unknown,0x0,,,,,0x0
598,hipGetLastError,3075363,3075381,815467873598907,815467873626217,27310,1,none,0x7f09dff28e40,,,,,,,,,,,,,,,0x0
654,hipLaunchKernel,3075363,3075381,815467873653948,815467873688550,34602,6,func,0x7f09e13f1280,gridDim,0x13600000136,blockDim,0x1,args,0x2000000020,sharedMemBytes,0x1,unknown,0x0,,,,,0x0
715,hipGetLastError,3075363,3075381,815467873715299,815467873743131,27832,1,none,0x7f09dff28e40,,,,,,,,,,,,,,,0x0
771,hipLaunchKernel,3075363,3075381,815467873771182,815467873805633,34451,6,func,0x7f09e13f1280,gridDim,0x13600000136,blockDim,0x1,args,0x2000000020,sharedMemBytes,0x1,unknown,0x0,,,,,0x0
833,hipGetLastError,3075363,3075381,815467873833044,815467873860525,27481,1,none,0x7f09dff28e40,,,,,,,,,,,,,,,0x0
888,hipLaunchKernel,3075363,3075381,815467873888676,815467873923688,35012,6,func,0x7f09e13f1280,gridDim,0x13600000136,blockDim,0x1,args,0x2000000020,sharedMemBytes,0x1,unknown,0x0,,,,,0x0
951,hipGetLastError,3075363,3075381,815467873951329,815467873980893,29564,1,none,0x7f09dff28e40,,,,,,,,,,,,,,,0x0
8,hipStreamSynchronize,3075363,3075381,815467874008805,815467876011636,2002831,1,stream,0x7ec9800010b0,,,,,,,,,,,,,,,0x0
40,hipLaunchKernel,3075363,3075381,815467876040138,815467876069572,29434,6,func,0x7f09e13f1280,gridDim,0x13600000136,blockDim,0x1,args,0x2000000020,sharedMemBytes,0x1,unknown,0x0,,,,,0x0
98,hipGetLastError,3075363,3075381,815467876098144,815467876126326,28182,1,none,0x7f09dff28e40,,,,,,,,,,,,,,,0x0
154,hipLaunchKernel,3075363,3075381,815467876154488,815467876192434,37946,6,func,0x7f09e13f1280,gridDim,0x13600000136,blockDim,0x1,args,0x2000000020,sharedMemBytes,0x1,unknown,0x0,,,,,0x0
220,hipGetLastError,3075363,3075381,815467876220145,815467876248017,27872,1,none,0x7f09dff28e40,,,,,,,,,,,,,,,0x0
275,hipLaunchKernel,3075363,3075381,815467876275287,815467876307285,31998,6,func,0x7f09e13f1280,gridDim,0x13600000136,blockDim,0x1,args,0x2000000020,sharedMemBytes,0x1,unknown,0x0,,,,,0x0
334,hipGetLastError,3075363,3075381,815467876334886,815467876362416,27530,1,none,0x7f09dff28e40,,,,,,,,,,,,,,,0x0
389,hipLaunchKernel,3075363,3075381,815467876389567,815467876424458,34891,6,func,0x7f09e13f1280,gridDim,0x13600000136,blockDim,0x1,args,0x2000000020,sharedMemBytes,0x1,unknown,0x0,,,,,0x0
452,hipGetLastError,3075363,3075381,815467876452320,815467876475925,23605,1,none,0x7f09dff28e40,,,,,,,,,,,,,,,0x0
503,hipLaunchKernel,3075363,3075381,815467876503656,815467876539679,36023,6,func,0x7f09e13f1280,gridDim,0x13600000136,blockDim,0x1,args,0x2000000020,sharedMemBytes,0x1,unknown,0x0,,,,,0x0
567,hipGetLastError,3075363,3075381,815467876567551,815467876587170,19619,1,none,0x7f09dff28e40,,,,,,,,,,,,,,,0x0
614,hipLaunchKernel,3075363,3075381,815467876614410,815467876648591,34181,6,func,0x7f09e13f1280,gridDim,0x13600000136,blockDim,0x1,args,0x2000000020,sharedMemBytes,0x1,unknown,0x0,,,,,0x0
676,hipGetLastError,3075363,3075381,815467876676452,815467876703573,27121,1,none,0x7f09dff28e40,,,,,,,,,,,,,,,0x0
731,hipLaunchKernel,3075363,3075381,815467876731344,815467876765755,34411,6,func,0x7f09e13f1280,gridDim,0x13600000136,blockDim,0x1,args,0x2000000020,sharedMemBytes,0x1,unknown,0x0,,,,,0x0
793,hipGetLastError,3075363,3075381,815467876793506,815467876821588,28082,1,none,0x7f09dff28e40,,,,,,,,,,,,,,,0x0
848,hipLaunchKernel,3075363,3075381,815467876848678,815467876881096,32418,6,func,0x7f09e13f1280,gridDim,0x13600000136,blockDim,0x1,args,0x2000000020,sharedMemBytes,0x1,unknown,0x0,,,,,0x0
908,hipGetLastError,3075363,3075381,815467876908877,815467876928817,19940,1,none,0x7f09dff28e40,,,,,,,,,,,,,,,0x0
956,hipLaunchKernel,3075363,3075381,815467876956027,815467876990448,34421,6,func,0x7f09e13f1280,gridDim,0x13600000136,blockDim,0x1,args,0x2000000020,sharedMemBytes,0x1,unknown,0x0,,,,,0x0
18,hipGetLastError,3075363,3075381,815467877018129,815467877041684,23555,1,none,0x7f09dff28e40,,,,,,,,,,,,,,,0x0
70,hipLaunchKernel,3075363,3075381,815467877070297,815467877106901,36604,6,func,0x7f09e13f1280,gridDim,0x13600000136,blockDim,0x1,args,0x2000000020,sharedMemBytes,0x1,unknown,0x0,,,,,0x0
134,hipGetLastError,3075363,3075381,815467877134892,815467877162213,27321,1,none,0x7f09dff28e40,,,,,,,,,,,,,,,0x0
189,hipStreamSynchronize,3075363,3075381,815467877189373,815467879183632,1994259,1,stream,0x7ec9800010b0,,,,,,,,,,,,,,,0x0
213,hipLaunchKernel,3075363,3075381,815467879213376,815467879245884,32508,6,func,0x7f09e13f1280,gridDim,0x13600000136,blockDim,0x1,args,0x2000000020,sharedMemBytes,0x1,unknown,0x0,,,,,0x0
273,hipGetLastError,3075363,3075381,815467879273826,815467879301206,27380,1,none,0x7f09dff28e40,,,,,,,,,,,,,,,0x0
329,hipLaunchKernel,3075363,3075381,815467879329288,815467879365091,35803,6,func,0x7f09e13f1280,gridDim,0x13600000136,blockDim,0x1,args,0x2000000020,sharedMemBytes,0x1,unknown,0x0,,,,,0x0
392,hipGetLastError,3075363,3075381,815467879392041,815467879420834,28793,1,none,0x7f09dff28e40,,,,,,,,,,,,,,,0x0
452,hipLaunchKernel,3075363,3075381,815467879452861,815467879488414,35553,6,func,0x7f09e13f1280,gridDim,0x13600000136,blockDim,0x1,args,0x2000000020,sharedMemBytes,0x1,unknown,0x0,,,,,0x0
515,hipGetLastError,3075363,3075381,815467879515534,815467879543155,27621,1,none,0x7f09dff28e40,,,,,,,,,,,,,,,0x0
570,hipLaunchKernel,3075363,3075381,815467879570866,815467879602764,31898,6,func,0x7f09e13f1280,gridDim,0x13600000136,blockDim,0x1,args,0x2000000020,sharedMemBytes,0x1,unknown,0x0,,,,,0x0
630,hipGetLastError,3075363,3075381,815467879630174,815467879657345,27171,1,none,0x7f09dff28e40,,,,,,,,,,,,,,,0x0
686,hipLaunchKernel,3075363,3075381,815467879686248,815467879723863,37615,6,func,0x7f09e13f1280,gridDim,0x13600000136,blockDim,0x1,args,0x2000000020,sharedMemBytes,0x1,unknown,0x0,,,,,0x0
751,hipGetLastError,3075363,3075381,815467879751174,815467879775300,24126,1,none,0x7f09dff28e40,,,,,,,,,,,,,,,0x0
803,hipLaunchKernel,3075363,3075381,815467879803532,815467879839054,35522,6,func,0x7f09e13f1280,gridDim,0x13600000136,blockDim,0x1,args,0x2000000020,sharedMemBytes,0x1,unknown,0x0,,,,,0x0
866,hipGetLastError,3075363,3075381,815467879866455,815467879890651,24196,1,none,0x7f09dff28e40,,,,,,,,,,,,,,,0x0
919,hipLaunchKernel,3075363,3075381,815467879919293,815467879954556,35263,6,func,0x7f09e13f1280,gridDim,0x13600000136,blockDim,0x1,args,0x2000000020,sharedMemBytes,0x1,unknown,0x0,,,,,0x0
981,hipGetLastError,3075363,3075381,815467879981726,815467880016718,34992,1,none,0x7f09dff28e40,,,,,,,,,,,,,,,0x0
45,hipLaunchKernel,3075363,3075381,815467880045110,815467880074373,29263,6,func,0x7f09e13f1280,gridDim,0x13600000136,blockDim,0x1,args,0x2000000020,sharedMemBytes,0x1,unknown,0x0,,,,,0x0
101,hipGetLastError,3075363,3075381,815467880101854,815467880129215,27361,1,none,0x7f09dff28e40,,,,,,,,,,,,,,,0x0
157,hipLaunchKernel,3075363,3075381,815467880157156,815467880191147,33991,6,func,0x7f09e13f1280,gridDim,0x13600000136,blockDim,0x1,args,0x2000000020,sharedMemBytes,0x1,unknown,0x0,,,,,0x0
218,hipGetLastError,3075363,3075381,815467880218367,815467880241561,23194,1,none,0x7f09dff28e40,,,,,,,,,,,,,,,0x0
269,hipLaunchKernel,3075363,3075381,815467880269303,815467880304315,35012,6,func,0x7f09e13f1280,gridDim,0x13600000136,blockDim,0x1,args,0x2000000020,sharedMemBytes,0x1,unknown,0x0,,,,,0x0
331,hipGetLastError,3075363,3075381,815467880331375,815467880359777,28402,1,none,0x7f09dff28e40,,,,,,,,,,,,,,,0x0
387,hipStreamSynchronize,3075363,3075381,815467880387818,815467882354837,1967019,1,stream,0x7ec9800010b0,,,,,,,,,,,,,,,0x0
384,hipLaunchKernel,3075363,3075381,815467882384461,815467882418251,33790,6,func,0x7f09e13f1280,gridDim,0x13600000136,blockDim,0x1,args,0x2000000020,sharedMemBytes,0x1,unknown,0x0,,,,,0x0
445,hipGetLastError,3075363,3075381,815467882445671,815467882476317,30646,1,none,0x7f09dff28e40,,,,,,,,,,,,,,,0x0
503,hipLaunchKernel,3075363,3075381,815467882503477,815467882540752,37275,6,func,0x7f09e13f1280,gridDim,0x13600000136,blockDim,0x1,args,0x2000000020,sharedMemBytes,0x1,unknown,0x0,,,,,0x0
569,hipGetLastError,3075363,3075381,815467882569074,815467882596145,27071,1,none,0x7f09dff28e40,,,,,,,,,,,,,,,0x0
623,hipLaunchKernel,3075363,3075381,815467882623385,815467882647030,23645,6,func,0x7f09e13f1280,gridDim,0x13600000136,blockDim,0x1,args,0x2000000020,sharedMemBytes,0x1,unknown,0x0,,,,,0x0
674,hipGetLastError,3075363,3075381,815467882674891,815467882702132,27241,1,none,0x7f09dff28e40,,,,,,,,,,,,,,,0x0
730,hipLaunchKernel,3075363,3075381,815467882729993,815467882761640,31647,6,func,0x7f09e13f1280,gridDim,0x13600000136,blockDim,0x1,args,0x2000000020,sharedMemBytes,0x1,unknown,0x0,,,,,0x0
788,hipGetLastError,3075363,3075381,815467882788891,815467882813257,24366,1,none,0x7f09dff28e40,,,,,,,,,,,,,,,0x0
840,hipLaunchKernel,3075363,3075381,815467882840127,815467882874377,34250,6,func,0x7f09e13f1280,gridDim,0x13600000136,blockDim,0x1,args,0x2000000020,sharedMemBytes,0x1,unknown,0x0,,,,,0x0
901,hipGetLastError,3075363,3075381,815467882901888,815467882930401,28513,1,none,0x7f09dff28e40,,,,,,,,,,,,,,,0x0
957,hipLaunchKernel,3075363,3075381,815467882957571,815467882991371,33800,6,func,0x7f09e13f1280,gridDim,0x13600000136,blockDim,0x1,args,0x2000000020,sharedMemBytes,0x1,unknown,0x0,,,,,0x0
19,hipGetLastError,3075363,3075381,815467883019162,815467883045221,26059,1,none,0x7f09dff28e40,,,,,,,,,,,,,,,0x0
72,hipLaunchKernel,3075363,3075381,815467883072491,815467883109126,36635,6,func,0x7f09e13f1280,gridDim,0x13600000136,blockDim,0x1,args,0x2000000020,sharedMemBytes,0x1,unknown,0x0,,,,,0x0
136,hipGetLastError,3075363,3075381,815467883136737,815467883163056,26319,1,none,0x7f09dff28e40,,,,,,,,,,,,,,,0x0
190,hipLaunchKernel,3075363,3075381,815467883190366,815467883221743,31377,6,func,0x7f09e13f1280,gridDim,0x13600000136,blockDim,0x1,args,0x2000000020,sharedMemBytes,0x1,unknown,0x0,,,,,0x0
249,hipGetLastError,3075363,3075381,815467883249254,815467883277706,28452,1,none,0x7f09dff28e40,,,,,,,,,,,,,,,0x0
304,hipLaunchKernel,3075363,3075381,815467883304526,815467883338125,33599,6,func,0x7f09e13f1280,gridDim,0x13600000136,blockDim,0x1,args,0x2000000020,sharedMemBytes,0x1,unknown,0x0,,,,,0x0
365,hipGetLastError,3075363,3075381,815467883365756,815467883390183,24427,1,none,0x7f09dff28e40,,,,,,,,,,,,,,,0x0
417,hipLaunchKernel,3075363,3075381,815467883417193,815467883446636,29443,6,func,0x7f09e13f1280,gridDim,0x13600000136,blockDim,0x1,args,0x2000000020,sharedMemBytes,0x1,unknown,0x0,,,,,0x0
474,hipGetLastError,3075363,3075381,815467883474888,815467883504312,29424,1,none,0x7f09dff28e40,,,,,,,,,,,,,,,0x0
530,hipStreamSynchronize,3075363,3075381,815467883530741,815467885523918,1993177,1,stream,0x7ec9800010b0,,,,,,,,,,,,,,,0x0
555,hipLaunchKernel,3075363,3075381,815467885555235,815467885579601,24366,6,func,0x7f09e13f1280,gridDim,0x13600000136,blockDim,0x1,args,0x2000000020,sharedMemBytes,0x1,unknown,0x0,,,,,0x0
608,hipGetLastError,3075363,3075381,815467885608744,815467885639750,31006,1,none,0x7f09dff28e40,,,,,,,,,,,,,,,0x0
669,hipLaunchKernel,3075363,3075381,815467885669254,815467885709484,40230,6,func,0x7f09e13f1280,gridDim,0x13600000136,blockDim,0x1,args,0x2000000020,sharedMemBytes,0x1,unknown,0x0,,,,,0x0
737,hipGetLastError,3075363,3075381,815467885737776,815467885766398,28622,1,none,0x7f09dff28e40,,,,,,,,,,,,,,,0x0
795,hipLaunchKernel,3075363,3075381,815467885795632,815467885830493,34861,6,func,0x7f09e13f1280,gridDim,0x13600000136,blockDim,0x1,args,0x2000000020,sharedMemBytes,0x1,unknown,0x0,,,,,0x0
858,hipGetLastError,3075363,3075381,815467885858465,815467885884093,25628,1,none,0x7f09dff28e40,,,,,,,,,,,,,,,0x0
913,hipLaunchKernel,3075363,3075381,815467885913406,815467885949570,36164,6,func,0x7f09e13f1280,gridDim,0x13600000136,blockDim,0x1,args,0x2000000020,sharedMemBytes,0x1,unknown,0x0,,,,,0x0
977,hipGetLastError,3075363,3075381,815467885977592,815467886006044,28452,1,none,0x7f09dff28e40,,,,,,,,,,,,,,,0x0
36,hipLaunchKernel,3075363,3075381,815467886036098,815467886072082,35984,6,func,0x7f09e13f1280,gridDim,0x13600000136,blockDim,0x1,args,0x2000000020,sharedMemBytes,0x1,unknown,0x0,,,,,0x0
100,hipGetLastError,3075363,3075381,815467886100334,815467886129797,29463,1,none,0x7f09dff28e40,,,,,,,,,,,,,,,0x0
159,hipLaunchKernel,3075363,3075381,815467886159141,815467886194614,35473,6,func,0x7f09e13f1280,gridDim,0x13600000136,blockDim,0x1,args,0x2000000020,sharedMemBytes,0x1,unknown,0x0,,,,,0x0
222,hipGetLastError,3075363,3075381,815467886222845,815467886248213,25368,1,none,0x7f09dff28e40,,,,,,,,,,,,,,,0x0
277,hipLaunchKernel,3075363,3075381,815467886277426,815467886314291,36865,6,func,0x7f09e13f1280,gridDim,0x13600000136,blockDim,0x1,args,0x2000000020,sharedMemBytes,0x1,unknown,0x0,,,,,0x0
342,hipGetLastError,3075363,3075381,815467886342363,815467886366408,24045,1,none,0x7f09dff28e40,,,,,,,,,,,,,,,0x0
396,hipLaunchKernel,3075363,3075381,815467886395982,815467886432647,36665,6,func,0x7f09e13f1280,gridDim,0x13600000136,blockDim,0x1,args,0x2000000020,sharedMemBytes,0x1,unknown,0x0,,,,,0x0
462,hipGetLastError,3075363,3075381,815467886462521,815467886490973,28452,1,none,0x7f09dff28e40,,,,,,,,,,,,,,,0x0
520,hipLaunchKernel,3075363,3075381,815467886520227,815467886554257,34030,6,func,0x7f09e13f1280,gridDim,0x13600000136,blockDim,0x1,args,0x2000000020,sharedMemBytes,0x1,unknown,0x0,,,,,0x0
583,hipGetLastError,3075363,3075381,815467886583040,815467886614236,31196,1,none,0x7f09dff28e40,,,,,,,,,,,,,,,0x0
643,hipLaunchKernel,3075363,3075381,815467886643730,815467886679403,35673,6,func,0x7f09e13f1280,gridDim,0x13600000136,blockDim,0x1,args,0x2000000020,sharedMemBytes,0x1,unknown,0x0,,,,,0x0
707,hipGetLastError,3075363,3075381,815467886707474,815467886736568,29094,1,none,0x7f09dff28e40,,,,,,,,,,,,,,,0x0
765,hipStreamSynchronize,3075363,3075381,815467886765501,815467888681233,1915732,1,stream,0x7ec9800010b0,,,,,,,,,,,,,,,0x0
714,hipLaunchKernel,3075363,3075381,815467888714082,815467888753520,39438,6,func,0x7f09e13f1280,gridDim,0x13600000136,blockDim,0x1,args,0x2000000020,sharedMemBytes,0x1,unknown,0x0,,,,,0x0
785,hipGetLastError,3075363,3075381,815467888785097,815467888817715,32618,1,none,0x7f09dff28e40,,,,,,,,,,,,,,,0x0
847,hipLaunchKernel,3075363,3075381,815467888847469,815467888888641,41172,6,func,0x7f09e13f1280,gridDim,0x13600000136,blockDim,0x1,args,0x2000000020,sharedMemBytes,0x1,unknown,0x0,,,,,0x0
919,hipGetLastError,3075363,3075381,815467888919807,815467888952305,32498,1,none,0x7f09dff28e40,,,,,,,,,,,,,,,0x0
982,hipLaunchKernel,3075363,3075381,815467888982810,815467889022119,39309,6,func,0x7f09e13f1280,gridDim,0x13600000136,blockDim,0x1,args,0x2000000020,sharedMemBytes,0x1,unknown,0x0,,,,,0x0
52,hipGetLastError,3075363,3075381,815467889052444,815467889079764,27320,1,none,0x7f09dff28e40,,,,,,,,,,,,,,,0x0
110,hipLaunchKernel,3075363,3075381,815467889110390,815467889148686,38296,6,func,0x7f09e13f1280,gridDim,0x13600000136,blockDim,0x1,args,0x2000000020,sharedMemBytes,0x1,unknown,0x0,,,,,0x0
179,hipGetLastError,3075363,3075381,815467889179742,815467889210248,30506,1,none,0x7f09dff28e40,,,,,,,,,,,,,,,0x0
240,hipLaunchKernel,3075363,3075381,815467889240362,815467889279370,39008,6,func,0x7f09e13f1280,gridDim,0x13600000136,blockDim,0x1,args,0x2000000020,sharedMemBytes,0x1,unknown,0x0,,,,,0x0
309,hipGetLastError,3075363,3075381,815467889309865,815467889342213,32348,1,none,0x7f09dff28e40,,,,,,,,,,,,,,,0x0
372,hipLaunchKernel,3075363,3075381,815467889372048,815467889409473,37425,6,func,0x7f09e13f1280,gridDim,0x13600000136,blockDim,0x1,args,0x2000000020,sharedMemBytes,0x1,unknown,0x0,,,,,0x0
440,hipGetLastError,3075363,3075381,815467889440249,815467889472777,32528,1,none,0x7f09dff28e40,,,,,,,,,,,,,,,0x0
503,hipLaunchKernel,3075363,3075381,815467889503493,815467889542741,39248,6,func,0x7f09e13f1280,gridDim,0x13600000136,blockDim,0x1,args,0x2000000020,sharedMemBytes,0x1,unknown,0x0,,,,,0x0
573,hipGetLastError,3075363,3075381,815467889573336,815467889605624,32288,1,none,0x7f09dff28e40,,,,,,,,,,,,,,,0x0
636,hipLaunchKernel,3075363,3075381,815467889636089,815467889672704,36615,6,func,0x7f09e13f1280,gridDim,0x13600000136,blockDim,0x1,args,0x2000000020,sharedMemBytes,0x1,unknown,0x0,,,,,0x0
703,hipGetLastError,3075363,3075381,815467889703429,815467889736238,32809,1,none,0x7f09dff28e40,,,,,,,,,,,,,,,0x0
766,hipLaunchKernel,3075363,3075381,815467889766213,815467889802677,36464,6,func,0x7f09e13f1280,gridDim,0x13600000136,blockDim,0x1,args,0x2000000020,sharedMemBytes,0x1,unknown,0x0,,,,,0x0
832,hipGetLastError,3075363,3075381,815467889832821,815467889865099,32278,1,none,0x7f09dff28e40,,,,,,,,,,,,,,,0x0
895,hipLaunchKernel,3075363,3075381,815467889894913,815467889933240,38327,6,func,0x7f09e13f1280,gridDim,0x13600000136,blockDim,0x1,args,0x2000000020,sharedMemBytes,0x1,unknown,0x0,,,,,0x0
964,hipGetLastError,3075363,3075381,815467889964437,815467889996644,32207,1,none,0x7f09dff28e40,,,,,,,,,,,,,,,0x0
26,hipStreamSynchronize,3075363,3075381,815467890026258,815467891844486,1818228,1,stream,0x7ec9800010b0,,,,,,,,,,,,,,,0x0
877,hipLaunchKernel,3075363,3075381,815467891877755,815467891919757,42002,6,func,0x7f09e13f1280,gridDim,0x13600000136,blockDim,0x1,args,0x2000000020,sharedMemBytes,0x1,unknown,0x0,,,,,0x0
950,hipGetLastError,3075363,3075381,815467891949982,815467891975811,25829,1,none,0x7f09dff28e40,,,,,,,,,,,,,,,0x0
14,hipLaunchKernel,3075363,3075381,815467892014618,815467892056951,42333,6,func,0x7f09e13f1280,gridDim,0x13600000136,blockDim,0x1,args,0x2000000020,sharedMemBytes,0x1,unknown,0x0,,,,,0x0
87,hipGetLastError,3075363,3075381,815467892087526,815467892118412,30886,1,none,0x7f09dff28e40,,,,,,,,,,,,,,,0x0
149,hipLaunchKernel,3075363,3075381,815467892149598,815467892188546,38948,6,func,0x7f09e13f1280,gridDim,0x13600000136,blockDim,0x1,args,0x2000000020,sharedMemBytes,0x1,unknown,0x0,,,,,0x0
218,hipGetLastError,3075363,3075381,815467892218220,815467892248014,29794,1,none,0x7f09dff28e40,,,,,,,,,,,,,,,0x0
279,hipLaunchKernel,3075363,3075381,815467892279091,815467892317528,38437,6,func,0x7f09e13f1280,gridDim,0x13600000136,blockDim,0x1,args,0x2000000020,sharedMemBytes,0x1,unknown,0x0,,,,,0x0
347,hipGetLastError,3075363,3075381,815467892347352,815467892374272,26920,1,none,0x7f09dff28e40,,,,,,,,,,,,,,,0x0
405,hipLaunchKernel,3075363,3075381,815467892405448,815467892444095,38647,6,func,0x7f09e13f1280,gridDim,0x13600000136,blockDim,0x1,args,0x2000000020,sharedMemBytes,0x1,unknown,0x0,,,,,0x0
473,hipGetLastError,3075363,3075381,815467892473890,815467892504285,30395,1,none,0x7f09dff28e40,,,,,,,,,,,,,,,0x0
535,hipLaunchKernel,3075363,3075381,815467892535211,815467892573307,38096,6,func,0x7f09e13f1280,gridDim,0x13600000136,blockDim,0x1,args,0x2000000020,sharedMemBytes,0x1,unknown,0x0,,,,,0x0
627,hipGetLastError,3075363,3075381,815467892627487,815467892662690,35203,1,none,0x7f09dff28e40,,,,,,,,,,,,,,,0x0
693,hipLaunchKernel,3075363,3075381,815467892693616,815467892732964,39348,6,func,0x7f09e13f1280,gridDim,0x13600000136,blockDim,0x1,args,0x2000000020,sharedMemBytes,0x1,unknown,0x0,,,,,0x0
767,hipGetLastError,3075363,3075381,815467892767014,815467892805822,38808,1,none,0x7f09dff28e40,,,,,,,,,,,,,,,0x0
842,hipLaunchKernel,3075363,3075381,815467892842166,815467892890778,48612,6,func,0x7f09e13f1280,gridDim,0x13600000136,blockDim,0x1,args,0x2000000020,sharedMemBytes,0x1,unknown,0x0,,,,,0x0
926,hipGetLastError,3075363,3075381,815467892926090,815467892960231,34141,1,none,0x7f09dff28e40,,,,,,,,,,,,,,,0x0
991,hipLaunchKernel,3075363,3075381,815467892991427,815467893031266,39839,6,func,0x7f09e13f1280,gridDim,0x13600000136,blockDim,0x1,args,0x2000000020,sharedMemBytes,0x1,unknown,0x0,,,,,0x0
60,hipGetLastError,3075363,3075381,815467893060790,815467893091225,30435,1,none,0x7f09dff28e40,,,,,,,,,,,,,,,0x0
122,hipLaunchKernel,3075363,3075381,815467893122502,815467893162241,39739,6,func,0x7f09e13f1280,gridDim,0x13600000136,blockDim,0x1,args,0x2000000020,sharedMemBytes,0x1,unknown,0x0,,,,,0x0
191,hipGetLastError,3075363,3075381,815467893191895,815467893220908,29013,1,none,0x7f09dff28e40,,,,,,,,,,,,,,,0x0
250,hipStreamSynchronize,3075363,3075381,815467893250792,815467895016181,1765389,1,stream,0x7ec9800010b0,,,,,,,,,,,,,,,0x0
48,hipLaunchKernel,3075363,3075381,815467895048439,815467895090041,41602,6,func,0x7f09e13f1280,gridDim,0x13600000136,blockDim,0x1,args,0x2000000020,sharedMemBytes,0x1,unknown,0x0,,,,,0x0
121,hipGetLastError,3075363,3075381,815467895121297,815467895153024,31727,1,none,0x7f09dff28e40,,,,,,,,,,,,,,,0x0
182,hipLaunchKernel,3075363,3075381,815467895182879,815467895224711,41832,6,func,0x7f09e13f1280,gridDim,0x13600000136,blockDim,0x1,args,0x2000000020,sharedMemBytes,0x1,unknown,0x0,,,,,0x0
255,hipGetLastError,3075363,3075381,815467895255596,815467895287574,31978,1,none,0x7f09dff28e40,,,,,,,,,,,,,,,0x0
317,hipLaunchKernel,3075363,3075381,815467895317418,815467895354693,37275,6,func,0x7f09e13f1280,gridDim,0x13600000136,blockDim,0x1,args,0x2000000020,sharedMemBytes,0x1,unknown,0x0,,,,,0x0
385,hipGetLastError,3075363,3075381,815467895385179,815467895417416,32237,1,none,0x7f09dff28e40,,,,,,,,,,,,,,,0x0
447,hipLaunchKernel,3075363,3075381,815467895447070,815467895484366,37296,6,func,0x7f09e13f1280,gridDim,0x13600000136,blockDim,0x1,args,0x2000000020,sharedMemBytes,0x1,unknown,0x0,,,,,0x0
514,hipGetLastError,3075363,3075381,815467895514480,815467895544906,30426,1,none,0x7f09dff28e40,,,,,,,,,,,,,,,0x0
575,hipLaunchKernel,3075363,3075381,815467895575140,815467895614088,38948,6,func,0x7f09e13f1280,gridDim,0x13600000136,blockDim,0x1,args,0x2000000020,sharedMemBytes,0x1,unknown,0x0,,,,,0x0
644,hipGetLastError,3075363,3075381,815467895644473,815467895673036,28563,1,none,0x7f09dff28e40,,,,,,,,,,,,,,,0x0
703,hipLaunchKernel,3075363,3075381,815467895703511,815467895742258,38747,6,func,0x7f09e13f1280,gridDim,0x13600000136,blockDim,0x1,args,0x2000000020,sharedMemBytes,0x1,unknown,0x0,,,,,0x0
772,hipGetLastError,3075363,3075381,815467895772403,815467895804751,32348,1,none,0x7f09dff28e40,,,,,,,,,,,,,,,0x0
834,hipLaunchKernel,3075363,3075381,815467895834335,815467895869367,35032,6,func,0x7f09e13f1280,gridDim,0x13600000136,blockDim,0x1,args,0x2000000020,sharedMemBytes,0x1,unknown,0x0,,,,,0x0
900,hipGetLastError,3075363,3075381,815467895900413,815467895932741,32328,1,none,0x7f09dff28e40,,,,,,,,,,,,,,,0x0
962,hipLaunchKernel,3075363,3075381,815467895962766,815467896015534,52768,6,func,0x7f09e13f1280,gridDim,0x13600000136,blockDim,0x1,args,0x2000000020,sharedMemBytes,0x1,unknown,0x0,,,,,0x0
46,hipGetLastError,3075363,3075381,815467896046189,815467896073840,27651,1,none,0x7f09dff28e40,,,,,,,,,,,,,,,0x0
105,hipLaunchKernel,3075363,3075381,815467896105848,815467896145086,39238,6,func,0x7f09e13f1280,gridDim,0x13600000136,blockDim,0x1,args,0x2000000020,sharedMemBytes,0x1,unknown,0x0,,,,,0x0
175,hipGetLastError,3075363,3075381,815467896175892,815467896207679,31787,1,none,0x7f09dff28e40,,,,,,,,,,,,,,,0x0
237,hipLaunchKernel,3075363,3075381,815467896237553,815467896273617,36064,6,func,0x7f09e13f1280,gridDim,0x13600000136,blockDim,0x1,args,0x2000000020,sharedMemBytes,0x1,unknown,0x0,,,,,0x0
304,hipGetLastError,3075363,3075381,815467896304152,815467896336350,32198,1,none,0x7f09dff28e40,,,,,,,,,,,,,,,0x0
365,hipStreamSynchronize,3075363,3075381,815467896365723,815467898179534,1813811,1,stream,0x7ec9800010b0,,,,,,,,,,,,,,,0x0
212,hipLaunchKernel,3075363,3075381,815467898212683,815467898252232,39549,6,func,0x7f09e13f1280,gridDim,0x13600000136,blockDim,0x1,args,0x2000000020,sharedMemBytes,0x1,unknown,0x0,,,,,0x0
284,hipGetLastError,3075363,3075381,815467898284119,815467898320704,36585,1,none,0x7f09dff28e40,,,,,,,,,,,,,,,0x0
351,hipLaunchKernel,3075363,3075381,815467898351750,815467898395314,43564,6,func,0x7f09e13f1280,gridDim,0x13600000136,blockDim,0x1,args,0x2000000020,sharedMemBytes,0x1,unknown,0x0,,,,,0x0
425,hipGetLastError,3075363,3075381,815467898425139,815467898458088,32949,1,none,0x7f09dff28e40,,,,,,,,,,,,,,,0x0
489,hipLaunchKernel,3075363,3075381,815467898489254,815467898527070,37816,6,func,0x7f09e13f1280,gridDim,0x13600000136,blockDim,0x1,args,0x2000000020,sharedMemBytes,0x1,unknown,0x0,,,,,0x0
556,hipGetLastError,3075363,3075381,815467898556614,815467898583323,26709,1,none,0x7f09dff28e40,,,,,,,,,,,,,,,0x0
622,hipLaunchKernel,3075363,3075381,815467898621941,815467898662451,40510,6,func,0x7f09e13f1280,gridDim,0x13600000136,blockDim,0x1,args,0x2000000020,sharedMemBytes,0x1,unknown,0x0,,,,,0x0
692,hipGetLastError,3075363,3075381,815467898692245,815467898722420,30175,1,none,0x7f09dff28e40,,,,,,,,,,,,,,,0x0
753,hipLaunchKernel,3075363,3075381,815467898753275,815467898792313,39038,6,func,0x7f09e13f1280,gridDim,0x13600000136,blockDim,0x1,args,0x2000000020,sharedMemBytes,0x1,unknown,0x0,,,,,0x0
822,hipGetLastError,3075363,3075381,815467898822068,815467898854526,32458,1,none,0x7f09dff28e40,,,,,,,,,,,,,,,0x0
885,hipLaunchKernel,3075363,3075381,815467898885542,815467898924479,38937,6,func,0x7f09e13f1280,gridDim,0x13600000136,blockDim,0x1,args,0x2000000020,sharedMemBytes,0x1,unknown,0x0,,,,,0x0
954,hipGetLastError,3075363,3075381,815467898954845,815467898987182,32337,1,none,0x7f09dff28e40,,,,,,,,,,,,,,,0x0
18,hipLaunchKernel,3075363,3075381,815467899017908,815467899057076,39168,6,func,0x7f09e13f1280,gridDim,0x13600000136,blockDim,0x1,args,0x2000000020,sharedMemBytes,0x1,unknown,0x0,,,,,0x0
87,hipGetLastError,3075363,3075381,815467899087081,815467899119038,31957,1,none,0x7f09dff28e40,,,,,,,,,,,,,,,0x0
149,hipLaunchKernel,3075363,3075381,815467899149483,815467899184155,34672,6,func,0x7f09e13f1280,gridDim,0x13600000136,blockDim,0x1,args,0x2000000020,sharedMemBytes,0x1,unknown,0x0,,,,,0x0
214,hipGetLastError,3075363,3075381,815467899214039,815467899245476,31437,1,none,0x7f09dff28e40,,,,,,,,,,,,,,,0x0
276,hipLaunchKernel,3075363,3075381,815467899276291,815467899312896,36605,6,func,0x7f09e13f1280,gridDim,0x13600000136,blockDim,0x1,args,0x2000000020,sharedMemBytes,0x1,unknown,0x0,,,,,0x0
343,hipGetLastError,3075363,3075381,815467899343000,815467899374888,31888,1,none,0x7f09dff28e40,,,,,,,,,,,,,,,0x0
405,hipLaunchKernel,3075363,3075381,815467899405493,815467899444912,39419,6,func,0x7f09e13f1280,gridDim,0x13600000136,blockDim,0x1,args,0x2000000020,sharedMemBytes,0x1,unknown,0x0,,,,,0x0
474,hipGetLastError,3075363,3075381,815467899474816,815467899505562,30746,1,none,0x7f09dff28e40,,,,,,,,,,,,,,,0x0
535,hipStreamSynchronize,3075363,3075381,815467899535877,815467901332913,1797036,1,stream,0x7ec9800010b0,,,,,,,,,,,,,,,0x0
366,hipLaunchKernel,3075363,3075381,815467901366352,815467901403227,36875,6,func,0x7f09e13f1280,gridDim,0x13600000136,blockDim,0x1,args,0x2000000020,sharedMemBytes,0x1,unknown,0x0,,,,,0x0
434,hipGetLastError,3075363,3075381,815467901434053,815467901467202,33149,1,none,0x7f09dff28e40,,,,,,,,,,,,,,,0x0
497,hipLaunchKernel,3075363,3075381,815467901497737,815467901540250,42513,6,func,0x7f09e13f1280,gridDim,0x13600000136,blockDim,0x1,args,0x2000000020,sharedMemBytes,0x1,unknown,0x0,,,,,0x0
571,hipGetLastError,3075363,3075381,815467901570956,815467901604215,33259,1,none,0x7f09dff28e40,,,,,,,,,,,,,,,0x0
634,hipLaunchKernel,3075363,3075381,815467901634210,815467901672256,38046,6,func,0x7f09e13f1280,gridDim,0x13600000136,blockDim,0x1,args,0x2000000020,sharedMemBytes,0x1,unknown,0x0,,,,,0x0
702,hipGetLastError,3075363,3075381,815467901702641,815467901735159,32518,1,none,0x7f09dff28e40,,,,,,,,,,,,,,,0x0
765,hipLaunchKernel,3075363,3075381,815467901765484,815467901802349,36865,6,func,0x7f09e13f1280,gridDim,0x13600000136,blockDim,0x1,args,0x2000000020,sharedMemBytes,0x1,unknown,0x0,,,,,0x0
833,hipGetLastError,3075363,3075381,815467901833095,815467901864661,31566,1,none,0x7f09dff28e40,,,,,,,,,,,,,,,0x0
894,hipLaunchKernel,3075363,3075381,815467901894466,815467901934014,39548,6,func,0x7f09e13f1280,gridDim,0x13600000136,blockDim,0x1,args,0x2000000020,sharedMemBytes,0x1,unknown,0x0,,,,,0x0
964,hipGetLastError,3075363,3075381,815467901964369,815467901993382,29013,1,none,0x7f09dff28e40,,,,,,,,,,,,,,,0x0
23,hipLaunchKernel,3075363,3075381,815467902023537,815467902062255,38718,6,func,0x7f09e13f1280,gridDim,0x13600000136,blockDim,0x1,args,0x2000000020,sharedMemBytes,0x1,unknown,0x0,,,,,0x0
92,hipGetLastError,3075363,3075381,815467902092179,815467902122314,30135,1,none,0x7f09dff28e40,,,,,,,,,,,,,,,0x0
152,hipLaunchKernel,3075363,3075381,815467902152028,815467902191136,39108,6,func,0x7f09e13f1280,gridDim,0x13600000136,blockDim,0x1,args,0x2000000020,sharedMemBytes,0x1,unknown,0x0,,,,,0x0
221,hipGetLastError,3075363,3075381,815467902221861,815467902254540,32679,1,none,0x7f09dff28e40,,,,,,,,,,,,,,,0x0
284,hipLaunchKernel,3075363,3075381,815467902284685,815467902322931,38246,6,func,0x7f09e13f1280,gridDim,0x13600000136,blockDim,0x1,args,0x2000000020,sharedMemBytes,0x1,unknown,0x0,,,,,0x0
353,hipGetLastError,3075363,3075381,815467902353667,815467902387487,33820,1,none,0x7f09dff28e40,,,,,,,,,,,,,,,0x0
418,hipLaunchKernel,3075363,3075381,815467902418153,815467902457070,38917,6,func,0x7f09e13f1280,gridDim,0x13600000136,blockDim,0x1,args,0x2000000020,sharedMemBytes,0x1,unknown,0x0,,,,,0x0
488,hipGetLastError,3075363,3075381,815467902488106,815467902520965,32859,1,none,0x7f09dff28e40,,,,,,,,,,,,,,,0x0
551,hipLaunchKernel,3075363,3075381,815467902551070,815467902591820,40750,6,func,0x7f09e13f1280,gridDim,0x13600000136,blockDim,0x1,args,0x2000000020,sharedMemBytes,0x1,unknown,0x0,,,,,0x0
622,hipGetLastError,3075363,3075381,815467902622315,815467902652630,30315,1,none,0x7f09dff28e40,,,,,,,,,,,,,,,0x0
682,hipStreamSynchronize,3075363,3075381,815467902681904,815467904501704,1819800,1,stream,0x7ec9800010b0,,,,,,,,,,,,,,,0x0
533,hipLaunchKernel,3075363,3075381,815467904533711,815467904570786,37075,6,func,0x7f09e13f1280,gridDim,0x13600000136,blockDim,0x1,args,0x2000000020,sharedMemBytes,0x1,unknown,0x0,,,,,0x0
601,hipGetLastError,3075363,3075381,815467904601121,815467904631216,30095,1,none,0x7f09dff28e40,,,,,,,,,,,,,,,0x0
662,hipLaunchKernel,3075363,3075381,815467904662382,815467904704054,41672,6,func,0x7f09e13f1280,gridDim,0x13600000136,blockDim,0x1,args,0x2000000020,sharedMemBytes,0x1,unknown,0x0,,,,,0x0
733,hipGetLastError,3075363,3075381,815467904733788,815467904766126,32338,1,none,0x7f09dff28e40,,,,,,,,,,,,,,,0x0
802,hipLaunchKernel,3075363,3075381,815467904802119,815467904841057,38938,6,func,0x7f09e13f1280,gridDim,0x13600000136,blockDim,0x1,args,0x2000000020,sharedMemBytes,0x1,unknown,0x0,,,,,0x0
870,hipGetLastError,3075363,3075381,815467904870451,815467904900435,29984,1,none,0x7f09dff28e40,,,,,,,,,,,,,,,0x0
931,hipLaunchKernel,3075363,3075381,815467904931241,815467904970379,39138,6,func,0x7f09e13f1280,gridDim,0x13600000136,blockDim,0x1,args,0x2000000020,sharedMemBytes,0x1,unknown,0x0,,,,,0x0
0,hipGetLastError,3075363,3075381,815467904999973,815467905030378,30405,1,none,0x7f09dff28e40,,,,,,,,,,,,,,,0x0
61,hipLaunchKernel,3075363,3075381,815467905061604,815467905099591,37987,6,func,0x7f09e13f1280,gridDim,0x13600000136,blockDim,0x1,args,0x2000000020,sharedMemBytes,0x1,unknown,0x0,,,,,0x0
129,hipGetLastError,3075363,3075381,815467905129235,815467905164577,35342,1,none,0x7f09dff28e40,,,,,,,,,,,,,,,0x0
195,hipLaunchKernel,3075363,3075381,815467905195072,815467905232177,37105,6,func,0x7f09e13f1280,gridDim,0x13600000136,blockDim,0x1,args,0x2000000020,sharedMemBytes,0x1,unknown,0x0,,,,,0x0
261,hipGetLastError,3075363,3075381,815467905261881,815467905289613,27732,1,none,0x7f09dff28e40,,,,,,,,,,,,,,,0x0
320,hipLaunchKernel,3075363,3075381,815467905320228,815467905355631,35403,6,func,0x7f09e13f1280,gridDim,0x13600000136,blockDim,0x1,args,0x2000000020,sharedMemBytes,0x1,unknown,0x0,,,,,0x0
385,hipGetLastError,3075363,3075381,815467905385074,815467905411243,26169,1,none,0x7f09dff28e40,,,,,,,,,,,,,,,0x0
442,hipLaunchKernel,3075363,3075381,815467905442329,815467905479985,37656,6,func,0x7f09e13f1280,gridDim,0x13600000136,blockDim,0x1,args,0x2000000020,sharedMemBytes,0x1,unknown,0x0,,,,,0x0
509,hipGetLastError,3075363,3075381,815467905509769,815467905542167,32398,1,none,0x7f09dff28e40,,,,,,,,,,,,,,,0x0
573,hipLaunchKernel,3075363,3075381,815467905573043,815467905608225,35182,6,func,0x7f09e13f1280,gridDim,0x13600000136,blockDim,0x1,args,0x2000000020,sharedMemBytes,0x1,unknown,0x0,,,,,0x0
638,hipGetLastError,3075363,3075381,815467905638510,815467905668435,29925,1,none,0x7f09dff28e40,,,,,,,,,,,,,,,0x0
699,hipLaunchKernel,3075363,3075381,815467905699501,815467905738428,38927,6,func,0x7f09e13f1280,gridDim,0x13600000136,blockDim,0x1,args,0x2000000020,sharedMemBytes,0x1,unknown,0x0,,,,,0x0
768,hipGetLastError,3075363,3075381,815467905768213,815467905795113,26900,1,none,0x7f09dff28e40,,,,,,,,,,,,,,,0x0
825,hipStreamSynchronize,3075363,3075381,815467905825157,815467907679218,1854061,1,stream,0x7ec9800010b0,,,,,,,,,,,,,,,0x0
711,hipLaunchKernel,3075363,3075381,815467907711546,815467907747118,35572,6,func,0x7f09e13f1280,gridDim,0x13600000136,blockDim,0x1,args,0x2000000020,sharedMemBytes,0x1,unknown,0x0,,,,,0x0
778,hipGetLastError,3075363,3075381,815467907778365,815467907811244,32879,1,none,0x7f09dff28e40,,,,,,,,,,,,,,,0x0
841,hipLaunchKernel,3075363,3075381,815467907841589,815467907884092,42503,6,func,0x7f09e13f1280,gridDim,0x13600000136,blockDim,0x1,args,0x2000000020,sharedMemBytes,0x1,unknown,0x0,,,,,0x0
915,hipGetLastError,3075363,3075381,815467907915899,815467907949359,33460,1,none,0x7f09dff28e40,,,,,,,,,,,,,,,0x0
980,hipLaunchKernel,3075363,3075381,815467907980284,815467908024891,44607,6,func,0x7f09e13f1280,gridDim,0x13600000136,blockDim,0x1,args,0x2000000020,sharedMemBytes,0x1,unknown,0x0,,,,,0x0
55,hipGetLastError,3075363,3075381,815467908055326,815467908086883,31557,1,none,0x7f09dff28e40,,,,,,,,,,,,,,,0x0
117,hipLaunchKernel,3075363,3075381,815467908117298,815467908153351,36053,6,func,0x7f09e13f1280,gridDim,0x13600000136,blockDim,0x1,args,0x2000000020,sharedMemBytes,0x1,unknown,0x0,,,,,0x0
184,hipGetLastError,3075363,3075381,815467908183927,815467908218117,34190,1,none,0x7f09dff28e40,,,,,,,,,,,,,,,0x0
249,hipLaunchKernel,3075363,3075381,815467908249464,815467908288402,38938,6,func,0x7f09e13f1280,gridDim,0x13600000136,blockDim,0x1,args,0x2000000020,sharedMemBytes,0x1,unknown,0x0,,,,,0x0
319,hipGetLastError,3075363,3075381,815467908319217,815467908352256,33039,1,none,0x7f09dff28e40,,,,,,,,,,,,,,,0x0
382,hipLaunchKernel,3075363,3075381,815467908382661,815467908421579,38918,6,func,0x7f09e13f1280,gridDim,0x13600000136,blockDim,0x1,args,0x2000000020,sharedMemBytes,0x1,unknown,0x0,,,,,0x0
452,hipGetLastError,3075363,3075381,815467908452185,815467908484743,32558,1,none,0x7f09dff28e40,,,,,,,,,,,,,,,0x0
515,hipLaunchKernel,3075363,3075381,815467908514978,815467908552834,37856,6,func,0x7f09e13f1280,gridDim,0x13600000136,blockDim,0x1,args,0x2000000020,sharedMemBytes,0x1,unknown,0x0,,,,,0x0
584,hipGetLastError,3075363,3075381,815467908584070,815467908617530,33460,1,none,0x7f09dff28e40,,,,,,,,,,,,,,,0x0
648,hipLaunchKernel,3075363,3075381,815467908648035,815467908690118,42083,6,func,0x7f09e13f1280,gridDim,0x13600000136,blockDim,0x1,args,0x2000000020,sharedMemBytes,0x1,unknown,0x0,,,,,0x0
724,hipGetLastError,3075363,3075381,815467908724899,815467908757528,32629,1,none,0x7f09dff28e40,,,,,,,,,,,,,,,0x0
788,hipLaunchKernel,3075363,3075381,815467908788514,815467908827722,39208,6,func,0x7f09e13f1280,gridDim,0x13600000136,blockDim,0x1,args,0x2000000020,sharedMemBytes,0x1,unknown,0x0,,,,,0x0
858,hipGetLastError,3075363,3075381,815467908858397,815467908893880,35483,1,none,0x7f09dff28e40,,,,,,,,,,,,,,,0x0
924,hipLaunchKernel,3075363,3075381,815467908924375,815467908962612,38237,6,func,0x7f09e13f1280,gridDim,0x13600000136,blockDim,0x1,args,0x2000000020,sharedMemBytes,0x1,unknown,0x0,,,,,0x0
993,hipGetLastError,3075363,3075381,815467908993558,815467909023813,30255,1,none,0x7f09dff28e40,,,,,,,,,,,,,,,0x0
53,hipStreamSynchronize,3075363,3075381,815467909053276,815467910850753,1797477,1,stream,0x7ec9800010b0,,,,,,,,,,,,,,,0x0
882,hipLaunchKernel,3075363,3075381,815467910882531,815467910923852,41321,6,func,0x7f09e13f1280,gridDim,0x13600000136,blockDim,0x1,args,0x2000000020,sharedMemBytes,0x1,unknown,0x0,,,,,0x0
954,hipGetLastError,3075363,3075381,815467910954237,815467910984722,30485,1,none,0x7f09dff28e40,,,,,,,,,,,,,,,0x0
15,hipLaunchKernel,3075363,3075381,815467911015287,815467911161645,146358,6,func,0x7f09e13f1280,gridDim,0x13600000136,blockDim,0x1,args,0x2000000020,sharedMemBytes,0x1,unknown,0x0,,,,,0x0
193,hipGetLastError,3075363,3075381,815467911193742,815467911226701,32959,1,none,0x7f09dff28e40,,,,,,,,,,,,,,,0x0
257,hipLaunchKernel,3075363,3075381,815467911257146,815467911292699,35553,6,func,0x7f09e13f1280,gridDim,0x13600000136,blockDim,0x1,args,0x2000000020,sharedMemBytes,0x1,unknown,0x0,,,,,0x0
323,hipGetLastError,3075363,3075381,815467911323094,815467911352648,29554,1,none,0x7f09dff28e40,,,,,,,,,,,,,,,0x0
382,hipLaunchKernel,3075363,3075381,815467911382352,815467911419377,37025,6,func,0x7f09e13f1280,gridDim,0x13600000136,blockDim,0x1,args,0x2000000020,sharedMemBytes,0x1,unknown,0x0,,,,,0x0
449,hipGetLastError,3075363,3075381,815467911449662,815467911475620,25958,1,none,0x7f09dff28e40,,,,,,,,,,,,,,,0x0
505,hipLaunchKernel,3075363,3075381,815467911505495,815467911541849,36354,6,func,0x7f09e13f1280,gridDim,0x13600000136,blockDim,0x1,args,0x2000000020,sharedMemBytes,0x1,unknown,0x0,,,,,0x0
572,hipGetLastError,3075363,3075381,815467911572564,815467911602148,29584,1,none,0x7f09dff28e40,,,,,,,,,,,,,,,0x0
632,hipLaunchKernel,3075363,3075381,815467911632153,815467911670850,38697,6,func,0x7f09e13f1280,gridDim,0x13600000136,blockDim,0x1,args,0x2000000020,sharedMemBytes,0x1,unknown,0x0,,,,,0x0
701,hipGetLastError,3075363,3075381,815467911701105,815467911731160,30055,1,none,0x7f09dff28e40,,,,,,,,,,,,,,,0x0
761,hipLaunchKernel,3075363,3075381,815467911761024,815467911796216,35192,6,func,0x7f09e13f1280,gridDim,0x13600000136,blockDim,0x1,args,0x2000000020,sharedMemBytes,0x1,unknown,0x0,,,,,0x0
826,hipGetLastError,3075363,3075381,815467911826000,815467911858779,32779,1,none,0x7f09dff28e40,,,,,,,,,,,,,,,0x0
888,hipLaunchKernel,3075363,3075381,815467911888513,815467911925929,37416,6,func,0x7f09e13f1280,gridDim,0x13600000136,blockDim,0x1,args,0x2000000020,sharedMemBytes,0x1,unknown,0x0,,,,,0x0
955,hipGetLastError,3075363,3075381,815467911955472,815467911981771,26299,1,none,0x7f09dff28e40,,,,,,,,,,,,,,,0x0
20,hipLaunchKernel,3075363,3075381,815467912020108,815467912043102,22994,6,func,0x7f09e13f1280,gridDim,0x13600000136,blockDim,0x1,args,0x2000000020,sharedMemBytes,0x1,unknown,0x0,,,,,0x0
74,hipGetLastError,3075363,3075381,815467912074008,815467912105395,31387,1,none,0x7f09dff28e40,,,,,,,,,,,,,,,0x0
135,hipLaunchKernel,3075363,3075381,815467912134989,815467912170121,35132,6,func,0x7f09e13f1280,gridDim,0x13600000136,blockDim,0x1,args,0x2000000020,sharedMemBytes,0x1,unknown,0x0,,,,,0x0
200,hipGetLastError,3075363,3075381,815467912200155,815467912230811,30656,1,none,0x7f09dff28e40,,,,,,,,,,,,,,,0x0
260,hipStreamSynchronize,3075363,3075381,815467912260785,815467914024893,1764108,1,stream,0x7ec9800010b0,,,,,,,,,,,,,,,0x0
57,hipLaunchKernel,3075363,3075381,815467914057221,815467914097540,40319,6,func,0x7f09e13f1280,gridDim,0x13600000136,blockDim,0x1,args,0x2000000020,sharedMemBytes,0x1,unknown,0x0,,,,,0x0
128,hipGetLastError,3075363,3075381,815467914128797,815467914160524,31727,1,none,0x7f09dff28e40,,,,,,,,,,,,,,,0x0
190,hipLaunchKernel,3075363,3075381,815467914190578,815467914226912,36334,6,func,0x7f09e13f1280,gridDim,0x13600000136,blockDim,0x1,args,0x2000000020,sharedMemBytes,0x1,unknown,0x0,,,,,0x0
257,hipGetLastError,3075363,3075381,815467914257267,815467914286941,29674,1,none,0x7f09dff28e40,,,,,,,,,,,,,,,0x0
316,hipLaunchKernel,3075363,3075381,815467914316816,815467914356865,40049,6,func,0x7f09e13f1280,gridDim,0x13600000136,blockDim,0x1,args,0x2000000020,sharedMemBytes,0x1,unknown,0x0,,,,,0x0
387,hipGetLastError,3075363,3075381,815467914387390,815467914419458,32068,1,none,0x7f09dff28e40,,,,,,,,,,,,,,,0x0
449,hipLaunchKernel,3075363,3075381,815467914449663,815467914486968,37305,6,func,0x7f09e13f1280,gridDim,0x13600000136,blockDim,0x1,args,0x2000000020,sharedMemBytes,0x1,unknown,0x0,,,,,0x0
517,hipGetLastError,3075363,3075381,815467914517433,815467914546617,29184,1,none,0x7f09dff28e40,,,,,,,,,,,,,,,0x0
576,hipLaunchKernel,3075363,3075381,815467914576771,815467914616190,39419,6,func,0x7f09e13f1280,gridDim,0x13600000136,blockDim,0x1,args,0x2000000020,sharedMemBytes,0x1,unknown,0x0,,,,,0x0
646,hipGetLastError,3075363,3075381,815467914646445,815467914679273,32828,1,none,0x7f09dff28e40,,,,,,,,,,,,,,,0x0
710,hipLaunchKernel,3075363,3075381,815467914710239,815467914747184,36945,6,func,0x7f09e13f1280,gridDim,0x13600000136,blockDim,0x1,args,0x2000000020,sharedMemBytes,0x1,unknown,0x0,,,,,0x0
777,hipGetLastError,3075363,3075381,815467914777239,815467914810358,33119,1,none,0x7f09dff28e40,,,,,,,,,,,,,,,0x0
840,hipLaunchKernel,3075363,3075381,815467914840332,815467914877658,37326,6,func,0x7f09e13f1280,gridDim,0x13600000136,blockDim,0x1,args,0x2000000020,sharedMemBytes,0x1,unknown,0x0,,,,,0x0
907,hipGetLastError,3075363,3075381,815467914907522,815467914939540,32018,1,none,0x7f09dff28e40,,,,,,,,,,,,,,,0x0
969,hipLaunchKernel,3075363,3075381,815467914969764,815467915005457,35693,6,func,0x7f09e13f1280,gridDim,0x13600000136,blockDim,0x1,args,0x2000000020,sharedMemBytes,0x1,unknown,0x0,,,,,0x0
35,hipGetLastError,3075363,3075381,815467915035782,815467915062432,26650,1,none,0x7f09dff28e40,,,,,,,,,,,,,,,0x0
93,hipLaunchKernel,3075363,3075381,815467915093107,815467915131805,38698,6,func,0x7f09e13f1280,gridDim,0x13600000136,blockDim,0x1,args,0x2000000020,sharedMemBytes,0x1,unknown,0x0,,,,,0x0
161,hipGetLastError,3075363,3075381,815467915161519,815467915193657,32138,1,none,0x7f09dff28e40,,,,,,,,,,,,,,,0x0
224,hipLaunchKernel,3075363,3075381,815467915224132,815467915263100,38968,6,func,0x7f09e13f1280,gridDim,0x13600000136,blockDim,0x1,args,0x2000000020,sharedMemBytes,0x1,unknown,0x0,,,,,0x0
293,hipGetLastError,3075363,3075381,815467915293274,815467915327044,33770,1,none,0x7f09dff28e40,,,,,,,,,,,,,,,0x0
357,hipStreamSynchronize,3075363,3075381,815467915357520,815467917193463,1835943,1,stream,0x7ec9800010b0,,,,,,,,,,,,,,,0x0
226,hipLaunchKernel,3075363,3075381,815467917226703,815467917265861,39158,6,func,0x7f09e13f1280,gridDim,0x13600000136,blockDim,0x1,args,0x2000000020,sharedMemBytes,0x1,unknown,0x0,,,,,0x0
296,hipGetLastError,3075363,3075381,815467917296486,815467917323226,26740,1,none,0x7f09dff28e40,,,,,,,,,,,,,,,0x0
352,hipLaunchKernel,3075363,3075381,815467917352810,815467917392879,40069,6,func,0x7f09e13f1280,gridDim,0x13600000136,blockDim,0x1,args,0x2000000020,sharedMemBytes,0x1,unknown,0x0,,,,,0x0
422,hipGetLastError,3075363,3075381,815467917422834,815467917453049,30215,1,none,0x7f09dff28e40,,,,,,,,,,,,,,,0x0
482,hipLaunchKernel,3075363,3075381,815467917482823,815467917520889,38066,6,func,0x7f09e13f1280,gridDim,0x13600000136,blockDim,0x1,args,0x2000000020,sharedMemBytes,0x1,unknown,0x0,,,,,0x0
551,hipGetLastError,3075363,3075381,815467917551685,815467917581379,29694,1,none,0x7f09dff28e40,,,,,,,,,,,,,,,0x0
611,hipLaunchKernel,3075363,3075381,815467917611694,815467917650762,39068,6,func,0x7f09e13f1280,gridDim,0x13600000136,blockDim,0x1,args,0x2000000020,sharedMemBytes,0x1,unknown,0x0,,,,,0x0
681,hipGetLastError,3075363,3075381,815467917681287,815467917710571,29284,1,none,0x7f09dff28e40,,,,,,,,,,,,,,,0x0
740,hipLaunchKernel,3075363,3075381,815467917740395,815467917778912,38517,6,func,0x7f09e13f1280,gridDim,0x13600000136,blockDim,0x1,args,0x2000000020,sharedMemBytes,0x1,unknown,0x0,,,,,0x0
809,hipGetLastError,3075363,3075381,815467917809427,815467917839131,29704,1,none,0x7f09dff28e40,,,,,,,,,,,,,,,0x0
869,hipLaunchKernel,3075363,3075381,815467917869236,815467917906511,37275,6,func,0x7f09e13f1280,gridDim,0x13600000136,blockDim,0x1,args,0x2000000020,sharedMemBytes,0x1,unknown,0x0,,,,,0x0
936,hipGetLastError,3075363,3075381,815467917936396,815467917963406,27010,1,none,0x7f09dff28e40,,,,,,,,,,,,,,,0x0
993,hipLaunchKernel,3075363,3075381,815467917993100,815467918032348,39248,6,func,0x7f09e13f1280,gridDim,0x13600000136,blockDim,0x1,args,0x2000000020,sharedMemBytes,0x1,unknown,0x0,,,,,0x0
62,hipGetLastError,3075363,3075381,815467918062272,815467918094991,32719,1,none,0x7f09dff28e40,,,,,,,,,,,,,,,0x0
124,hipLaunchKernel,3075363,3075381,815467918124845,815467918162401,37556,6,func,0x7f09e13f1280,gridDim,0x13600000136,blockDim,0x1,args,0x2000000020,sharedMemBytes,0x1,unknown,0x0,,,,,0x0
192,hipGetLastError,3075363,3075381,815467918192566,815467918221799,29233,1,none,0x7f09dff28e40,,,,,,,,,,,,,,,0x0
251,hipLaunchKernel,3075363,3075381,815467918251703,815467918290110,38407,6,func,0x7f09e13f1280,gridDim,0x13600000136,blockDim,0x1,args,0x2000000020,sharedMemBytes,0x1,unknown,0x0,,,,,0x0
320,hipGetLastError,3075363,3075381,815467918319985,815467918350620,30635,1,none,0x7f09dff28e40,,,,,,,,,,,,,,,0x0
381,hipLaunchKernel,3075363,3075381,815467918381206,815467918421145,39939,6,func,0x7f09e13f1280,gridDim,0x13600000136,blockDim,0x1,args,0x2000000020,sharedMemBytes,0x1,unknown,0x0,,,,,0x0
452,hipGetLastError,3075363,3075381,815467918451920,815467918482235,30315,1,none,0x7f09dff28e40,,,,,,,,,,,,,,,0x0
511,hipStreamSynchronize,3075363,3075381,815467918511789,815467920374763,1862974,1,stream,0x7ec9800010b0,,,,,,,,,,,,,,,0x0
407,hipLaunchKernel,3075363,3075381,815467920407341,815467920446610,39269,6,func,0x7f09e13f1280,gridDim,0x13600000136,blockDim,0x1,args,0x2000000020,sharedMemBytes,0x1,unknown,0x0,,,,,0x0
477,hipGetLastError,3075363,3075381,815467920477716,815467920507770,30054,1,none,0x7f09dff28e40,,,,,,,,,,,,,,,0x0
537,hipLaunchKernel,3075363,3075381,815467920537665,815467920580198,42533,6,func,0x7f09e13f1280,gridDim,0x13600000136,blockDim,0x1,args,0x2000000020,sharedMemBytes,0x1,unknown,0x0,,,,,0x0
610,hipGetLastError,3075363,3075381,815467920610182,815467920638825,28643,1,none,0x7f09dff28e40,,,,,,,,,,,,,,,0x0
669,hipLaunchKernel,3075363,3075381,815467920668970,815467920704943,35973,6,func,0x7f09e13f1280,gridDim,0x13600000136,blockDim,0x1,args,0x2000000020,sharedMemBytes,0x1,unknown,0x0,,,,,0x0
735,hipGetLastError,3075363,3075381,815467920735428,815467920766504,31076,1,none,0x7f09dff28e40,,,,,,,,,,,,,,,0x0
796,hipLaunchKernel,3075363,3075381,815467920796288,815467920833614,37326,6,func,0x7f09e13f1280,gridDim,0x13600000136,blockDim,0x1,args,0x2000000020,sharedMemBytes,0x1,unknown,0x0,,,,,0x0
864,hipGetLastError,3075363,3075381,815467920863929,815467920893823,29894,1,none,0x7f09dff28e40,,,,,,,,,,,,,,,0x0
923,hipLaunchKernel,3075363,3075381,815467920923818,815467920963376,39558,6,func,0x7f09e13f1280,gridDim,0x13600000136,blockDim,0x1,args,0x2000000020,sharedMemBytes,0x1,unknown,0x0,,,,,0x0
993,hipGetLastError,3075363,3075381,815467920993711,815467921026350,32639,1,none,0x7f09dff28e40,,,,,,,,,,,,,,,0x0
56,hipLaunchKernel,3075363,3075381,815467921056464,815467921094391,37927,6,func,0x7f09e13f1280,gridDim,0x13600000136,blockDim,0x1,args,0x2000000020,sharedMemBytes,0x1,unknown,0x0,,,,,0x0
124,hipGetLastError,3075363,3075381,815467921124766,815467921157114,32348,1,none,0x7f09dff28e40,,,,,,,,,,,,,,,0x0
187,hipLaunchKernel,3075363,3075381,815467921187359,815467921224514,37155,6,func,0x7f09e13f1280,gridDim,0x13600000136,blockDim,0x1,args,0x2000000020,sharedMemBytes,0x1,unknown,0x0,,,,,0x0
254,hipGetLastError,3075363,3075381,815467921254168,815467921282460,28292,1,none,0x7f09dff28e40,,,,,,,,,,,,,,,0x0
312,hipLaunchKernel,3075363,3075381,815467921312655,815467921350070,37415,6,func,0x7f09e13f1280,gridDim,0x13600000136,blockDim,0x1,args,0x2000000020,sharedMemBytes,0x1,unknown,0x0,,,,,0x0
381,hipGetLastError,3075363,3075381,815467921381527,815467921414496,32969,1,none,0x7f09dff28e40,,,,,,,,,,,,,,,0x0
444,hipLaunchKernel,3075363,3075381,815467921444440,815467921479843,35403,6,func,0x7f09e13f1280,gridDim,0x13600000136,blockDim,0x1,args,0x2000000020,sharedMemBytes,0x1,unknown,0x0,,,,,0x0
509,hipGetLastError,3075363,3075381,815467921509807,815467921540062,30255,1,none,0x7f09dff28e40,,,,,,,,,,,,,,,0x0
570,hipLaunchKernel,3075363,3075381,815467921569956,815467921606470,36514,6,func,0x7f09e13f1280,gridDim,0x13600000136,blockDim,0x1,args,0x2000000020,sharedMemBytes,0x1,unknown,0x0,,,,,0x0
637,hipGetLastError,3075363,3075381,815467921637036,815467921662784,25748,1,none,0x7f09dff28e40,,,,,,,,,,,,,,,0x0
692,hipStreamSynchronize,3075363,3075381,815467921692378,815467923540009,1847631,1,stream,0x7ec9800010b0,,,,,,,,,,,,,,,0x0
571,hipLaunchKernel,3075363,3075381,815467923571746,815467923609522,37776,6,func,0x7f09e13f1280,gridDim,0x13600000136,blockDim,0x1,args,0x2000000020,sharedMemBytes,0x1,unknown,0x0,,,,,0x0
640,hipGetLastError,3075363,3075381,815467923640117,815467923671053,30936,1,none,0x7f09dff28e40,,,,,,,,,,,,,,,0x0
701,hipLaunchKernel,3075363,3075381,815467923701689,815467923742489,40800,6,func,0x7f09e13f1280,gridDim,0x13600000136,blockDim,0x1,args,0x2000000020,sharedMemBytes,0x1,unknown,0x0,,,,,0x0
773,hipGetLastError,3075363,3075381,815467923773225,815467923807316,34091,1,none,0x7f09dff28e40,,,,,,,,,,,,,,,0x0
837,hipLaunchKernel,3075363,3075381,815467923837320,815467923874135,36815,6,func,0x7f09e13f1280,gridDim,0x13600000136,blockDim,0x1,args,0x2000000020,sharedMemBytes,0x1,unknown,0x0,,,,,0x0
903,hipGetLastError,3075363,3075381,815467923903739,815467923934114,30375,1,none,0x7f09dff28e40,,,,,,,,,,,,,,,0x0
964,hipLaunchKernel,3075363,3075381,815467923964188,815467924011088,46900,6,func,0x7f09e13f1280,gridDim,0x13600000136,blockDim,0x1,args,0x2000000020,sharedMemBytes,0x1,unknown,0x0,,,,,0x0
42,hipGetLastError,3075363,3075381,815467924042014,815467924063125,21111,1,none,0x7f09dff28e40,,,,,,,,,,,,,,,0x0
97,hipLaunchKernel,3075363,3075381,815467924097206,815467924135342,38136,6,func,0x7f09e13f1280,gridDim,0x13600000136,blockDim,0x1,args,0x2000000020,sharedMemBytes,0x1,unknown,0x0,,,,,0x0
165,hipGetLastError,3075363,3075381,815467924165657,815467924197474,31817,1,none,0x7f09dff28e40,,,,,,,,,,,,,,,0x0
227,hipLaunchKernel,3075363,3075381,815467924227218,815467924262020,34802,6,func,0x7f09e13f1280,gridDim,0x13600000136,blockDim,0x1,args,0x2000000020,sharedMemBytes,0x1,unknown,0x0,,,,,0x0
292,hipGetLastError,3075363,3075381,815467924292215,815467924320988,28773,1,none,0x7f09dff28e40,,,,,,,,,,,,,,,0x0
350,hipLaunchKernel,3075363,3075381,815467924350381,815467924385373,34992,6,func,0x7f09e13f1280,gridDim,0x13600000136,blockDim,0x1,args,0x2000000020,sharedMemBytes,0x1,unknown,0x0,,,,,0x0
414,hipGetLastError,3075363,3075381,815467924414827,815467924447215,32388,1,none,0x7f09dff28e40,,,,,,,,,,,,,,,0x0
476,hipLaunchKernel,3075363,3075381,815467924476779,815467924514475,37696,6,func,0x7f09e13f1280,gridDim,0x13600000136,blockDim,0x1,args,0x2000000020,sharedMemBytes,0x1,unknown,0x0,,,,,0x0
545,hipGetLastError,3075363,3075381,815467924545641,815467924576877,31236,1,none,0x7f09dff28e40,,,,,,,,,,,,,,,0x0
607,hipLaunchKernel,3075363,3075381,815467924607833,815467924645309,37476,6,func,0x7f09e13f1280,gridDim,0x13600000136,blockDim,0x1,args,0x2000000020,sharedMemBytes,0x1,unknown,0x0,,,,,0x0
675,hipGetLastError,3075363,3075381,815467924675504,815467924705648,30144,1,none,0x7f09dff28e40,,,,,,,,,,,,,,,0x0
735,hipLaunchKernel,3075363,3075381,815467924735513,815467924772377,36864,6,func,0x7f09e13f1280,gridDim,0x13600000136,blockDim,0x1,args,0x2000000020,sharedMemBytes,0x1,unknown,0x0,,,,,0x0
802,hipGetLastError,3075363,3075381,815467924802772,815467924834970,32198,1,none,0x7f09dff28e40,,,,,,,,,,,,,,,0x0
577,hipMalloc,3075363,3075379,815467857577197,815467925495660,67918463,2,devPtr,0x7ec9c8fee9d8,size,0x17764000,,,,,,,,,,,,,0x0
887,hipMemcpyAsync,3075363,3075374,815467695887875,815467926325061,230437186,5,dst,0x7eadd1e00100,src,0x7eb3ea600000,count,0x2000000,kind,0x1,stream,0x7ec9bc001200,,,,,,,0x0
404,hipMemcpyAsync,3075363,3075374,815467926404409,815467926477998,73589,5,dst,0x7eadd3e00200,src,0x7eb3d0a00000,count,0x2000000,kind,0x1,stream,0x7ec9bc001200,,,,,,,0x0
864,hipStreamSynchronize,3075363,3075381,815467924864524,815467926713447,1848923,1,stream,0x7ec9800010b0,,,,,,,,,,,,,,,0x0
750,hipLaunchKernel,3075363,3075381,815467926750752,815467926793776,43024,6,func,0x7f09e13f1280,gridDim,0x13600000136,blockDim,0x1,args,0x2000000020,sharedMemBytes,0x1,unknown,0x0,,,,,0x0
824,hipGetLastError,3075363,3075381,815467926823931,815467926856209,32278,1,none,0x7f09dff28e40,,,,,,,,,,,,,,,0x0
887,hipLaunchKernel,3075363,3075381,815467926887335,815467926927264,39929,6,func,0x7f09e13f1280,gridDim,0x13600000136,blockDim,0x1,args,0x2000000020,sharedMemBytes,0x1,unknown,0x0,,,,,0x0
957,hipGetLastError,3075363,3075381,815467926957179,815467926987684,30505,1,none,0x7f09dff28e40,,,,,,,,,,,,,,,0x0
18,hipLaunchKernel,3075363,3075381,815467927018740,815467927056015,37275,6,func,0x7f09e13f1280,gridDim,0x13600000136,blockDim,0x1,args,0x2000000020,sharedMemBytes,0x1,unknown,0x0,,,,,0x0
87,hipGetLastError,3075363,3075381,815467927087262,815467927119790,32528,1,none,0x7f09dff28e40,,,,,,,,,,,,,,,0x0
150,hipLaunchKernel,3075363,3075381,815467927150555,815467927188372,37817,6,func,0x7f09e13f1280,gridDim,0x13600000136,blockDim,0x1,args,0x2000000020,sharedMemBytes,0x1,unknown,0x0,,,,,0x0
218,hipGetLastError,3075363,3075381,815467927218516,815467927249312,30796,1,none,0x7f09dff28e40,,,,,,,,,,,,,,,0x0
279,hipLaunchKernel,3075363,3075381,815467927279587,815467927313888,34301,6,func,0x7f09e13f1280,gridDim,0x13600000136,blockDim,0x1,args,0x2000000020,sharedMemBytes,0x1,unknown,0x0,,,,,0x0
344,hipGetLastError,3075363,3075381,815467927343912,815467927363622,19710,1,none,0x7f09dff28e40,,,,,,,,,,,,,,,0x0
394,hipLaunchKernel,3075363,3075381,815467927394608,815467927434407,39799,6,func,0x7f09e13f1280,gridDim,0x13600000136,blockDim,0x1,args,0x2000000020,sharedMemBytes,0x1,unknown,0x0,,,,,0x0
464,hipGetLastError,3075363,3075381,815467927464121,815467927490920,26799,1,none,0x7f09dff28e40,,,,,,,,,,,,,,,0x0
521,hipLaunchKernel,3075363,3075381,815467927521746,815467927560634,38888,6,func,0x7f09e13f1280,gridDim,0x13600000136,blockDim,0x1,args,0x2000000020,sharedMemBytes,0x1,unknown,0x0,,,,,0x0
590,hipGetLastError,3075363,3075381,815467927590288,815467927621043,30755,1,none,0x7f09dff28e40,,,,,,,,,,,,,,,0x0
651,hipLaunchKernel,3075363,3075381,815467927651619,815467927690046,38427,6,func,0x7f09e13f1280,gridDim,0x13600000136,blockDim,0x1,args,0x2000000020,sharedMemBytes,0x1,unknown,0x0,,,,,0x0
719,hipGetLastError,3075363,3075381,815467927719429,815467927750055,30626,1,none,0x7f09dff28e40,,,,,,,,,,,,,,,0x0
780,hipLaunchKernel,3075363,3075381,815467927780240,815467927817946,37706,6,func,0x7f09e13f1280,gridDim,0x13600000136,blockDim,0x1,args,0x2000000020,sharedMemBytes,0x1,unknown,0x0,,,,,0x0
848,hipGetLastError,3075363,3075381,815467927848571,815467927875331,26760,1,none,0x7f09dff28e40,,,,,,,,,,,,,,,0x0
905,hipLaunchKernel,3075363,3075381,815467927905716,815467927945425,39709,6,func,0x7f09e13f1280,gridDim,0x13600000136,blockDim,0x1,args,0x2000000020,sharedMemBytes,0x1,unknown,0x0,,,,,0x0
974,hipGetLastError,3075363,3075381,815467927974858,815467928016600,41742,1,none,0x7f09dff28e40,,,,,,,,,,,,,,,0x0
47,hipStreamSynchronize,3075363,3075381,815467928047817,815467929902558,1854741,1,stream,0x7ec9800010b0,,,,,,,,,,,,,,,0x0
935,hipLaunchKernel,3075363,3075381,815467929935016,815467929969688,34672,6,func,0x7f09e13f1280,gridDim,0x13600000136,blockDim,0x1,args,0x2000000020,sharedMemBytes,0x1,unknown,0x0,,,,,0x0
0,hipGetLastError,3075363,3075381,815467930000133,815467930031840,31707,1,none,0x7f09dff28e40,,,,,,,,,,,,,,,0x0
62,hipLaunchKernel,3075363,3075381,815467930062415,815467930104478,42063,6,func,0x7f09e13f1280,gridDim,0x13600000136,blockDim,0x1,args,0x2000000020,sharedMemBytes,0x1,unknown,0x0,,,,,0x0
135,hipGetLastError,3075363,3075381,815467930135213,815467930165498,30285,1,none,0x7f09dff28e40,,,,,,,,,,,,,,,0x0
195,hipLaunchKernel,3075363,3075381,815467930195623,815467930231987,36364,6,func,0x7f09e13f1280,gridDim,0x13600000136,blockDim,0x1,args,0x2000000020,sharedMemBytes,0x1,unknown,0x0,,,,,0x0
262,hipGetLastError,3075363,3075381,815467930262152,815467930295241,33089,1,none,0x7f09dff28e40,,,,,,,,,,,,,,,0x0
325,hipLaunchKernel,3075363,3075381,815467930325245,815467930361409,36164,6,func,0x7f09e13f1280,gridDim,0x13600000136,blockDim,0x1,args,0x2000000020,sharedMemBytes,0x1,unknown,0x0,,,,,0x0
391,hipGetLastError,3075363,3075381,815467930391744,815467930422630,30886,1,none,0x7f09dff28e40,,,,,,,,,,,,,,,0x0
452,hipLaunchKernel,3075363,3075381,815467930452674,815467930491111,38437,6,func,0x7f09e13f1280,gridDim,0x13600000136,blockDim,0x1,args,0x2000000020,sharedMemBytes,0x1,unknown,0x0,,,,,0x0
521,hipGetLastError,3075363,3075381,815467930521466,815467930554025,32559,1,none,0x7f09dff28e40,,,,,,,,,,,,,,,0x0
584,hipLaunchKernel,3075363,3075381,815467930584510,815467930622326,37816,6,func,0x7f09e13f1280,gridDim,0x13600000136,blockDim,0x1,args,0x2000000020,sharedMemBytes,0x1,unknown,0x0,,,,,0x0
652,hipGetLastError,3075363,3075381,815467930652841,815467930683357,30516,1,none,0x7f09dff28e40,,,,,,,,,,,,,,,0x0
713,hipLaunchKernel,3075363,3075381,815467930713261,815467930751358,38097,6,func,0x7f09e13f1280,gridDim,0x13600000136,blockDim,0x1,args,0x2000000020,sharedMemBytes,0x1,unknown,0x0,,,,,0x0
781,hipGetLastError,3075363,3075381,815467930781873,815467930806830,24957,1,none,0x7f09dff28e40,,,,,,,,,,,,,,,0x0
837,hipLaunchKernel,3075363,3075381,815467930837265,815467930874400,37135,6,func,0x7f09e13f1280,gridDim,0x13600000136,blockDim,0x1,args,0x2000000020,sharedMemBytes,0x1,unknown,0x0,,,,,0x0
904,hipGetLastError,3075363,3075381,815467930904635,815467930931595,26960,1,none,0x7f09dff28e40,,,,,,,,,,,,,,,0x0
962,hipLaunchKernel,3075363,3075381,815467930962250,815467931000207,37957,6,func,0x7f09e13f1280,gridDim,0x13600000136,blockDim,0x1,args,0x2000000020,sharedMemBytes,0x1,unknown,0x0,,,,,0x0
30,hipGetLastError,3075363,3075381,815467931030502,815467931063190,32688,1,none,0x7f09dff28e40,,,,,,,,,,,,,,,0x0
93,hipLaunchKernel,3075363,3075381,815467931093665,815467931132683,39018,6,func,0x7f09e13f1280,gridDim,0x13600000136,blockDim,0x1,args,0x2000000020,sharedMemBytes,0x1,unknown,0x0,,,,,0x0
162,hipGetLastError,3075363,3075381,815467931162878,815467931193834,30956,1,none,0x7f09dff28e40,,,,,,,,,,,,,,,0x0
224,hipStreamSynchronize,3075363,3075381,815467931224269,815467933077939,1853670,1,stream,0x7ec9800010b0,,,,,,,,,,,,,,,0x0
111,hipLaunchKernel,3075363,3075381,815467933111339,815467933149455,38116,6,func,0x7f09e13f1280,gridDim,0x13600000136,blockDim,0x1,args,0x2000000020,sharedMemBytes,0x1,unknown,0x0,,,,,0x0
180,hipGetLastError,3075363,3075381,815467933180532,815467933211578,31046,1,none,0x7f09dff28e40,,,,,,,,,,,,,,,0x0
242,hipLaunchKernel,3075363,3075381,815467933242744,815467933285748,43004,6,func,0x7f09e13f1280,gridDim,0x13600000136,blockDim,0x1,args,0x2000000020,sharedMemBytes,0x1,unknown,0x0,,,,,0x0
316,hipGetLastError,3075363,3075381,815467933316063,815467933349022,32959,1,none,0x7f09dff28e40,,,,,,,,,,,,,,,0x0
379,hipLaunchKernel,3075363,3075381,815467933379837,815467933417954,38117,6,func,0x7f09e13f1280,gridDim,0x13600000136,blockDim,0x1,args,0x2000000020,sharedMemBytes,0x1,unknown,0x0,,,,,0x0
448,hipGetLastError,3075363,3075381,815467933447908,815467933472515,24607,1,none,0x7f09dff28e40,,,,,,,,,,,,,,,0x0
509,hipLaunchKernel,3075363,3075381,815467933509460,815467933551913,42453,6,func,0x7f09e13f1280,gridDim,0x13600000136,blockDim,0x1,args,0x2000000020,sharedMemBytes,0x1,unknown,0x0,,,,,0x0
581,hipGetLastError,3075363,3075381,815467933581587,815467933611751,30164,1,none,0x7f09dff28e40,,,,,,,,,,,,,,,0x0
642,hipLaunchKernel,3075363,3075381,815467933641996,815467933681335,39339,6,func,0x7f09e13f1280,gridDim,0x13600000136,blockDim,0x1,args,0x2000000020,sharedMemBytes,0x1,unknown,0x0,,,,,0x0
711,hipGetLastError,3075363,3075381,815467933710918,815467933743737,32819,1,none,0x7f09dff28e40,,,,,,,,,,,,,,,0x0
774,hipLaunchKernel,3075363,3075381,815467933774032,815467933813881,39849,6,func,0x7f09e13f1280,gridDim,0x13600000136,blockDim,0x1,args,0x2000000020,sharedMemBytes,0x1,unknown,0x0,,,,,0x0
843,hipGetLastError,3075363,3075381,815467933843545,815467933870205,26660,1,none,0x7f09dff28e40,,,,,,,,,,,,,,,0x0
900,hipLaunchKernel,3075363,3075381,815467933900800,815467933939478,38678,6,func,0x7f09e13f1280,gridDim,0x13600000136,blockDim,0x1,args,0x2000000020,sharedMemBytes,0x1,unknown,0x0,,,,,0x0
969,hipGetLastError,3075363,3075381,815467933969122,815467933999447,30325,1,none,0x7f09dff28e40,,,,,,,,,,,,,,,0x0
29,hipLaunchKernel,3075363,3075381,815467934029822,815467934068669,38847,6,func,0x7f09e13f1280,gridDim,0x13600000136,blockDim,0x1,args,0x2000000020,sharedMemBytes,0x1,unknown,0x0,,,,,0x0
98,hipGetLastError,3075363,3075381,815467934098874,815467934129419,30545,1,none,0x7f09dff28e40,,,,,,,,,,,,,,,0x0
160,hipLaunchKernel,3075363,3075381,815467934159985,815467934197961,37976,6,func,0x7f09e13f1280,gridDim,0x13600000136,blockDim,0x1,args,0x2000000020,sharedMemBytes,0x1,unknown,0x0,,,,,0x0
227,hipGetLastError,3075363,3075381,815467934227635,815467934259553,31918,1,none,0x7f09dff28e40,,,,,,,,,,,,,,,0x0
290,hipLaunchKernel,3075363,3075381,815467934290158,815467934330127,39969,6,func,0x7f09e13f1280,gridDim,0x13600000136,blockDim,0x1,args,0x2000000020,sharedMemBytes,0x1,unknown,0x0,,,,,0x0
360,hipGetLastError,3075363,3075381,815467934360332,815467934390637,30305,1,none,0x7f09dff28e40,,,,,,,,,,,,,,,0x0
199,hipGetLastError,3075363,3075381,815467867199883,815467935112588,67912705,1,none,0x7f09dff28e40,,,,,,,,,,,,,,,0x0
421,hipStreamSynchronize,3075363,3075381,815467934421703,815467936253751,1832048,1,stream,0x7ec9800010b0,,,,,,,,,,,,,,,0x0
701,hipLaunchKernel,3075363,3075381,815467939701406,815467939746743,45337,6,func,0x7f09e13f1280,gridDim,0x13600000136,blockDim,0x1,args,0x2000000020,sharedMemBytes,0x1,unknown,0x0,,,,,0x0
778,hipGetLastError,3075363,3075381,815467939778370,815467939802857,24487,1,none,0x7f09dff28e40,,,,,,,,,,,,,,,0x0
832,hipLaunchKernel,3075363,3075381,815467939832160,815467939870707,38547,6,func,0x7f09e13f1280,gridDim,0x13600000136,blockDim,0x1,args,0x2000000020,sharedMemBytes,0x1,unknown,0x0,,,,,0x0
899,hipGetLastError,3075363,3075381,815467939899710,815467939929254,29544,1,none,0x7f09dff28e40,,,,,,,,,,,,,,,0x0
957,hipLaunchKernel,3075363,3075381,815467939957586,815467939992468,34882,6,func,0x7f09e13f1280,gridDim,0x13600000136,blockDim,0x1,args,0x2000000020,sharedMemBytes,0x1,unknown,0x0,,,,,0x0
34,hipGetLastError,3075363,3075381,815467940034751,815467940053659,18908,1,none,0x7f09dff28e40,,,,,,,,,,,,,,,0x0
80,hipLaunchKernel,3075363,3075381,815467940080479,815467940119897,39418,6,func,0x7f09e13f1280,gridDim,0x13600000136,blockDim,0x1,args,0x2000000020,sharedMemBytes,0x1,unknown,0x0,,,,,0x0
682,hipMalloc,3075363,3075380,815467907682653,815467940176841,32494188,2,devPtr,0x7ec9a8deea78,size,0x17764000,,,,,,,,,,,,,0x0
151,hipGetLastError,3075363,3075381,815467940150973,815467940181088,30115,1,none,0x7f09dff28e40,,,,,,,,,,,,,,,0x0
206,hipLaunchKernel,3075363,3075381,815467940206626,815467940224602,17976,6,func,0x7f09e13f1280,gridDim,0x13600000136,blockDim,0x1,args,0x2000000020,sharedMemBytes,0x1,unknown,0x0,,,,,0x0
244,hipGetLastError,3075363,3075381,815467940244442,815467940257351,12909,1,none,0x7f09dff28e40,,,,,,,,,,,,,,,0x0
556,hipMalloc,3075363,3075379,815467925555930,815467940274737,14718807,2,devPtr,0x7ec9c8fee9d0,size,0x17764000,,,,,,,,,,,,,0x0
281,hipLaunchKernel,3075363,3075381,815467940281767,815467940316859,35092,6,func,0x7f09e13f1280,gridDim,0x13600000136,blockDim,0x1,args,0x2000000020,sharedMemBytes,0x1,unknown,0x0,,,,,0x0
717,hipMallocAsync,3075363,3075377,815467939717620,815467940335357,617737,3,arg,0x7ec9b8001148,arg,0x2000000,arg,0x7ec9b838adb0,,,,,,,,,,,0x0
333,hipMemsetAsync,3075363,3075379,815467940333013,815467940402526,69513,4,devPtr,0x7ead12600000,value,0x0,count,0x17764000,stream,0x7ec988002700,,,,,,,,,0x0
373,hipGetLastError,3075363,3075381,815467940373313,815467940407273,33960,1,none,0x7f09dff28e40,,,,,,,,,,,,,,,0x0
428,hipMemsetAsync,3075363,3075379,815467940428855,815467940446682,17827,4,devPtr,0x7eacd5800000,value,0x0,count,0x17764000,stream,0x7ec988002700,,,,,,,,,0x0
431,hipLaunchKernel,3075363,3075381,815467940431379,815467940452100,20721,6,func,0x7f09e13f1280,gridDim,0x13600000136,blockDim,0x1,args,0x2000000020,sharedMemBytes,0x1,unknown,0x0,,,,,0x0
468,hipGetLastError,3075363,3075381,815467940468224,815467940482265,14041,1,none,0x7f09dff28e40,,,,,,,,,,,,,,,0x0
499,hipLaunchKernel,3075363,3075381,815467940499110,815467940523466,24356,6,func,0x7f09e13f1280,gridDim,0x13600000136,blockDim,0x1,args,0x2000000020,sharedMemBytes,0x1,unknown,0x0,,,,,0x0
550,hipGetLastError,3075363,3075381,815467940550746,815467940580651,29905,1,none,0x7f09dff28e40,,,,,,,,,,,,,,,0x0
610,hipLaunchKernel,3075363,3075381,815467940610325,815467940646318,35993,6,func,0x7f09e13f1280,gridDim,0x13600000136,blockDim,0x1,args,0x2000000020,sharedMemBytes,0x1,unknown,0x0,,,,,0x0
675,hipGetLastError,3075363,3075381,815467940675451,815467940705726,30275,1,none,0x7f09dff28e40,,,,,,,,,,,,,,,0x0
734,hipLaunchKernel,3075363,3075381,815467940734178,815467940772205,38027,6,func,0x7f09e13f1280,gridDim,0x13600000136,blockDim,0x1,args,0x2000000020,sharedMemBytes,0x1,unknown,0x0,,,,,0x0
801,hipGetLastError,3075363,3075381,815467940801488,815467940831352,29864,1,none,0x7f09dff28e40,,,,,,,,,,,,,,,0x0
861,hipStreamSynchronize,3075363,3075381,815467940861557,815467942861454,1999897,1,stream,0x7ec9800010b0,,,,,,,,,,,,,,,0x0
893,hipLaunchKernel,3075363,3075381,815467942893021,815467942930727,37706,6,func,0x7f09e13f1280,gridDim,0x13600000136,blockDim,0x1,args,0x2000000020,sharedMemBytes,0x1,unknown,0x0,,,,,0x0
960,hipGetLastError,3075363,3075381,815467942960361,815467942988843,28482,1,none,0x7f09dff28e40,,,,,,,,,,,,,,,0x0
18,hipLaunchKernel,3075363,3075381,815467943018167,815467943056974,38807,6,func,0x7f09e13f1280,gridDim,0x13600000136,blockDim,0x1,args,0x2000000020,sharedMemBytes,0x1,unknown,0x0,,,,,0x0
85,hipGetLastError,3075363,3075381,815467943085797,815467943115091,29294,1,none,0x7f09dff28e40,,,,,,,,,,,,,,,0x0
145,hipLaunchKernel,3075363,3075381,815467943145396,815467943185906,40510,6,func,0x7f09e13f1280,gridDim,0x13600000136,blockDim,0x1,args,0x2000000020,sharedMemBytes,0x1,unknown,0x0,,,,,0x0
214,hipGetLastError,3075363,3075381,815467943214919,815467943239235,24316,1,none,0x7f09dff28e40,,,,,,,,,,,,,,,0x0
268,hipLaunchKernel,3075363,3075381,815467943268438,815467943302358,33920,6,func,0x7f09e13f1280,gridDim,0x13600000136,blockDim,0x1,args,0x2000000020,sharedMemBytes,0x1,unknown,0x0,,,,,0x0
331,hipGetLastError,3075363,3075381,815467943331371,815467943360695,29324,1,none,0x7f09dff28e40,,,,,,,,,,,,,,,0x0
390,hipLaunchKernel,3075363,3075381,815467943390069,815467943426483,36414,6,func,0x7f09e13f1280,gridDim,0x13600000136,blockDim,0x1,args,0x2000000020,sharedMemBytes,0x1,unknown,0x0,,,,,0x0
455,hipGetLastError,3075363,3075381,815467943455095,815467943483948,28853,1,none,0x7f09dff28e40,,,,,,,,,,,,,,,0x0
512,hipLaunchKernel,3075363,3075381,815467943512821,815467943546541,33720,6,func,0x7f09e13f1280,gridDim,0x13600000136,blockDim,0x1,args,0x2000000020,sharedMemBytes,0x1,unknown,0x0,,,,,0x0
574,hipGetLastError,3075363,3075381,815467943574632,815467943602023,27391,1,none,0x7f09dff28e40,,,,,,,,,,,,,,,0x0
631,hipLaunchKernel,3075363,3075381,815467943631427,815467943667300,35873,6,func,0x7f09e13f1280,gridDim,0x13600000136,blockDim,0x1,args,0x2000000020,sharedMemBytes,0x1,unknown,0x0,,,,,0x0
264,hipStreamCreateWithFlags,3075363,3075375,815467567264710,815467943677245,376412535,2,arg,0x7ec9c00011d8,arg,0x1,,,,,,,,,,,,,0x0
696,hipGetLastError,3075363,3075381,815467943696563,815467943721881,25318,1,none,0x7f09dff28e40,,,,,,,,,,,,,,,0x0
749,hipLaunchKernel,3075363,3075381,815467943749392,815467943784844,35452,6,func,0x7f09e13f1280,gridDim,0x13600000136,blockDim,0x1,args,0x2000000020,sharedMemBytes,0x1,unknown,0x0,,,,,0x0
813,hipGetLastError,3075363,3075381,815467943813347,815467943842360,29013,1,none,0x7f09dff28e40,,,,,,,,,,,,,,,0x0
871,hipLaunchKernel,3075363,3075381,815467943871743,815467943907987,36244,6,func,0x7f09e13f1280,gridDim,0x13600000136,blockDim,0x1,args,0x2000000020,sharedMemBytes,0x1,unknown,0x0,,,,,0x0
936,hipGetLastError,3075363,3075381,815467943936289,815467943965783,29494,1,none,0x7f09dff28e40,,,,,,,,,,,,,,,0x0
995,hipLaunchKernel,3075363,3075381,815467943995827,815467944043167,47340,6,func,0x7f09e13f1280,gridDim,0x13600000136,blockDim,0x1,args,0x2000000020,sharedMemBytes,0x1,unknown,0x0,,,,,0x0
70,hipGetLastError,3075363,3075381,815467944070398,815467944084288,13890,1,none,0x7f09dff28e40,,,,,,,,,,,,,,,0x0
375,hipMallocAsync,3075363,3075377,815467940375086,815467944503180,4128094,3,arg,0x7ec9b8001178,arg,0x2000000,arg,0x7ec9b838adb0,,,,,,,,,,,0x0
211,hipMalloc,3075363,3075380,815467940211583,815467944521707,4310124,2,devPtr,0x7ec9a8deea70,size,0x17764000,,,,,,,,,,,,,0x0
522,hipMallocAsync,3075363,3075377,815467944522108,815467944610860,88752,3,arg,0x7ec9b80011a8,arg,0x2000000,arg,0x7ec9b838adb0,,,,,,,,,,,0x0
570,hipMemsetAsync,3075363,3075380,815467944570089,815467944652311,82222,4,devPtr,0x7eaced800000,value,0x0,count,0x17764000,stream,0x7ec9780010b0,,,,,,,,,0x0
680,hipMemsetAsync,3075363,3075380,815467944680683,815467944716316,35633,4,devPtr,0x7eacbde00000,value,0x0,count,0x17764000,stream,0x7ec9780010b0,,,,,,,,,0x0
631,hipMemcpyAsync,3075363,3075377,815467944631150,815467944716506,85356,5,dst,0x7ebabfe00400,src,0x7ead36a00000,count,0x2000000,kind,0x1,stream,0x7ec9b838adb0,,,,,,,0x0
745,hipMemcpyAsync,3075363,3075377,815467944745509,815467944773441,27932,5,dst,0x7ebac1e00500,src,0x7ead10400000,count,0x2000000,kind,0x1,stream,0x7ec9b838adb0,,,,,,,0x0
108,hipStreamSynchronize,3075363,3075381,815467944108344,815467946105016,1996672,1,stream,0x7ec9800010b0,,,,,,,,,,,,,,,0x0
493,hipLaunchKernel,3075363,3075381,815467950493477,815467950537803,44326,6,func,0x7f09e13f1280,gridDim,0x13600000136,blockDim,0x1,args,0x2000000020,sharedMemBytes,0x1,unknown,0x0,,,,,0x0
568,hipGetLastError,3075363,3075381,815467950568348,815467950593325,24977,1,none,0x7f09dff28e40,,,,,,,,,,,,,,,0x0
68,hipLaunchKernel,3075363,3075381,815467963068704,815467963117366,48662,6,func,0x7f09e13f1280,gridDim,0x13600000136,blockDim,0x1,args,0x2000000020,sharedMemBytes,0x1,unknown,0x0,,,,,0x0
208,hipGetLastError,3075363,3075381,815467963208030,815467963241771,33741,1,none,0x7f09dff28e40,,,,,,,,,,,,,,,0x0
272,hipLaunchKernel,3075363,3075381,815467963272887,815467963306657,33770,6,func,0x7f09e13f1280,gridDim,0x13600000136,blockDim,0x1,args,0x2000000020,sharedMemBytes,0x1,unknown,0x0,,,,,0x0
335,hipGetLastError,3075363,3075381,815467963335039,815467963362410,27371,1,none,0x7f09dff28e40,,,,,,,,,,,,,,,0x0
392,hipLaunchKernel,3075363,3075381,815467963392144,815467963428407,36263,6,func,0x7f09e13f1280,gridDim,0x13600000136,blockDim,0x1,args,0x2000000020,sharedMemBytes,0x1,unknown,0x0,,,,,0x0
456,hipGetLastError,3075363,3075381,815467963456689,815467963485332,28643,1,none,0x7f09dff28e40,,,,,,,,,,,,,,,0x0
514,hipLaunchKernel,3075363,3075381,815467963514695,815467963545681,30986,6,func,0x7f09e13f1280,gridDim,0x13600000136,blockDim,0x1,args,0x2000000020,sharedMemBytes,0x1,unknown,0x0,,,,,0x0
574,hipGetLastError,3075363,3075381,815467963573913,815467963595666,21753,1,none,0x7f09dff28e40,,,,,,,,,,,,,,,0x0
621,hipLaunchKernel,3075363,3075381,815467963621274,815467963653642,32368,6,func,0x7f09e13f1280,gridDim,0x13600000136,blockDim,0x1,args,0x2000000020,sharedMemBytes,0x1,unknown,0x0,,,,,0x0
682,hipGetLastError,3075363,3075381,815467963682134,815467963710786,28652,1,none,0x7f09dff28e40,,,,,,,,,,,,,,,0x0
742,hipLaunchKernel,3075363,3075381,815467963742143,815467963779639,37496,6,func,0x7f09e13f1280,gridDim,0x13600000136,blockDim,0x1,args,0x2000000020,sharedMemBytes,0x1,unknown,0x0,,,,,0x0
807,hipGetLastError,3075363,3075381,815467963807670,815467963836433,28763,1,none,0x7f09dff28e40,,,,,,,,,,,,,,,0x0
866,hipLaunchKernel,3075363,3075381,815467963866277,815467963904283,38006,6,func,0x7f09e13f1280,gridDim,0x13600000136,blockDim,0x1,args,0x2000000020,sharedMemBytes,0x1,unknown,0x0,,,,,0x0
932,hipGetLastError,3075363,3075381,815467963932505,815467963958103,25598,1,none,0x7f09dff28e40,,,,,,,,,,,,,,,0x0
987,hipLaunchKernel,3075363,3075381,815467963987757,815467964032584,44827,6,func,0x7f09e13f1280,gridDim,0x13600000136,blockDim,0x1,args,0x2000000020,sharedMemBytes,0x1,unknown,0x0,,,,,0x0
61,hipGetLastError,3075363,3075381,815467964061537,815467964082979,21442,1,none,0x7f09dff28e40,,,,,,,,,,,,,,,0x0
112,hipLaunchKernel,3075363,3075381,815467964112572,815467964148586,36014,6,func,0x7f09e13f1280,gridDim,0x13600000136,blockDim,0x1,args,0x2000000020,sharedMemBytes,0x1,unknown,0x0,,,,,0x0
177,hipGetLastError,3075363,3075381,815467964177078,815467964205310,28232,1,none,0x7f09dff28e40,,,,,,,,,,,,,,,0x0
235,hipStreamSynchronize,3075363,3075381,815467964235184,815467965935096,1699912,1,stream,0x7ec9800010b0,,,,,,,,,,,,,,,0x0
965,hipLaunchKernel,3075363,3075381,815467965965672,815467966001705,36033,6,func,0x7f09e13f1280,gridDim,0x13600000136,blockDim,0x1,args,0x2000000020,sharedMemBytes,0x1,unknown,0x0,,,,,0x0
31,hipGetLastError,3075363,3075381,815467966031279,815467966056967,25688,1,none,0x7f09dff28e40,,,,,,,,,,,,,,,0x0
85,hipLaunchKernel,3075363,3075381,815467966085770,815467966127602,41832,6,func,0x7f09e13f1280,gridDim,0x13600000136,blockDim,0x1,args,0x2000000020,sharedMemBytes,0x1,unknown,0x0,,,,,0x0
156,hipGetLastError,3075363,3075381,815467966156845,815467966185217,28372,1,none,0x7f09dff28e40,,,,,,,,,,,,,,,0x0
213,hipLaunchKernel,3075363,3075381,815467966213529,815467966249152,35623,6,func,0x7f09e13f1280,gridDim,0x13600000136,blockDim,0x1,args,0x2000000020,sharedMemBytes,0x1,unknown,0x0,,,,,0x0
277,hipGetLastError,3075363,3075381,815467966277855,815467966306918,29063,1,none,0x7f09dff28e40,,,,,,,,,,,,,,,0x0
335,hipLaunchKernel,3075363,3075381,815467966335270,815467966370773,35503,6,func,0x7f09e13f1280,gridDim,0x13600000136,blockDim,0x1,args,0x2000000020,sharedMemBytes,0x1,unknown,0x0,,,,,0x0
400,hipGetLastError,3075363,3075381,815467966400156,815467966429259,29103,1,none,0x7f09dff28e40,,,,,,,,,,,,,,,0x0
457,hipLaunchKernel,3075363,3075381,815467966457601,815467966490000,32399,6,func,0x7f09e13f1280,gridDim,0x13600000136,blockDim,0x1,args,0x2000000020,sharedMemBytes,0x1,unknown,0x0,,,,,0x0
519,hipGetLastError,3075363,3075381,815467966519353,815467966548356,29003,1,none,0x7f09dff28e40,,,,,,,,,,,,,,,0x0
577,hipLaunchKernel,3075363,3075381,815467966577549,815467966613613,36064,6,func,0x7f09e13f1280,gridDim,0x13600000136,blockDim,0x1,args,0x2000000020,sharedMemBytes,0x1,unknown,0x0,,,,,0x0
642,hipGetLastError,3075363,3075381,815467966642806,815467966668524,25718,1,none,0x7f09dff28e40,,,,,,,,,,,,,,,0x0
696,hipLaunchKernel,3075363,3075381,815467966696466,815467966734382,37916,6,func,0x7f09e13f1280,gridDim,0x13600000136,blockDim,0x1,args,0x2000000020,sharedMemBytes,0x1,unknown,0x0,,,,,0x0
763,hipGetLastError,3075363,3075381,815467966763906,815467966793079,29173,1,none,0x7f09dff28e40,,,,,,,,,,,,,,,0x0
822,hipLaunchKernel,3075363,3075381,815467966822232,815467966852397,30165,6,func,0x7f09e13f1280,gridDim,0x13600000136,blockDim,0x1,args,0x2000000020,sharedMemBytes,0x1,unknown,0x0,,,,,0x0
881,hipGetLastError,3075363,3075381,815467966881220,815467966910644,29424,1,none,0x7f09dff28e40,,,,,,,,,,,,,,,0x0
939,hipLaunchKernel,3075363,3075381,815467966939126,815467966972155,33029,6,func,0x7f09e13f1280,gridDim,0x13600000136,blockDim,0x1,args,0x2000000020,sharedMemBytes,0x1,unknown,0x0,,,,,0x0
0,hipGetLastError,3075363,3075381,815467967000918,815467967025684,24766,1,none,0x7f09dff28e40,,,,,,,,,,,,,,,0x0
54,hipLaunchKernel,3075363,3075381,815467967054237,815467967089128,34891,6,func,0x7f09e13f1280,gridDim,0x13600000136,blockDim,0x1,args,0x2000000020,sharedMemBytes,0x1,unknown,0x0,,,,,0x0
118,hipGetLastError,3075363,3075381,815467967118212,815467967146924,28712,1,none,0x7f09dff28e40,,,,,,,,,,,,,,,0x0
174,hipStreamSynchronize,3075363,3075381,815467967174755,815467969250946,2076191,1,stream,0x7ec9800010b0,,,,,,,,,,,,,,,0x0
282,hipLaunchKernel,3075363,3075381,815467969282322,815467969306818,24496,6,func,0x7f09e13f1280,gridDim,0x13600000136,blockDim,0x1,args,0x2000000020,sharedMemBytes,0x1,unknown,0x0,,,,,0x0
336,hipGetLastError,3075363,3075381,815467969336352,815467969363763,27411,1,none,0x7f09dff28e40,,,,,,,,,,,,,,,0x0
394,hipLaunchKernel,3075363,3075381,815467969393908,815467969433637,39729,6,func,0x7f09e13f1280,gridDim,0x13600000136,blockDim,0x1,args,0x2000000020,sharedMemBytes,0x1,unknown,0x0,,,,,0x0
462,hipGetLastError,3075363,3075381,815467969462059,815467969491062,29003,1,none,0x7f09dff28e40,,,,,,,,,,,,,,,0x0
540,hipLaunchKernel,3075363,3075381,815467969540365,815467969578391,38026,6,func,0x7f09e13f1280,gridDim,0x13600000136,blockDim,0x1,args,0x2000000020,sharedMemBytes,0x1,unknown,0x0,,,,,0x0
607,hipGetLastError,3075363,3075381,815467969607815,815467969636277,28462,1,none,0x7f09dff28e40,,,,,,,,,,,,,,,0x0
666,hipLaunchKernel,3075363,3075381,815467969666031,815467969701694,35663,6,func,0x7f09e13f1280,gridDim,0x13600000136,blockDim,0x1,args,0x2000000020,sharedMemBytes,0x1,unknown,0x0,,,,,0x0
729,hipGetLastError,3075363,3075381,815467969729826,815467969757938,28112,1,none,0x7f09dff28e40,,,,,,,,,,,,,,,0x0
787,hipLaunchKernel,3075363,3075381,815467969787712,815467969822013,34301,6,func,0x7f09e13f1280,gridDim,0x13600000136,blockDim,0x1,args,0x2000000020,sharedMemBytes,0x1,unknown,0x0,,,,,0x0
851,hipGetLastError,3075363,3075381,815467969851206,815467969875602,24396,1,none,0x7f09dff28e40,,,,,,,,,,,,,,,0x0
905,hipLaunchKernel,3075363,3075381,815467969905206,815467969941580,36374,6,func,0x7f09e13f1280,gridDim,0x13600000136,blockDim,0x1,args,0x2000000020,sharedMemBytes,0x1,unknown,0x0,,,,,0x0
969,hipGetLastError,3075363,3075381,815467969969452,815467969998505,29053,1,none,0x7f09dff28e40,,,,,,,,,,,,,,,0x0
28,hipLaunchKernel,3075363,3075381,815467970027918,815467970063471,35553,6,func,0x7f09e13f1280,gridDim,0x13600000136,blockDim,0x1,args,0x2000000020,sharedMemBytes,0x1,unknown,0x0,,,,,0x0
91,hipGetLastError,3075363,3075381,815467970091282,815467970119995,28713,1,none,0x7f09dff28e40,,,,,,,,,,,,,,,0x0
149,hipLaunchKernel,3075363,3075381,815467970149078,815467970185803,36725,6,func,0x7f09e13f1280,gridDim,0x13600000136,blockDim,0x1,args,0x2000000020,sharedMemBytes,0x1,unknown,0x0,,,,,0x0
213,hipGetLastError,3075363,3075381,815467970213784,815467970239622,25838,1,none,0x7f09dff28e40,,,,,,,,,,,,,,,0x0
269,hipLaunchKernel,3075363,3075381,815467970268936,815467970304489,35553,6,func,0x7f09e13f1280,gridDim,0x13600000136,blockDim,0x1,args,0x2000000020,sharedMemBytes,0x1,unknown,0x0,,,,,0x0
332,hipGetLastError,3075363,3075381,815467970332490,815467970361293,28803,1,none,0x7f09dff28e40,,,,,,,,,,,,,,,0x0
390,hipLaunchKernel,3075363,3075381,815467970390827,815467970426490,35663,6,func,0x7f09e13f1280,gridDim,0x13600000136,blockDim,0x1,args,0x2000000020,sharedMemBytes,0x1,unknown,0x0,,,,,0x0
454,hipGetLastError,3075363,3075381,815467970454752,815467970482573,27821,1,none,0x7f09dff28e40,,,,,,,,,,,,,,,0x0
512,hipStreamSynchronize,3075363,3075381,815467970512177,815467972517362,2005185,1,stream,0x7ec9800010b0,,,,,,,,,,,,,,,0x0
548,hipLaunchKernel,3075363,3075381,815467972548678,815467972586204,37526,6,func,0x7f09e13f1280,gridDim,0x13600000136,blockDim,0x1,args,0x2000000020,sharedMemBytes,0x1,unknown,0x0,,,,,0x0
615,hipGetLastError,3075363,3075381,815467972615788,815467972644480,28692,1,none,0x7f09dff28e40,,,,,,,,,,,,,,,0x0
672,hipLaunchKernel,3075363,3075381,815467972672782,815467972712992,40210,6,func,0x7f09e13f1280,gridDim,0x13600000136,blockDim,0x1,args,0x2000000020,sharedMemBytes,0x1,unknown,0x0,,,,,0x0
742,hipGetLastError,3075363,3075381,815467972742345,815467972771058,28713,1,none,0x7f09dff28e40,,,,,,,,,,,,,,,0x0
800,hipLaunchKernel,3075363,3075381,815467972800001,815467972836295,36294,6,func,0x7f09e13f1280,gridDim,0x13600000136,blockDim,0x1,args,0x2000000020,sharedMemBytes,0x1,unknown,0x0,,,,,0x0
865,hipGetLastError,3075363,3075381,815467972865097,815467972889233,24136,1,none,0x7f09dff28e40,,,,,,,,,,,,,,,0x0
917,hipLaunchKernel,3075363,3075381,815467972917175,815467972951345,34170,6,func,0x7f09e13f1280,gridDim,0x13600000136,blockDim,0x1,args,0x2000000020,sharedMemBytes,0x1,unknown,0x0,,,,,0x0
980,hipGetLastError,3075363,3075381,815467972980318,815467973009602,29284,1,none,0x7f09dff28e40,,,,,,,,,,,,,,,0x0
38,hipLaunchKernel,3075363,3075381,815467973038755,815467973072375,33620,6,func,0x7f09e13f1280,gridDim,0x13600000136,blockDim,0x1,args,0x2000000020,sharedMemBytes,0x1,unknown,0x0,,,,,0x0
101,hipGetLastError,3075363,3075381,815467973101759,815467973120306,18547,1,none,0x7f09dff28e40,,,,,,,,,,,,,,,0x0
149,hipLaunchKernel,3075363,3075381,815467973149359,815467973185433,36074,6,func,0x7f09e13f1280,gridDim,0x13600000136,blockDim,0x1,args,0x2000000020,sharedMemBytes,0x1,unknown,0x0,,,,,0x0
214,hipGetLastError,3075363,3075381,815467973214796,815467973243899,29103,1,none,0x7f09dff28e40,,,,,,,,,,,,,,,0x0
272,hipLaunchKernel,3075363,3075381,815467973272001,815467973308295,36294,6,func,0x7f09e13f1280,gridDim,0x13600000136,blockDim,0x1,args,0x2000000020,sharedMemBytes,0x1,unknown,0x0,,,,,0x0
337,hipGetLastError,3075363,3075381,815467973337308,815467973362716,25408,1,none,0x7f09dff28e40,,,,,,,,,,,,,,,0x0
391,hipLaunchKernel,3075363,3075381,815467973391318,815467973426741,35423,6,func,0x7f09e13f1280,gridDim,0x13600000136,blockDim,0x1,args,0x2000000020,sharedMemBytes,0x1,unknown,0x0,,,,,0x0
456,hipGetLastError,3075363,3075381,815467973456154,815467973484747,28593,1,none,0x7f09dff28e40,,,,,,,,,,,,,,,0x0
513,hipLaunchKernel,3075363,3075381,815467973513199,815467973549813,36614,6,func,0x7f09e13f1280,gridDim,0x13600000136,blockDim,0x1,args,0x2000000020,sharedMemBytes,0x1,unknown,0x0,,,,,0x0
579,hipGetLastError,3075363,3075381,815467973578936,815467973607789,28853,1,none,0x7f09dff28e40,,,,,,,,,,,,,,,0x0
636,hipLaunchKernel,3075363,3075381,815467973636121,815467973671193,35072,6,func,0x7f09e13f1280,gridDim,0x13600000136,blockDim,0x1,args,0x2000000020,sharedMemBytes,0x1,unknown,0x0,,,,,0x0
700,hipGetLastError,3075363,3075381,815467973700387,815467973725624,25237,1,none,0x7f09dff28e40,,,,,,,,,,,,,,,0x0
754,hipStreamSynchronize,3075363,3075381,815467973753986,815467975765901,2011915,1,stream,0x7ec9800010b0,,,,,,,,,,,,,,,0x0
797,hipLaunchKernel,3075363,3075381,815467975797538,815467975837918,40380,6,func,0x7f09e13f1280,gridDim,0x13600000136,blockDim,0x1,args,0x2000000020,sharedMemBytes,0x1,unknown,0x0,,,,,0x0
867,hipGetLastError,3075363,3075381,815467975867251,815467975892859,25608,1,none,0x7f09dff28e40,,,,,,,,,,,,,,,0x0
922,hipLaunchKernel,3075363,3075381,815467975922654,815467975962022,39368,6,func,0x7f09e13f1280,gridDim,0x13600000136,blockDim,0x1,args,0x2000000020,sharedMemBytes,0x1,unknown,0x0,,,,,0x0
990,hipGetLastError,3075363,3075381,815467975990454,815467976022271,31817,1,none,0x7f09dff28e40,,,,,,,,,,,,,,,0x0
48,hipLaunchKernel,3075363,3075381,815467976048600,815467976078635,30035,6,func,0x7f09e13f1280,gridDim,0x13600000136,blockDim,0x1,args,0x2000000020,sharedMemBytes,0x1,unknown,0x0,,,,,0x0
107,hipGetLastError,3075363,3075381,815467976107838,815467976135980,28142,1,none,0x7f09dff28e40,,,,,,,,,,,,,,,0x0
166,hipLaunchKernel,3075363,3075381,815467976165904,815467976201437,35533,6,func,0x7f09e13f1280,gridDim,0x13600000136,blockDim,0x1,args,0x2000000020,sharedMemBytes,0x1,unknown,0x0,,,,,0x0
229,hipGetLastError,3075363,3075381,815467976229859,815467976257971,28112,1,none,0x7f09dff28e40,,,,,,,,,,,,,,,0x0
287,hipLaunchKernel,3075363,3075381,815467976287255,815467976323358,36103,6,func,0x7f09e13f1280,gridDim,0x13600000136,blockDim,0x1,args,0x2000000020,sharedMemBytes,0x1,unknown,0x0,,,,,0x0
351,hipGetLastError,3075363,3075381,815467976351880,815467976380252,28372,1,none,0x7f09dff28e40,,,,,,,,,,,,,,,0x0
410,hipLaunchKernel,3075363,3075381,815467976410377,815467976447913,37536,6,func,0x7f09e13f1280,gridDim,0x13600000136,blockDim,0x1,args,0x2000000020,sharedMemBytes,0x1,unknown,0x0,,,,,0x0
476,hipGetLastError,3075363,3075381,815467976475965,815467976504647,28682,1,none,0x7f09dff28e40,,,,,,,,,,,,,,,0x0
534,hipLaunchKernel,3075363,3075381,815467976534351,815467976572227,37876,6,func,0x7f09e13f1280,gridDim,0x13600000136,blockDim,0x1,args,0x2000000020,sharedMemBytes,0x1,unknown,0x0,,,,,0x0
600,hipGetLastError,3075363,3075381,815467976600219,815467976624004,23785,1,none,0x7f09dff28e40,,,,,,,,,,,,,,,0x0
653,hipLaunchKernel,3075363,3075381,815467976653758,815467976690012,36254,6,func,0x7f09e13f1280,gridDim,0x13600000136,blockDim,0x1,args,0x2000000020,sharedMemBytes,0x1,unknown,0x0,,,,,0x0
717,hipGetLastError,3075363,3075381,815467976717763,815467976743141,25378,1,none,0x7f09dff28e40,,,,,,,,,,,,,,,0x0
773,hipLaunchKernel,3075363,3075381,815467976773606,815467976811152,37546,6,func,0x7f09e13f1280,gridDim,0x13600000136,blockDim,0x1,args,0x2000000020,sharedMemBytes,0x1,unknown,0x0,,,,,0x0
839,hipGetLastError,3075363,3075381,815467976839754,815467976863990,24236,1,none,0x7f09dff28e40,,,,,,,,,,,,,,,0x0
894,hipLaunchKernel,3075363,3075381,815467976894135,815467976933053,38918,6,func,0x7f09e13f1280,gridDim,0x13600000136,blockDim,0x1,args,0x2000000020,sharedMemBytes,0x1,unknown,0x0,,,,,0x0
961,hipGetLastError,3075363,3075381,815467976961295,815467976990288,28993,1,none,0x7f09dff28e40,,,,,,,,,,,,,,,0x0
19,hipStreamSynchronize,3075363,3075381,815467977019531,815467978984927,1965396,1,stream,0x7ec9800010b0,,,,,,,,,,,,,,,0x0
15,hipLaunchKernel,3075363,3075381,815467979015172,815467979054350,39178,6,func,0x7f09e13f1280,gridDim,0x13600000136,blockDim,0x1,args,0x2000000020,sharedMemBytes,0x1,unknown,0x0,,,,,0x0
84,hipGetLastError,3075363,3075381,815467979084465,815467979113137,28672,1,none,0x7f09dff28e40,,,,,,,,,,,,,,,0x0
141,hipLaunchKernel,3075363,3075381,815467979141489,815467979179085,37596,6,func,0x7f09e13f1280,gridDim,0x13600000136,blockDim,0x1,args,0x2000000020,sharedMemBytes,0x1,unknown,0x0,,,,,0x0
208,hipGetLastError,3075363,3075381,815467979208849,815467979237482,28633,1,none,0x7f09dff28e40,,,,,,,,,,,,,,,0x0
266,hipLaunchKernel,3075363,3075381,815467979266255,815467979299123,32868,6,func,0x7f09e13f1280,gridDim,0x13600000136,blockDim,0x1,args,0x2000000020,sharedMemBytes,0x1,unknown,0x0,,,,,0x0
328,hipGetLastError,3075363,3075381,815467979328256,815467979353744,25488,1,none,0x7f09dff28e40,,,,,,,,,,,,,,,0x0
382,hipLaunchKernel,3075363,3075381,815467979382197,815467979417008,34811,6,func,0x7f09e13f1280,gridDim,0x13600000136,blockDim,0x1,args,0x2000000020,sharedMemBytes,0x1,unknown,0x0,,,,,0x0
446,hipGetLastError,3075363,3075381,815467979446402,815467979475685,29283,1,none,0x7f09dff28e40,,,,,,,,,,,,,,,0x0
503,hipLaunchKernel,3075363,3075381,815467979503727,815467979540221,36494,6,func,0x7f09e13f1280,gridDim,0x13600000136,blockDim,0x1,args,0x2000000020,sharedMemBytes,0x1,unknown,0x0,,,,,0x0
569,hipGetLastError,3075363,3075381,815467979569374,815467979592999,23625,1,none,0x7f09dff28e40,,,,,,,,,,,,,,,0x0
622,hipLaunchKernel,3075363,3075381,815467979621982,815467979657225,35243,6,func,0x7f09e13f1280,gridDim,0x13600000136,blockDim,0x1,args,0x2000000020,sharedMemBytes,0x1,unknown,0x0,,,,,0x0
686,hipGetLastError,3075363,3075381,815467979686638,815467979717614,30976,1,none,0x7f09dff28e40,,,,,,,,,,,,,,,0x0
746,hipLaunchKernel,3075363,3075381,815467979746227,815467979782551,36324,6,func,0x7f09e13f1280,gridDim,0x13600000136,blockDim,0x1,args,0x2000000020,sharedMemBytes,0x1,unknown,0x0,,,,,0x0
811,hipGetLastError,3075363,3075381,815467979811814,815467979840436,28622,1,none,0x7f09dff28e40,,,,,,,,,,,,,,,0x0
869,hipLaunchKernel,3075363,3075381,815467979869239,815467979904882,35643,6,func,0x7f09e13f1280,gridDim,0x13600000136,blockDim,0x1,args,0x2000000020,sharedMemBytes,0x1,unknown,0x0,,,,,0x0
934,hipGetLastError,3075363,3075381,815467979934155,815467979963840,29685,1,none,0x7f09dff28e40,,,,,,,,,,,,,,,0x0
992,hipLaunchKernel,3075363,3075381,815467979992652,815467980036828,44176,6,func,0x7f09e13f1280,gridDim,0x13600000136,blockDim,0x1,args,0x2000000020,sharedMemBytes,0x1,unknown,0x0,,,,,0x0
66,hipGetLastError,3075363,3075381,815467980065991,815467980096116,30125,1,none,0x7f09dff28e40,,,,,,,,,,,,,,,0x0
124,hipLaunchKernel,3075363,3075381,815467980124738,815467980160682,35944,6,func,0x7f09e13f1280,gridDim,0x13600000136,blockDim,0x1,args,0x2000000020,sharedMemBytes,0x1,unknown,0x0,,,,,0x0
190,hipGetLastError,3075363,3075381,815467980190776,815467980216775,25999,1,none,0x7f09dff28e40,,,,,,,,,,,,,,,0x0
245,hipStreamSynchronize,3075363,3075381,815467980245357,815467982175200,1929843,1,stream,0x7ec9800010b0,,,,,,,,,,,,,,,0x0
207,hipLaunchKernel,3075363,3075381,815467982207007,815467982246306,39299,6,func,0x7f09e13f1280,gridDim,0x13600000136,blockDim,0x1,args,0x2000000020,sharedMemBytes,0x1,unknown,0x0,,,,,0x0
275,hipGetLastError,3075363,3075381,815467982275459,815467982297552,22093,1,none,0x7f09dff28e40,,,,,,,,,,,,,,,0x0
327,hipLaunchKernel,3075363,3075381,815467982327326,815467982366474,39148,6,func,0x7f09e13f1280,gridDim,0x13600000136,blockDim,0x1,args,0x2000000020,sharedMemBytes,0x1,unknown,0x0,,,,,0x0
394,hipGetLastError,3075363,3075381,815467982394726,815467982424089,29363,1,none,0x7f09dff28e40,,,,,,,,,,,,,,,0x0
454,hipLaunchKernel,3075363,3075381,815467982454034,815467982491670,37636,6,func,0x7f09e13f1280,gridDim,0x13600000136,blockDim,0x1,args,0x2000000020,sharedMemBytes,0x1,unknown,0x0,,,,,0x0
519,hipGetLastError,3075363,3075381,815467982519781,815467982548264,28483,1,none,0x7f09dff28e40,,,,,,,,,,,,,,,0x0
577,hipLaunchKernel,3075363,3075381,815467982577627,815467982613881,36254,6,func,0x7f09e13f1280,gridDim,0x13600000136,blockDim,0x1,args,0x2000000020,sharedMemBytes,0x1,unknown,0x0,,,,,0x0
642,hipGetLastError,3075363,3075381,815467982642343,815467982670826,28483,1,none,0x7f09dff28e40,,,,,,,,,,,,,,,0x0
700,hipLaunchKernel,3075363,3075381,815467982700289,815467982735501,35212,6,func,0x7f09e13f1280,gridDim,0x13600000136,blockDim,0x1,args,0x2000000020,sharedMemBytes,0x1,unknown,0x0,,,,,0x0
763,hipGetLastError,3075363,3075381,815467982763483,815467982791675,28192,1,none,0x7f09dff28e40,,,,,,,,,,,,,,,0x0
821,hipLaunchKernel,3075363,3075381,815467982821209,815467982857713,36504,6,func,0x7f09e13f1280,gridDim,0x13600000136,blockDim,0x1,args,0x2000000020,sharedMemBytes,0x1,unknown,0x0,,,,,0x0
885,hipGetLastError,3075363,3075381,815467982885654,815467982914106,28452,1,none,0x7f09dff28e40,,,,,,,,,,,,,,,0x0
944,hipLaunchKernel,3075363,3075381,815467982944311,815467982985562,41251,6,func,0x7f09e13f1280,gridDim,0x13600000136,blockDim,0x1,args,0x2000000020,sharedMemBytes,0x1,unknown,0x0,,,,,0x0
14,hipGetLastError,3075363,3075381,815467983014185,815467983042958,28773,1,none,0x7f09dff28e40,,,,,,,,,,,,,,,0x0
72,hipLaunchKernel,3075363,3075381,815467983072762,815467983109947,37185,6,func,0x7f09e13f1280,gridDim,0x13600000136,blockDim,0x1,args,0x2000000020,sharedMemBytes,0x1,unknown,0x0,,,,,0x0
138,hipGetLastError,3075363,3075381,815467983138269,815467983162154,23885,1,none,0x7f09dff28e40,,,,,,,,,,,,,,,0x0
192,hipLaunchKernel,3075363,3075381,815467983192840,815467983228403,35563,6,func,0x7f09e13f1280,gridDim,0x13600000136,blockDim,0x1,args,0x2000000020,sharedMemBytes,0x1,unknown,0x0,,,,,0x0
256,hipGetLastError,3075363,3075381,815467983256124,815467983285407,29283,1,none,0x7f09dff28e40,,,,,,,,,,,,,,,0x0
315,hipLaunchKernel,3075363,3075381,815467983315202,815467983357504,42302,6,func,0x7f09e13f1280,gridDim,0x13600000136,blockDim,0x1,args,0x2000000020,sharedMemBytes,0x1,unknown,0x0,,,,,0x0
386,hipGetLastError,3075363,3075381,815467983386017,815467983414709,28692,1,none,0x7f09dff28e40,,,,,,,,,,,,,,,0x0
443,hipStreamSynchronize,3075363,3075381,815467983443782,815467985377962,1934180,1,stream,0x7ec9800010b0,,,,,,,,,,,,,,,0x0
420,hipLaunchKernel,3075363,3075381,815468004419942,815468004472150,52208,6,func,0x7f09e13f1280,gridDim,0x13600000136,blockDim,0x1,args,0x2000000020,sharedMemBytes,0x1,unknown,0x0,,,,,0x0
587,hipGetLastError,3075363,3075381,815468023586948,815468023669711,82763,1,none,0x7f09dff28e40,,,,,,,,,,,,,,,0x0
858,hipLaunchKernel,3075363,3075381,815468036858308,815468036954170,95862,6,func,0x7f09e13f1280,gridDim,0x13600000136,blockDim,0x1,args,0x2000000020,sharedMemBytes,0x1,unknown,0x0,,,,,0x0
989,hipGetLastError,3075363,3075381,815468036989002,815468037009682,20680,1,none,0x7f09dff28e40,,,,,,,,,,,,,,,0x0
22,hipLaunchKernel,3075363,3075381,815468037021981,815468037143501,121520,6,func,0x7f09e13f1280,gridDim,0x13600000136,blockDim,0x1,args,0x2000000020,sharedMemBytes,0x1,unknown,0x0,,,,,0x0
178,hipGetLastError,3075363,3075381,815468037178793,815468037193255,14462,1,none,0x7f09dff28e40,,,,,,,,,,,,,,,0x0
205,hipLaunchKernel,3075363,3075381,815468037205643,815468037222448,16805,6,func,0x7f09e13f1280,gridDim,0x13600000136,blockDim,0x1,args,0x2000000020,sharedMemBytes,0x1,unknown,0x0,,,,,0x0
236,hipGetLastError,3075363,3075381,815468037236729,815468037248016,11287,1,none,0x7f09dff28e40,,,,,,,,,,,,,,,0x0
257,hipLaunchKernel,3075363,3075381,815468037257570,815468037276188,18618,6,func,0x7f09e13f1280,gridDim,0x13600000136,blockDim,0x1,args,0x2000000020,sharedMemBytes,0x1,unknown,0x0,,,,,0x0
299,hipGetLastError,3075363,3075381,815468037299272,815468037320624,21352,1,none,0x7f09dff28e40,,,,,,,,,,,,,,,0x0
338,hipLaunchKernel,3075363,3075381,815468037338490,815468037366121,27631,6,func,0x7f09e13f1280,gridDim,0x13600000136,blockDim,0x1,args,0x2000000020,sharedMemBytes,0x1,unknown,0x0,,,,,0x0
389,hipGetLastError,3075363,3075381,815468037389326,815468037407853,18527,1,none,0x7f09dff28e40,,,,,,,,,,,,,,,0x0
434,hipLaunchKernel,3075363,3075381,815468037434663,815468037473140,38477,6,func,0x7f09e13f1280,gridDim,0x13600000136,blockDim,0x1,args,0x2000000020,sharedMemBytes,0x1,unknown,0x0,,,,,0x0
504,hipGetLastError,3075363,3075381,815468037504276,815468037529043,24767,1,none,0x7f09dff28e40,,,,,,,,,,,,,,,0x0
559,hipLaunchKernel,3075363,3075381,815468037559408,815468037592567,33159,6,func,0x7f09e13f1280,gridDim,0x13600000136,blockDim,0x1,args,0x2000000020,sharedMemBytes,0x1,unknown,0x0,,,,,0x0
623,hipGetLastError,3075363,3075381,815468037623162,815468037650653,27491,1,none,0x7f09dff28e40,,,,,,,,,,,,,,,0x0
681,hipLaunchKernel,3075363,3075381,815468037680988,815468037716070,35082,6,func,0x7f09e13f1280,gridDim,0x13600000136,blockDim,0x1,args,0x2000000020,sharedMemBytes,0x1,unknown,0x0,,,,,0x0
745,hipGetLastError,3075363,3075381,815468037745294,815468037766415,21121,1,none,0x7f09dff28e40,,,,,,,,,,,,,,,0x0
796,hipLaunchKernel,3075363,3075381,815468037796780,815468037834636,37856,6,func,0x7f09e13f1280,gridDim,0x13600000136,blockDim,0x1,args,0x2000000020,sharedMemBytes,0x1,unknown,0x0,,,,,0x0
864,hipGetLastError,3075363,3075381,815468037864881,815468037894705,29824,1,none,0x7f09dff28e40,,,,,,,,,,,,,,,0x0
924,hipStreamSynchronize,3075363,3075381,815468037924770,815468039757098,1832328,1,stream,0x7ec9800010b0,,,,,,,,,,,,,,,0x0
791,hipLaunchKernel,3075363,3075381,815468039791439,815468039818610,27171,6,func,0x7f09e13f1280,gridDim,0x13600000136,blockDim,0x1,args,0x2000000020,sharedMemBytes,0x1,unknown,0x0,,,,,0x0
847,hipGetLastError,3075363,3075381,815468039847452,815468039875364,27912,1,none,0x7f09dff28e40,,,,,,,,,,,,,,,0x0
901,hipLaunchKernel,3075363,3075381,815468039901342,815468039938808,37466,6,func,0x7f09e13f1280,gridDim,0x13600000136,blockDim,0x1,args,0x2000000020,sharedMemBytes,0x1,unknown,0x0,,,,,0x0
967,hipGetLastError,3075363,3075381,815468039967250,815468039996914,29664,1,none,0x7f09dff28e40,,,,,,,,,,,,,,,0x0
43,hipLaunchKernel,3075363,3075381,815468040043523,815468040069572,26049,6,func,0x7f09e13f1280,gridDim,0x13600000136,blockDim,0x1,args,0x2000000020,sharedMemBytes,0x1,unknown,0x0,,,,,0x0
98,hipGetLastError,3075363,3075381,815468040098184,815468040127157,28973,1,none,0x7f09dff28e40,,,,,,,,,,,,,,,0x0
156,hipLaunchKernel,3075363,3075381,815468040156621,815468040194377,37756,6,func,0x7f09e13f1280,gridDim,0x13600000136,blockDim,0x1,args,0x2000000020,sharedMemBytes,0x1,unknown,0x0,,,,,0x0
222,hipGetLastError,3075363,3075381,815468040222549,815468040247095,24546,1,none,0x7f09dff28e40,,,,,,,,,,,,,,,0x0
277,hipLaunchKernel,3075363,3075381,815468040276920,815468040314856,37936,6,func,0x7f09e13f1280,gridDim,0x13600000136,blockDim,0x1,args,0x2000000020,sharedMemBytes,0x1,unknown,0x0,,,,,0x0
342,hipGetLastError,3075363,3075381,815468040342537,815468040371710,29173,1,none,0x7f09dff28e40,,,,,,,,,,,,,,,0x0
401,hipLaunchKernel,3075363,3075381,815468040401254,815468040433271,32017,6,func,0x7f09e13f1280,gridDim,0x13600000136,blockDim,0x1,args,0x2000000020,sharedMemBytes,0x1,unknown,0x0,,,,,0x0
461,hipGetLastError,3075363,3075381,815468040461333,815468040490396,29063,1,none,0x7f09dff28e40,,,,,,,,,,,,,,,0x0
519,hipLaunchKernel,3075363,3075381,815468040519610,815468040553610,34000,6,func,0x7f09e13f1280,gridDim,0x13600000136,blockDim,0x1,args,0x2000000020,sharedMemBytes,0x1,unknown,0x0,,,,,0x0
581,hipGetLastError,3075363,3075381,815468040581501,815468040610484,28983,1,none,0x7f09dff28e40,,,,,,,,,,,,,,,0x0
639,hipLaunchKernel,3075363,3075381,815468040639728,815468040675040,35312,6,func,0x7f09e13f1280,gridDim,0x13600000136,blockDim,0x1,args,0x2000000020,sharedMemBytes,0x1,unknown,0x0,,,,,0x0
703,hipGetLastError,3075363,3075381,815468040703172,815468040732505,29333,1,none,0x7f09dff28e40,,,,,,,,,,,,,,,0x0
761,hipLaunchKernel,3075363,3075381,815468040761809,815468040797782,35973,6,func,0x7f09e13f1280,gridDim,0x13600000136,blockDim,0x1,args,0x2000000020,sharedMemBytes,0x1,unknown,0x0,,,,,0x0
825,hipGetLastError,3075363,3075381,815468040825533,815468040854316,28783,1,none,0x7f09dff28e40,,,,,,,,,,,,,,,0x0
883,hipLaunchKernel,3075363,3075381,815468040883770,815468040921806,38036,6,func,0x7f09e13f1280,gridDim,0x13600000136,blockDim,0x1,args,0x2000000020,sharedMemBytes,0x1,unknown,0x0,,,,,0x0
949,hipGetLastError,3075363,3075381,815468040949688,815468040973763,24075,1,none,0x7f09dff28e40,,,,,,,,,,,,,,,0x0
999,hipStreamSynchronize,3075363,3075381,815468040999592,815468043041211,2041619,1,stream,0x7ec9800010b0,,,,,,,,,,,,,,,0x0
72,hipLaunchKernel,3075363,3075381,815468043072126,815468043106567,34441,6,func,0x7f09e13f1280,gridDim,0x13600000136,blockDim,0x1,args,0x2000000020,sharedMemBytes,0x1,unknown,0x0,,,,,0x0
135,hipGetLastError,3075363,3075381,815468043135751,815468043167398,31647,1,none,0x7f09dff28e40,,,,,,,,,,,,,,,0x0
196,hipLaunchKernel,3075363,3075381,815468043196000,815468043234217,38217,6,func,0x7f09e13f1280,gridDim,0x13600000136,blockDim,0x1,args,0x2000000020,sharedMemBytes,0x1,unknown,0x0,,,,,0x0
263,hipGetLastError,3075363,3075381,815468043263651,815468043289529,25878,1,none,0x7f09dff28e40,,,,,,,,,,,,,,,0x0
317,hipLaunchKernel,3075363,3075381,815468043317470,815468043358611,41141,6,func,0x7f09e13f1280,gridDim,0x13600000136,blockDim,0x1,args,0x2000000020,sharedMemBytes,0x1,unknown,0x0,,,,,0x0
387,hipGetLastError,3075363,3075381,815468043387765,815468043413212,25447,1,none,0x7f09dff28e40,,,,,,,,,,,,,,,0x0
442,hipLaunchKernel,3075363,3075381,815468043442276,815468043478649,36373,6,func,0x7f09e13f1280,gridDim,0x13600000136,blockDim,0x1,args,0x2000000020,sharedMemBytes,0x1,unknown,0x0,,,,,0x0
507,hipGetLastError,3075363,3075381,815468043507773,815468043536986,29213,1,none,0x7f09dff28e40,,,,,,,,,,,,,,,0x0
561,hipLaunchKernel,3075363,3075381,815468043561773,815468043595873,34100,6,func,0x7f09e13f1280,gridDim,0x13600000136,blockDim,0x1,args,0x2000000020,sharedMemBytes,0x1,unknown,0x0,,,,,0x0
621,hipGetLastError,3075363,3075381,815468043621862,815468043650504,28642,1,none,0x7f09dff28e40,,,,,,,,,,,,,,,0x0
676,hipLaunchKernel,3075363,3075381,815468043675912,815468043708591,32679,6,func,0x7f09e13f1280,gridDim,0x13600000136,blockDim,0x1,args,0x2000000020,sharedMemBytes,0x1,unknown,0x0,,,,,0x0
734,hipGetLastError,3075363,3075381,815468043734219,815468043761960,27741,1,none,0x7f09dff28e40,,,,,,,,,,,,,,,0x0
786,hipLaunchKernel,3075363,3075381,815468043786817,815468043820567,33750,6,func,0x7f09e13f1280,gridDim,0x13600000136,blockDim,0x1,args,0x2000000020,sharedMemBytes,0x1,unknown,0x0,,,,,0x0
846,hipGetLastError,3075363,3075381,815468043846415,815468043875498,29083,1,none,0x7f09dff28e40,,,,,,,,,,,,,,,0x0
900,hipLaunchKernel,3075363,3075381,815468043900445,815468043934866,34421,6,func,0x7f09e13f1280,gridDim,0x13600000136,blockDim,0x1,args,0x2000000020,sharedMemBytes,0x1,unknown,0x0,,,,,0x0
962,hipGetLastError,3075363,3075381,815468043962848,815468043995236,32388,1,none,0x7f09dff28e40,,,,,,,,,,,,,,,0x0
31,hipLaunchKernel,3075363,3075381,815468044031119,815468044062816,31697,6,func,0x7f09e13f1280,gridDim,0x13600000136,blockDim,0x1,args,0x2000000020,sharedMemBytes,0x1,unknown,0x0,,,,,0x0
92,hipGetLastError,3075363,3075381,815468044092270,815468044117527,25257,1,none,0x7f09dff28e40,,,,,,,,,,,,,,,0x0
146,hipLaunchKernel,3075363,3075381,815468044146190,815468044182514,36324,6,func,0x7f09e13f1280,gridDim,0x13600000136,blockDim,0x1,args,0x2000000020,sharedMemBytes,0x1,unknown,0x0,,,,,0x0
211,hipGetLastError,3075363,3075381,815468044211707,815468044241071,29364,1,none,0x7f09dff28e40,,,,,,,,,,,,,,,0x0
269,hipStreamSynchronize,3075363,3075381,815468044269563,815468046328177,2058614,1,stream,0x7ec9800010b0,,,,,,,,,,,,,,,0x0
938,hipLaunchKernel,3075363,3075381,815468058938296,815468058995490,57194,6,func,0x7f09e13f1280,gridDim,0x13600000136,blockDim,0x1,args,0x2000000020,sharedMemBytes,0x1,unknown,0x0,,,,,0x0
23,hipGetLastError,3075363,3075381,815468059023192,815468059038715,15523,1,none,0x7f09dff28e40,,,,,,,,,,,,,,,0x0
59,hipLaunchKernel,3075363,3075381,815468059059355,815468059085814,26459,6,func,0x7f09e13f1280,gridDim,0x13600000136,blockDim,0x1,args,0x2000000020,sharedMemBytes,0x1,unknown,0x0,,,,,0x0
108,hipGetLastError,3075363,3075381,815468059108648,815468059126395,17747,1,none,0x7f09dff28e40,,,,,,,,,,,,,,,0x0
154,hipLaunchKernel,3075363,3075381,815468059154116,815468059191872,37756,6,func,0x7f09e13f1280,gridDim,0x13600000136,blockDim,0x1,args,0x2000000020,sharedMemBytes,0x1,unknown,0x0,,,,,0x0
220,hipGetLastError,3075363,3075381,815468059220544,815468059249647,29103,1,none,0x7f09dff28e40,,,,,,,,,,,,,,,0x0
279,hipLaunchKernel,3075363,3075381,815468059279452,815468059312100,32648,6,func,0x7f09e13f1280,gridDim,0x13600000136,blockDim,0x1,args,0x2000000020,sharedMemBytes,0x1,unknown,0x0,,,,,0x0
340,hipGetLastError,3075363,3075381,815468059340252,815468059370817,30565,1,none,0x7f09dff28e40,,,,,,,,,,,,,,,0x0
400,hipLaunchKernel,3075363,3075381,815468059400511,815468059436184,35673,6,func,0x7f09e13f1280,gridDim,0x13600000136,blockDim,0x1,args,0x2000000020,sharedMemBytes,0x1,unknown,0x0,,,,,0x0
464,hipGetLastError,3075363,3075381,815468059463975,815468059493489,29514,1,none,0x7f09dff28e40,,,,,,,,,,,,,,,0x0
519,hipLaunchKernel,3075363,3075381,815468059519648,815468059550063,30415,6,func,0x7f09e13f1280,gridDim,0x13600000136,blockDim,0x1,args,0x2000000020,sharedMemBytes,0x1,unknown,0x0,,,,,0x0
577,hipGetLastError,3075363,3075381,815468059577834,815468059597764,19930,1,none,0x7f09dff28e40,,,,,,,,,,,,,,,0x0
627,hipLaunchKernel,3075363,3075381,815468059627428,815468059664493,37065,6,func,0x7f09e13f1280,gridDim,0x13600000136,blockDim,0x1,args,0x2000000020,sharedMemBytes,0x1,unknown,0x0,,,,,0x0
693,hipGetLastError,3075363,3075381,815468059693286,815468059719104,25818,1,none,0x7f09dff28e40,,,,,,,,,,,,,,,0x0
745,hipLaunchKernel,3075363,3075381,815468059745333,815468059783109,37776,6,func,0x7f09e13f1280,gridDim,0x13600000136,blockDim,0x1,args,0x2000000020,sharedMemBytes,0x1,unknown,0x0,,,,,0x0
811,hipGetLastError,3075363,3075381,815468059811110,815468059840234,29124,1,none,0x7f09dff28e40,,,,,,,,,,,,,,,0x0
869,hipLaunchKernel,3075363,3075381,815468059869677,815468059905030,35353,6,func,0x7f09e13f1280,gridDim,0x13600000136,blockDim,0x1,args,0x2000000020,sharedMemBytes,0x1,unknown,0x0,,,,,0x0
933,hipGetLastError,3075363,3075381,815468059933732,815468059962846,29114,1,none,0x7f09dff28e40,,,,,,,,,,,,,,,0x0
992,hipLaunchKernel,3075363,3075381,815468059992409,815468060040771,48362,6,func,0x7f09e13f1280,gridDim,0x13600000136,blockDim,0x1,args,0x2000000020,sharedMemBytes,0x1,unknown,0x0,,,,,0x0
69,hipGetLastError,3075363,3075381,815468060069384,815468060087731,18347,1,none,0x7f09dff28e40,,,,,,,,,,,,,,,0x0
115,hipStreamSynchronize,3075363,3075381,815468060115522,815468062115940,2000418,1,stream,0x7ec9800010b0,,,,,,,,,,,,,,,0x0
147,hipLaunchKernel,3075363,3075381,815468062147346,815468062182198,34852,6,func,0x7f09e13f1280,gridDim,0x13600000136,blockDim,0x1,args,0x2000000020,sharedMemBytes,0x1,unknown,0x0,,,,,0x0
212,hipGetLastError,3075363,3075381,815468062212273,815468062242267,29994,1,none,0x7f09dff28e40,,,,,,,,,,,,,,,0x0
271,hipLaunchKernel,3075363,3075381,815468062271110,815468062310148,39038,6,func,0x7f09e13f1280,gridDim,0x13600000136,blockDim,0x1,args,0x2000000020,sharedMemBytes,0x1,unknown,0x0,,,,,0x0
339,hipGetLastError,3075363,3075381,815468062339441,815468062368094,28653,1,none,0x7f09dff28e40,,,,,,,,,,,,,,,0x0
396,hipLaunchKernel,3075363,3075381,815468062396897,815468062431127,34230,6,func,0x7f09e13f1280,gridDim,0x13600000136,blockDim,0x1,args,0x2000000020,sharedMemBytes,0x1,unknown,0x0,,,,,0x0
461,hipGetLastError,3075363,3075381,815468062461242,815468062490556,29314,1,none,0x7f09dff28e40,,,,,,,,,,,,,,,0x0
519,hipLaunchKernel,3075363,3075381,815468062519759,815468062555262,35503,6,func,0x7f09e13f1280,gridDim,0x13600000136,blockDim,0x1,args,0x2000000020,sharedMemBytes,0x1,unknown,0x0,,,,,0x0
584,hipGetLastError,3075363,3075381,815468062584405,815468062607729,23324,1,none,0x7f09dff28e40,,,,,,,,,,,,,,,0x0
636,hipLaunchKernel,3075363,3075381,815468062636412,815468062673126,36714,6,func,0x7f09e13f1280,gridDim,0x13600000136,blockDim,0x1,args,0x2000000020,sharedMemBytes,0x1,unknown,0x0,,,,,0x0
702,hipGetLastError,3075363,3075381,815468062702450,815468062730912,28462,1,none,0x7f09dff28e40,,,,,,,,,,,,,,,0x0
759,hipLaunchKernel,3075363,3075381,815468062759124,815468062794627,35503,6,func,0x7f09e13f1280,gridDim,0x13600000136,blockDim,0x1,args,0x2000000020,sharedMemBytes,0x1,unknown,0x0,,,,,0x0
823,hipGetLastError,3075363,3075381,815468062823720,815468062852432,28712,1,none,0x7f09dff28e40,,,,,,,,,,,,,,,0x0
881,hipLaunchKernel,3075363,3075381,815468062881816,815468062918871,37055,6,func,0x7f09e13f1280,gridDim,0x13600000136,blockDim,0x1,args,0x2000000020,sharedMemBytes,0x1,unknown,0x0,,,,,0x0
947,hipGetLastError,3075363,3075381,815468062947844,815468062977198,29354,1,none,0x7f09dff28e40,,,,,,,,,,,,,,,0x0
5,hipLaunchKernel,3075363,3075381,815468063005530,815468063039370,33840,6,func,0x7f09e13f1280,gridDim,0x13600000136,blockDim,0x1,args,0x2000000020,sharedMemBytes,0x1,unknown,0x0,,,,,0x0
68,hipGetLastError,3075363,3075381,815468063068783,815468063093250,24467,1,none,0x7f09dff28e40,,,,,,,,,,,,,,,0x0
122,hipLaunchKernel,3075363,3075381,815468063122583,815468063157675,35092,6,func,0x7f09e13f1280,gridDim,0x13600000136,blockDim,0x1,args,0x2000000020,sharedMemBytes,0x1,unknown,0x0,,,,,0x0
186,hipGetLastError,3075363,3075381,815468063186889,815468063212517,25628,1,none,0x7f09dff28e40,,,,,,,,,,,,,,,0x0
241,hipLaunchKernel,3075363,3075381,815468063241349,815468063278795,37446,6,func,0x7f09e13f1280,gridDim,0x13600000136,blockDim,0x1,args,0x2000000020,sharedMemBytes,0x1,unknown,0x0,,,,,0x0
308,hipGetLastError,3075363,3075381,815468063308169,815468063337312,29143,1,none,0x7f09dff28e40,,,,,,,,,,,,,,,0x0
365,hipStreamSynchronize,3075363,3075381,815468063365383,815468065403377,2037994,1,stream,0x7ec9800010b0,,,,,,,,,,,,,,,0x0
238,hipLaunchKernel,3075363,3075381,815468069238497,815468069284635,46138,6,func,0x7f09e13f1280,gridDim,0x13600000136,blockDim,0x1,args,0x2000000020,sharedMemBytes,0x1,unknown,0x0,,,,,0x0
314,hipGetLastError,3075363,3075381,815468069314209,815468069344514,30305,1,none,0x7f09dff28e40,,,,,,,,,,,,,,,0x0
375,hipLaunchKernel,3075363,3075381,815468069374979,815468069415599,40620,6,func,0x7f09e13f1280,gridDim,0x13600000136,blockDim,0x1,args,0x2000000020,sharedMemBytes,0x1,unknown,0x0,,,,,0x0
444,hipGetLastError,3075363,3075381,815468069444132,815468069473235,29103,1,none,0x7f09dff28e40,,,,,,,,,,,,,,,0x0
503,hipLaunchKernel,3075363,3075381,815468069503229,815468069541606,38377,6,func,0x7f09e13f1280,gridDim,0x13600000136,blockDim,0x1,args,0x2000000020,sharedMemBytes,0x1,unknown,0x0,,,,,0x0
570,hipGetLastError,3075363,3075381,815468069569988,815468069598841,28853,1,none,0x7f09dff28e40,,,,,,,,,,,,,,,0x0
629,hipLaunchKernel,3075363,3075381,815468069629647,815468069666532,36885,6,func,0x7f09e13f1280,gridDim,0x13600000136,blockDim,0x1,args,0x2000000020,sharedMemBytes,0x1,unknown,0x0,,,,,0x0
694,hipGetLastError,3075363,3075381,815468069694673,815468069717718,23045,1,none,0x7f09dff28e40,,,,,,,,,,,,,,,0x0
747,hipLaunchKernel,3075363,3075381,815468069747532,815468069783605,36073,6,func,0x7f09e13f1280,gridDim,0x13600000136,blockDim,0x1,args,0x2000000020,sharedMemBytes,0x1,unknown,0x0,,,,,0x0
812,hipGetLastError,3075363,3075381,815468069812008,815468069840360,28352,1,none,0x7f09dff28e40,,,,,,,,,,,,,,,0x0
870,hipLaunchKernel,3075363,3075381,815468069870364,815468069905366,35002,6,func,0x7f09e13f1280,gridDim,0x13600000136,blockDim,0x1,args,0x2000000020,sharedMemBytes,0x1,unknown,0x0,,,,,0x0
933,hipGetLastError,3075363,3075381,815468069933548,815468069962060,28512,1,none,0x7f09dff28e40,,,,,,,,,,,,,,,0x0
991,hipLaunchKernel,3075363,3075381,815468069991614,815468070024733,33119,6,func,0x7f09e13f1280,gridDim,0x13600000136,blockDim,0x1,args,0x2000000020,sharedMemBytes,0x1,unknown,0x0,,,,,0x0
52,hipGetLastError,3075363,3075381,815468070052695,815468070077612,24917,1,none,0x7f09dff28e40,,,,,,,,,,,,,,,0x0
107,hipLaunchKernel,3075363,3075381,815468070107286,815468070142918,35632,6,func,0x7f09e13f1280,gridDim,0x13600000136,blockDim,0x1,args,0x2000000020,sharedMemBytes,0x1,unknown,0x0,,,,,0x0
170,hipGetLastError,3075363,3075381,815468070170770,815468070199743,28973,1,none,0x7f09dff28e40,,,,,,,,,,,,,,,0x0
228,hipLaunchKernel,3075363,3075381,815468070228896,815468070269687,40791,6,func,0x7f09e13f1280,gridDim,0x13600000136,blockDim,0x1,args,0x2000000020,sharedMemBytes,0x1,unknown,0x0,,,,,0x0
297,hipGetLastError,3075363,3075381,815468070297628,815468070326791,29163,1,none,0x7f09dff28e40,,,,,,,,,,,,,,,0x0
356,hipLaunchKernel,3075363,3075381,815468070356435,815468070392519,36084,6,func,0x7f09e13f1280,gridDim,0x13600000136,blockDim,0x1,args,0x2000000020,sharedMemBytes,0x1,unknown,0x0,,,,,0x0
420,hipGetLastError,3075363,3075381,815468070420811,815468070450044,29233,1,none,0x7f09dff28e40,,,,,,,,,,,,,,,0x0
809,hipStreamCreateWithFlags,3075363,3075377,815467944809474,815468071754760,126945286,2,arg,0x7ec9b80011e0,arg,0x1,,,,,,,,,,,,,0x0
301,hipLaunchKernel,3075363,3075382,815467842301664,815468071874567,229572903,6,func,0x7f09e13f1280,gridDim,0x13600000136,blockDim,0x1,args,0x2000000020,sharedMemBytes,0x1,unknown,0x0,,,,,0x0
479,hipStreamSynchronize,3075363,3075381,815468070479488,815468072438554,1959066,1,stream,0x7ec9800010b0,,,,,,,,,,,,,,,0x0
233,hipGetLastError,3075363,3075382,815468102233218,815468102299666,66448,1,none,0x7f09dff28e40,,,,,,,,,,,,,,,0x0
219,hipLaunchKernel,3075363,3075381,815468102218997,815468102326977,107980,6,func,0x7f09e13f1280,gridDim,0x13600000136,blockDim,0x1,args,0x2000000020,sharedMemBytes,0x1,unknown,0x0,,,,,0x0
355,hipGetLastError,3075363,3075381,815468102355189,815468102387397,32208,1,none,0x7f09dff28e40,,,,,,,,,,,,,,,0x0
334,hipLaunchKernel,3075363,3075382,815468102334769,815468102391733,56964,6,func,0x7f09e13f1280,gridDim,0x13600000136,blockDim,0x1,args,0x2000000020,sharedMemBytes,0x1,unknown,0x0,,,,,0x0
411,hipGetLastError,3075363,3075382,815468102411382,815468102427666,16284,1,none,0x7f09dff28e40,,,,,,,,,,,,,,,0x0
409,hipLaunchKernel,3075363,3075381,815468102409029,815468102434296,25267,6,func,0x7f09e13f1280,gridDim,0x13600000136,blockDim,0x1,args,0x2000000020,sharedMemBytes,0x1,unknown,0x0,,,,,0x0
447,hipGetLastError,3075363,3075381,815468102447746,815468102463490,15744,1,none,0x7f09dff28e40,,,,,,,,,,,,,,,0x0
453,hipLaunchKernel,3075363,3075382,815468102452914,815468102479443,26529,6,func,0x7f09e13f1280,gridDim,0x13600000136,blockDim,0x1,args,0x2000000020,sharedMemBytes,0x1,unknown,0x0,,,,,0x0
480,hipLaunchKernel,3075363,3075381,815468102480595,815468102506243,25648,6,func,0x7f09e13f1280,gridDim,0x13600000136,blockDim,0x1,args,0x2000000020,sharedMemBytes,0x1,unknown,0x0,,,,,0x0
499,hipGetLastError,3075363,3075382,815468102499463,815468102520905,21442,1,none,0x7f09dff28e40,,,,,,,,,,,,,,,0x0
518,hipGetLastError,3075363,3075381,815468102518251,815468102539012,20761,1,none,0x7f09dff28e40,,,,,,,,,,,,,,,0x0
540,hipLaunchKernel,3075363,3075382,815468102540544,815468102570318,29774,6,func,0x7f09e13f1280,gridDim,0x13600000136,blockDim,0x1,args,0x2000000020,sharedMemBytes,0x1,unknown,0x0,,,,,0x0
564,hipLaunchKernel,3075363,3075381,815468102564259,815468102592561,28302,6,func,0x7f09e13f1280,gridDim,0x13600000136,blockDim,0x1,args,0x2000000020,sharedMemBytes,0x1,unknown,0x0,,,,,0x0
585,hipGetLastError,3075363,3075382,815468102584950,815468102607954,23004,1,none,0x7f09dff28e40,,,,,,,,,,,,,,,0x0
605,hipGetLastError,3075363,3075381,815468102605470,815468102625910,20440,1,none,0x7f09dff28e40,,,,,,,,,,,,,,,0x0
625,hipLaunchKernel,3075363,3075382,815468102625310,815468102657347,32037,6,func,0x7f09e13f1280,gridDim,0x13600000136,blockDim,0x1,args,0x2000000020,sharedMemBytes,0x1,unknown,0x0,,,,,0x0
648,hipLaunchKernel,3075363,3075381,815468102648514,815468102679740,31226,6,func,0x7f09e13f1280,gridDim,0x13600000136,blockDim,0x1,args,0x2000000020,sharedMemBytes,0x1,unknown,0x0,,,,,0x0
674,hipGetLastError,3075363,3075382,815468102674613,815468102698047,23434,1,none,0x7f09dff28e40,,,,,,,,,,,,,,,0x0
695,hipGetLastError,3075363,3075381,815468102694973,815468102716365,21392,1,none,0x7f09dff28e40,,,,,,,,,,,,,,,0x0
714,hipLaunchKernel,3075363,3075382,815468102714872,815468102742894,28022,6,func,0x7f09e13f1280,gridDim,0x13600000136,blockDim,0x1,args,0x2000000020,sharedMemBytes,0x1,unknown,0x0,,,,,0x0
734,hipLaunchKernel,3075363,3075381,815468102734001,815468102767501,33500,6,func,0x7f09e13f1280,gridDim,0x13600000136,blockDim,0x1,args,0x2000000020,sharedMemBytes,0x1,unknown,0x0,,,,,0x0
762,hipGetLastError,3075363,3075382,815468102762313,815468102783985,21672,1,none,0x7f09dff28e40,,,,,,,,,,,,,,,0x0
779,hipGetLastError,3075363,3075381,815468102779809,815468102799628,19819,1,none,0x7f09dff28e40,,,,,,,,,,,,,,,0x0
796,hipLaunchKernel,3075363,3075382,815468102796133,815468102824765,28632,6,func,0x7f09e13f1280,gridDim,0x13600000136,blockDim,0x1,args,0x2000000020,sharedMemBytes,0x1,unknown,0x0,,,,,0x0
816,hipLaunchKernel,3075363,3075381,815468102816483,815468102850464,33981,6,func,0x7f09e13f1280,gridDim,0x13600000136,blockDim,0x1,args,0x2000000020,sharedMemBytes,0x1,unknown,0x0,,,,,0x0
844,hipGetLastError,3075363,3075382,815468102844084,815468102865736,21652,1,none,0x7f09dff28e40,,,,,,,,,,,,,,,0x0
865,hipGetLastError,3075363,3075381,815468102865025,815468102886547,21522,1,none,0x7f09dff28e40,,,,,,,,,,,,,,,0x0
888,hipLaunchKernel,3075363,3075382,815468102888089,815468102909782,21693,6,func,0x7f09e13f1280,gridDim,0x13600000136,blockDim,0x1,args,0x2000000020,sharedMemBytes,0x1,unknown,0x0,,,,,0x0
902,hipLaunchKernel,3075363,3075381,815468102902060,815468102932085,30025,6,func,0x7f09e13f1280,gridDim,0x13600000136,blockDim,0x1,args,0x2000000020,sharedMemBytes,0x1,unknown,0x0,,,,,0x0
924,hipGetLastError,3075363,3075382,815468102924614,815468102951744,27130,1,none,0x7f09dff28e40,,,,,,,,,,,,,,,0x0
950,hipGetLastError,3075363,3075381,815468102950752,815468102972945,22193,1,none,0x7f09dff28e40,,,,,,,,,,,,,,,0x0
986,hipLaunchKernel,3075363,3075382,815468102986485,815468103013115,26630,6,func,0x7f09e13f1280,gridDim,0x13600000136,blockDim,0x1,args,0x2000000020,sharedMemBytes,0x1,unknown,0x0,,,,,0x0
0,hipLaunchKernel,3075363,3075381,815468103000296,815468103036159,35863,6,func,0x7f09e13f1280,gridDim,0x13600000136,blockDim,0x1,args,0x2000000020,sharedMemBytes,0x1,unknown,0x0,,,,,0x0
51,hipGetLastError,3075363,3075382,815468103051282,815468103068627,17345,1,none,0x7f09dff28e40,,,,,,,,,,,,,,,0x0
62,hipGetLastError,3075363,3075381,815468103062388,815468103088677,26289,1,none,0x7f09dff28e40,,,,,,,,,,,,,,,0x0
85,hipLaunchKernel,3075363,3075382,815468103085733,815468103112753,27020,6,func,0x7f09e13f1280,gridDim,0x13600000136,blockDim,0x1,args,0x2000000020,sharedMemBytes,0x1,unknown,0x0,,,,,0x0
107,hipLaunchKernel,3075363,3075381,815468103107475,815468103138311,30836,6,func,0x7f09e13f1280,gridDim,0x13600000136,blockDim,0x1,args,0x2000000020,sharedMemBytes,0x1,unknown,0x0,,,,,0x0
800,hipGetLastError,3075363,3075381,815468114800673,815468114857587,56914,1,none,0x7f09dff28e40,,,,,,,,,,,,,,,0x0
813,hipGetLastError,3075363,3075382,815468114813422,815468114865509,52087,1,none,0x7f09dff28e40,,,,,,,,,,,,,,,0x0
880,hipStreamSynchronize,3075363,3075381,815468114880801,815468114964105,83304,1,stream,0x7ec9800010b0,,,,,,,,,,,,,,,0x0
889,hipStreamSynchronize,3075363,3075382,815468114889134,815468114988702,99568,1,stream,0x7ec97c0010b0,,,,,,,,,,,,,,,0x0
998,hipLaunchKernel,3075363,3075381,815468114998176,815468115032857,34681,6,func,0x7f09e13f1280,gridDim,0x13600000136,blockDim,0x1,args,0x2000000020,sharedMemBytes,0x1,unknown,0x0,,,,,0x0
55,hipGetLastError,3075363,3075381,815468115055080,815468115076932,21852,1,none,0x7f09dff28e40,,,,,,,,,,,,,,,0x0
22,hipLaunchKernel,3075363,3075382,815468115022161,815468115078805,56644,6,func,0x7f09e13f1280,gridDim,0x13600000136,blockDim,0x1,args,0x2000000020,sharedMemBytes,0x1,unknown,0x0,,,,,0x0
105,hipLaunchKernel,3075363,3075381,815468115105845,815468115126837,20992,6,func,0x7f09e13f1280,gridDim,0x13600000136,blockDim,0x1,args,0x2000000020,sharedMemBytes,0x1,unknown,0x0,,,,,0x0
105,hipLaunchKernel,3075363,3075381,815468115105845,815468115133116,27271,6,func,0x7f09e13f1280,gridDim,0x13600000136,blockDim,0x1,args,0x2000000020,sharedMemBytes,0x1,unknown,0x0,,,,,0x0
149,hipGetLastError,3075363,3075381,815468115149320,815468115171723,22403,1,none,0x7f09dff28e40,,,,,,,,,,,,,,,0x0
148,hipLaunchKernel,3075363,3075382,815468115148258,815468115178874,30616,6,func,0x7f09e13f1280,gridDim,0x13600000136,blockDim,0x1,args,0x2000000020,sharedMemBytes,0x1,unknown,0x0,,,,,0x0
192,hipGetLastError,3075363,3075382,815468115192354,815468115209239,16885,1,none,0x7f09dff28e40,,,,,,,,,,,,,,,0x0
196,hipLaunchKernel,3075363,3075381,815468115196229,815468115218282,22053,6,func,0x7f09e13f1280,gridDim,0x13600000136,blockDim,0x1,args,0x2000000020,sharedMemBytes,0x1,unknown,0x0,,,,,0x0
234,hipGetLastError,3075363,3075381,815468115234016,815468115255407,21391,1,none,0x7f09dff28e40,,,,,,,,,,,,,,,0x0
233,hipLaunchKernel,3075363,3075382,815468115233334,815468115262127,28793,6,func,0x7f09e13f1280,gridDim,0x13600000136,blockDim,0x1,args,0x2000000020,sharedMemBytes,0x1,unknown,0x0,,,,,0x0
274,hipGetLastError,3075363,3075382,815468115274626,815468115294605,19979,1,none,0x7f09dff28e40,,,,,,,,,,,,,,,0x0
278,hipLaunchKernel,3075363,3075381,815468115278491,815468115301205,22714,6,func,0x7f09e13f1280,gridDim,0x13600000136,blockDim,0x1,args,0x2000000020,sharedMemBytes,0x1,unknown,0x0,,,,,0x0
314,hipGetLastError,3075363,3075381,815468115313984,815468115333363,19379,1,none,0x7f09dff28e40,,,,,,,,,,,,,,,0x0
315,hipLaunchKernel,3075363,3075382,815468115315607,815468115342146,26539,6,func,0x7f09e13f1280,gridDim,0x13600000136,blockDim,0x1,args,0x2000000020,sharedMemBytes,0x1,unknown,0x0,,,,,0x0
354,hipGetLastError,3075363,3075382,815468115354154,815468115373142,18988,1,none,0x7f09dff28e40,,,,,,,,,,,,,,,0x0
357,hipLaunchKernel,3075363,3075381,815468115357399,815468115383738,26339,6,func,0x7f09e13f1280,gridDim,0x13600000136,blockDim,0x1,args,0x2000000020,sharedMemBytes,0x1,unknown,0x0,,,,,0x0
389,hipLaunchKernel,3075363,3075382,815468115389246,815468115412320,23074,6,func,0x7f09e13f1280,gridDim,0x13600000136,blockDim,0x1,args,0x2000000020,sharedMemBytes,0x1,unknown,0x0,,,,,0x0
396,hipGetLastError,3075363,3075381,815468115395936,815468115420272,24336,1,none,0x7f09dff28e40,,,,,,,,,,,,,,,0x0
435,hipGetLastError,3075363,3075382,815468115435314,815468115453181,17867,1,none,0x7f09dff28e40,,,,,,,,,,,,,,,0x0
433,hipLaunchKernel,3075363,3075381,815468115433481,815468115458258,24777,6,func,0x7f09e13f1280,gridDim,0x13600000136,blockDim,0x1,args,0x2000000020,sharedMemBytes,0x1,unknown,0x0,,,,,0x0
470,hipGetLastError,3075363,3075381,815468115470667,815468115486250,15583,1,none,0x7f09dff28e40,,,,,,,,,,,,,,,0x0
474,hipLaunchKernel,3075363,3075382,815468115474332,815468115500291,25959,6,func,0x7f09e13f1280,gridDim,0x13600000136,blockDim,0x1,args,0x2000000020,sharedMemBytes,0x1,unknown,0x0,,,,,0x0
506,hipLaunchKernel,3075363,3075381,815468115506099,815468115534371,28272,6,func,0x7f09e13f1280,gridDim,0x13600000136,blockDim,0x1,args,0x2000000020,sharedMemBytes,0x1,unknown,0x0,,,,,0x0
515,hipGetLastError,3075363,3075382,815468115515483,815468115535583,20100,1,none,0x7f09dff28e40,,,,,,,,,,,,,,,0x0
556,hipLaunchKernel,3075363,3075382,815468115556434,815468115577115,20681,6,func,0x7f09e13f1280,gridDim,0x13600000136,blockDim,0x1,args,0x2000000020,sharedMemBytes,0x1,unknown,0x0,,,,,0x0
558,hipGetLastError,3075363,3075381,815468115558687,815468115578827,20140,1,none,0x7f09dff28e40,,,,,,,,,,,,,,,0x0
596,hipGetLastError,3075363,3075382,815468115596443,815468115616763,20320,1,none,0x7f09dff28e40,,,,,,,,,,,,,,,0x0
597,hipLaunchKernel,3075363,3075381,815468115597395,815468115618306,20911,6,func,0x7f09e13f1280,gridDim,0x13600000136,blockDim,0x1,args,0x2000000020,sharedMemBytes,0x1,unknown,0x0,,,,,0x0
638,hipGetLastError,3075363,3075381,815468115638836,815468115657934,19098,1,none,0x7f09dff28e40,,,,,,,,,,,,,,,0x0
637,hipLaunchKernel,3075363,3075382,815468115637504,815468115662501,24997,6,func,0x7f09e13f1280,gridDim,0x13600000136,blockDim,0x1,args,0x2000000020,sharedMemBytes,0x1,unknown,0x0,,,,,0x0
678,hipGetLastError,3075363,3075382,815468115678705,815468115698014,19309,1,none,0x7f09dff28e40,,,,,,,,,,,,,,,0x0
682,hipLaunchKernel,3075363,3075381,815468115682761,815468115704884,22123,6,func,0x7f09e13f1280,gridDim,0x13600000136,blockDim,0x1,args,0x2000000020,sharedMemBytes,0x1,unknown,0x0,,,,,0x0
724,hipGetLastError,3075363,3075381,815468115724123,815468115746215,22092,1,none,0x7f09dff28e40,,,,,,,,,,,,,,,0x0
723,hipLaunchKernel,3075363,3075382,815468115723121,815468115748138,25017,6,func,0x7f09e13f1280,gridDim,0x13600000136,blockDim,0x1,args,0x2000000020,sharedMemBytes,0x1,unknown,0x0,,,,,0x0
766,hipGetLastError,3075363,3075382,815468115766185,815468115784272,18087,1,none,0x7f09dff28e40,,,,,,,,,,,,,,,0x0
766,hipGetLastError,3075363,3075382,815468115766185,815468115793215,27030,1,none,0x7f09dff28e40,,,,,,,,,,,,,,,0x0
801,hipLaunchKernel,3075363,3075382,815468115801818,815468115824592,22774,6,func,0x7f09e13f1280,gridDim,0x13600000136,blockDim,0x1,args,0x2000000020,sharedMemBytes,0x1,unknown,0x0,,,,,0x0
806,hipGetLastError,3075363,3075381,815468115806234,815468115826515,20281,1,none,0x7f09dff28e40,,,,,,,,,,,,,,,0x0
844,hipGetLastError,3075363,3075382,815468115844101,815468115861637,17536,1,none,0x7f09dff28e40,,,,,,,,,,,,,,,0x0
841,hipStreamSynchronize,3075363,3075381,815468115841447,815468118147748,2306301,1,stream,0x7ec9800010b0,,,,,,,,,,,,,,,0x0
884,hipStreamSynchronize,3075363,3075382,815468115883990,815468118188559,2304569,1,stream,0x7ec97c0010b0,,,,,,,,,,,,,,,0x0
183,hipLaunchKernel,3075363,3075381,815468118183722,815468118212004,28282,6,func,0x7f09e13f1280,gridDim,0x13600000136,blockDim,0x1,args,0x2000000020,sharedMemBytes,0x1,unknown,0x0,,,,,0x0
203,hipLaunchKernel,3075363,3075382,815468118203070,815468118242258,39188,6,func,0x7f09e13f1280,gridDim,0x13600000136,blockDim,0x1,args,0x2000000020,sharedMemBytes,0x1,unknown,0x0,,,,,0x0
228,hipGetLastError,3075363,3075381,815468118227917,815468118250761,22844,1,none,0x7f09dff28e40,,,,,,,,,,,,,,,0x0
265,hipGetLastError,3075363,3075382,815468118265283,815468118285352,20069,1,none,0x7f09dff28e40,,,,,,,,,,,,,,,0x0
267,hipLaunchKernel,3075363,3075381,815468118267045,815468118297540,30495,6,func,0x7f09e13f1280,gridDim,0x13600000136,blockDim,0x1,args,0x2000000020,sharedMemBytes,0x1,unknown,0x0,,,,,0x0
310,hipGetLastError,3075363,3075381,815468118310570,815468118326984,16414,1,none,0x7f09dff28e40,,,,,,,,,,,,,,,0x0
304,hipLaunchKernel,3075363,3075382,815468118304551,815468118335226,30675,6,func,0x7f09e13f1280,gridDim,0x13600000136,blockDim,0x1,args,0x2000000020,sharedMemBytes,0x1,unknown,0x0,,,,,0x0
352,hipGetLastError,3075363,3075382,815468118352302,815468118368776,16474,1,none,0x7f09dff28e40,,,,,,,,,,,,,,,0x0
349,hipLaunchKernel,3075363,3075381,815468118348997,815468118370819,21822,6,func,0x7f09e13f1280,gridDim,0x13600000136,blockDim,0x1,args,0x2000000020,sharedMemBytes,0x1,unknown,0x0,,,,,0x0
386,hipGetLastError,3075363,3075381,815468118386472,815468118408074,21602,1,none,0x7f09dff28e40,,,,,,,,,,,,,,,0x0
385,hipLaunchKernel,3075363,3075382,815468118385731,815468118415586,29855,6,func,0x7f09e13f1280,gridDim,0x13600000136,blockDim,0x1,args,0x2000000020,sharedMemBytes,0x1,unknown,0x0,,,,,0x0
431,hipGetLastError,3075363,3075382,815468118430928,815468118453081,22153,1,none,0x7f09dff28e40,,,,,,,,,,,,,,,0x0
430,hipLaunchKernel,3075363,3075381,815468118430027,815468118456606,26579,6,func,0x7f09e13f1280,gridDim,0x13600000136,blockDim,0x1,args,0x2000000020,sharedMemBytes,0x1,unknown,0x0,,,,,0x0
475,hipGetLastError,3075363,3075381,815468118475394,815468118492660,17266,1,none,0x7f09dff28e40,,,,,,,,,,,,,,,0x0
474,hipLaunchKernel,3075363,3075382,815468118474193,815468118498969,24776,6,func,0x7f09e13f1280,gridDim,0x13600000136,blockDim,0x1,args,0x2000000020,sharedMemBytes,0x1,unknown,0x0,,,,,0x0
515,hipGetLastError,3075363,3075382,815468118515033,815468118536585,21552,1,none,0x7f09dff28e40,,,,,,,,,,,,,,,0x0
514,hipLaunchKernel,3075363,3075381,815468118514683,815468118543365,28682,6,func,0x7f09e13f1280,gridDim,0x13600000136,blockDim,0x1,args,0x2000000020,sharedMemBytes,0x1,unknown,0x0,,,,,0x0
563,hipGetLastError,3075363,3075381,815468118563124,815468118580150,17026,1,none,0x7f09dff28e40,,,,,,,,,,,,,,,0x0
560,hipLaunchKernel,3075363,3075382,815468118560751,815468118584296,23545,6,func,0x7f09e13f1280,gridDim,0x13600000136,blockDim,0x1,args,0x2000000020,sharedMemBytes,0x1,unknown,0x0,,,,,0x0
602,hipGetLastError,3075363,3075382,815468118601922,815468118618006,16084,1,none,0x7f09dff28e40,,,,,,,,,,,,,,,0x0
599,hipLaunchKernel,3075363,3075381,815468118599198,815468118619979,20781,6,func,0x7f09e13f1280,gridDim,0x13600000136,blockDim,0x1,args,0x2000000020,sharedMemBytes,0x1,unknown,0x0,,,,,0x0
637,hipGetLastError,3075363,3075381,815468118637725,815468118654190,16465,1,none,0x7f09dff28e40,,,,,,,,,,,,,,,0x0
639,hipLaunchKernel,3075363,3075382,815468118639167,815468118662071,22904,6,func,0x7f09e13f1280,gridDim,0x13600000136,blockDim,0x1,args,0x2000000020,sharedMemBytes,0x1,unknown,0x0,,,,,0x0
677,hipGetLastError,3075363,3075382,815468118677184,815468118698475,21291,1,none,0x7f09dff28e40,,,,,,,,,,,,,,,0x0
672,hipLaunchKernel,3075363,3075381,815468118672677,815468118702051,29374,6,func,0x7f09e13f1280,gridDim,0x13600000136,blockDim,0x1,args,0x2000000020,sharedMemBytes,0x1,unknown,0x0,,,,,0x0
718,hipGetLastError,3075363,3075381,815468118718485,815468118738324,19839,1,none,0x7f09dff28e40,,,,,,,,,,,,,,,0x0
717,hipLaunchKernel,3075363,3075382,815468118716993,815468118742050,25057,6,func,0x7f09e13f1280,gridDim,0x13600000136,blockDim,0x1,args,0x2000000020,sharedMemBytes,0x1,unknown,0x0,,,,,0x0
758,hipGetLastError,3075363,3075382,815468118758014,815468118780026,22012,1,none,0x7f09dff28e40,,,,,,,,,,,,,,,0x0
757,hipLaunchKernel,3075363,3075381,815468118757683,815468118781679,23996,6,func,0x7f09e13f1280,gridDim,0x13600000136,blockDim,0x1,args,0x2000000020,sharedMemBytes,0x1,unknown,0x0,,,,,0x0
797,hipGetLastError,3075363,3075381,815468118797412,815468118813686,16274,1,none,0x7f09dff28e40,,,,,,,,,,,,,,,0x0
800,hipLaunchKernel,3075363,3075382,815468118799976,815468118821608,21632,6,func,0x7f09e13f1280,gridDim,0x13600000136,blockDim,0x1,args,0x2000000020,sharedMemBytes,0x1,unknown,0x0,,,,,0x0
833,hipGetLastError,3075363,3075382,815468118833095,815468118849329,16234,1,none,0x7f09dff28e40,,,,,,,,,,,,,,,0x0
836,hipLaunchKernel,3075363,3075381,815468118836290,815468118862659,26369,6,func,0x7f09e13f1280,gridDim,0x13600000136,blockDim,0x1,args,0x2000000020,sharedMemBytes,0x1,unknown,0x0,,,,,0x0
877,hipGetLastError,3075363,3075381,815468118877451,815468118892914,15463,1,none,0x7f09dff28e40,,,,,,,,,,,,,,,0x0
873,hipLaunchKernel,3075363,3075382,815468118872974,815468118902578,29604,6,func,0x7f09e13f1280,gridDim,0x13600000136,blockDim,0x1,args,0x2000000020,sharedMemBytes,0x1,unknown,0x0,,,,,0x0
915,hipGetLastError,3075363,3075382,815468118915117,815468118930510,15393,1,none,0x7f09dff28e40,,,,,,,,,,,,,,,0x0
919,hipLaunchKernel,3075363,3075381,815468118918922,815468118946083,27161,6,func,0x7f09e13f1280,gridDim,0x13600000136,blockDim,0x1,args,0x2000000020,sharedMemBytes,0x1,unknown,0x0,,,,,0x0
953,hipLaunchKernel,3075363,3075382,815468118953564,815468118976077,22513,6,func,0x7f09e13f1280,gridDim,0x13600000136,blockDim,0x1,args,0x2000000020,sharedMemBytes,0x1,unknown,0x0,,,,,0x0
968,hipGetLastError,3075363,3075381,815468118968786,815468118994855,26069,1,none,0x7f09dff28e40,,,,,,,,,,,,,,,0x0
997,hipGetLastError,3075363,3075382,815468118996958,815468119019161,22203,1,none,0x7f09dff28e40,,,,,,,,,,,,,,,0x0
19,hipStreamSynchronize,3075363,3075381,815468119018981,815468121411340,2392359,1,stream,0x7ec9800010b0,,,,,,,,,,,,,,,0x0
39,hipStreamSynchronize,3075363,3075382,815468119039441,815468121463518,2424077,1,stream,0x7ec97c0010b0,,,,,,,,,,,,,,,0x0
444,hipLaunchKernel,3075363,3075381,815468121444309,815468121488615,44306,6,func,0x7f09e13f1280,gridDim,0x13600000136,blockDim,0x1,args,0x2000000020,sharedMemBytes,0x1,unknown,0x0,,,,,0x0
490,hipLaunchKernel,3075363,3075382,815468121489967,815468121520011,30044,6,func,0x7f09e13f1280,gridDim,0x13600000136,blockDim,0x1,args,0x2000000020,sharedMemBytes,0x1,unknown,0x0,,,,,0x0
510,hipGetLastError,3075363,3075381,815468121510547,815468121537668,27121,1,none,0x7f09dff28e40,,,,,,,,,,,,,,,0x0
532,hipGetLastError,3075363,3075382,815468121532760,815468121552990,20230,1,none,0x7f09dff28e40,,,,,,,,,,,,,,,0x0
554,hipLaunchKernel,3075363,3075381,815468121554352,815468121584858,30506,6,func,0x7f09e13f1280,gridDim,0x13600000136,blockDim,0x1,args,0x2000000020,sharedMemBytes,0x1,unknown,0x0,,,,,0x0
578,hipLaunchKernel,3075363,3075382,815468121578118,815468121606039,27921,6,func,0x7f09e13f1280,gridDim,0x13600000136,blockDim,0x1,args,0x2000000020,sharedMemBytes,0x1,unknown,0x0,,,,,0x0
596,hipGetLastError,3075363,3075381,815468121596625,815468121618598,21973,1,none,0x7f09dff28e40,,,,,,,,,,,,,,,0x0
629,hipGetLastError,3075363,3075382,815468121629804,815468121650265,20461,1,none,0x7f09dff28e40,,,,,,,,,,,,,,,0x0
631,hipLaunchKernel,3075363,3075381,815468121631477,815468121652137,20660,6,func,0x7f09e13f1280,gridDim,0x13600000136,blockDim,0x1,args,0x2000000020,sharedMemBytes,0x1,unknown,0x0,,,,,0x0
673,hipGetLastError,3075363,3075381,815468121673109,815468121693869,20760,1,none,0x7f09dff28e40,,,,,,,,,,,,,,,0x0
674,hipLaunchKernel,3075363,3075382,815468121674551,815468121695752,21201,6,func,0x7f09e13f1280,gridDim,0x13600000136,blockDim,0x1,args,0x2000000020,sharedMemBytes,0x1,unknown,0x0,,,,,0x0
711,hipGetLastError,3075363,3075382,815468121711906,815468121731565,19659,1,none,0x7f09dff28e40,,,,,,,,,,,,,,,0x0
712,hipLaunchKernel,3075363,3075381,815468121712507,815468121734910,22403,6,func,0x7f09e13f1280,gridDim,0x13600000136,blockDim,0x1,args,0x2000000020,sharedMemBytes,0x1,unknown,0x0,,,,,0x0
748,hipGetLastError,3075363,3075381,815468121748060,815468121766848,18788,1,none,0x7f09dff28e40,,,,,,,,,,,,,,,0x0
751,hipLaunchKernel,3075363,3075382,815468121751625,815468121773337,21712,6,func,0x7f09e13f1280,gridDim,0x13600000136,blockDim,0x1,args,0x2000000020,sharedMemBytes,0x1,unknown,0x0,,,,,0x0
789,hipGetLastError,3075363,3075382,815468121789101,815468121806016,16915,1,none,0x7f09dff28e40,,,,,,,,,,,,,,,0x0
787,hipLaunchKernel,3075363,3075381,815468121787659,815468121810252,22593,6,func,0x7f09e13f1280,gridDim,0x13600000136,blockDim,0x1,args,0x2000000020,sharedMemBytes,0x1,unknown,0x0,,,,,0x0
829,hipGetLastError,3075363,3075381,815468121829571,815468121849130,19559,1,none,0x7f09dff28e40,,,,,,,,,,,,,,,0x0
830,hipLaunchKernel,3075363,3075382,815468121830853,815468121856581,25728,6,func,0x7f09e13f1280,gridDim,0x13600000136,blockDim,0x1,args,0x2000000020,sharedMemBytes,0x1,unknown,0x0,,,,,0x0
871,hipGetLastError,3075363,3075382,815468121871463,815468121890081,18618,1,none,0x7f09dff28e40,,,,,,,,,,,,,,,0x0
873,hipLaunchKernel,3075363,3075381,815468121873205,815468121897461,24256,6,func,0x7f09e13f1280,gridDim,0x13600000136,blockDim,0x1,args,0x2000000020,sharedMemBytes,0x1,unknown,0x0,,,,,0x0
909,hipGetLastError,3075363,3075381,815468121909279,815468121928678,19399,1,none,0x7f09dff28e40,,,,,,,,,,,,,,,0x0
912,hipLaunchKernel,3075363,3075382,815468121912824,815468121935368,22544,6,func,0x7f09e13f1280,gridDim,0x13600000136,blockDim,0x1,args,0x2000000020,sharedMemBytes,0x1,unknown,0x0,,,,,0x0
946,hipGetLastError,3075363,3075382,815468121946685,815468121967435,20750,1,none,0x7f09dff28e40,,,,,,,,,,,,,,,0x0
948,hipLaunchKernel,3075363,3075381,815468121948818,815468121971301,22483,6,func,0x7f09e13f1280,gridDim,0x13600000136,blockDim,0x1,args,0x2000000020,sharedMemBytes,0x1,unknown,0x0,,,,,0x0
988,hipGetLastError,3075363,3075381,815468121988577,815468122007755,19178,1,none,0x7f09dff28e40,,,,,,,,,,,,,,,0x0
989,hipLaunchKernel,3075363,3075382,815468121989348,815468122012202,22854,6,func,0x7f09e13f1280,gridDim,0x13600000136,blockDim,0x1,args,0x2000000020,sharedMemBytes,0x1,unknown,0x0,,,,,0x0
27,hipGetLastError,3075363,3075382,815468122027244,815468122043388,16144,1,none,0x7f09dff28e40,,,,,,,,,,,,,,,0x0
30,hipLaunchKernel,3075363,3075381,815468122030549,815468122057669,27120,6,func,0x7f09e13f1280,gridDim,0x13600000136,blockDim,0x1,args,0x2000000020,sharedMemBytes,0x1,unknown,0x0,,,,,0x0
64,hipLaunchKernel,3075363,3075382,815468122064189,815468122090518,26329,6,func,0x7f09e13f1280,gridDim,0x13600000136,blockDim,0x1,args,0x2000000020,sharedMemBytes,0x1,unknown,0x0,,,,,0x0
81,hipGetLastError,3075363,3075381,815468122080984,815468122106071,25087,1,none,0x7f09dff28e40,,,,,,,,,,,,,,,0x0
117,hipGetLastError,3075363,3075382,815468122117238,815468122135665,18427,1,none,0x7f09dff28e40,,,,,,,,,,,,,,,0x0
122,hipLaunchKernel,3075363,3075381,815468122122886,815468122147543,24657,6,func,0x7f09e13f1280,gridDim,0x13600000136,blockDim,0x1,args,0x2000000020,sharedMemBytes,0x1,unknown,0x0,,,,,0x0
161,hipGetLastError,3075363,3075381,815468122161734,815468122181783,20049,1,none,0x7f09dff28e40,,,,,,,,,,,,,,,0x0
165,hipLaunchKernel,3075363,3075382,815468122164998,815468122189445,24447,6,func,0x7f09e13f1280,gridDim,0x13600000136,blockDim,0x1,args,0x2000000020,sharedMemBytes,0x1,unknown,0x0,,,,,0x0
208,hipGetLastError,3075363,3075382,815468122207972,815468122230976,23004,1,none,0x7f09dff28e40,,,,,,,,,,,,,,,0x0
207,hipLaunchKernel,3075363,3075381,815468122207491,815468122234281,26790,6,func,0x7f09e13f1280,gridDim,0x13600000136,blockDim,0x1,args,0x2000000020,sharedMemBytes,0x1,unknown,0x0,,,,,0x0
250,hipGetLastError,3075363,3075381,815468122250315,815468122268542,18227,1,none,0x7f09dff28e40,,,,,,,,,,,,,,,0x0
254,hipLaunchKernel,3075363,3075382,815468122254531,815468122279729,25198,6,func,0x7f09e13f1280,gridDim,0x13600000136,blockDim,0x1,args,0x2000000020,sharedMemBytes,0x1,unknown,0x0,,,,,0x0
295,hipGetLastError,3075363,3075382,815468122295632,815468122313128,17496,1,none,0x7f09dff28e40,,,,,,,,,,,,,,,0x0
289,hipStreamSynchronize,3075363,3075381,815468122289333,815468124668663,2379330,1,stream,0x7ec9800010b0,,,,,,,,,,,,,,,0x0
333,hipStreamSynchronize,3075363,3075382,815468122333298,815468124721992,2388694,1,stream,0x7ec97c0010b0,,,,,,,,,,,,,,,0x0
702,hipLaunchKernel,3075363,3075381,815468124702273,815468124743083,40810,6,func,0x7f09e13f1280,gridDim,0x13600000136,blockDim,0x1,args,0x2000000020,sharedMemBytes,0x1,unknown,0x0,,,,,0x0
751,hipLaunchKernel,3075363,3075382,815468124751696,815468124777244,25548,6,func,0x7f09e13f1280,gridDim,0x13600000136,blockDim,0x1,args,0x2000000020,sharedMemBytes,0x1,unknown,0x0,,,,,0x0
762,hipGetLastError,3075363,3075381,815468124762392,815468124782852,20460,1,none,0x7f09dff28e40,,,,,,,,,,,,,,,0x0
802,hipGetLastError,3075363,3075382,815468124802061,815468124822061,20000,1,none,0x7f09dff28e40,,,,,,,,,,,,,,,0x0
803,hipLaunchKernel,3075363,3075381,815468124802932,815468124835180,32248,6,func,0x7f09e13f1280,gridDim,0x13600000136,blockDim,0x1,args,0x2000000020,sharedMemBytes,0x1,unknown,0x0,,,,,0x0
848,hipGetLastError,3075363,3075381,815468124848099,815468124863702,15603,1,none,0x7f09dff28e40,,,,,,,,,,,,,,,0x0
841,hipLaunchKernel,3075363,3075382,815468124841740,815468124871955,30215,6,func,0x7f09e13f1280,gridDim,0x13600000136,blockDim,0x1,args,0x2000000020,sharedMemBytes,0x1,unknown,0x0,,,,,0x0
885,hipLaunchKernel,3075363,3075381,815468124885725,815468124910031,24306,6,func,0x7f09e13f1280,gridDim,0x13600000136,blockDim,0x1,args,0x2000000020,sharedMemBytes,0x1,unknown,0x0,,,,,0x0
891,hipGetLastError,3075363,3075382,815468124891083,815468124910943,19860,1,none,0x7f09dff28e40,,,,,,,,,,,,,,,0x0
926,hipGetLastError,3075363,3075381,815468124926385,815468124947226,20841,1,none,0x7f09dff28e40,,,,,,,,,,,,,,,0x0
930,hipLaunchKernel,3075363,3075382,815468124929901,815468124954407,24506,6,func,0x7f09e13f1280,gridDim,0x13600000136,blockDim,0x1,args,0x2000000020,sharedMemBytes,0x1,unknown,0x0,,,,,0x0
968,hipGetLastError,3075363,3075382,815468124968838,815468124988718,19880,1,none,0x7f09dff28e40,,,,,,,,,,,,,,,0x0
970,hipLaunchKernel,3075363,3075381,815468124970361,815468124996319,25958,6,func,0x7f09e13f1280,gridDim,0x13600000136,blockDim,0x1,args,0x2000000020,sharedMemBytes,0x1,unknown,0x0,,,,,0x0
12,hipGetLastError,3075363,3075381,815468125012804,815468125031752,18948,1,none,0x7f09dff28e40,,,,,,,,,,,,,,,0x0
13,hipLaunchKernel,3075363,3075382,815468125013044,815468125035607,22563,6,func,0x7f09e13f1280,gridDim,0x13600000136,blockDim,0x1,args,0x2000000020,sharedMemBytes,0x1,unknown,0x0,,,,,0x0
52,hipGetLastError,3075363,3075382,815468125052873,815468125077219,24346,1,none,0x7f09dff28e40,,,,,,,,,,,,,,,0x0
52,hipGetLastError,3075363,3075382,815468125052873,815468125077630,24757,1,none,0x7f09dff28e40,,,,,,,,,,,,,,,0x0
99,hipGetLastError,3075363,3075381,815468125099322,815468125122416,23094,1,none,0x7f09dff28e40,,,,,,,,,,,,,,,0x0
99,hipGetLastError,3075363,3075381,815468125099322,815468125129497,30175,1,none,0x7f09dff28e40,,,,,,,,,,,,,,,0x0
142,hipGetLastError,3075363,3075382,815468125142125,815468125157929,15804,1,none,0x7f09dff28e40,,,,,,,,,,,,,,,0x0
145,hipLaunchKernel,3075363,3075381,815468125145671,815468125173682,28011,6,func,0x7f09e13f1280,gridDim,0x13600000136,blockDim,0x1,args,0x2000000020,sharedMemBytes,0x1,unknown,0x0,,,,,0x0
176,hipLaunchKernel,3075363,3075382,815468125176446,815468125202275,25829,6,func,0x7f09e13f1280,gridDim,0x13600000136,blockDim,0x1,args,0x2000000020,sharedMemBytes,0x1,unknown,0x0,,,,,0x0
194,hipGetLastError,3075363,3075381,815468125193942,815468125223907,29965,1,none,0x7f09dff28e40,,,,,,,,,,,,,,,0x0
225,hipGetLastError,3075363,3075382,815468125225429,815468125242625,17196,1,none,0x7f09dff28e40,,,,,,,,,,,,,,,0x0
240,hipLaunchKernel,3075363,3075381,815468125240391,815468125266530,26139,6,func,0x7f09e13f1280,gridDim,0x13600000136,blockDim,0x1,args,0x2000000020,sharedMemBytes,0x1,unknown,0x0,,,,,0x0
261,hipLaunchKernel,3075363,3075382,815468125261402,815468125288743,27341,6,func,0x7f09e13f1280,gridDim,0x13600000136,blockDim,0x1,args,0x2000000020,sharedMemBytes,0x1,unknown,0x0,,,,,0x0
283,hipGetLastError,3075363,3075381,815468125283275,815468125308713,25438,1,none,0x7f09dff28e40,,,,,,,,,,,,,,,0x0
309,hipGetLastError,3075363,3075382,815468125309904,815468125327120,17216,1,none,0x7f09dff28e40,,,,,,,,,,,,,,,0x0
324,hipLaunchKernel,3075363,3075381,815468125324546,815468125355001,30455,6,func,0x7f09e13f1280,gridDim,0x13600000136,blockDim,0x1,args,0x2000000020,sharedMemBytes,0x1,unknown,0x0,,,,,0x0
347,hipLaunchKernel,3075363,3075382,815468125347630,815468125381050,33420,6,func,0x7f09e13f1280,gridDim,0x13600000136,blockDim,0x1,args,0x2000000020,sharedMemBytes,0x1,unknown,0x0,,,,,0x0
371,hipGetLastError,3075363,3075381,815468125371145,815468125390935,19790,1,none,0x7f09dff28e40,,,,,,,,,,,,,,,0x0
406,hipGetLastError,3075363,3075382,815468125406057,815468125424404,18347,1,none,0x7f09dff28e40,,,,,,,,,,,,,,,0x0
403,hipLaunchKernel,3075363,3075381,815468125403854,815468125431975,28121,6,func,0x7f09e13f1280,gridDim,0x13600000136,blockDim,0x1,args,0x2000000020,sharedMemBytes,0x1,unknown,0x0,,,,,0x0
446,hipGetLastError,3075363,3075381,815468125446247,815468125465335,19088,1,none,0x7f09dff28e40,,,,,,,,,,,,,,,0x0
445,hipLaunchKernel,3075363,3075382,815468125445455,815468125471434,25979,6,func,0x7f09e13f1280,gridDim,0x13600000136,blockDim,0x1,args,0x2000000020,sharedMemBytes,0x1,unknown,0x0,,,,,0x0
484,hipGetLastError,3075363,3075382,815468125484503,815468125504022,19519,1,none,0x7f09dff28e40,,,,,,,,,,,,,,,0x0
488,hipLaunchKernel,3075363,3075381,815468125487929,815468125510762,22833,6,func,0x7f09e13f1280,gridDim,0x13600000136,blockDim,0x1,args,0x2000000020,sharedMemBytes,0x1,unknown,0x0,,,,,0x0
522,hipGetLastError,3075363,3075381,815468125522540,815468125538083,15543,1,none,0x7f09dff28e40,,,,,,,,,,,,,,,0x0
527,hipLaunchKernel,3075363,3075382,815468125527006,815468125556771,29765,6,func,0x7f09e13f1280,gridDim,0x13600000136,blockDim,0x1,args,0x2000000020,sharedMemBytes,0x1,unknown,0x0,,,,,0x0
576,hipGetLastError,3075363,3075382,815468125576860,815468125605533,28673,1,none,0x7f09dff28e40,,,,,,,,,,,,,,,0x0
556,hipStreamSynchronize,3075363,3075381,815468125556070,815468127912706,2356636,1,stream,0x7ec9800010b0,,,,,,,,,,,,,,,0x0
631,hipStreamSynchronize,3075363,3075382,815468125631081,815468127938494,2307413,1,stream,0x7ec97c0010b0,,,,,,,,,,,,,,,0x0
946,hipLaunchKernel,3075363,3075381,815468127946326,815468127971283,24957,6,func,0x7f09e13f1280,gridDim,0x13600000136,blockDim,0x1,args,0x2000000020,sharedMemBytes,0x1,unknown,0x0,,,,,0x0
958,hipLaunchKernel,3075363,3075382,815468127958344,815468127999174,40830,6,func,0x7f09e13f1280,gridDim,0x13600000136,blockDim,0x1,args,0x2000000020,sharedMemBytes,0x1,unknown,0x0,,,,,0x0
989,hipGetLastError,3075363,3075381,815468127989590,815468128019174,29584,1,none,0x7f09dff28e40,,,,,,,,,,,,,,,0x0
34,hipGetLastError,3075363,3075382,815468128034126,815468128053064,18938,1,none,0x7f09dff28e40,,,,,,,,,,,,,,,0x0
32,hipLaunchKernel,3075363,3075381,815468128032664,815468128060515,27851,6,func,0x7f09e13f1280,gridDim,0x13600000136,blockDim,0x1,args,0x2000000020,sharedMemBytes,0x1,unknown,0x0,,,,,0x0
73,hipGetLastError,3075363,3075381,815468128073645,815468128094566,20921,1,none,0x7f09dff28e40,,,,,,,,,,,,,,,0x0
73,hipGetLastError,3075363,3075381,815468128073645,815468128099483,25838,1,none,0x7f09dff28e40,,,,,,,,,,,,,,,0x0
115,hipGetLastError,3075363,3075382,815468128115767,815468128133533,17766,1,none,0x7f09dff28e40,,,,,,,,,,,,,,,0x0
113,hipLaunchKernel,3075363,3075381,815468128113484,815468128140243,26759,6,func,0x7f09e13f1280,gridDim,0x13600000136,blockDim,0x1,args,0x2000000020,sharedMemBytes,0x1,unknown,0x0,,,,,0x0
152,hipGetLastError,3075363,3075381,815468128152191,815468128173613,21422,1,none,0x7f09dff28e40,,,,,,,,,,,,,,,0x0
151,hipLaunchKernel,3075363,3075382,815468128151390,815468128179401,28011,6,func,0x7f09e13f1280,gridDim,0x13600000136,blockDim,0x1,args,0x2000000020,sharedMemBytes,0x1,unknown,0x0,,,,,0x0
195,hipGetLastError,3075363,3075382,815468128195435,815468128214744,19309,1,none,0x7f09dff28e40,,,,,,,,,,,,,,,0x0
197,hipLaunchKernel,3075363,3075381,815468128197749,815468128222656,24907,6,func,0x7f09e13f1280,gridDim,0x13600000136,blockDim,0x1,args,0x2000000020,sharedMemBytes,0x1,unknown,0x0,,,,,0x0
237,hipGetLastError,3075363,3075381,815468128237388,815468128257828,20440,1,none,0x7f09dff28e40,,,,,,,,,,,,,,,0x0
236,hipLaunchKernel,3075363,3075382,815468128236306,815468128262315,26009,6,func,0x7f09e13f1280,gridDim,0x13600000136,blockDim,0x1,args,0x2000000020,sharedMemBytes,0x1,unknown,0x0,,,,,0x0
275,hipGetLastError,3075363,3075382,815468128275003,815468128295744,20741,1,none,0x7f09dff28e40,,,,,,,,,,,,,,,0x0
277,hipLaunchKernel,3075363,3075381,815468128277777,815468128299099,21322,6,func,0x7f09e13f1280,gridDim,0x13600000136,blockDim,0x1,args,0x2000000020,sharedMemBytes,0x1,unknown,0x0,,,,,0x0
316,hipGetLastError,3075363,3075381,815468128316625,815468128338928,22303,1,none,0x7f09dff28e40,,,,,,,,,,,,,,,0x0
320,hipLaunchKernel,3075363,3075382,815468128320391,815468128345298,24907,6,func,0x7f09e13f1280,gridDim,0x13600000136,blockDim,0x1,args,0x2000000020,sharedMemBytes,0x1,unknown,0x0,,,,,0x0
362,hipGetLastError,3075363,3075382,815468128362253,815468128386088,23835,1,none,0x7f09dff28e40,,,,,,,,,,,,,,,0x0
361,hipLaunchKernel,3075363,3075381,815468128361832,815468128389093,27261,6,func,0x7f09e13f1280,gridDim,0x13600000136,blockDim,0x1,args,0x2000000020,sharedMemBytes,0x1,unknown,0x0,,,,,0x0
407,hipGetLastError,3075363,3075381,815468128407560,815468128427860,20300,1,none,0x7f09dff28e40,,,,,,,,,,,,,,,0x0
410,hipLaunchKernel,3075363,3075382,815468128409923,815468128435121,25198,6,func,0x7f09e13f1280,gridDim,0x13600000136,blockDim,0x1,args,0x2000000020,sharedMemBytes,0x1,unknown,0x0,,,,,0x0
448,hipGetLastError,3075363,3075382,815468128448781,815468128471915,23134,1,none,0x7f09dff28e40,,,,,,,,,,,,,,,0x0
448,hipGetLastError,3075363,3075382,815468128448781,815468128476202,27421,1,none,0x7f09dff28e40,,,,,,,,,,,,,,,0x0
495,hipGetLastError,3075363,3075381,815468128495691,815468128512225,16534,1,none,0x7f09dff28e40,,,,,,,,,,,,,,,0x0
496,hipLaunchKernel,3075363,3075382,815468128496282,815468128518124,21842,6,func,0x7f09e13f1280,gridDim,0x13600000136,blockDim,0x1,args,0x2000000020,sharedMemBytes,0x1,unknown,0x0,,,,,0x0
534,hipGetLastError,3075363,3075382,815468128534228,815468128550612,16384,1,none,0x7f09dff28e40,,,,,,,,,,,,,,,0x0
532,hipLaunchKernel,3075363,3075381,815468128532245,815468128554919,22674,6,func,0x7f09e13f1280,gridDim,0x13600000136,blockDim,0x1,args,0x2000000020,sharedMemBytes,0x1,unknown,0x0,,,,,0x0
571,hipGetLastError,3075363,3075381,815468128571043,815468128591353,20310,1,none,0x7f09dff28e40,,,,,,,,,,,,,,,0x0
573,hipLaunchKernel,3075363,3075382,815468128573516,815468128595419,21903,6,func,0x7f09e13f1280,gridDim,0x13600000136,blockDim,0x1,args,0x2000000020,sharedMemBytes,0x1,unknown,0x0,,,,,0x0
616,hipGetLastError,3075363,3075382,815468128616650,815468128635358,18708,1,none,0x7f09dff28e40,,,,,,,,,,,,,,,0x0
616,hipGetLastError,3075363,3075382,815468128616650,815468128642308,25658,1,none,0x7f09dff28e40,,,,,,,,,,,,,,,0x0
654,hipGetLastError,3075363,3075381,815468128653966,815468128676168,22202,1,none,0x7f09dff28e40,,,,,,,,,,,,,,,0x0
653,hipLaunchKernel,3075363,3075382,815468128653645,815468128681226,27581,6,func,0x7f09e13f1280,gridDim,0x13600000136,blockDim,0x1,args,0x2000000020,sharedMemBytes,0x1,unknown,0x0,,,,,0x0
698,hipGetLastError,3075363,3075382,815468128698131,815468128718571,20440,1,none,0x7f09dff28e40,,,,,,,,,,,,,,,0x0
701,hipLaunchKernel,3075363,3075381,815468128701857,815468128728376,26519,6,func,0x7f09e13f1280,gridDim,0x13600000136,blockDim,0x1,args,0x2000000020,sharedMemBytes,0x1,unknown,0x0,,,,,0x0
741,hipGetLastError,3075363,3075381,815468128741135,815468128762016,20881,1,none,0x7f09dff28e40,,,,,,,,,,,,,,,0x0
737,hipLaunchKernel,3075363,3075382,815468128737880,815468128761976,24096,6,func,0x7f09e13f1280,gridDim,0x13600000136,blockDim,0x1,args,0x2000000020,sharedMemBytes,0x1,unknown,0x0,,,,,0x0
782,hipGetLastError,3075363,3075382,815468128782586,815468128803097,20511,1,none,0x7f09dff28e40,,,,,,,,,,,,,,,0x0
783,hipStreamSynchronize,3075363,3075381,815468128783438,815468131108557,2325119,1,stream,0x7ec9800010b0,,,,,,,,,,,,,,,0x0
823,hipStreamSynchronize,3075363,3075382,815468128822976,815468131144150,2321174,1,stream,0x7ec97c0010b0,,,,,,,,,,,,,,,0x0
141,hipLaunchKernel,3075363,3075381,815468131141496,815468131173183,31687,6,func,0x7f09e13f1280,gridDim,0x13600000136,blockDim,0x1,args,0x2000000020,sharedMemBytes,0x1,unknown,0x0,,,,,0x0
169,hipLaunchKernel,3075363,3075382,815468131169467,815468131201805,32338,6,func,0x7f09e13f1280,gridDim,0x13600000136,blockDim,0x1,args,0x2000000020,sharedMemBytes,0x1,unknown,0x0,,,,,0x0
194,hipGetLastError,3075363,3075381,815468131193994,815468131215646,21652,1,none,0x7f09dff28e40,,,,,,,,,,,,,,,0x0
223,hipGetLastError,3075363,3075382,815468131223007,815468131247173,24166,1,none,0x7f09dff28e40,,,,,,,,,,,,,,,0x0
229,hipLaunchKernel,3075363,3075381,815468131228926,815468131254864,25938,6,func,0x7f09e13f1280,gridDim,0x13600000136,blockDim,0x1,args,0x2000000020,sharedMemBytes,0x1,unknown,0x0,,,,,0x0
268,hipGetLastError,3075363,3075381,815468131268084,815468131286661,18577,1,none,0x7f09dff28e40,,,,,,,,,,,,,,,0x0
271,hipLaunchKernel,3075363,3075382,815468131271258,815468131297948,26690,6,func,0x7f09e13f1280,gridDim,0x13600000136,blockDim,0x1,args,0x2000000020,sharedMemBytes,0x1,unknown,0x0,,,,,0x0
315,hipGetLastError,3075363,3075382,815468131315174,815468131331298,16124,1,none,0x7f09dff28e40,,,,,,,,,,,,,,,0x0
312,hipLaunchKernel,3075363,3075381,815468131312379,815468131338378,25999,6,func,0x7f09e13f1280,gridDim,0x13600000136,blockDim,0x1,args,0x2000000020,sharedMemBytes,0x1,unknown,0x0,,,,,0x0
354,hipGetLastError,3075363,3075381,815468131354262,815468131373781,19519,1,none,0x7f09dff28e40,,,,,,,,,,,,,,,0x0
355,hipLaunchKernel,3075363,3075382,815468131355123,815468131377626,22503,6,func,0x7f09e13f1280,gridDim,0x13600000136,blockDim,0x1,args,0x2000000020,sharedMemBytes,0x1,unknown,0x0,,,,,0x0
397,hipGetLastError,3075363,3075382,815468131397025,815468131418757,21732,1,none,0x7f09dff28e40,,,,,,,,,,,,,,,0x0
394,hipLaunchKernel,3075363,3075381,815468131394601,815468131424826,30225,6,func,0x7f09e13f1280,gridDim,0x13600000136,blockDim,0x1,args,0x2000000020,sharedMemBytes,0x1,unknown,0x0,,,,,0x0
442,hipGetLastError,3075363,3075381,815468131442753,815468131458266,15513,1,none,0x7f09dff28e40,,,,,,,,,,,,,,,0x0
445,hipLaunchKernel,3075363,3075382,815468131445637,815468131470634,24997,6,func,0x7f09e13f1280,gridDim,0x13600000136,blockDim,0x1,args,0x2000000020,sharedMemBytes,0x1,unknown,0x0,,,,,0x0
478,hipLaunchKernel,3075363,3075381,815468131478105,815468131501941,23836,6,func,0x7f09e13f1280,gridDim,0x13600000136,blockDim,0x1,args,0x2000000020,sharedMemBytes,0x1,unknown,0x0,,,,,0x0
485,hipGetLastError,3075363,3075382,815468131485827,815468131505816,19989,1,none,0x7f09dff28e40,,,,,,,,,,,,,,,0x0
524,hipGetLastError,3075363,3075381,815468131524304,815468131544674,20370,1,none,0x7f09dff28e40,,,,,,,,,,,,,,,0x0
525,hipLaunchKernel,3075363,3075382,815468131525566,815468131551985,26419,6,func,0x7f09e13f1280,gridDim,0x13600000136,blockDim,0x1,args,0x2000000020,sharedMemBytes,0x1,unknown,0x0,,,,,0x0
564,hipGetLastError,3075363,3075382,815468131564003,815468131579195,15192,1,none,0x7f09dff28e40,,,,,,,,,,,,,,,0x0
569,hipLaunchKernel,3075363,3075381,815468131568920,815468131590422,21502,6,func,0x7f09e13f1280,gridDim,0x13600000136,blockDim,0x1,args,0x2000000020,sharedMemBytes,0x1,unknown,0x0,,,,,0x0
607,hipGetLastError,3075363,3075381,815468131607487,815468131623441,15954,1,none,0x7f09dff28e40,,,,,,,,,,,,,,,0x0
601,hipLaunchKernel,3075363,3075382,815468131601488,815468131631763,30275,6,func,0x7f09e13f1280,gridDim,0x13600000136,blockDim,0x1,args,0x2000000020,sharedMemBytes,0x1,unknown,0x0,,,,,0x0
644,hipGetLastError,3075363,3075382,815468131643941,815468131660877,16936,1,none,0x7f09dff28e40,,,,,,,,,,,,,,,0x0
641,hipLaunchKernel,3075363,3075381,815468131641448,815468131663971,22523,6,func,0x7f09e13f1280,gridDim,0x13600000136,blockDim,0x1,args,0x2000000020,sharedMemBytes,0x1,unknown,0x0,,,,,0x0
680,hipGetLastError,3075363,3075381,815468131680776,815468131699283,18507,1,none,0x7f09dff28e40,,,,,,,,,,,,,,,0x0
680,hipGetLastError,3075363,3075381,815468131680776,815468131707456,26680,1,none,0x7f09dff28e40,,,,,,,,,,,,,,,0x0
727,hipGetLastError,3075363,3075382,815468131726995,815468131746353,19358,1,none,0x7f09dff28e40,,,,,,,,,,,,,,,0x0
720,hipLaunchKernel,3075363,3075381,815468131720685,815468131746954,26269,6,func,0x7f09e13f1280,gridDim,0x13600000136,blockDim,0x1,args,0x2000000020,sharedMemBytes,0x1,unknown,0x0,,,,,0x0
768,hipGetLastError,3075363,3075381,815468131768286,815468131789217,20931,1,none,0x7f09dff28e40,,,,,,,,,,,,,,,0x0
767,hipLaunchKernel,3075363,3075382,815468131767475,815468131791040,23565,6,func,0x7f09e13f1280,gridDim,0x13600000136,blockDim,0x1,args,0x2000000020,sharedMemBytes,0x1,unknown,0x0,,,,,0x0
806,hipGetLastError,3075363,3075382,815468131806893,815468131829757,22864,1,none,0x7f09dff28e40,,,,,,,,,,,,,,,0x0
809,hipLaunchKernel,3075363,3075381,815468131809517,815468131831540,22023,6,func,0x7f09e13f1280,gridDim,0x13600000136,blockDim,0x1,args,0x2000000020,sharedMemBytes,0x1,unknown,0x0,,,,,0x0
847,hipGetLastError,3075363,3075381,815468131847664,815468131868074,20410,1,none,0x7f09dff28e40,,,,,,,,,,,,,,,0x0
850,hipLaunchKernel,3075363,3075382,815468131850057,815468131870888,20831,6,func,0x7f09e13f1280,gridDim,0x13600000136,blockDim,0x1,args,0x2000000020,sharedMemBytes,0x1,unknown,0x0,,,,,0x0
884,hipGetLastError,3075363,3075382,815468131884268,815468131904879,20611,1,none,0x7f09dff28e40,,,,,,,,,,,,,,,0x0
888,hipLaunchKernel,3075363,3075381,815468131888464,815468131919510,31046,6,func,0x7f09e13f1280,gridDim,0x13600000136,blockDim,0x1,args,0x2000000020,sharedMemBytes,0x1,unknown,0x0,,,,,0x0
920,hipLaunchKernel,3075363,3075382,815468131920592,815468131950877,30285,6,func,0x7f09e13f1280,gridDim,0x13600000136,blockDim,0x1,args,0x2000000020,sharedMemBytes,0x1,unknown,0x0,,,,,0x0
940,hipGetLastError,3075363,3075381,815468131940361,815468131961202,20841,1,none,0x7f09dff28e40,,,,,,,,,,,,,,,0x0
973,hipGetLastError,3075363,3075382,815468131973681,815468131994702,21021,1,none,0x7f09dff28e40,,,,,,,,,,,,,,,0x0
974,hipStreamSynchronize,3075363,3075381,815468131974051,815468134303787,2329736,1,stream,0x7ec9800010b0,,,,,,,,,,,,,,,0x0
31,hipStreamSynchronize,3075363,3075382,815468132031396,815468134322285,2290889,1,stream,0x7ec97c0010b0,,,,,,,,,,,,,,,0x0
335,hipLaunchKernel,3075363,3075382,815468134335655,815468134360512,24857,6,func,0x7f09e13f1280,gridDim,0x13600000136,blockDim,0x1,args,0x2000000020,sharedMemBytes,0x1,unknown,0x0,,,,,0x0
337,hipLaunchKernel,3075363,3075381,815468134337758,815468134362034,24276,6,func,0x7f09e13f1280,gridDim,0x13600000136,blockDim,0x1,args,0x2000000020,sharedMemBytes,0x1,unknown,0x0,,,,,0x0
382,hipGetLastError,3075363,3075382,815468134382815,815468134396836,14021,1,none,0x7f09dff28e40,,,,,,,,,,,,,,,0x0
385,hipGetLastError,3075363,3075381,815468134385489,815468134404347,18858,1,none,0x7f09dff28e40,,,,,,,,,,,,,,,0x0
417,hipLaunchKernel,3075363,3075381,815468134417877,815468134441632,23755,6,func,0x7f09e13f1280,gridDim,0x13600000136,blockDim,0x1,args,0x2000000020,sharedMemBytes,0x1,unknown,0x0,,,,,0x0
416,hipLaunchKernel,3075363,3075382,815468134416475,815468134446349,29874,6,func,0x7f09e13f1280,gridDim,0x13600000136,blockDim,0x1,args,0x2000000020,sharedMemBytes,0x1,unknown,0x0,,,,,0x0
462,hipGetLastError,3075363,3075382,815468134462213,815468134477836,15623,1,none,0x7f09dff28e40,,,,,,,,,,,,,,,0x0
463,hipGetLastError,3075363,3075381,815468134463625,815468134483294,19669,1,none,0x7f09dff28e40,,,,,,,,,,,,,,,0x0
497,hipLaunchKernel,3075363,3075382,815468134497895,815468134519898,22003,6,func,0x7f09e13f1280,gridDim,0x13600000136,blockDim,0x1,args,0x2000000020,sharedMemBytes,0x1,unknown,0x0,,,,,0x0
496,hipLaunchKernel,3075363,3075381,815468134496674,815468134520619,23945,6,func,0x7f09e13f1280,gridDim,0x13600000136,blockDim,0x1,args,0x2000000020,sharedMemBytes,0x1,unknown,0x0,,,,,0x0
541,hipGetLastError,3075363,3075381,815468134541240,815468134554790,13550,1,none,0x7f09dff28e40,,,,,,,,,,,,,,,0x0
543,hipGetLastError,3075363,3075382,815468134543563,815468134563252,19689,1,none,0x7f09dff28e40,,,,,,,,,,,,,,,0x0
573,hipLaunchKernel,3075363,3075381,815468134573167,815468134598204,25037,6,func,0x7f09e13f1280,gridDim,0x13600000136,blockDim,0x1,args,0x2000000020,sharedMemBytes,0x1,unknown,0x0,,,,,0x0
582,hipLaunchKernel,3075363,3075382,815468134581990,815468134612485,30495,6,func,0x7f09e13f1280,gridDim,0x13600000136,blockDim,0x1,args,0x2000000020,sharedMemBytes,0x1,unknown,0x0,,,,,0x0
616,hipGetLastError,3075363,3075381,815468134616652,815468134636701,20049,1,none,0x7f09dff28e40,,,,,,,,,,,,,,,0x0
632,hipGetLastError,3075363,3075382,815468134632866,815468134660417,27551,1,none,0x7f09dff28e40,,,,,,,,,,,,,,,0x0
658,hipLaunchKernel,3075363,3075381,815468134657963,815468134683521,25558,6,func,0x7f09e13f1280,gridDim,0x13600000136,blockDim,0x1,args,0x2000000020,sharedMemBytes,0x1,unknown,0x0,,,,,0x0
675,hipLaunchKernel,3075363,3075382,815468134675729,815468134704873,29144,6,func,0x7f09e13f1280,gridDim,0x13600000136,blockDim,0x1,args,0x2000000020,sharedMemBytes,0x1,unknown,0x0,,,,,0x0
700,hipGetLastError,3075363,3075381,815468134700596,815468134727957,27361,1,none,0x7f09dff28e40,,,,,,,,,,,,,,,0x0
728,hipGetLastError,3075363,3075382,815468134728287,815468134749779,21492,1,none,0x7f09dff28e40,,,,,,,,,,,,,,,0x0
747,hipLaunchKernel,3075363,3075381,815468134747095,815468134773494,26399,6,func,0x7f09e13f1280,gridDim,0x13600000136,blockDim,0x1,args,0x2000000020,sharedMemBytes,0x1,unknown,0x0,,,,,0x0
765,hipLaunchKernel,3075363,3075382,815468134765803,815468134793704,27901,6,func,0x7f09e13f1280,gridDim,0x13600000136,blockDim,0x1,args,0x2000000020,sharedMemBytes,0x1,unknown,0x0,,,,,0x0
788,hipGetLastError,3075363,3075381,815468134788867,815468134809047,20180,1,none,0x7f09dff28e40,,,,,,,,,,,,,,,0x0
809,hipGetLastError,3075363,3075382,815468134808957,815468134831140,22183,1,none,0x7f09dff28e40,,,,,,,,,,,,,,,0x0
829,hipLaunchKernel,3075363,3075381,815468134829557,815468134859282,29725,6,func,0x7f09e13f1280,gridDim,0x13600000136,blockDim,0x1,args,0x2000000020,sharedMemBytes,0x1,unknown,0x0,,,,,0x0
855,hipLaunchKernel,3075363,3075382,815468134855386,815468134884970,29584,6,func,0x7f09e13f1280,gridDim,0x13600000136,blockDim,0x1,args,0x2000000020,sharedMemBytes,0x1,unknown,0x0,,,,,0x0
879,hipGetLastError,3075363,3075381,815468134879802,815468134899561,19759,1,none,0x7f09dff28e40,,,,,,,,,,,,,,,0x0
901,hipGetLastError,3075363,3075382,815468134901274,815468134919130,17856,1,none,0x7f09dff28e40,,,,,,,,,,,,,,,0x0
916,hipLaunchKernel,3075363,3075381,815468134916777,815468134943707,26930,6,func,0x7f09e13f1280,gridDim,0x13600000136,blockDim,0x1,args,0x2000000020,sharedMemBytes,0x1,unknown,0x0,,,,,0x0
938,hipLaunchKernel,3075363,3075382,815468134938649,815468134964067,25418,6,func,0x7f09e13f1280,gridDim,0x13600000136,blockDim,0x1,args,0x2000000020,sharedMemBytes,0x1,unknown,0x0,,,,,0x0
960,hipGetLastError,3075363,3075381,815468134960301,815468134982364,22063,1,none,0x7f09dff28e40,,,,,,,,,,,,,,,0x0
983,hipGetLastError,3075363,3075382,815468134983756,815468135001683,17927,1,none,0x7f09dff28e40,,,,,,,,,,,,,,,0x0
2,hipLaunchKernel,3075363,3075381,815468135002204,815468135029334,27130,6,func,0x7f09e13f1280,gridDim,0x13600000136,blockDim,0x1,args,0x2000000020,sharedMemBytes,0x1,unknown,0x0,,,,,0x0
20,hipLaunchKernel,3075363,3075382,815468135020351,815468135056634,36283,6,func,0x7f09e13f1280,gridDim,0x13600000136,blockDim,0x1,args,0x2000000020,sharedMemBytes,0x1,unknown,0x0,,,,,0x0
46,hipGetLastError,3075363,3075381,815468135046770,815468135066249,19479,1,none,0x7f09dff28e40,,,,,,,,,,,,,,,0x0
79,hipGetLastError,3075363,3075382,815468135079548,815468135095963,16415,1,none,0x7f09dff28e40,,,,,,,,,,,,,,,0x0
77,hipLaunchKernel,3075363,3075381,815468135077776,815468135104666,26890,6,func,0x7f09e13f1280,gridDim,0x13600000136,blockDim,0x1,args,0x2000000020,sharedMemBytes,0x1,unknown,0x0,,,,,0x0
112,hipLaunchKernel,3075363,3075382,815468135112758,815468135135481,22723,6,func,0x7f09e13f1280,gridDim,0x13600000136,blockDim,0x1,args,0x2000000020,sharedMemBytes,0x1,unknown,0x0,,,,,0x0
120,hipGetLastError,3075363,3075381,815468135120078,815468135148040,27962,1,none,0x7f09dff28e40,,,,,,,,,,,,,,,0x0
148,hipGetLastError,3075363,3075382,815468135148401,815468135168300,19899,1,none,0x7f09dff28e40,,,,,,,,,,,,,,,0x0
168,hipStreamSynchronize,3075363,3075381,815468135168751,815468137475813,2307062,1,stream,0x7ec9800010b0,,,,,,,,,,,,,,,0x0
191,hipStreamSynchronize,3075363,3075382,815468135191705,815468137483034,2291329,1,stream,0x7ec97c0010b0,,,,,,,,,,,,,,,0x0
507,hipLaunchKernel,3075363,3075382,815468137507490,815468137529253,21763,6,func,0x7f09e13f1280,gridDim,0x13600000136,blockDim,0x1,args,0x2000000020,sharedMemBytes,0x1,unknown,0x0,,,,,0x0
506,hipLaunchKernel,3075363,3075381,815468137505988,815468137529573,23585,6,func,0x7f09e13f1280,gridDim,0x13600000136,blockDim,0x1,args,0x2000000020,sharedMemBytes,0x1,unknown,0x0,,,,,0x0
550,hipGetLastError,3075363,3075382,815468137550234,815468137566588,16354,1,none,0x7f09dff28e40,,,,,,,,,,,,,,,0x0
549,hipGetLastError,3075363,3075381,815468137549623,815468137569623,20000,1,none,0x7f09dff28e40,,,,,,,,,,,,,,,0x0
580,hipLaunchKernel,3075363,3075382,815468137580198,815468137604174,23976,6,func,0x7f09e13f1280,gridDim,0x13600000136,blockDim,0x1,args,0x2000000020,sharedMemBytes,0x1,unknown,0x0,,,,,0x0
583,hipLaunchKernel,3075363,3075381,815468137583233,815468137613978,30745,6,func,0x7f09e13f1280,gridDim,0x13600000136,blockDim,0x1,args,0x2000000020,sharedMemBytes,0x1,unknown,0x0,,,,,0x0
626,hipGetLastError,3075363,3075381,815468137626166,815468137645916,19750,1,none,0x7f09dff28e40,,,,,,,,,,,,,,,0x0
629,hipGetLastError,3075363,3075382,815468137629752,815468137647118,17366,1,none,0x7f09dff28e40,,,,,,,,,,,,,,,0x0
666,hipLaunchKernel,3075363,3075381,815468137666056,815468137688178,22122,6,func,0x7f09e13f1280,gridDim,0x13600000136,blockDim,0x1,args,0x2000000020,sharedMemBytes,0x1,unknown,0x0,,,,,0x0
663,hipLaunchKernel,3075363,3075382,815468137662931,815468137689771,26840,6,func,0x7f09e13f1280,gridDim,0x13600000136,blockDim,0x1,args,0x2000000020,sharedMemBytes,0x1,unknown,0x0,,,,,0x0
707,hipGetLastError,3075363,3075381,815468137707227,815468137729570,22343,1,none,0x7f09dff28e40,,,,,,,,,,,,,,,0x0
710,hipGetLastError,3075363,3075382,815468137710371,815468137730091,19720,1,none,0x7f09dff28e40,,,,,,,,,,,,,,,0x0
750,hipLaunchKernel,3075363,3075381,815468137749930,815468137769719,19789,6,func,0x7f09e13f1280,gridDim,0x13600000136,blockDim,0x1,args,0x2000000020,sharedMemBytes,0x1,unknown,0x0,,,,,0x0
751,hipLaunchKernel,3075363,3075382,815468137751643,815468137773956,22313,6,func,0x7f09e13f1280,gridDim,0x13600000136,blockDim,0x1,args,0x2000000020,sharedMemBytes,0x1,unknown,0x0,,,,,0x0
789,hipGetLastError,3075363,3075382,815468137789809,815468137803740,13931,1,none,0x7f09dff28e40,,,,,,,,,,,,,,,0x0
793,hipGetLastError,3075363,3075381,815468137793675,815468137810179,16504,1,none,0x7f09dff28e40,,,,,,,,,,,,,,,0x0
823,hipLaunchKernel,3075363,3075381,815468137823559,815468137848967,25408,6,func,0x7f09e13f1280,gridDim,0x13600000136,blockDim,0x1,args,0x2000000020,sharedMemBytes,0x1,unknown,0x0,,,,,0x0
821,hipLaunchKernel,3075363,3075382,815468137821887,815468137851721,29834,6,func,0x7f09e13f1280,gridDim,0x13600000136,blockDim,0x1,args,0x2000000020,sharedMemBytes,0x1,unknown,0x0,,,,,0x0
872,hipGetLastError,3075363,3075382,815468137872532,815468137888536,16004,1,none,0x7f09dff28e40,,,,,,,,,,,,,,,0x0
869,hipGetLastError,3075363,3075381,815468137869107,815468137891220,22113,1,none,0x7f09dff28e40,,,,,,,,,,,,,,,0x0
908,hipLaunchKernel,3075363,3075381,815468137907924,815468137930228,22304,6,func,0x7f09e13f1280,gridDim,0x13600000136,blockDim,0x1,args,0x2000000020,sharedMemBytes,0x1,unknown,0x0,,,,,0x0
909,hipLaunchKernel,3075363,3075382,815468137909907,815468137935485,25578,6,func,0x7f09e13f1280,gridDim,0x13600000136,blockDim,0x1,args,0x2000000020,sharedMemBytes,0x1,unknown,0x0,,,,,0x0
953,hipGetLastError,3075363,3075381,815468137953362,815468137973071,19709,1,none,0x7f09dff28e40,,,,,,,,,,,,,,,0x0
954,hipGetLastError,3075363,3075382,815468137954874,815468137974684,19810,1,none,0x7f09dff28e40,,,,,,,,,,,,,,,0x0
990,hipLaunchKernel,3075363,3075382,815468137990537,815468138014763,24226,6,func,0x7f09e13f1280,gridDim,0x13600000136,blockDim,0x1,args,0x2000000020,sharedMemBytes,0x1,unknown,0x0,,,,,0x0
993,hipLaunchKernel,3075363,3075381,815468137992941,815468138015334,22393,6,func,0x7f09e13f1280,gridDim,0x13600000136,blockDim,0x1,args,0x2000000020,sharedMemBytes,0x1,unknown,0x0,,,,,0x0
39,hipGetLastError,3075363,3075382,815468138039359,815468138055984,16625,1,none,0x7f09dff28e40,,,,,,,,,,,,,,,0x0
38,hipGetLastError,3075363,3075381,815468138038268,815468138057637,19369,1,none,0x7f09dff28e40,,,,,,,,,,,,,,,0x0
69,hipLaunchKernel,3075363,3075381,815468138069464,815468138087521,18057,6,func,0x7f09e13f1280,gridDim,0x13600000136,blockDim,0x1,args,0x2000000020,sharedMemBytes,0x1,unknown,0x0,,,,,0x0
71,hipLaunchKernel,3075363,3075382,815468138071197,815468138093189,21992,6,func,0x7f09e13f1280,gridDim,0x13600000136,blockDim,0x1,args,0x2000000020,sharedMemBytes,0x1,unknown,0x0,,,,,0x0
109,hipGetLastError,3075363,3075382,815468138109183,815468138125657,16474,1,none,0x7f09dff28e40,,,,,,,,,,,,,,,0x0
108,hipGetLastError,3075363,3075381,815468138108202,815468138127460,19258,1,none,0x7f09dff28e40,,,,,,,,,,,,,,,0x0
145,hipLaunchKernel,3075363,3075381,815468138145687,815468138169132,23445,6,func,0x7f09e13f1280,gridDim,0x13600000136,blockDim,0x1,args,0x2000000020,sharedMemBytes,0x1,unknown,0x0,,,,,0x0
148,hipLaunchKernel,3075363,3075382,815468138148181,815468138173358,25177,6,func,0x7f09e13f1280,gridDim,0x13600000136,blockDim,0x1,args,0x2000000020,sharedMemBytes,0x1,unknown,0x0,,,,,0x0
194,hipGetLastError,3075363,3075382,815468138194540,815468138210994,16454,1,none,0x7f09dff28e40,,,,,,,,,,,,,,,0x0
193,hipGetLastError,3075363,3075381,815468138193658,815468138215300,21642,1,none,0x7f09dff28e40,,,,,,,,,,,,,,,0x0
226,hipLaunchKernel,3075363,3075381,815468138226717,815468138252566,25849,6,func,0x7f09e13f1280,gridDim,0x13600000136,blockDim,0x1,args,0x2000000020,sharedMemBytes,0x1,unknown,0x0,,,,,0x0
230,hipLaunchKernel,3075363,3075382,815468138230032,815468138253227,23195,6,func,0x7f09e13f1280,gridDim,0x13600000136,blockDim,0x1,args,0x2000000020,sharedMemBytes,0x1,unknown,0x0,,,,,0x0
273,hipGetLastError,3075363,3075381,815468138273337,815468138290262,16925,1,none,0x7f09dff28e40,,,,,,,,,,,,,,,0x0
271,hipGetLastError,3075363,3075382,815468138271374,815468138291303,19929,1,none,0x7f09dff28e40,,,,,,,,,,,,,,,0x0
303,hipStreamSynchronize,3075363,3075382,815468138303632,815468140641220,2337588,1,stream,0x7ec97c0010b0,,,,,,,,,,,,,,,0x0
307,hipStreamSynchronize,3075363,3075381,815468138307067,815468140642361,2335294,1,stream,0x7ec9800010b0,,,,,,,,,,,,,,,0x0
669,hipLaunchKernel,3075363,3075382,815468140669271,815468140692716,23445,6,func,0x7f09e13f1280,gridDim,0x13600000136,blockDim,0x1,args,0x2000000020,sharedMemBytes,0x1,unknown,0x0,,,,,0x0
668,hipLaunchKernel,3075363,3075381,815468140668029,815468140694118,26089,6,func,0x7f09e13f1280,gridDim,0x13600000136,blockDim,0x1,args,0x2000000020,sharedMemBytes,0x1,unknown,0x0,,,,,0x0
713,hipGetLastError,3075363,3075382,815468140713106,815468140729430,16324,1,none,0x7f09dff28e40,,,,,,,,,,,,,,,0x0
715,hipGetLastError,3075363,3075381,815468140715880,815468140734888,19008,1,none,0x7f09dff28e40,,,,,,,,,,,,,,,0x0
752,hipLaunchKernel,3075363,3075382,815468140752174,815468140777622,25448,6,func,0x7f09e13f1280,gridDim,0x13600000136,blockDim,0x1,args,0x2000000020,sharedMemBytes,0x1,unknown,0x0,,,,,0x0
749,hipLaunchKernel,3075363,3075381,815468140749059,815468140782479,33420,6,func,0x7f09e13f1280,gridDim,0x13600000136,blockDim,0x1,args,0x2000000020,sharedMemBytes,0x1,unknown,0x0,,,,,0x0
799,hipGetLastError,3075363,3075382,815468140799184,815468140818202,19018,1,none,0x7f09dff28e40,,,,,,,,,,,,,,,0x0
802,hipGetLastError,3075363,3075381,815468140802018,815468140822158,20140,1,none,0x7f09dff28e40,,,,,,,,,,,,,,,0x0
840,hipLaunchKernel,3075363,3075382,815468140840675,815468140866884,26209,6,func,0x7f09e13f1280,gridDim,0x13600000136,blockDim,0x1,args,0x2000000020,sharedMemBytes,0x1,unknown,0x0,,,,,0x0
842,hipLaunchKernel,3075363,3075381,815468140842488,815468140868076,25588,6,func,0x7f09e13f1280,gridDim,0x13600000136,blockDim,0x1,args,0x2000000020,sharedMemBytes,0x1,unknown,0x0,,,,,0x0
885,hipGetLastError,3075363,3075381,815468140885011,815468140900524,15513,1,none,0x7f09dff28e40,,,,,,,,,,,,,,,0x0
887,hipGetLastError,3075363,3075382,815468140887405,815468140912772,25367,1,none,0x7f09dff28e40,,,,,,,,,,,,,,,0x0
917,hipLaunchKernel,3075363,3075381,815468140917079,815468140939582,22503,6,func,0x7f09e13f1280,gridDim,0x13600000136,blockDim,0x1,args,0x2000000020,sharedMemBytes,0x1,unknown,0x0,,,,,0x0
933,hipLaunchKernel,3075363,3075382,815468140933463,815468140963648,30185,6,func,0x7f09e13f1280,gridDim,0x13600000136,blockDim,0x1,args,0x2000000020,sharedMemBytes,0x1,unknown,0x0,,,,,0x0
953,hipGetLastError,3075363,3075381,815468140953252,815468140969477,16225,1,none,0x7f09dff28e40,,,,,,,,,,,,,,,0x0
987,hipGetLastError,3075363,3075382,815468140987433,815468141005360,17927,1,none,0x7f09dff28e40,,,,,,,,,,,,,,,0x0
985,hipLaunchKernel,3075363,3075381,815468140984990,815468141010157,25167,6,func,0x7f09e13f1280,gridDim,0x13600000136,blockDim,0x1,args,0x2000000020,sharedMemBytes,0x1,unknown,0x0,,,,,0x0
25,hipGetLastError,3075363,3075381,815468141025279,815468141045359,20080,1,none,0x7f09dff28e40,,,,,,,,,,,,,,,0x0
23,hipLaunchKernel,3075363,3075382,815468141023797,815468141050226,26429,6,func,0x7f09e13f1280,gridDim,0x13600000136,blockDim,0x1,args,0x2000000020,sharedMemBytes,0x1,unknown,0x0,,,,,0x0
69,hipGetLastError,3075363,3075382,815468141069485,815468141089595,20110,1,none,0x7f09dff28e40,,,,,,,,,,,,,,,0x0
70,hipLaunchKernel,3075363,3075381,815468141070236,815468141094031,23795,6,func,0x7f09e13f1280,gridDim,0x13600000136,blockDim,0x1,args,0x2000000020,sharedMemBytes,0x1,unknown,0x0,,,,,0x0
108,hipGetLastError,3075363,3075381,815468141108763,815468141127110,18347,1,none,0x7f09dff28e40,,,,,,,,,,,,,,,0x0
109,hipLaunchKernel,3075363,3075382,815468141109464,815468141135623,26159,6,func,0x7f09e13f1280,gridDim,0x13600000136,blockDim,0x1,args,0x2000000020,sharedMemBytes,0x1,unknown,0x0,,,,,0x0
151,hipGetLastError,3075363,3075382,815468141151717,815468141168111,16394,1,none,0x7f09dff28e40,,,,,,,,,,,,,,,0x0
150,hipLaunchKernel,3075363,3075381,815468141150265,815468141174891,24626,6,func,0x7f09e13f1280,gridDim,0x13600000136,blockDim,0x1,args,0x2000000020,sharedMemBytes,0x1,unknown,0x0,,,,,0x0
186,hipGetLastError,3075363,3075381,815468141186679,815468141204615,17936,1,none,0x7f09dff28e40,,,,,,,,,,,,,,,0x0
188,hipLaunchKernel,3075363,3075382,815468141188511,815468141213038,24527,6,func,0x7f09e13f1280,gridDim,0x13600000136,blockDim,0x1,args,0x2000000020,sharedMemBytes,0x1,unknown,0x0,,,,,0x0
224,hipGetLastError,3075363,3075382,815468141224875,815468141245206,20331,1,none,0x7f09dff28e40,,,,,,,,,,,,,,,0x0
227,hipLaunchKernel,3075363,3075381,815468141227109,815468141249492,22383,6,func,0x7f09e13f1280,gridDim,0x13600000136,blockDim,0x1,args,0x2000000020,sharedMemBytes,0x1,unknown,0x0,,,,,0x0
267,hipGetLastError,3075363,3075381,815468141266938,815468141283583,16645,1,none,0x7f09dff28e40,,,,,,,,,,,,,,,0x0
264,hipLaunchKernel,3075363,3075382,815468141264074,815468141289702,25628,6,func,0x7f09e13f1280,gridDim,0x13600000136,blockDim,0x1,args,0x2000000020,sharedMemBytes,0x1,unknown,0x0,,,,,0x0
305,hipGetLastError,3075363,3075382,815468141305435,815468141330041,24606,1,none,0x7f09dff28e40,,,,,,,,,,,,,,,0x0
309,hipLaunchKernel,3075363,3075381,815468141308940,815468141333196,24256,6,func,0x7f09e13f1280,gridDim,0x13600000136,blockDim,0x1,args,0x2000000020,sharedMemBytes,0x1,unknown,0x0,,,,,0x0
349,hipGetLastError,3075363,3075381,815468141349671,815468141368378,18707,1,none,0x7f09dff28e40,,,,,,,,,,,,,,,0x0
353,hipLaunchKernel,3075363,3075382,815468141353626,815468141378854,25228,6,func,0x7f09e13f1280,gridDim,0x13600000136,blockDim,0x1,args,0x2000000020,sharedMemBytes,0x1,unknown,0x0,,,,,0x0
395,hipGetLastError,3075363,3075382,815468141395909,815468141415979,20070,1,none,0x7f09dff28e40,,,,,,,,,,,,,,,0x0
395,hipGetLastError,3075363,3075382,815468141395909,815468141423760,27851,1,none,0x7f09dff28e40,,,,,,,,,,,,,,,0x0
439,hipGetLastError,3075363,3075381,815468141439444,815468141455508,16064,1,none,0x7f09dff28e40,,,,,,,,,,,,,,,0x0
443,hipLaunchKernel,3075363,3075382,815468141443390,815468141469148,25758,6,func,0x7f09e13f1280,gridDim,0x13600000136,blockDim,0x1,args,0x2000000020,sharedMemBytes,0x1,unknown,0x0,,,,,0x0
495,hipGetLastError,3075363,3075382,815468141495587,815468141527985,32398,1,none,0x7f09dff28e40,,,,,,,,,,,,,,,0x0
477,hipStreamSynchronize,3075363,3075381,815468141477881,815468143803952,2326071,1,stream,0x7ec9800010b0,,,,,,,,,,,,,,,0x0
554,hipStreamSynchronize,3075363,3075382,815468141554775,815468143818173,2263398,1,stream,0x7ec97c0010b0,,,,,,,,,,,,,,,0x0
835,hipStreamSynchronize,3075363,3075381,815468143835408,815468143859274,23866,1,stream,0x7ec9800010b0,,,,,,,,,,,,,,,0x0
836,hipLaunchKernel,3075363,3075382,815468143836330,815468143860776,24446,6,func,0x7f09e13f1280,gridDim,0x13600000136,blockDim,0x1,args,0x2000000020,sharedMemBytes,0x1,unknown,0x0,,,,,0x0
881,hipGetLastError,3075363,3075382,815468143881096,815468143896259,15163,1,none,0x7f09dff28e40,,,,,,,,,,,,,,,0x0
911,hipLaunchKernel,3075363,3075382,815468143911491,815468143945211,33720,6,func,0x7f09e13f1280,gridDim,0x13600000136,blockDim,0x1,args,0x2000000020,sharedMemBytes,0x1,unknown,0x0,,,,,0x0
971,hipGetLastError,3075363,3075382,815468143971560,815468143998951,27391,1,none,0x7f09dff28e40,,,,,,,,,,,,,,,0x0
38,hipLaunchKernel,3075363,3075382,815468144038700,815468144070167,31467,6,func,0x7f09e13f1280,gridDim,0x13600000136,blockDim,0x1,args,0x2000000020,sharedMemBytes,0x1,unknown,0x0,,,,,0x0
100,hipGetLastError,3075363,3075382,815468144100321,815468144131778,31457,1,none,0x7f09dff28e40,,,,,,,,,,,,,,,0x0
161,hipLaunchKernel,3075363,3075382,815468144161793,815468144198647,36854,6,func,0x7f09e13f1280,gridDim,0x13600000136,blockDim,0x1,args,0x2000000020,sharedMemBytes,0x1,unknown,0x0,,,,,0x0
228,hipGetLastError,3075363,3075382,815468144227911,815468144252417,24506,1,none,0x7f09dff28e40,,,,,,,,,,,,,,,0x0
282,hipLaunchKernel,3075363,3075382,815468144281991,815468144317624,35633,6,func,0x7f09e13f1280,gridDim,0x13600000136,blockDim,0x1,args,0x2000000020,sharedMemBytes,0x1,unknown,0x0,,,,,0x0
346,hipGetLastError,3075363,3075382,815468144346226,815468144374208,27982,1,none,0x7f09dff28e40,,,,,,,,,,,,,,,0x0
403,hipLaunchKernel,3075363,3075382,815468144403661,815468144439635,35974,6,func,0x7f09e13f1280,gridDim,0x13600000136,blockDim,0x1,args,0x2000000020,sharedMemBytes,0x1,unknown,0x0,,,,,0x0
468,hipGetLastError,3075363,3075382,815468144468267,815468144488297,20030,1,none,0x7f09dff28e40,,,,,,,,,,,,,,,0x0
514,hipLaunchKernel,3075363,3075382,815468144514426,815468144548396,33970,6,func,0x7f09e13f1280,gridDim,0x13600000136,blockDim,0x1,args,0x2000000020,sharedMemBytes,0x1,unknown,0x0,,,,,0x0
577,hipGetLastError,3075363,3075382,815468144577149,815468144605050,27901,1,none,0x7f09dff28e40,,,,,,,,,,,,,,,0x0
634,hipLaunchKernel,3075363,3075382,815468144634254,815468144672150,37896,6,func,0x7f09e13f1280,gridDim,0x13600000136,blockDim,0x1,args,0x2000000020,sharedMemBytes,0x1,unknown,0x0,,,,,0x0
700,hipGetLastError,3075363,3075382,815468144700592,815468144728073,27481,1,none,0x7f09dff28e40,,,,,,,,,,,,,,,0x0
757,hipLaunchKernel,3075363,3075382,815468144756996,815468144793850,36854,6,func,0x7f09e13f1280,gridDim,0x13600000136,blockDim,0x1,args,0x2000000020,sharedMemBytes,0x1,unknown,0x0,,,,,0x0
822,hipGetLastError,3075363,3075382,815468144822403,815468144848602,26199,1,none,0x7f09dff28e40,,,,,,,,,,,,,,,0x0
877,hipLaunchKernel,3075363,3075382,815468144877535,815468144913568,36033,6,func,0x7f09e13f1280,gridDim,0x13600000136,blockDim,0x1,args,0x2000000020,sharedMemBytes,0x1,unknown,0x0,,,,,0x0
941,hipGetLastError,3075363,3075382,815468144941810,815468144969872,28062,1,none,0x7f09dff28e40,,,,,,,,,,,,,,,0x0
999,hipStreamSynchronize,3075363,3075382,815468144999175,815468146976929,1977754,1,stream,0x7ec97c0010b0,,,,,,,,,,,,,,,0x0
7,hipLaunchKernel,3075363,3075382,815468147007515,815468147041946,34431,6,func,0x7f09e13f1280,gridDim,0x13600000136,blockDim,0x1,args,0x2000000020,sharedMemBytes,0x1,unknown,0x0,,,,,0x0
71,hipGetLastError,3075363,3075382,815468147071019,815468147099541,28522,1,none,0x7f09dff28e40,,,,,,,,,,,,,,,0x0
128,hipLaunchKernel,3075363,3075382,815468147128544,815468147169435,40891,6,func,0x7f09e13f1280,gridDim,0x13600000136,blockDim,0x1,args,0x2000000020,sharedMemBytes,0x1,unknown,0x0,,,,,0x0
198,hipGetLastError,3075363,3075382,815468147198408,815468147227421,29013,1,none,0x7f09dff28e40,,,,,,,,,,,,,,,0x0
256,hipLaunchKernel,3075363,3075382,815468147256404,815468147290645,34241,6,func,0x7f09e13f1280,gridDim,0x13600000136,blockDim,0x1,args,0x2000000020,sharedMemBytes,0x1,unknown,0x0,,,,,0x0
319,hipGetLastError,3075363,3075382,815468147319738,815468147351115,31377,1,none,0x7f09dff28e40,,,,,,,,,,,,,,,0x0
380,hipLaunchKernel,3075363,3075382,815468147380017,815468147416401,36384,6,func,0x7f09e13f1280,gridDim,0x13600000136,blockDim,0x1,args,0x2000000020,sharedMemBytes,0x1,unknown,0x0,,,,,0x0
445,hipGetLastError,3075363,3075382,815468147445304,815468147474267,28963,1,none,0x7f09dff28e40,,,,,,,,,,,,,,,0x0
503,hipLaunchKernel,3075363,3075382,815468147503290,815468147541016,37726,6,func,0x7f09e13f1280,gridDim,0x13600000136,blockDim,0x1,args,0x2000000020,sharedMemBytes,0x1,unknown,0x0,,,,,0x0
569,hipGetLastError,3075363,3075382,815468147569849,815468147599213,29364,1,none,0x7f09dff28e40,,,,,,,,,,,,,,,0x0
628,hipLaunchKernel,3075363,3075382,815468147628266,815468147666102,37836,6,func,0x7f09e13f1280,gridDim,0x13600000136,blockDim,0x1,args,0x2000000020,sharedMemBytes,0x1,unknown,0x0,,,,,0x0
694,hipGetLastError,3075363,3075382,815468147694835,815468147724529,29694,1,none,0x7f09dff28e40,,,,,,,,,,,,,,,0x0
753,hipLaunchKernel,3075363,3075382,815468147753522,815468147789595,36073,6,func,0x7f09e13f1280,gridDim,0x13600000136,blockDim,0x1,args,0x2000000020,sharedMemBytes,0x1,unknown,0x0,,,,,0x0
818,hipGetLastError,3075363,3075382,815468147818658,815468147843956,25298,1,none,0x7f09dff28e40,,,,,,,,,,,,,,,0x0
873,hipLaunchKernel,3075363,3075382,815468147873009,815468147909193,36184,6,func,0x7f09e13f1280,gridDim,0x13600000136,blockDim,0x1,args,0x2000000020,sharedMemBytes,0x1,unknown,0x0,,,,,0x0
937,hipGetLastError,3075363,3075382,815468147937835,815468147966057,28222,1,none,0x7f09dff28e40,,,,,,,,,,,,,,,0x0
994,hipLaunchKernel,3075363,3075382,815468147994840,815468148045154,50314,6,func,0x7f09e13f1280,gridDim,0x13600000136,blockDim,0x1,args,0x2000000020,sharedMemBytes,0x1,unknown,0x0,,,,,0x0
73,hipGetLastError,3075363,3075382,815468148073777,815468148096270,22493,1,none,0x7f09dff28e40,,,,,,,,,,,,,,,0x0
125,hipLaunchKernel,3075363,3075382,815468148125333,815468148161136,35803,6,func,0x7f09e13f1280,gridDim,0x13600000136,blockDim,0x1,args,0x2000000020,sharedMemBytes,0x1,unknown,0x0,,,,,0x0
190,hipGetLastError,3075363,3075382,815468148190079,815468148215277,25198,1,none,0x7f09dff28e40,,,,,,,,,,,,,,,0x0
243,hipStreamSynchronize,3075363,3075382,815468148243719,815468150157208,1913489,1,stream,0x7ec97c0010b0,,,,,,,,,,,,,,,0x0
189,hipLaunchKernel,3075363,3075382,815468150189255,815468150223166,33911,6,func,0x7f09e13f1280,gridDim,0x13600000136,blockDim,0x1,args,0x2000000020,sharedMemBytes,0x1,unknown,0x0,,,,,0x0
252,hipGetLastError,3075363,3075382,815468150252078,815468150283755,31677,1,none,0x7f09dff28e40,,,,,,,,,,,,,,,0x0
313,hipLaunchKernel,3075363,3075382,815468150313440,815468150354821,41381,6,func,0x7f09e13f1280,gridDim,0x13600000136,blockDim,0x1,args,0x2000000020,sharedMemBytes,0x1,unknown,0x0,,,,,0x0
383,hipGetLastError,3075363,3075382,815468150383253,815468150410864,27611,1,none,0x7f09dff28e40,,,,,,,,,,,,,,,0x0
439,hipLaunchKernel,3075363,3075382,815468150439767,815468150477233,37466,6,func,0x7f09e13f1280,gridDim,0x13600000136,blockDim,0x1,args,0x2000000020,sharedMemBytes,0x1,unknown,0x0,,,,,0x0
505,hipGetLastError,3075363,3075382,815468150505905,815468150534167,28262,1,none,0x7f09dff28e40,,,,,,,,,,,,,,,0x0
563,hipLaunchKernel,3075363,3075382,815468150563190,815468150600896,37706,6,func,0x7f09e13f1280,gridDim,0x13600000136,blockDim,0x1,args,0x2000000020,sharedMemBytes,0x1,unknown,0x0,,,,,0x0
629,hipGetLastError,3075363,3075382,815468150629218,815468150660855,31637,1,none,0x7f09dff28e40,,,,,,,,,,,,,,,0x0
690,hipLaunchKernel,3075363,3075382,815468150690048,815468150724880,34832,6,func,0x7f09e13f1280,gridDim,0x13600000136,blockDim,0x1,args,0x2000000020,sharedMemBytes,0x1,unknown,0x0,,,,,0x0
753,hipGetLastError,3075363,3075382,815468150753512,815468150779741,26229,1,none,0x7f09dff28e40,,,,,,,,,,,,,,,0x0
809,hipLaunchKernel,3075363,3075382,815468150808985,815468150847462,38477,6,func,0x7f09e13f1280,gridDim,0x13600000136,blockDim,0x1,args,0x2000000020,sharedMemBytes,0x1,unknown,0x0,,,,,0x0
876,hipGetLastError,3075363,3075382,815468150876064,815468150901262,25198,1,none,0x7f09dff28e40,,,,,,,,,,,,,,,0x0
930,hipLaunchKernel,3075363,3075382,815468150930745,815468150968622,37877,6,func,0x7f09e13f1280,gridDim,0x13600000136,blockDim,0x1,args,0x2000000020,sharedMemBytes,0x1,unknown,0x0,,,,,0x0
997,hipGetLastError,3075363,3075382,815468150997685,815468151025286,27601,1,none,0x7f09dff28e40,,,,,,,,,,,,,,,0x0
54,hipLaunchKernel,3075363,3075382,815468151054589,815468151088209,33620,6,func,0x7f09e13f1280,gridDim,0x13600000136,blockDim,0x1,args,0x2000000020,sharedMemBytes,0x1,unknown,0x0,,,,,0x0
117,hipGetLastError,3075363,3075382,815468151117222,815468151147036,29814,1,none,0x7f09dff28e40,,,,,,,,,,,,,,,0x0
176,hipLaunchKernel,3075363,3075382,815468151175949,815468151208828,32879,6,func,0x7f09e13f1280,gridDim,0x13600000136,blockDim,0x1,args,0x2000000020,sharedMemBytes,0x1,unknown,0x0,,,,,0x0
237,hipGetLastError,3075363,3075382,815468151237611,815468151267205,29594,1,none,0x7f09dff28e40,,,,,,,,,,,,,,,0x0
296,hipLaunchKernel,3075363,3075382,815468151296528,815468151334054,37526,6,func,0x7f09e13f1280,gridDim,0x13600000136,blockDim,0x1,args,0x2000000020,sharedMemBytes,0x1,unknown,0x0,,,,,0x0
362,hipGetLastError,3075363,3075382,815468151362065,815468151388124,26059,1,none,0x7f09dff28e40,,,,,,,,,,,,,,,0x0
417,hipStreamSynchronize,3075363,3075382,815468151417117,815468153326680,1909563,1,stream,0x7ec97c0010b0,,,,,,,,,,,,,,,0x0
358,hipLaunchKernel,3075363,3075382,815468153358107,815468153394340,36233,6,func,0x7f09e13f1280,gridDim,0x13600000136,blockDim,0x1,args,0x2000000020,sharedMemBytes,0x1,unknown,0x0,,,,,0x0
424,hipGetLastError,3075363,3075382,815468153424795,815468153453047,28252,1,none,0x7f09dff28e40,,,,,,,,,,,,,,,0x0
482,hipLaunchKernel,3075363,3075382,815468153481930,815468153521329,39399,6,func,0x7f09e13f1280,gridDim,0x13600000136,blockDim,0x1,args,0x2000000020,sharedMemBytes,0x1,unknown,0x0,,,,,0x0
550,hipGetLastError,3075363,3075382,815468153550622,815468153579775,29153,1,none,0x7f09dff28e40,,,,,,,,,,,,,,,0x0
608,hipLaunchKernel,3075363,3075382,815468153608678,815468153645703,37025,6,func,0x7f09e13f1280,gridDim,0x13600000136,blockDim,0x1,args,0x2000000020,sharedMemBytes,0x1,unknown,0x0,,,,,0x0
674,hipGetLastError,3075363,3075382,815468153674346,815468153702708,28362,1,none,0x7f09dff28e40,,,,,,,,,,,,,,,0x0
731,hipLaunchKernel,3075363,3075382,815468153731430,815468153769146,37716,6,func,0x7f09e13f1280,gridDim,0x13600000136,blockDim,0x1,args,0x2000000020,sharedMemBytes,0x1,unknown,0x0,,,,,0x0
797,hipGetLastError,3075363,3075382,815468153797619,815468153824308,26689,1,none,0x7f09dff28e40,,,,,,,,,,,,,,,0x0
849,hipLaunchKernel,3075363,3075382,815468153849686,815468153881243,31557,6,func,0x7f09e13f1280,gridDim,0x13600000136,blockDim,0x1,args,0x2000000020,sharedMemBytes,0x1,unknown,0x0,,,,,0x0
910,hipGetLastError,3075363,3075382,815468153910226,815468153939679,29453,1,none,0x7f09dff28e40,,,,,,,,,,,,,,,0x0
968,hipLaunchKernel,3075363,3075382,815468153968572,815468154006138,37566,6,func,0x7f09e13f1280,gridDim,0x13600000136,blockDim,0x1,args,0x2000000020,sharedMemBytes,0x1,unknown,0x0,,,,,0x0
34,hipGetLastError,3075363,3075382,815468154034740,815468154064174,29434,1,none,0x7f09dff28e40,,,,,,,,,,,,,,,0x0
93,hipLaunchKernel,3075363,3075382,815468154093017,815468154128149,35132,6,func,0x7f09e13f1280,gridDim,0x13600000136,blockDim,0x1,args,0x2000000020,sharedMemBytes,0x1,unknown,0x0,,,,,0x0
646,hipGetLastError,3075363,3075381,815467914646445,815468154175669,239529224,1,none,0x7f09dff28e40,,,,,,,,,,,,,,,0x0
157,hipGetLastError,3075363,3075382,815468154157522,815468154187136,29614,1,none,0x7f09dff28e40,,,,,,,,,,,,,,,0x0
238,hipLaunchKernel,3075363,3075382,815468154238172,815468154277721,39549,6,func,0x7f09e13f1280,gridDim,0x13600000136,blockDim,0x1,args,0x2000000020,sharedMemBytes,0x1,unknown,0x0,,,,,0x0
405,hipGetLastError,3075363,3075382,815468161405756,815468161441198,35442,1,none,0x7f09dff28e40,,,,,,,,,,,,,,,0x0
469,hipMemcpyAsync,3075363,3075379,815467940469305,815468161486305,221017000,5,dst,0x7ead12600000,src,0x7ec12146d010,count,0x17764000,kind,0x1,stream,0x7ec988002700,,,,,,,0x0
470,hipLaunchKernel,3075363,3075382,815468161470101,815468161506075,35974,6,func,0x7f09e13f1280,gridDim,0x13600000136,blockDim,0x1,args,0x2000000020,sharedMemBytes,0x1,unknown,0x0,,,,,0x0
527,hipGetLastError,3075363,3075382,815468161527837,815468161549619,21782,1,none,0x7f09dff28e40,,,,,,,,,,,,,,,0x0
546,hipStreamSynchronize,3075363,3075379,815468161545934,815468161598031,52097,1,stream,0x7ec988002700,,,,,,,,,,,,,,,0x0
575,hipLaunchKernel,3075363,3075382,815468161575498,815468161609558,34060,6,func,0x7f09e13f1280,gridDim,0x13600000136,blockDim,0x1,args,0x2000000020,sharedMemBytes,0x1,unknown,0x0,,,,,0x0
626,hipGetLastError,3075363,3075382,815468161626784,815468161640214,13430,1,none,0x7f09dff28e40,,,,,,,,,,,,,,,0x0
662,hipStreamSynchronize,3075363,3075382,815468161662036,815468162142629,480593,1,stream,0x7ec97c0010b0,,,,,,,,,,,,,,,0x0
750,hipLaunchKernel,3075363,3075382,815468200749907,815468200872198,122291,6,func,0x7f09e13f1280,gridDim,0x13600000136,blockDim,0x1,args,0x2000000020,sharedMemBytes,0x1,unknown,0x0,,,,,0x0
912,hipGetLastError,3075363,3075382,815468200911957,815468200940089,28132,1,none,0x7f09dff28e40,,,,,,,,,,,,,,,0x0
956,hipLaunchKernel,3075363,3075382,815468200956664,815468200978025,21361,6,func,0x7f09e13f1280,gridDim,0x13600000136,blockDim,0x1,args,0x2000000020,sharedMemBytes,0x1,unknown,0x0,,,,,0x0
2,hipGetLastError,3075363,3075382,815468201002001,815468201019236,17235,1,none,0x7f09dff28e40,,,,,,,,,,,,,,,0x0
50,hipLaunchKernel,3075363,3075382,815468201050853,815468201089040,38187,6,func,0x7f09e13f1280,gridDim,0x13600000136,blockDim,0x1,args,0x2000000020,sharedMemBytes,0x1,unknown,0x0,,,,,0x0
119,hipGetLastError,3075363,3075382,815468201119195,815468201141678,22483,1,none,0x7f09dff28e40,,,,,,,,,,,,,,,0x0
173,hipLaunchKernel,3075363,3075382,815468201173035,815468201211602,38567,6,func,0x7f09e13f1280,gridDim,0x13600000136,blockDim,0x1,args,0x2000000020,sharedMemBytes,0x1,unknown,0x0,,,,,0x0
241,hipGetLastError,3075363,3075382,815468201240965,815468201260815,19850,1,none,0x7f09dff28e40,,,,,,,,,,,,,,,0x0
291,hipLaunchKernel,3075363,3075382,815468201291170,815468201327924,36754,6,func,0x7f09e13f1280,gridDim,0x13600000136,blockDim,0x1,args,0x2000000020,sharedMemBytes,0x1,unknown,0x0,,,,,0x0
357,hipGetLastError,3075363,3075382,815468201357088,815468201386631,29543,1,none,0x7f09dff28e40,,,,,,,,,,,,,,,0x0
417,hipLaunchKernel,3075363,3075382,815468201416976,815468201453631,36655,6,func,0x7f09e13f1280,gridDim,0x13600000136,blockDim,0x1,args,0x2000000020,sharedMemBytes,0x1,unknown,0x0,,,,,0x0
482,hipGetLastError,3075363,3075382,815468201482404,815468201511777,29373,1,none,0x7f09dff28e40,,,,,,,,,,,,,,,0x0
539,hipLaunchKernel,3075363,3075382,815468201538927,815468201571906,32979,6,func,0x7f09e13f1280,gridDim,0x13600000136,blockDim,0x1,args,0x2000000020,sharedMemBytes,0x1,unknown,0x0,,,,,0x0
600,hipGetLastError,3075363,3075382,815468201600288,815468201623172,22884,1,none,0x7f09dff28e40,,,,,,,,,,,,,,,0x0
652,hipLaunchKernel,3075363,3075382,815468201652886,815468201689431,36545,6,func,0x7f09e13f1280,gridDim,0x13600000136,blockDim,0x1,args,0x2000000020,sharedMemBytes,0x1,unknown,0x0,,,,,0x0
717,hipGetLastError,3075363,3075382,815468201717532,815468201746265,28733,1,none,0x7f09dff28e40,,,,,,,,,,,,,,,0x0
776,hipLaunchKernel,3075363,3075382,815468201775949,815468201812944,36995,6,func,0x7f09e13f1280,gridDim,0x13600000136,blockDim,0x1,args,0x2000000020,sharedMemBytes,0x1,unknown,0x0,,,,,0x0
840,hipGetLastError,3075363,3075382,815468201840575,815468201868707,28132,1,none,0x7f09dff28e40,,,,,,,,,,,,,,,0x0
898,hipLaunchKernel,3075363,3075382,815468201898651,815468201935376,36725,6,func,0x7f09e13f1280,gridDim,0x13600000136,blockDim,0x1,args,0x2000000020,sharedMemBytes,0x1,unknown,0x0,,,,,0x0
963,hipGetLastError,3075363,3075382,815468201963237,815468201989866,26629,1,none,0x7f09dff28e40,,,,,,,,,,,,,,,0x0
23,hipStreamSynchronize,3075363,3075382,815468202023086,815468204016493,1993407,1,stream,0x7ec97c0010b0,,,,,,,,,,,,,,,0x0
51,hipLaunchKernel,3075363,3075382,815468204051415,815468204090262,38847,6,func,0x7f09e13f1280,gridDim,0x13600000136,blockDim,0x1,args,0x2000000020,sharedMemBytes,0x1,unknown,0x0,,,,,0x0
121,hipGetLastError,3075363,3075382,815468204121339,815468204147387,26048,1,none,0x7f09dff28e40,,,,,,,,,,,,,,,0x0
176,hipLaunchKernel,3075363,3075382,815468204176350,815468204217311,40961,6,func,0x7f09e13f1280,gridDim,0x13600000136,blockDim,0x1,args,0x2000000020,sharedMemBytes,0x1,unknown,0x0,,,,,0x0
246,hipGetLastError,3075363,3075382,815468204246614,815468204276439,29825,1,none,0x7f09dff28e40,,,,,,,,,,,,,,,0x0
305,hipLaunchKernel,3075363,3075382,815468204305502,815468204343198,37696,6,func,0x7f09e13f1280,gridDim,0x13600000136,blockDim,0x1,args,0x2000000020,sharedMemBytes,0x1,unknown,0x0,,,,,0x0
372,hipGetLastError,3075363,3075382,815468204372531,815468204397899,25368,1,none,0x7f09dff28e40,,,,,,,,,,,,,,,0x0
426,hipLaunchKernel,3075363,3075382,815468204425981,815468204460542,34561,6,func,0x7f09e13f1280,gridDim,0x13600000136,blockDim,0x1,args,0x2000000020,sharedMemBytes,0x1,unknown,0x0,,,,,0x0
490,hipGetLastError,3075363,3075382,815468204490376,815468204519800,29424,1,none,0x7f09dff28e40,,,,,,,,,,,,,,,0x0
548,hipLaunchKernel,3075363,3075382,815468204548342,815468204585337,36995,6,func,0x7f09e13f1280,gridDim,0x13600000136,blockDim,0x1,args,0x2000000020,sharedMemBytes,0x1,unknown,0x0,,,,,0x0
614,hipGetLastError,3075363,3075382,815468204614040,815468204638225,24185,1,none,0x7f09dff28e40,,,,,,,,,,,,,,,0x0
667,hipLaunchKernel,3075363,3075382,815468204667238,815468204703362,36124,6,func,0x7f09e13f1280,gridDim,0x13600000136,blockDim,0x1,args,0x2000000020,sharedMemBytes,0x1,unknown,0x0,,,,,0x0
732,hipGetLastError,3075363,3075382,815468204732395,815468204759245,26850,1,none,0x7f09dff28e40,,,,,,,,,,,,,,,0x0
787,hipLaunchKernel,3075363,3075382,815468204787587,815468204821948,34361,6,func,0x7f09e13f1280,gridDim,0x13600000136,blockDim,0x1,args,0x2000000020,sharedMemBytes,0x1,unknown,0x0,,,,,0x0
851,hipGetLastError,3075363,3075382,815468204851402,815468204879333,27931,1,none,0x7f09dff28e40,,,,,,,,,,,,,,,0x0
907,hipLaunchKernel,3075363,3075382,815468204907705,815468204944630,36925,6,func,0x7f09e13f1280,gridDim,0x13600000136,blockDim,0x1,args,0x2000000020,sharedMemBytes,0x1,unknown,0x0,,,,,0x0
973,hipGetLastError,3075363,3075382,815468204973803,815468205005340,31537,1,none,0x7f09dff28e40,,,,,,,,,,,,,,,0x0
34,hipLaunchKernel,3075363,3075382,815468205033973,815468205070547,36574,6,func,0x7f09e13f1280,gridDim,0x13600000136,blockDim,0x1,args,0x2000000020,sharedMemBytes,0x1,unknown,0x0,,,,,0x0
100,hipGetLastError,3075363,3075382,815468205100011,815468205129624,29613,1,none,0x7f09dff28e40,,,,,,,,,,,,,,,0x0
157,hipLaunchKernel,3075363,3075382,815468205157816,815468205195783,37967,6,func,0x7f09e13f1280,gridDim,0x13600000136,blockDim,0x1,args,0x2000000020,sharedMemBytes,0x1,unknown,0x0,,,,,0x0
224,hipGetLastError,3075363,3075382,815468205224776,815468205249632,24856,1,none,0x7f09dff28e40,,,,,,,,,,,,,,,0x0
277,hipStreamSynchronize,3075363,3075382,815468205277504,815468207324361,2046857,1,stream,0x7ec97c0010b0,,,,,,,,,,,,,,,0x0
357,hipLaunchKernel,3075363,3075382,815468207357369,815468207392061,34692,6,func,0x7f09e13f1280,gridDim,0x13600000136,blockDim,0x1,args,0x2000000020,sharedMemBytes,0x1,unknown,0x0,,,,,0x0
421,hipGetLastError,3075363,3075382,815468207421004,815468207448635,27631,1,none,0x7f09dff28e40,,,,,,,,,,,,,,,0x0
478,hipLaunchKernel,3075363,3075382,815468207478139,815468207516275,38136,6,func,0x7f09e13f1280,gridDim,0x13600000136,blockDim,0x1,args,0x2000000020,sharedMemBytes,0x1,unknown,0x0,,,,,0x0
545,hipGetLastError,3075363,3075382,815468207545188,815468207574562,29374,1,none,0x7f09dff28e40,,,,,,,,,,,,,,,0x0
604,hipLaunchKernel,3075363,3075382,815468207604116,815468207641251,37135,6,func,0x7f09e13f1280,gridDim,0x13600000136,blockDim,0x1,args,0x2000000020,sharedMemBytes,0x1,unknown,0x0,,,,,0x0
669,hipGetLastError,3075363,3075382,815468207668942,815468207697043,28101,1,none,0x7f09dff28e40,,,,,,,,,,,,,,,0x0
726,hipLaunchKernel,3075363,3075382,815468207726757,815468207761319,34562,6,func,0x7f09e13f1280,gridDim,0x13600000136,blockDim,0x1,args,0x2000000020,sharedMemBytes,0x1,unknown,0x0,,,,,0x0
789,hipGetLastError,3075363,3075382,815468207789200,815468207820366,31166,1,none,0x7f09dff28e40,,,,,,,,,,,,,,,0x0
849,hipLaunchKernel,3075363,3075382,815468207849840,815468207886444,36604,6,func,0x7f09e13f1280,gridDim,0x13600000136,blockDim,0x1,args,0x2000000020,sharedMemBytes,0x1,unknown,0x0,,,,,0x0
914,hipGetLastError,3075363,3075382,815468207914376,815468207940665,26289,1,none,0x7f09dff28e40,,,,,,,,,,,,,,,0x0
970,hipLaunchKernel,3075363,3075382,815468207970269,815468208164817,194548,6,func,0x7f09e13f1280,gridDim,0x13600000136,blockDim,0x1,args,0x2000000020,sharedMemBytes,0x1,unknown,0x0,,,,,0x0
195,hipGetLastError,3075363,3075382,815468208195112,815468208209484,14372,1,none,0x7f09dff28e40,,,,,,,,,,,,,,,0x0
238,hipLaunchKernel,3075363,3075382,815468208238246,815468208276062,37816,6,func,0x7f09e13f1280,gridDim,0x13600000136,blockDim,0x1,args,0x2000000020,sharedMemBytes,0x1,unknown,0x0,,,,,0x0
304,hipGetLastError,3075363,3075382,815468208304505,815468208334940,30435,1,none,0x7f09dff28e40,,,,,,,,,,,,,,,0x0
364,hipLaunchKernel,3075363,3075382,815468208364333,815468208398554,34221,6,func,0x7f09e13f1280,gridDim,0x13600000136,blockDim,0x1,args,0x2000000020,sharedMemBytes,0x1,unknown,0x0,,,,,0x0
427,hipGetLastError,3075363,3075382,815468208427227,815468208456821,29594,1,none,0x7f09dff28e40,,,,,,,,,,,,,,,0x0
486,hipLaunchKernel,3075363,3075382,815468208486234,815468208520114,33880,6,func,0x7f09e13f1280,gridDim,0x13600000136,blockDim,0x1,args,0x2000000020,sharedMemBytes,0x1,unknown,0x0,,,,,0x0
548,hipGetLastError,3075363,3075382,815468208548607,815468208578131,29524,1,none,0x7f09dff28e40,,,,,,,,,,,,,,,0x0
607,hipLaunchKernel,3075363,3075382,815468208607444,815468208644429,36985,6,func,0x7f09e13f1280,gridDim,0x13600000136,blockDim,0x1,args,0x2000000020,sharedMemBytes,0x1,unknown,0x0,,,,,0x0
672,hipGetLastError,3075363,3075382,815468208672651,815468208700532,27881,1,none,0x7f09dff28e40,,,,,,,,,,,,,,,0x0
729,hipStreamSynchronize,3075363,3075382,815468208729806,815468210601202,1871396,1,stream,0x7ec97c0010b0,,,,,,,,,,,,,,,0x0
633,hipLaunchKernel,3075363,3075382,815468210633650,815468210668342,34692,6,func,0x7f09e13f1280,gridDim,0x13600000136,blockDim,0x1,args,0x2000000020,sharedMemBytes,0x1,unknown,0x0,,,,,0x0
698,hipGetLastError,3075363,3075382,815468210697965,815468210728080,30115,1,none,0x7f09dff28e40,,,,,,,,,,,,,,,0x0
756,hipLaunchKernel,3075363,3075382,815468210756472,815468210900636,144164,6,func,0x7f09e13f1280,gridDim,0x13600000136,blockDim,0x1,args,0x2000000020,sharedMemBytes,0x1,unknown,0x0,,,,,0x0
931,hipGetLastError,3075363,3075382,815468210931392,815468210962698,31306,1,none,0x7f09dff28e40,,,,,,,,,,,,,,,0x0
991,hipLaunchKernel,3075363,3075382,815468210991441,815468211029117,37676,6,func,0x7f09e13f1280,gridDim,0x13600000136,blockDim,0x1,args,0x2000000020,sharedMemBytes,0x1,unknown,0x0,,,,,0x0
58,hipGetLastError,3075363,3075382,815468211058871,815468211089146,30275,1,none,0x7f09dff28e40,,,,,,,,,,,,,,,0x0
117,hipLaunchKernel,3075363,3075382,815468211117137,815468211153962,36825,6,func,0x7f09e13f1280,gridDim,0x13600000136,blockDim,0x1,args,0x2000000020,sharedMemBytes,0x1,unknown,0x0,,,,,0x0
183,hipGetLastError,3075363,3075382,815468211183656,815468211211517,27861,1,none,0x7f09dff28e40,,,,,,,,,,,,,,,0x0
239,hipLaunchKernel,3075363,3075382,815468211239649,815468211275723,36074,6,func,0x7f09e13f1280,gridDim,0x13600000136,blockDim,0x1,args,0x2000000020,sharedMemBytes,0x1,unknown,0x0,,,,,0x0
305,hipGetLastError,3075363,3075382,815468211305026,815468211326468,21442,1,none,0x7f09dff28e40,,,,,,,,,,,,,,,0x0
355,hipLaunchKernel,3075363,3075382,815468211354970,815468211392185,37215,6,func,0x7f09e13f1280,gridDim,0x13600000136,blockDim,0x1,args,0x2000000020,sharedMemBytes,0x1,unknown,0x0,,,,,0x0
421,hipGetLastError,3075363,3075382,815468211420958,815468211450212,29254,1,none,0x7f09dff28e40,,,,,,,,,,,,,,,0x0
478,hipLaunchKernel,3075363,3075382,815468211478233,815468211514487,36254,6,func,0x7f09e13f1280,gridDim,0x13600000136,blockDim,0x1,args,0x2000000020,sharedMemBytes,0x1,unknown,0x0,,,,,0x0
543,hipGetLastError,3075363,3075382,815468211543430,815468211571542,28112,1,none,0x7f09dff28e40,,,,,,,,,,,,,,,0x0
600,hipLaunchKernel,3075363,3075382,815468211600504,815468211636408,35904,6,func,0x7f09e13f1280,gridDim,0x13600000136,blockDim,0x1,args,0x2000000020,sharedMemBytes,0x1,unknown,0x0,,,,,0x0
665,hipGetLastError,3075363,3075382,815468211665541,815468211693613,28072,1,none,0x7f09dff28e40,,,,,,,,,,,,,,,0x0
721,hipLaunchKernel,3075363,3075382,815468211721814,815468211757828,36014,6,func,0x7f09e13f1280,gridDim,0x13600000136,blockDim,0x1,args,0x2000000020,sharedMemBytes,0x1,unknown,0x0,,,,,0x0
787,hipGetLastError,3075363,3075382,815468211787001,815468211813200,26199,1,none,0x7f09dff28e40,,,,,,,,,,,,,,,0x0
842,hipLaunchKernel,3075363,3075382,815468211842113,815468211879749,37636,6,func,0x7f09e13f1280,gridDim,0x13600000136,blockDim,0x1,args,0x2000000020,sharedMemBytes,0x1,unknown,0x0,,,,,0x0
908,hipGetLastError,3075363,3075382,815468211908792,815468211938025,29233,1,none,0x7f09dff28e40,,,,,,,,,,,,,,,0x0
965,hipStreamSynchronize,3075363,3075382,815468211965857,815468213846277,1880420,1,stream,0x7ec97c0010b0,,,,,,,,,,,,,,,0x0
877,hipLaunchKernel,3075363,3075382,815468213876972,815468213911563,34591,6,func,0x7f09e13f1280,gridDim,0x13600000136,blockDim,0x1,args,0x2000000020,sharedMemBytes,0x1,unknown,0x0,,,,,0x0
940,hipGetLastError,3075363,3075382,815468213939986,815468213970381,30395,1,none,0x7f09dff28e40,,,,,,,,,,,,,,,0x0
0,hipLaunchKernel,3075363,3075382,815468214000245,815468214037881,37636,6,func,0x7f09e13f1280,gridDim,0x13600000136,blockDim,0x1,args,0x2000000020,sharedMemBytes,0x1,unknown,0x0,,,,,0x0
66,hipGetLastError,3075363,3075382,815468214066153,815468214092592,26439,1,none,0x7f09dff28e40,,,,,,,,,,,,,,,0x0
122,hipLaunchKernel,3075363,3075382,815468214122516,815468214159702,37186,6,func,0x7f09e13f1280,gridDim,0x13600000136,blockDim,0x1,args,0x2000000020,sharedMemBytes,0x1,unknown,0x0,,,,,0x0
187,hipGetLastError,3075363,3075382,815468214187603,815468214213772,26169,1,none,0x7f09dff28e40,,,,,,,,,,,,,,,0x0
243,hipLaunchKernel,3075363,3075382,815468214243266,815468214280841,37575,6,func,0x7f09e13f1280,gridDim,0x13600000136,blockDim,0x1,args,0x2000000020,sharedMemBytes,0x1,unknown,0x0,,,,,0x0
308,hipGetLastError,3075363,3075382,815468214308813,815468214336624,27811,1,none,0x7f09dff28e40,,,,,,,,,,,,,,,0x0
366,hipLaunchKernel,3075363,3075382,815468214366168,815468214403694,37526,6,func,0x7f09e13f1280,gridDim,0x13600000136,blockDim,0x1,args,0x2000000020,sharedMemBytes,0x1,unknown,0x0,,,,,0x0
431,hipGetLastError,3075363,3075382,815468214431735,815468214456572,24837,1,none,0x7f09dff28e40,,,,,,,,,,,,,,,0x0
486,hipLaunchKernel,3075363,3075382,815468214486226,815468214523321,37095,6,func,0x7f09e13f1280,gridDim,0x13600000136,blockDim,0x1,args,0x2000000020,sharedMemBytes,0x1,unknown,0x0,,,,,0x0
551,hipGetLastError,3075363,3075382,815468214551343,815468214577281,25938,1,none,0x7f09dff28e40,,,,,,,,,,,,,,,0x0
606,hipLaunchKernel,3075363,3075382,815468214606715,815468214643219,36504,6,func,0x7f09e13f1280,gridDim,0x13600000136,blockDim,0x1,args,0x2000000020,sharedMemBytes,0x1,unknown,0x0,,,,,0x0
671,hipGetLastError,3075363,3075382,815468214671200,815468214699172,27972,1,none,0x7f09dff28e40,,,,,,,,,,,,,,,0x0
728,hipLaunchKernel,3075363,3075382,815468214728676,815468214766041,37365,6,func,0x7f09e13f1280,gridDim,0x13600000136,blockDim,0x1,args,0x2000000020,sharedMemBytes,0x1,unknown,0x0,,,,,0x0
793,hipGetLastError,3075363,3075382,815468214793782,815468214821744,27962,1,none,0x7f09dff28e40,,,,,,,,,,,,,,,0x0
851,hipLaunchKernel,3075363,3075382,815468214851338,815468214887822,36484,6,func,0x7f09e13f1280,gridDim,0x13600000136,blockDim,0x1,args,0x2000000020,sharedMemBytes,0x1,unknown,0x0,,,,,0x0
916,hipGetLastError,3075363,3075382,815468214915924,815468214941632,25708,1,none,0x7f09dff28e40,,,,,,,,,,,,,,,0x0
971,hipLaunchKernel,3075363,3075382,815468214971166,815468215009623,38457,6,func,0x7f09e13f1280,gridDim,0x13600000136,blockDim,0x1,args,0x2000000020,sharedMemBytes,0x1,unknown,0x0,,,,,0x0
37,hipGetLastError,3075363,3075382,815468215037354,815468215066667,29313,1,none,0x7f09dff28e40,,,,,,,,,,,,,,,0x0
96,hipStreamSynchronize,3075363,3075382,815468215095941,815468217074827,1978886,1,stream,0x7ec97c0010b0,,,,,,,,,,,,,,,0x0
104,hipLaunchKernel,3075363,3075382,815468217104571,815468217136108,31537,6,func,0x7f09e13f1280,gridDim,0x13600000136,blockDim,0x1,args,0x2000000020,sharedMemBytes,0x1,unknown,0x0,,,,,0x0
165,hipGetLastError,3075363,3075382,815468217165551,815468217196557,31006,1,none,0x7f09dff28e40,,,,,,,,,,,,,,,0x0
225,hipLaunchKernel,3075363,3075382,815468217225230,815468217257027,31797,6,func,0x7f09e13f1280,gridDim,0x13600000136,blockDim,0x1,args,0x2000000020,sharedMemBytes,0x1,unknown,0x0,,,,,0x0
286,hipGetLastError,3075363,3075382,815468217286721,815468217318869,32148,1,none,0x7f09dff28e40,,,,,,,,,,,,,,,0x0
347,hipLaunchKernel,3075363,3075382,815468217347201,815468217378056,30855,6,func,0x7f09e13f1280,gridDim,0x13600000136,blockDim,0x1,args,0x2000000020,sharedMemBytes,0x1,unknown,0x0,,,,,0x0
407,hipGetLastError,3075363,3075382,815468217407250,815468217439518,32268,1,none,0x7f09dff28e40,,,,,,,,,,,,,,,0x0
467,hipLaunchKernel,3075363,3075382,815468217467860,815468217500939,33079,6,func,0x7f09e13f1280,gridDim,0x13600000136,blockDim,0x1,args,0x2000000020,sharedMemBytes,0x1,unknown,0x0,,,,,0x0
530,hipGetLastError,3075363,3075382,815468217530342,815468217559045,28703,1,none,0x7f09dff28e40,,,,,,,,,,,,,,,0x0
587,hipLaunchKernel,3075363,3075382,815468217587567,815468217625043,37476,6,func,0x7f09e13f1280,gridDim,0x13600000136,blockDim,0x1,args,0x2000000020,sharedMemBytes,0x1,unknown,0x0,,,,,0x0
654,hipGetLastError,3075363,3075382,815468217654276,815468217685763,31487,1,none,0x7f09dff28e40,,,,,,,,,,,,,,,0x0
713,hipLaunchKernel,3075363,3075382,815468217713724,815468217752342,38618,6,func,0x7f09e13f1280,gridDim,0x13600000136,blockDim,0x1,args,0x2000000020,sharedMemBytes,0x1,unknown,0x0,,,,,0x0
781,hipGetLastError,3075363,3075382,815468217781635,815468217813292,31657,1,none,0x7f09dff28e40,,,,,,,,,,,,,,,0x0
841,hipLaunchKernel,3075363,3075382,815468217841865,815468217878589,36724,6,func,0x7f09e13f1280,gridDim,0x13600000136,blockDim,0x1,args,0x2000000020,sharedMemBytes,0x1,unknown,0x0,,,,,0x0
907,hipGetLastError,3075363,3075382,815468217907622,815468217932850,25228,1,none,0x7f09dff28e40,,,,,,,,,,,,,,,0x0
961,hipLaunchKernel,3075363,3075382,815468217961252,815468217998166,36914,6,func,0x7f09e13f1280,gridDim,0x13600000136,blockDim,0x1,args,0x2000000020,sharedMemBytes,0x1,unknown,0x0,,,,,0x0
27,hipGetLastError,3075363,3075382,815468218027210,815468218056823,29613,1,none,0x7f09dff28e40,,,,,,,,,,,,,,,0x0
84,hipLaunchKernel,3075363,3075382,815468218084875,815468218122431,37556,6,func,0x7f09e13f1280,gridDim,0x13600000136,blockDim,0x1,args,0x2000000020,sharedMemBytes,0x1,unknown,0x0,,,,,0x0
151,hipGetLastError,3075363,3075382,815468218151344,815468218177012,25668,1,none,0x7f09dff28e40,,,,,,,,,,,,,,,0x0
205,hipLaunchKernel,3075363,3075382,815468218205043,815468218243460,38417,6,func,0x7f09e13f1280,gridDim,0x13600000136,blockDim,0x1,args,0x2000000020,sharedMemBytes,0x1,unknown,0x0,,,,,0x0
272,hipGetLastError,3075363,3075382,815468218272533,815468218300525,27992,1,none,0x7f09dff28e40,,,,,,,,,,,,,,,0x0
328,hipStreamSynchronize,3075363,3075382,815468218328597,815468220277909,1949312,1,stream,0x7ec97c0010b0,,,,,,,,,,,,,,,0x0
310,hipLaunchKernel,3075363,3075382,815468220310787,815468220338308,27521,6,func,0x7f09e13f1280,gridDim,0x13600000136,blockDim,0x1,args,0x2000000020,sharedMemBytes,0x1,unknown,0x0,,,,,0x0
366,hipGetLastError,3075363,3075382,815468220366670,815468220398518,31848,1,none,0x7f09dff28e40,,,,,,,,,,,,,,,0x0
427,hipLaunchKernel,3075363,3075382,815468220427581,815468220467109,39528,6,func,0x7f09e13f1280,gridDim,0x13600000136,blockDim,0x1,args,0x2000000020,sharedMemBytes,0x1,unknown,0x0,,,,,0x0
495,hipGetLastError,3075363,3075382,815468220494991,815468220521881,26890,1,none,0x7f09dff28e40,,,,,,,,,,,,,,,0x0
551,hipLaunchKernel,3075363,3075382,815468220551535,815468220586747,35212,6,func,0x7f09e13f1280,gridDim,0x13600000136,blockDim,0x1,args,0x2000000020,sharedMemBytes,0x1,unknown,0x0,,,,,0x0
614,hipGetLastError,3075363,3075382,815468220614818,815468220642199,27381,1,none,0x7f09dff28e40,,,,,,,,,,,,,,,0x0
672,hipLaunchKernel,3075363,3075382,815468220672083,815468220710150,38067,6,func,0x7f09e13f1280,gridDim,0x13600000136,blockDim,0x1,args,0x2000000020,sharedMemBytes,0x1,unknown,0x0,,,,,0x0
737,hipGetLastError,3075363,3075382,815468220737911,815468220763589,25678,1,none,0x7f09dff28e40,,,,,,,,,,,,,,,0x0
793,hipLaunchKernel,3075363,3075382,815468220793173,815468220831510,38337,6,func,0x7f09e13f1280,gridDim,0x13600000136,blockDim,0x1,args,0x2000000020,sharedMemBytes,0x1,unknown,0x0,,,,,0x0
861,hipGetLastError,3075363,3075382,815468220861424,815468220890698,29274,1,none,0x7f09dff28e40,,,,,,,,,,,,,,,0x0
920,hipLaunchKernel,3075363,3075382,815468220920352,815468220957767,37415,6,func,0x7f09e13f1280,gridDim,0x13600000136,blockDim,0x1,args,0x2000000020,sharedMemBytes,0x1,unknown,0x0,,,,,0x0
985,hipGetLastError,3075363,3075382,815468220985588,815468221012358,26770,1,none,0x7f09dff28e40,,,,,,,,,,,,,,,0x0
42,hipLaunchKernel,3075363,3075382,815468221042042,815468221079368,37326,6,func,0x7f09e13f1280,gridDim,0x13600000136,blockDim,0x1,args,0x2000000020,sharedMemBytes,0x1,unknown,0x0,,,,,0x0
697,hipHostMalloc,3075363,3075375,815467943697615,815468221083043,277385428,3,arg,0x7ec9c00010b8,arg,0x2000000,arg,0x0,,,,,,,,,,,0x0
123,hipGetLastError,3075363,3075382,815468221123493,815468221153788,30295,1,none,0x7f09dff28e40,,,,,,,,,,,,,,,0x0
204,hipLaunchKernel,3075363,3075382,815468221204153,815468221242480,38327,6,func,0x7f09e13f1280,gridDim,0x13600000136,blockDim,0x1,args,0x2000000020,sharedMemBytes,0x1,unknown,0x0,,,,,0x0
271,hipGetLastError,3075363,3075382,815468221271613,815468221301517,29904,1,none,0x7f09dff28e40,,,,,,,,,,,,,,,0x0
357,hipLaunchKernel,3075363,3075382,815468221357791,815468221397700,39909,6,func,0x7f09e13f1280,gridDim,0x13600000136,blockDim,0x1,args,0x2000000020,sharedMemBytes,0x1,unknown,0x0,,,,,0x0
426,hipGetLastError,3075363,3075382,815468221426813,815468221452641,25828,1,none,0x7f09dff28e40,,,,,,,,,,,,,,,0x0
482,hipLaunchKernel,3075363,3075382,815468221482165,815468221518900,36735,6,func,0x7f09e13f1280,gridDim,0x13600000136,blockDim,0x1,args,0x2000000020,sharedMemBytes,0x1,unknown,0x0,,,,,0x0
549,hipGetLastError,3075363,3075382,815468221549115,815468221580351,31236,1,none,0x7f09dff28e40,,,,,,,,,,,,,,,0x0
609,hipStreamSynchronize,3075363,3075382,815468221609865,815468223473850,1863985,1,stream,0x7ec97c0010b0,,,,,,,,,,,,,,,0x0
866,hipLaunchKernel,3075363,3075382,815468229866444,815468229912312,45868,6,func,0x7f09e13f1280,gridDim,0x13600000136,blockDim,0x1,args,0x2000000020,sharedMemBytes,0x1,unknown,0x0,,,,,0x0
945,hipGetLastError,3075363,3075382,815468229944990,815468229966272,21282,1,none,0x7f09dff28e40,,,,,,,,,,,,,,,0x0
760,hipLaunchKernel,3075363,3075382,815468238759968,815468238807078,47110,6,func,0x7f09e13f1280,gridDim,0x13600000136,blockDim,0x1,args,0x2000000020,sharedMemBytes,0x1,unknown,0x0,,,,,0x0
835,hipGetLastError,3075363,3075382,815468238835060,815468238856031,20971,1,none,0x7f09dff28e40,,,,,,,,,,,,,,,0x0
885,hipLaunchKernel,3075363,3075382,815468238885244,815468238917973,32729,6,func,0x7f09e13f1280,gridDim,0x13600000136,blockDim,0x1,args,0x2000000020,sharedMemBytes,0x1,unknown,0x0,,,,,0x0
946,hipGetLastError,3075363,3075382,815468238946686,815468238978282,31596,1,none,0x7f09dff28e40,,,,,,,,,,,,,,,0x0
7,hipLaunchKernel,3075363,3075382,815468239007255,815468239043860,36605,6,func,0x7f09e13f1280,gridDim,0x13600000136,blockDim,0x1,args,0x2000000020,sharedMemBytes,0x1,unknown,0x0,,,,,0x0
73,hipGetLastError,3075363,3075382,815468239073013,815468239101215,28202,1,none,0x7f09dff28e40,,,,,,,,,,,,,,,0x0
130,hipLaunchKernel,3075363,3075382,815468239130188,815468239168124,37936,6,func,0x7f09e13f1280,gridDim,0x13600000136,blockDim,0x1,args,0x2000000020,sharedMemBytes,0x1,unknown,0x0,,,,,0x0
197,hipGetLastError,3075363,3075382,815468239197007,815468239224758,27751,1,none,0x7f09dff28e40,,,,,,,,,,,,,,,0x0
253,hipLaunchKernel,3075363,3075382,815468239253761,815468239286169,32408,6,func,0x7f09e13f1280,gridDim,0x13600000136,blockDim,0x1,args,0x2000000020,sharedMemBytes,0x1,unknown,0x0,,,,,0x0
314,hipGetLastError,3075363,3075382,815468239314842,815468239347440,32598,1,none,0x7f09dff28e40,,,,,,,,,,,,,,,0x0
376,hipLaunchKernel,3075363,3075382,815468239376874,815468239409472,32598,6,func,0x7f09e13f1280,gridDim,0x13600000136,blockDim,0x1,args,0x2000000020,sharedMemBytes,0x1,unknown,0x0,,,,,0x0
437,hipGetLastError,3075363,3075382,815468239437273,815468239460278,23005,1,none,0x7f09dff28e40,,,,,,,,,,,,,,,0x0
490,hipLaunchKernel,3075363,3075382,815468239489972,815468239527357,37385,6,func,0x7f09e13f1280,gridDim,0x13600000136,blockDim,0x1,args,0x2000000020,sharedMemBytes,0x1,unknown,0x0,,,,,0x0
556,hipGetLastError,3075363,3075382,815468239556480,815468239583350,26870,1,none,0x7f09dff28e40,,,,,,,,,,,,,,,0x0
612,hipLaunchKernel,3075363,3075382,815468239612664,815468239650660,37996,6,func,0x7f09e13f1280,gridDim,0x13600000136,blockDim,0x1,args,0x2000000020,sharedMemBytes,0x1,unknown,0x0,,,,,0x0
680,hipGetLastError,3075363,3075382,815468239679953,815468239709567,29614,1,none,0x7f09dff28e40,,,,,,,,,,,,,,,0x0
738,hipLaunchKernel,3075363,3075382,815468239738460,815468239774844,36384,6,func,0x7f09e13f1280,gridDim,0x13600000136,blockDim,0x1,args,0x2000000020,sharedMemBytes,0x1,unknown,0x0,,,,,0x0
804,hipGetLastError,3075363,3075382,815468239804228,815468239830707,26479,1,none,0x7f09dff28e40,,,,,,,,,,,,,,,0x0
859,hipStreamSynchronize,3075363,3075382,815468239859730,815468241632280,1772550,1,stream,0x7ec97c0010b0,,,,,,,,,,,,,,,0x0
664,hipLaunchKernel,3075363,3075382,815468241663917,815468241694412,30495,6,func,0x7f09e13f1280,gridDim,0x13600000136,blockDim,0x1,args,0x2000000020,sharedMemBytes,0x1,unknown,0x0,,,,,0x0
723,hipGetLastError,3075363,3075382,815468241723455,815468241755993,32538,1,none,0x7f09dff28e40,,,,,,,,,,,,,,,0x0
785,hipLaunchKernel,3075363,3075382,815468241785507,815468241825997,40490,6,func,0x7f09e13f1280,gridDim,0x13600000136,blockDim,0x1,args,0x2000000020,sharedMemBytes,0x1,unknown,0x0,,,,,0x0
854,hipGetLastError,3075363,3075382,815468241854850,815468241878575,23725,1,none,0x7f09dff28e40,,,,,,,,,,,,,,,0x0
907,hipLaunchKernel,3075363,3075382,815468241907859,815468241944363,36504,6,func,0x7f09e13f1280,gridDim,0x13600000136,blockDim,0x1,args,0x2000000020,sharedMemBytes,0x1,unknown,0x0,,,,,0x0
972,hipGetLastError,3075363,3075382,815468241972575,815468242000156,27581,1,none,0x7f09dff28e40,,,,,,,,,,,,,,,0x0
29,hipLaunchKernel,3075363,3075382,815468242029720,815468242067345,37625,6,func,0x7f09e13f1280,gridDim,0x13600000136,blockDim,0x1,args,0x2000000020,sharedMemBytes,0x1,unknown,0x0,,,,,0x0
95,hipGetLastError,3075363,3075382,815468242095838,815468242125522,29684,1,none,0x7f09dff28e40,,,,,,,,,,,,,,,0x0
154,hipLaunchKernel,3075363,3075382,815468242154785,815468242190949,36164,6,func,0x7f09e13f1280,gridDim,0x13600000136,blockDim,0x1,args,0x2000000020,sharedMemBytes,0x1,unknown,0x0,,,,,0x0
219,hipGetLastError,3075363,3075382,815468242219531,815468242247503,27972,1,none,0x7f09dff28e40,,,,,,,,,,,,,,,0x0
277,hipLaunchKernel,3075363,3075382,815468242277207,815468242314232,37025,6,func,0x7f09e13f1280,gridDim,0x13600000136,blockDim,0x1,args,0x2000000020,sharedMemBytes,0x1,unknown,0x0,,,,,0x0
342,hipGetLastError,3075363,3075382,815468242342694,815468242371166,28472,1,none,0x7f09dff28e40,,,,,,,,,,,,,,,0x0
400,hipLaunchKernel,3075363,3075382,815468242400460,815468242433879,33419,6,func,0x7f09e13f1280,gridDim,0x13600000136,blockDim,0x1,args,0x2000000020,sharedMemBytes,0x1,unknown,0x0,,,,,0x0
462,hipGetLastError,3075363,3075382,815468242462301,815468242492005,29704,1,none,0x7f09dff28e40,,,,,,,,,,,,,,,0x0
521,hipLaunchKernel,3075363,3075382,815468242521479,815468242558244,36765,6,func,0x7f09e13f1280,gridDim,0x13600000136,blockDim,0x1,args,0x2000000020,sharedMemBytes,0x1,unknown,0x0,,,,,0x0
587,hipGetLastError,3075363,3075382,815468242587227,815468242618323,31096,1,none,0x7f09dff28e40,,,,,,,,,,,,,,,0x0
647,hipLaunchKernel,3075363,3075382,815468242647466,815468242681006,33540,6,func,0x7f09e13f1280,gridDim,0x13600000136,blockDim,0x1,args,0x2000000020,sharedMemBytes,0x1,unknown,0x0,,,,,0x0
710,hipGetLastError,3075363,3075382,815468242710049,815468242731391,21342,1,none,0x7f09dff28e40,,,,,,,,,,,,,,,0x0
760,hipLaunchKernel,3075363,3075382,815468242760654,815468242797729,37075,6,func,0x7f09e13f1280,gridDim,0x13600000136,blockDim,0x1,args,0x2000000020,sharedMemBytes,0x1,unknown,0x0,,,,,0x0
826,hipGetLastError,3075363,3075382,815468242826171,815468242856887,30716,1,none,0x7f09dff28e40,,,,,,,,,,,,,,,0x0
885,hipStreamSynchronize,3075363,3075382,815468242885219,815468244938886,2053667,1,stream,0x7ec97c0010b0,,,,,,,,,,,,,,,0x0
970,hipLaunchKernel,3075363,3075382,815468244970362,815468245003501,33139,6,func,0x7f09e13f1280,gridDim,0x13600000136,blockDim,0x1,args,0x2000000020,sharedMemBytes,0x1,unknown,0x0,,,,,0x0
33,hipGetLastError,3075363,3075382,815468245032925,815468245064672,31747,1,none,0x7f09dff28e40,,,,,,,,,,,,,,,0x0
93,hipLaunchKernel,3075363,3075382,815468245093685,815468245132923,39238,6,func,0x7f09e13f1280,gridDim,0x13600000136,blockDim,0x1,args,0x2000000020,sharedMemBytes,0x1,unknown,0x0,,,,,0x0
161,hipGetLastError,3075363,3075382,815468245161886,815468245191110,29224,1,none,0x7f09dff28e40,,,,,,,,,,,,,,,0x0
219,hipLaunchKernel,3075363,3075382,815468245219782,815468245255846,36064,6,func,0x7f09e13f1280,gridDim,0x13600000136,blockDim,0x1,args,0x2000000020,sharedMemBytes,0x1,unknown,0x0,,,,,0x0
284,hipGetLastError,3075363,3075382,815468245284568,815468245312530,27962,1,none,0x7f09dff28e40,,,,,,,,,,,,,,,0x0
341,hipLaunchKernel,3075363,3075382,815468245341393,815468245379039,37646,6,func,0x7f09e13f1280,gridDim,0x13600000136,blockDim,0x1,args,0x2000000020,sharedMemBytes,0x1,unknown,0x0,,,,,0x0
407,hipGetLastError,3075363,3075382,815468245407851,815468245434731,26880,1,none,0x7f09dff28e40,,,,,,,,,,,,,,,0x0
463,hipLaunchKernel,3075363,3075382,815468245463544,815468245500068,36524,6,func,0x7f09e13f1280,gridDim,0x13600000136,blockDim,0x1,args,0x2000000020,sharedMemBytes,0x1,unknown,0x0,,,,,0x0
528,hipGetLastError,3075363,3075382,815468245528821,815468245558114,29293,1,none,0x7f09dff28e40,,,,,,,,,,,,,,,0x0
587,hipLaunchKernel,3075363,3075382,815468245587027,815468245624623,37596,6,func,0x7f09e13f1280,gridDim,0x13600000136,blockDim,0x1,args,0x2000000020,sharedMemBytes,0x1,unknown,0x0,,,,,0x0
653,hipGetLastError,3075363,3075382,815468245653536,815468245682138,28602,1,none,0x7f09dff28e40,,,,,,,,,,,,,,,0x0
711,hipLaunchKernel,3075363,3075382,815468245711151,815468245749027,37876,6,func,0x7f09e13f1280,gridDim,0x13600000136,blockDim,0x1,args,0x2000000020,sharedMemBytes,0x1,unknown,0x0,,,,,0x0
778,hipGetLastError,3075363,3075382,815468245778010,815468245807584,29574,1,none,0x7f09dff28e40,,,,,,,,,,,,,,,0x0
836,hipLaunchKernel,3075363,3075382,815468245836687,815468245873482,36795,6,func,0x7f09e13f1280,gridDim,0x13600000136,blockDim,0x1,args,0x2000000020,sharedMemBytes,0x1,unknown,0x0,,,,,0x0
902,hipGetLastError,3075363,3075382,815468245902375,815468245930507,28132,1,none,0x7f09dff28e40,,,,,,,,,,,,,,,0x0
959,hipLaunchKernel,3075363,3075382,815468245959400,815468245996695,37295,6,func,0x7f09e13f1280,gridDim,0x13600000136,blockDim,0x1,args,0x2000000020,sharedMemBytes,0x1,unknown,0x0,,,,,0x0
25,hipGetLastError,3075363,3075382,815468246025237,815468246055172,29935,1,none,0x7f09dff28e40,,,,,,,,,,,,,,,0x0
84,hipLaunchKernel,3075363,3075382,815468246084125,815468246120529,36404,6,func,0x7f09e13f1280,gridDim,0x13600000136,blockDim,0x1,args,0x2000000020,sharedMemBytes,0x1,unknown,0x0,,,,,0x0
149,hipGetLastError,3075363,3075382,815468246149451,815468246177423,27972,1,none,0x7f09dff28e40,,,,,,,,,,,,,,,0x0
206,hipStreamSynchronize,3075363,3075382,815468246206096,815468248209167,2003071,1,stream,0x7ec97c0010b0,,,,,,,,,,,,,,,0x0
240,hipLaunchKernel,3075363,3075382,815468248240223,815468248270478,30255,6,func,0x7f09e13f1280,gridDim,0x13600000136,blockDim,0x1,args,0x2000000020,sharedMemBytes,0x1,unknown,0x0,,,,,0x0
299,hipGetLastError,3075363,3075382,815468248299321,815468248318119,18798,1,none,0x7f09dff28e40,,,,,,,,,,,,,,,0x0
344,hipLaunchKernel,3075363,3075382,815468248344748,815468248382114,37366,6,func,0x7f09e13f1280,gridDim,0x13600000136,blockDim,0x1,args,0x2000000020,sharedMemBytes,0x1,unknown,0x0,,,,,0x0
411,hipGetLastError,3075363,3075382,815468248411337,815468248440280,28943,1,none,0x7f09dff28e40,,,,,,,,,,,,,,,0x0
469,hipLaunchKernel,3075363,3075382,815468248469584,815468248507059,37475,6,func,0x7f09e13f1280,gridDim,0x13600000136,blockDim,0x1,args,0x2000000020,sharedMemBytes,0x1,unknown,0x0,,,,,0x0
535,hipGetLastError,3075363,3075382,815468248535491,815468248564845,29354,1,none,0x7f09dff28e40,,,,,,,,,,,,,,,0x0
593,hipLaunchKernel,3075363,3075382,815468248593898,815468248630843,36945,6,func,0x7f09e13f1280,gridDim,0x13600000136,blockDim,0x1,args,0x2000000020,sharedMemBytes,0x1,unknown,0x0,,,,,0x0
659,hipGetLastError,3075363,3075382,815468248658945,815468248686836,27891,1,none,0x7f09dff28e40,,,,,,,,,,,,,,,0x0
716,hipLaunchKernel,3075363,3075382,815468248716199,815468248751732,35533,6,func,0x7f09e13f1280,gridDim,0x13600000136,blockDim,0x1,args,0x2000000020,sharedMemBytes,0x1,unknown,0x0,,,,,0x0
780,hipGetLastError,3075363,3075382,815468248780024,815468248807074,27050,1,none,0x7f09dff28e40,,,,,,,,,,,,,,,0x0
836,hipLaunchKernel,3075363,3075382,815468248836248,815468248873603,37355,6,func,0x7f09e13f1280,gridDim,0x13600000136,blockDim,0x1,args,0x2000000020,sharedMemBytes,0x1,unknown,0x0,,,,,0x0
901,hipGetLastError,3075363,3075382,815468248901895,815468248926902,25007,1,none,0x7f09dff28e40,,,,,,,,,,,,,,,0x0
956,hipLaunchKernel,3075363,3075382,815468248956326,815468248992790,36464,6,func,0x7f09e13f1280,gridDim,0x13600000136,blockDim,0x1,args,0x2000000020,sharedMemBytes,0x1,unknown,0x0,,,,,0x0
21,hipGetLastError,3075363,3075382,815468249021372,815468249052789,31417,1,none,0x7f09dff28e40,,,,,,,,,,,,,,,0x0
81,hipLaunchKernel,3075363,3075382,815468249081692,815468249118406,36714,6,func,0x7f09e13f1280,gridDim,0x13600000136,blockDim,0x1,args,0x2000000020,sharedMemBytes,0x1,unknown,0x0,,,,,0x0
146,hipGetLastError,3075363,3075382,815468249146708,815468249172857,26149,1,none,0x7f09dff28e40,,,,,,,,,,,,,,,0x0
202,hipLaunchKernel,3075363,3075382,815468249202271,815468249239356,37085,6,func,0x7f09e13f1280,gridDim,0x13600000136,blockDim,0x1,args,0x2000000020,sharedMemBytes,0x1,unknown,0x0,,,,,0x0
267,hipGetLastError,3075363,3075382,815468249267658,815468249292314,24656,1,none,0x7f09dff28e40,,,,,,,,,,,,,,,0x0
321,hipLaunchKernel,3075363,3075382,815468249321678,815468249358873,37195,6,func,0x7f09e13f1280,gridDim,0x13600000136,blockDim,0x1,args,0x2000000020,sharedMemBytes,0x1,unknown,0x0,,,,,0x0
387,hipGetLastError,3075363,3075382,815468249387165,815468249414696,27531,1,none,0x7f09dff28e40,,,,,,,,,,,,,,,0x0
443,hipStreamSynchronize,3075363,3075382,815468249443268,815468251442664,1999396,1,stream,0x7ec97c0010b0,,,,,,,,,,,,,,,0x0
473,hipLaunchKernel,3075363,3075382,815468251473760,815468251511527,37767,6,func,0x7f09e13f1280,gridDim,0x13600000136,blockDim,0x1,args,0x2000000020,sharedMemBytes,0x1,unknown,0x0,,,,,0x0
540,hipGetLastError,3075363,3075382,815468251540600,815468251570254,29654,1,none,0x7f09dff28e40,,,,,,,,,,,,,,,0x0
599,hipLaunchKernel,3075363,3075382,815468251599447,815468251638966,39519,6,func,0x7f09e13f1280,gridDim,0x13600000136,blockDim,0x1,args,0x2000000020,sharedMemBytes,0x1,unknown,0x0,,,,,0x0
668,hipGetLastError,3075363,3075382,815468251668319,815468251696170,27851,1,none,0x7f09dff28e40,,,,,,,,,,,,,,,0x0
725,hipLaunchKernel,3075363,3075382,815468251725694,815468251762639,36945,6,func,0x7f09e13f1280,gridDim,0x13600000136,blockDim,0x1,args,0x2000000020,sharedMemBytes,0x1,unknown,0x0,,,,,0x0
791,hipGetLastError,3075363,3075382,815468251791332,815468251819103,27771,1,none,0x7f09dff28e40,,,,,,,,,,,,,,,0x0
848,hipLaunchKernel,3075363,3075382,815468251848296,815468251885001,36705,6,func,0x7f09e13f1280,gridDim,0x13600000136,blockDim,0x1,args,0x2000000020,sharedMemBytes,0x1,unknown,0x0,,,,,0x0
914,hipGetLastError,3075363,3075382,815468251914094,815468251945721,31627,1,none,0x7f09dff28e40,,,,,,,,,,,,,,,0x0
974,hipLaunchKernel,3075363,3075382,815468251974884,815468252012159,37275,6,func,0x7f09e13f1280,gridDim,0x13600000136,blockDim,0x1,args,0x2000000020,sharedMemBytes,0x1,unknown,0x0,,,,,0x0
42,hipGetLastError,3075363,3075382,815468252042084,815468252060211,18127,1,none,0x7f09dff28e40,,,,,,,,,,,,,,,0x0
89,hipLaunchKernel,3075363,3075382,815468252089784,815468252126309,36525,6,func,0x7f09e13f1280,gridDim,0x13600000136,blockDim,0x1,args,0x2000000020,sharedMemBytes,0x1,unknown,0x0,,,,,0x0
155,hipGetLastError,3075363,3075382,815468252155201,815468252181541,26340,1,none,0x7f09dff28e40,,,,,,,,,,,,,,,0x0
210,hipLaunchKernel,3075363,3075382,815468252210373,815468252248450,38077,6,func,0x7f09e13f1280,gridDim,0x13600000136,blockDim,0x1,args,0x2000000020,sharedMemBytes,0x1,unknown,0x0,,,,,0x0
277,hipGetLastError,3075363,3075382,815468252277853,815468252307427,29574,1,none,0x7f09dff28e40,,,,,,,,,,,,,,,0x0
336,hipLaunchKernel,3075363,3075382,815468252336721,815468252374417,37696,6,func,0x7f09e13f1280,gridDim,0x13600000136,blockDim,0x1,args,0x2000000020,sharedMemBytes,0x1,unknown,0x0,,,,,0x0
403,hipGetLastError,3075363,3075382,815468252403119,815468252432803,29684,1,none,0x7f09dff28e40,,,,,,,,,,,,,,,0x0
461,hipLaunchKernel,3075363,3075382,815468252461826,815468252499592,37766,6,func,0x7f09e13f1280,gridDim,0x13600000136,blockDim,0x1,args,0x2000000020,sharedMemBytes,0x1,unknown,0x0,,,,,0x0
528,hipGetLastError,3075363,3075382,815468252528415,815468252556357,27942,1,none,0x7f09dff28e40,,,,,,,,,,,,,,,0x0
586,hipLaunchKernel,3075363,3075382,815468252586411,815468252623707,37296,6,func,0x7f09e13f1280,gridDim,0x13600000136,blockDim,0x1,args,0x2000000020,sharedMemBytes,0x1,unknown,0x0,,,,,0x0
652,hipGetLastError,3075363,3075382,815468252652559,815468252678027,25468,1,none,0x7f09dff28e40,,,,,,,,,,,,,,,0x0
706,hipStreamSynchronize,3075363,3075382,815468252706269,815468254662581,1956312,1,stream,0x7ec97c0010b0,,,,,,,,,,,,,,,0x0
693,hipLaunchKernel,3075363,3075382,815468254693577,815468254726266,32689,6,func,0x7f09e13f1280,gridDim,0x13600000136,blockDim,0x1,args,0x2000000020,sharedMemBytes,0x1,unknown,0x0,,,,,0x0
755,hipGetLastError,3075363,3075382,815468254755039,815468254785123,30084,1,none,0x7f09dff28e40,,,,,,,,,,,,,,,0x0
814,hipLaunchKernel,3075363,3075382,815468254814477,815468254854456,39979,6,func,0x7f09e13f1280,gridDim,0x13600000136,blockDim,0x1,args,0x2000000020,sharedMemBytes,0x1,unknown,0x0,,,,,0x0
883,hipGetLastError,3075363,3075382,815468254883649,815468254908246,24597,1,none,0x7f09dff28e40,,,,,,,,,,,,,,,0x0
937,hipLaunchKernel,3075363,3075382,815468254937499,815468254974134,36635,6,func,0x7f09e13f1280,gridDim,0x13600000136,blockDim,0x1,args,0x2000000020,sharedMemBytes,0x1,unknown,0x0,,,,,0x0
3,hipGetLastError,3075363,3075382,815468255003117,815468255030938,27821,1,none,0x7f09dff28e40,,,,,,,,,,,,,,,0x0
60,hipLaunchKernel,3075363,3075382,815468255060221,815468255096846,36625,6,func,0x7f09e13f1280,gridDim,0x13600000136,blockDim,0x1,args,0x2000000020,sharedMemBytes,0x1,unknown,0x0,,,,,0x0
125,hipGetLastError,3075363,3075382,815468255125037,815468255153089,28052,1,none,0x7f09dff28e40,,,,,,,,,,,,,,,0x0
182,hipLaunchKernel,3075363,3075382,815468255182843,815468255220579,37736,6,func,0x7f09e13f1280,gridDim,0x13600000136,blockDim,0x1,args,0x2000000020,sharedMemBytes,0x1,unknown,0x0,,,,,0x0
249,hipGetLastError,3075363,3075382,815468255249292,815468255280448,31156,1,none,0x7f09dff28e40,,,,,,,,,,,,,,,0x0
309,hipLaunchKernel,3075363,3075382,815468255309661,815468255347297,37636,6,func,0x7f09e13f1280,gridDim,0x13600000136,blockDim,0x1,args,0x2000000020,sharedMemBytes,0x1,unknown,0x0,,,,,0x0
375,hipGetLastError,3075363,3075382,815468255375509,815468255403581,28072,1,none,0x7f09dff28e40,,,,,,,,,,,,,,,0x0
433,hipLaunchKernel,3075363,3075382,815468255433004,815468255469028,36024,6,func,0x7f09e13f1280,gridDim,0x13600000136,blockDim,0x1,args,0x2000000020,sharedMemBytes,0x1,unknown,0x0,,,,,0x0
497,hipGetLastError,3075363,3075382,815468255497750,815468255523859,26109,1,none,0x7f09dff28e40,,,,,,,,,,,,,,,0x0
553,hipLaunchKernel,3075363,3075382,815468255553503,815468255588154,34651,6,func,0x7f09e13f1280,gridDim,0x13600000136,blockDim,0x1,args,0x2000000020,sharedMemBytes,0x1,unknown,0x0,,,,,0x0
616,hipGetLastError,3075363,3075382,815468255616877,815468255644989,28112,1,none,0x7f09dff28e40,,,,,,,,,,,,,,,0x0
674,hipLaunchKernel,3075363,3075382,815468255674272,815468255710446,36174,6,func,0x7f09e13f1280,gridDim,0x13600000136,blockDim,0x1,args,0x2000000020,sharedMemBytes,0x1,unknown,0x0,,,,,0x0
739,hipGetLastError,3075363,3075382,815468255739018,815468255767010,27992,1,none,0x7f09dff28e40,,,,,,,,,,,,,,,0x0
796,hipLaunchKernel,3075363,3075382,815468255796343,815468255834210,37867,6,func,0x7f09e13f1280,gridDim,0x13600000136,blockDim,0x1,args,0x2000000020,sharedMemBytes,0x1,unknown,0x0,,,,,0x0
862,hipGetLastError,3075363,3075382,815468255862712,815468255890112,27400,1,none,0x7f09dff28e40,,,,,,,,,,,,,,,0x0
918,hipStreamSynchronize,3075363,3075382,815468255918755,815468257857251,1938496,1,stream,0x7ec97c0010b0,,,,,,,,,,,,,,,0x0
889,hipLaunchKernel,3075363,3075382,815468257889348,815468257916068,26720,6,func,0x7f09e13f1280,gridDim,0x13600000136,blockDim,0x1,args,0x2000000020,sharedMemBytes,0x1,unknown,0x0,,,,,0x0
945,hipGetLastError,3075363,3075382,815468257944921,815468257977009,32088,1,none,0x7f09dff28e40,,,,,,,,,,,,,,,0x0
6,hipLaunchKernel,3075363,3075382,815468258006522,815468258046161,39639,6,func,0x7f09e13f1280,gridDim,0x13600000136,blockDim,0x1,args,0x2000000020,sharedMemBytes,0x1,unknown,0x0,,,,,0x0
75,hipGetLastError,3075363,3075382,815468258075014,815468258103516,28502,1,none,0x7f09dff28e40,,,,,,,,,,,,,,,0x0
132,hipLaunchKernel,3075363,3075382,815468258132700,815468258166410,33710,6,func,0x7f09e13f1280,gridDim,0x13600000136,blockDim,0x1,args,0x2000000020,sharedMemBytes,0x1,unknown,0x0,,,,,0x0
196,hipGetLastError,3075363,3075382,815468258196164,815468258225337,29173,1,none,0x7f09dff28e40,,,,,,,,,,,,,,,0x0
254,hipLaunchKernel,3075363,3075382,815468258254630,815468258291245,36615,6,func,0x7f09e13f1280,gridDim,0x13600000136,blockDim,0x1,args,0x2000000020,sharedMemBytes,0x1,unknown,0x0,,,,,0x0
320,hipGetLastError,3075363,3075382,815468258320067,815468258345235,25168,1,none,0x7f09dff28e40,,,,,,,,,,,,,,,0x0
374,hipLaunchKernel,3075363,3075382,815468258374268,815468258411243,36975,6,func,0x7f09e13f1280,gridDim,0x13600000136,blockDim,0x1,args,0x2000000020,sharedMemBytes,0x1,unknown,0x0,,,,,0x0
439,hipGetLastError,3075363,3075382,815468258439865,815468258467606,27741,1,none,0x7f09dff28e40,,,,,,,,,,,,,,,0x0
496,hipLaunchKernel,3075363,3075382,815468258496439,815468258532943,36504,6,func,0x7f09e13f1280,gridDim,0x13600000136,blockDim,0x1,args,0x2000000020,sharedMemBytes,0x1,unknown,0x0,,,,,0x0
561,hipGetLastError,3075363,3075382,815468258561836,815468258587775,25939,1,none,0x7f09dff28e40,,,,,,,,,,,,,,,0x0
616,hipLaunchKernel,3075363,3075382,815468258616768,815468258653282,36514,6,func,0x7f09e13f1280,gridDim,0x13600000136,blockDim,0x1,args,0x2000000020,sharedMemBytes,0x1,unknown,0x0,,,,,0x0
682,hipGetLastError,3075363,3075382,815468258682445,815468258710166,27721,1,none,0x7f09dff28e40,,,,,,,,,,,,,,,0x0
738,hipLaunchKernel,3075363,3075382,815468258738899,815468258775233,36334,6,func,0x7f09e13f1280,gridDim,0x13600000136,blockDim,0x1,args,0x2000000020,sharedMemBytes,0x1,unknown,0x0,,,,,0x0
804,hipGetLastError,3075363,3075382,815468258804056,815468258830635,26579,1,none,0x7f09dff28e40,,,,,,,,,,,,,,,0x0
859,hipLaunchKernel,3075363,3075382,815468258859868,815468258897164,37296,6,func,0x7f09e13f1280,gridDim,0x13600000136,blockDim,0x1,args,0x2000000020,sharedMemBytes,0x1,unknown,0x0,,,,,0x0
926,hipGetLastError,3075363,3075382,815468258925956,815468258954008,28052,1,none,0x7f09dff28e40,,,,,,,,,,,,,,,0x0
983,hipLaunchKernel,3075363,3075382,815468258983031,815468259021178,38147,6,func,0x7f09e13f1280,gridDim,0x13600000136,blockDim,0x1,args,0x2000000020,sharedMemBytes,0x1,unknown,0x0,,,,,0x0
49,hipGetLastError,3075363,3075382,815468259049690,815468259075428,25738,1,none,0x7f09dff28e40,,,,,,,,,,,,,,,0x0
102,hipStreamSynchronize,3075363,3075382,815468259102638,815468261042346,1939708,1,stream,0x7ec97c0010b0,,,,,,,,,,,,,,,0x0
75,hipLaunchKernel,3075363,3075382,815468261075636,815468261102666,27030,6,func,0x7f09e13f1280,gridDim,0x13600000136,blockDim,0x1,args,0x2000000020,sharedMemBytes,0x1,unknown,0x0,,,,,0x0
128,hipGetLastError,3075363,3075382,815468261128845,815468261161503,32658,1,none,0x7f09dff28e40,,,,,,,,,,,,,,,0x0
190,hipLaunchKernel,3075363,3075382,815468261190626,815468261231247,40621,6,func,0x7f09e13f1280,gridDim,0x13600000136,blockDim,0x1,args,0x2000000020,sharedMemBytes,0x1,unknown,0x0,,,,,0x0
259,hipGetLastError,3075363,3075382,815468261259889,815468261287831,27942,1,none,0x7f09dff28e40,,,,,,,,,,,,,,,0x0
317,hipLaunchKernel,3075363,3075382,815468261317114,815468261351525,34411,6,func,0x7f09e13f1280,gridDim,0x13600000136,blockDim,0x1,args,0x2000000020,sharedMemBytes,0x1,unknown,0x0,,,,,0x0
380,hipGetLastError,3075363,3075382,815468261380708,815468261409541,28833,1,none,0x7f09dff28e40,,,,,,,,,,,,,,,0x0
439,hipLaunchKernel,3075363,3075382,815468261439015,815468261476000,36985,6,func,0x7f09e13f1280,gridDim,0x13600000136,blockDim,0x1,args,0x2000000020,sharedMemBytes,0x1,unknown,0x0,,,,,0x0
505,hipGetLastError,3075363,3075382,815468261505003,815468261533395,28392,1,none,0x7f09dff28e40,,,,,,,,,,,,,,,0x0
563,hipLaunchKernel,3075363,3075382,815468261563129,815468261601486,38357,6,func,0x7f09e13f1280,gridDim,0x13600000136,blockDim,0x1,args,0x2000000020,sharedMemBytes,0x1,unknown,0x0,,,,,0x0
629,hipGetLastError,3075363,3075382,815468261629768,815468261657389,27621,1,none,0x7f09dff28e40,,,,,,,,,,,,,,,0x0
683,hipLaunchKernel,3075363,3075382,815468261683167,815468261713392,30225,6,func,0x7f09e13f1280,gridDim,0x13600000136,blockDim,0x1,args,0x2000000020,sharedMemBytes,0x1,unknown,0x0,,,,,0x0
742,hipGetLastError,3075363,3075382,815468261742004,815468261767052,25048,1,none,0x7f09dff28e40,,,,,,,,,,,,,,,0x0
797,hipLaunchKernel,3075363,3075382,815468261797256,815468261833721,36465,6,func,0x7f09e13f1280,gridDim,0x13600000136,blockDim,0x1,args,0x2000000020,sharedMemBytes,0x1,unknown,0x0,,,,,0x0
863,hipGetLastError,3075363,3075382,815468261862934,815468261891005,28071,1,none,0x7f09dff28e40,,,,,,,,,,,,,,,0x0
920,hipLaunchKernel,3075363,3075382,815468261920039,815468261957003,36964,6,func,0x7f09e13f1280,gridDim,0x13600000136,blockDim,0x1,args,0x2000000020,sharedMemBytes,0x1,unknown,0x0,,,,,0x0
985,hipGetLastError,3075363,3075382,815468261984985,815468262012956,27971,1,none,0x7f09dff28e40,,,,,,,,,,,,,,,0x0
42,hipLaunchKernel,3075363,3075382,815468262042580,815468262076230,33650,6,func,0x7f09e13f1280,gridDim,0x13600000136,blockDim,0x1,args,0x2000000020,sharedMemBytes,0x1,unknown,0x0,,,,,0x0
105,hipGetLastError,3075363,3075382,815468262104943,815468262132494,27551,1,none,0x7f09dff28e40,,,,,,,,,,,,,,,0x0
161,hipLaunchKernel,3075363,3075382,815468262161787,815468262197500,35713,6,func,0x7f09e13f1280,gridDim,0x13600000136,blockDim,0x1,args,0x2000000020,sharedMemBytes,0x1,unknown,0x0,,,,,0x0
226,hipGetLastError,3075363,3075382,815468262226073,815468262255586,29513,1,none,0x7f09dff28e40,,,,,,,,,,,,,,,0x0
284,hipStreamSynchronize,3075363,3075382,815468262283959,815468264223857,1939898,1,stream,0x7ec97c0010b0,,,,,,,,,,,,,,,0x0
256,hipLaunchKernel,3075363,3075382,815468264256635,815468264280911,24276,6,func,0x7f09e13f1280,gridDim,0x13600000136,blockDim,0x1,args,0x2000000020,sharedMemBytes,0x1,unknown,0x0,,,,,0x0
310,hipGetLastError,3075363,3075382,815468264310005,815468264342112,32107,1,none,0x7f09dff28e40,,,,,,,,,,,,,,,0x0
371,hipLaunchKernel,3075363,3075382,815468264371676,815468264411405,39729,6,func,0x7f09e13f1280,gridDim,0x13600000136,blockDim,0x1,args,0x2000000020,sharedMemBytes,0x1,unknown,0x0,,,,,0x0
440,hipGetLastError,3075363,3075382,815468264440128,815468264466487,26359,1,none,0x7f09dff28e40,,,,,,,,,,,,,,,0x0
495,hipLaunchKernel,3075363,3075382,815468264495330,815468264533296,37966,6,func,0x7f09e13f1280,gridDim,0x13600000136,blockDim,0x1,args,0x2000000020,sharedMemBytes,0x1,unknown,0x0,,,,,0x0
562,hipGetLastError,3075363,3075382,815468264562209,815468264588448,26239,1,none,0x7f09dff28e40,,,,,,,,,,,,,,,0x0
617,hipLaunchKernel,3075363,3075382,815468264617501,815468264651872,34371,6,func,0x7f09e13f1280,gridDim,0x13600000136,blockDim,0x1,args,0x2000000020,sharedMemBytes,0x1,unknown,0x0,,,,,0x0
681,hipGetLastError,3075363,3075382,815468264681436,815468264712151,30715,1,none,0x7f09dff28e40,,,,,,,,,,,,,,,0x0
741,hipLaunchKernel,3075363,3075382,815468264741475,815468264782476,41001,6,func,0x7f09e13f1280,gridDim,0x13600000136,blockDim,0x1,args,0x2000000020,sharedMemBytes,0x1,unknown,0x0,,,,,0x0
811,hipGetLastError,3075363,3075382,815468264811919,815468264843366,31447,1,none,0x7f09dff28e40,,,,,,,,,,,,,,,0x0
872,hipLaunchKernel,3075363,3075382,815468264872549,815468264908703,36154,6,func,0x7f09e13f1280,gridDim,0x13600000136,blockDim,0x1,args,0x2000000020,sharedMemBytes,0x1,unknown,0x0,,,,,0x0
938,hipGetLastError,3075363,3075382,815468264938267,815468264966138,27871,1,none,0x7f09dff28e40,,,,,,,,,,,,,,,0x0
995,hipLaunchKernel,3075363,3075382,815468264995301,815468265032106,36805,6,func,0x7f09e13f1280,gridDim,0x13600000136,blockDim,0x1,args,0x2000000020,sharedMemBytes,0x1,unknown,0x0,,,,,0x0
60,hipGetLastError,3075363,3075382,815468265060889,815468265092656,31767,1,none,0x7f09dff28e40,,,,,,,,,,,,,,,0x0
121,hipLaunchKernel,3075363,3075382,815468265121689,815468265160186,38497,6,func,0x7f09e13f1280,gridDim,0x13600000136,blockDim,0x1,args,0x2000000020,sharedMemBytes,0x1,unknown,0x0,,,,,0x0
189,hipGetLastError,3075363,3075382,815468265189289,815468265219304,30015,1,none,0x7f09dff28e40,,,,,,,,,,,,,,,0x0
248,hipLaunchKernel,3075363,3075382,815468265248277,815468265285402,37125,6,func,0x7f09e13f1280,gridDim,0x13600000136,blockDim,0x1,args,0x2000000020,sharedMemBytes,0x1,unknown,0x0,,,,,0x0
314,hipGetLastError,3075363,3075382,815468265314294,815468265344109,29815,1,none,0x7f09dff28e40,,,,,,,,,,,,,,,0x0
373,hipLaunchKernel,3075363,3075382,815468265373242,815468265410057,36815,6,func,0x7f09e13f1280,gridDim,0x13600000136,blockDim,0x1,args,0x2000000020,sharedMemBytes,0x1,unknown,0x0,,,,,0x0
439,hipGetLastError,3075363,3075382,815468265438959,815468265467041,28082,1,none,0x7f09dff28e40,,,,,,,,,,,,,,,0x0
495,hipStreamSynchronize,3075363,3075382,815468265495263,815468267394390,1899127,1,stream,0x7ec97c0010b0,,,,,,,,,,,,,,,0x0
424,hipLaunchKernel,3075363,3075382,815468267424846,815468267461851,37005,6,func,0x7f09e13f1280,gridDim,0x13600000136,blockDim,0x1,args,0x2000000020,sharedMemBytes,0x1,unknown,0x0,,,,,0x0
491,hipGetLastError,3075363,3075382,815468267491014,815468267519146,28132,1,none,0x7f09dff28e40,,,,,,,,,,,,,,,0x0
549,hipLaunchKernel,3075363,3075382,815468267549230,815468267589370,40140,6,func,0x7f09e13f1280,gridDim,0x13600000136,blockDim,0x1,args,0x2000000020,sharedMemBytes,0x1,unknown,0x0,,,,,0x0
618,hipGetLastError,3075363,3075382,815468267617942,815468267646985,29043,1,none,0x7f09dff28e40,,,,,,,,,,,,,,,0x0
676,hipLaunchKernel,3075363,3075382,815468267676609,815468267710069,33460,6,func,0x7f09e13f1280,gridDim,0x13600000136,blockDim,0x1,args,0x2000000020,sharedMemBytes,0x1,unknown,0x0,,,,,0x0
738,hipGetLastError,3075363,3075382,815468267738751,815468267764860,26109,1,none,0x7f09dff28e40,,,,,,,,,,,,,,,0x0
794,hipLaunchKernel,3075363,3075382,815468267794714,815468267831829,37115,6,func,0x7f09e13f1280,gridDim,0x13600000136,blockDim,0x1,args,0x2000000020,sharedMemBytes,0x1,unknown,0x0,,,,,0x0
860,hipGetLastError,3075363,3075382,815468267859991,815468267888343,28352,1,none,0x7f09dff28e40,,,,,,,,,,,,,,,0x0
918,hipLaunchKernel,3075363,3075382,815468267918117,815468267954201,36084,6,func,0x7f09e13f1280,gridDim,0x13600000136,blockDim,0x1,args,0x2000000020,sharedMemBytes,0x1,unknown,0x0,,,,,0x0
987,hipGetLastError,3075363,3075382,815468267987280,815468268022592,35312,1,none,0x7f09dff28e40,,,,,,,,,,,,,,,0x0
52,hipLaunchKernel,3075363,3075382,815468268052026,815468268085987,33961,6,func,0x7f09e13f1280,gridDim,0x13600000136,blockDim,0x1,args,0x2000000020,sharedMemBytes,0x1,unknown,0x0,,,,,0x0
114,hipGetLastError,3075363,3075382,815468268114559,815468268146526,31967,1,none,0x7f09dff28e40,,,,,,,,,,,,,,,0x0
176,hipLaunchKernel,3075363,3075382,815468268175940,815468268212154,36214,6,func,0x7f09e13f1280,gridDim,0x13600000136,blockDim,0x1,args,0x2000000020,sharedMemBytes,0x1,unknown,0x0,,,,,0x0
240,hipGetLastError,3075363,3075382,815468268240366,815468268266524,26158,1,none,0x7f09dff28e40,,,,,,,,,,,,,,,0x0
296,hipLaunchKernel,3075363,3075382,815468268296168,815468268333153,36985,6,func,0x7f09e13f1280,gridDim,0x13600000136,blockDim,0x1,args,0x2000000020,sharedMemBytes,0x1,unknown,0x0,,,,,0x0
361,hipGetLastError,3075363,3075382,815468268361595,815468268391179,29584,1,none,0x7f09dff28e40,,,,,,,,,,,,,,,0x0
419,hipLaunchKernel,3075363,3075382,815468268419031,815468268456656,37625,6,func,0x7f09e13f1280,gridDim,0x13600000136,blockDim,0x1,args,0x2000000020,sharedMemBytes,0x1,unknown,0x0,,,,,0x0
485,hipGetLastError,3075363,3075382,815468268485059,815468268514703,29644,1,none,0x7f09dff28e40,,,,,,,,,,,,,,,0x0
544,hipLaunchKernel,3075363,3075382,815468268544096,815468268580670,36574,6,func,0x7f09e13f1280,gridDim,0x13600000136,blockDim,0x1,args,0x2000000020,sharedMemBytes,0x1,unknown,0x0,,,,,0x0
609,hipGetLastError,3075363,3075382,815468268609533,815468268637605,28072,1,none,0x7f09dff28e40,,,,,,,,,,,,,,,0x0
666,hipStreamSynchronize,3075363,3075382,815468268666818,815468270564894,1898076,1,stream,0x7ec97c0010b0,,,,,,,,,,,,,,,0x0
596,hipLaunchKernel,3075363,3075382,815468270596151,815468270631373,35222,6,func,0x7f09e13f1280,gridDim,0x13600000136,blockDim,0x1,args,0x2000000020,sharedMemBytes,0x1,unknown,0x0,,,,,0x0
660,hipGetLastError,3075363,3075382,815468270660806,815468270686154,25348,1,none,0x7f09dff28e40,,,,,,,,,,,,,,,0x0
715,hipLaunchKernel,3075363,3075382,815468270715478,815468270755988,40510,6,func,0x7f09e13f1280,gridDim,0x13600000136,blockDim,0x1,args,0x2000000020,sharedMemBytes,0x1,unknown,0x0,,,,,0x0
785,hipGetLastError,3075363,3075382,815468270784981,815468270816217,31236,1,none,0x7f09dff28e40,,,,,,,,,,,,,,,0x0
845,hipLaunchKernel,3075363,3075382,815468270845200,815468270881253,36053,6,func,0x7f09e13f1280,gridDim,0x13600000136,blockDim,0x1,args,0x2000000020,sharedMemBytes,0x1,unknown,0x0,,,,,0x0
910,hipGetLastError,3075363,3075382,815468270910477,815468270939129,28652,1,none,0x7f09dff28e40,,,,,,,,,,,,,,,0x0
968,hipLaunchKernel,3075363,3075382,815468270968403,815468271006049,37646,6,func,0x7f09e13f1280,gridDim,0x13600000136,blockDim,0x1,args,0x2000000020,sharedMemBytes,0x1,unknown,0x0,,,,,0x0
35,hipGetLastError,3075363,3075382,815468271034931,815468271063324,28393,1,none,0x7f09dff28e40,,,,,,,,,,,,,,,0x0
92,hipLaunchKernel,3075363,3075382,815468271092186,815468271130744,38558,6,func,0x7f09e13f1280,gridDim,0x13600000136,blockDim,0x1,args,0x2000000020,sharedMemBytes,0x1,unknown,0x0,,,,,0x0
160,hipGetLastError,3075363,3075382,815468271159957,815468271191494,31537,1,none,0x7f09dff28e40,,,,,,,,,,,,,,,0x0
221,hipLaunchKernel,3075363,3075382,815468271221018,815468271258353,37335,6,func,0x7f09e13f1280,gridDim,0x13600000136,blockDim,0x1,args,0x2000000020,sharedMemBytes,0x1,unknown,0x0,,,,,0x0
287,hipGetLastError,3075363,3075382,815468271287296,815468271314897,27601,1,none,0x7f09dff28e40,,,,,,,,,,,,,,,0x0
344,hipLaunchKernel,3075363,3075382,815468271344060,815468271380795,36735,6,func,0x7f09e13f1280,gridDim,0x13600000136,blockDim,0x1,args,0x2000000020,sharedMemBytes,0x1,unknown,0x0,,,,,0x0
409,hipGetLastError,3075363,3075382,815468271409888,815468271438971,29083,1,none,0x7f09dff28e40,,,,,,,,,,,,,,,0x0
467,hipLaunchKernel,3075363,3075382,815468271467804,815468271504238,36434,6,func,0x7f09e13f1280,gridDim,0x13600000136,blockDim,0x1,args,0x2000000020,sharedMemBytes,0x1,unknown,0x0,,,,,0x0
533,hipGetLastError,3075363,3075382,815468271533201,815468271556565,23364,1,none,0x7f09dff28e40,,,,,,,,,,,,,,,0x0
585,hipLaunchKernel,3075363,3075382,815468271585899,815468271623094,37195,6,func,0x7f09e13f1280,gridDim,0x13600000136,blockDim,0x1,args,0x2000000020,sharedMemBytes,0x1,unknown,0x0,,,,,0x0
652,hipGetLastError,3075363,3075382,815468271652097,815468271678436,26339,1,none,0x7f09dff28e40,,,,,,,,,,,,,,,0x0
707,hipLaunchKernel,3075363,3075382,815468271707449,815468271743663,36214,6,func,0x7f09e13f1280,gridDim,0x13600000136,blockDim,0x1,args,0x2000000020,sharedMemBytes,0x1,unknown,0x0,,,,,0x0
772,hipGetLastError,3075363,3075382,815468271772696,815468271800447,27751,1,none,0x7f09dff28e40,,,,,,,,,,,,,,,0x0
829,hipStreamSynchronize,3075363,3075382,815468271829781,815468273731312,1901531,1,stream,0x7ec97c0010b0,,,,,,,,,,,,,,,0x0
765,hipLaunchKernel,3075363,3075382,815468273764932,815468273795868,30936,6,func,0x7f09e13f1280,gridDim,0x13600000136,blockDim,0x1,args,0x2000000020,sharedMemBytes,0x1,unknown,0x0,,,,,0x0
824,hipGetLastError,3075363,3075382,815468273824590,815468273856287,31697,1,none,0x7f09dff28e40,,,,,,,,,,,,,,,0x0
885,hipLaunchKernel,3075363,3075382,815468273885671,815468273924829,39158,6,func,0x7f09e13f1280,gridDim,0x13600000136,blockDim,0x1,args,0x2000000020,sharedMemBytes,0x1,unknown,0x0,,,,,0x0
953,hipGetLastError,3075363,3075382,815468273953381,815468273981513,28132,1,none,0x7f09dff28e40,,,,,,,,,,,,,,,0x0
10,hipLaunchKernel,3075363,3075382,815468274010666,815468274045047,34381,6,func,0x7f09e13f1280,gridDim,0x13600000136,blockDim,0x1,args,0x2000000020,sharedMemBytes,0x1,unknown,0x0,,,,,0x0
74,hipGetLastError,3075363,3075382,815468274074230,815468274098326,24096,1,none,0x7f09dff28e40,,,,,,,,,,,,,,,0x0
127,hipLaunchKernel,3075363,3075382,815468274127620,815468274164044,36424,6,func,0x7f09e13f1280,gridDim,0x13600000136,blockDim,0x1,args,0x2000000020,sharedMemBytes,0x1,unknown,0x0,,,,,0x0
192,hipGetLastError,3075363,3075382,815468274192376,815468274219967,27591,1,none,0x7f09dff28e40,,,,,,,,,,,,,,,0x0
249,hipLaunchKernel,3075363,3075382,815468274249771,815468274286946,37175,6,func,0x7f09e13f1280,gridDim,0x13600000136,blockDim,0x1,args,0x2000000020,sharedMemBytes,0x1,unknown,0x0,,,,,0x0
315,hipGetLastError,3075363,3075382,815468274315158,815468274336810,21652,1,none,0x7f09dff28e40,,,,,,,,,,,,,,,0x0
366,hipLaunchKernel,3075363,3075382,815468274366294,815468274401676,35382,6,func,0x7f09e13f1280,gridDim,0x13600000136,blockDim,0x1,args,0x2000000020,sharedMemBytes,0x1,unknown,0x0,,,,,0x0
430,hipGetLastError,3075363,3075382,815468274429998,815468274444570,14572,1,none,0x7f09dff28e40,,,,,,,,,,,,,,,0x0
475,hipLaunchKernel,3075363,3075382,815468274475115,815468274512941,37826,6,func,0x7f09e13f1280,gridDim,0x13600000136,blockDim,0x1,args,0x2000000020,sharedMemBytes,0x1,unknown,0x0,,,,,0x0
545,hipGetLastError,3075363,3075382,815468274545630,815468274576385,30755,1,none,0x7f09dff28e40,,,,,,,,,,,,,,,0x0
605,hipLaunchKernel,3075363,3075382,815468274605298,815468274642684,37386,6,func,0x7f09e13f1280,gridDim,0x13600000136,blockDim,0x1,args,0x2000000020,sharedMemBytes,0x1,unknown,0x0,,,,,0x0
671,hipGetLastError,3075363,3075382,815468274671567,815468274701982,30415,1,none,0x7f09dff28e40,,,,,,,,,,,,,,,0x0
731,hipLaunchKernel,3075363,3075382,815468274731576,815468274767409,35833,6,func,0x7f09e13f1280,gridDim,0x13600000136,blockDim,0x1,args,0x2000000020,sharedMemBytes,0x1,unknown,0x0,,,,,0x0
796,hipGetLastError,3075363,3075382,815468274796152,815468274827879,31727,1,none,0x7f09dff28e40,,,,,,,,,,,,,,,0x0
857,hipLaunchKernel,3075363,3075382,815468274857162,815468274893356,36194,6,func,0x7f09e13f1280,gridDim,0x13600000136,blockDim,0x1,args,0x2000000020,sharedMemBytes,0x1,unknown,0x0,,,,,0x0
922,hipGetLastError,3075363,3075382,815468274922068,815468274945113,23045,1,none,0x7f09dff28e40,,,,,,,,,,,,,,,0x0
974,hipStreamSynchronize,3075363,3075382,815468274974106,815468276886983,1912877,1,stream,0x7ec97c0010b0,,,,,,,,,,,,,,,0x0
918,hipLaunchKernel,3075363,3075382,815468276918140,815468276944739,26599,6,func,0x7f09e13f1280,gridDim,0x13600000136,blockDim,0x1,args,0x2000000020,sharedMemBytes,0x1,unknown,0x0,,,,,0x0
974,hipGetLastError,3075363,3075382,815468276974523,815468277006110,31587,1,none,0x7f09dff28e40,,,,,,,,,,,,,,,0x0
34,hipLaunchKernel,3075363,3075382,815468277034592,815468277075353,40761,6,func,0x7f09e13f1280,gridDim,0x13600000136,blockDim,0x1,args,0x2000000020,sharedMemBytes,0x1,unknown,0x0,,,,,0x0
104,hipGetLastError,3075363,3075382,815468277104106,815468277133119,29013,1,none,0x7f09dff28e40,,,,,,,,,,,,,,,0x0
162,hipLaunchKernel,3075363,3075382,815468277162072,815468277194059,31987,6,func,0x7f09e13f1280,gridDim,0x13600000136,blockDim,0x1,args,0x2000000020,sharedMemBytes,0x1,unknown,0x0,,,,,0x0
222,hipGetLastError,3075363,3075382,815468277222581,815468277255080,32499,1,none,0x7f09dff28e40,,,,,,,,,,,,,,,0x0
283,hipLaunchKernel,3075363,3075382,815468277283722,815468277321067,37345,6,func,0x7f09e13f1280,gridDim,0x13600000136,blockDim,0x1,args,0x2000000020,sharedMemBytes,0x1,unknown,0x0,,,,,0x0
350,hipGetLastError,3075363,3075382,815468277350000,815468277377982,27982,1,none,0x7f09dff28e40,,,,,,,,,,,,,,,0x0
406,hipLaunchKernel,3075363,3075382,815468277406855,815468277444120,37265,6,func,0x7f09e13f1280,gridDim,0x13600000136,blockDim,0x1,args,0x2000000020,sharedMemBytes,0x1,unknown,0x0,,,,,0x0
472,hipGetLastError,3075363,3075382,815468277472612,815468277503859,31247,1,none,0x7f09dff28e40,,,,,,,,,,,,,,,0x0
532,hipLaunchKernel,3075363,3075382,815468277532581,815468277570027,37446,6,func,0x7f09e13f1280,gridDim,0x13600000136,blockDim,0x1,args,0x2000000020,sharedMemBytes,0x1,unknown,0x0,,,,,0x0
598,hipGetLastError,3075363,3075382,815468277598880,815468277627692,28812,1,none,0x7f09dff28e40,,,,,,,,,,,,,,,0x0
656,hipLaunchKernel,3075363,3075382,815468277656505,815468277693510,37005,6,func,0x7f09e13f1280,gridDim,0x13600000136,blockDim,0x1,args,0x2000000020,sharedMemBytes,0x1,unknown,0x0,,,,,0x0
722,hipGetLastError,3075363,3075382,815468277722463,815468277751506,29043,1,none,0x7f09dff28e40,,,,,,,,,,,,,,,0x0
780,hipLaunchKernel,3075363,3075382,815468277780369,815468277817995,37626,6,func,0x7f09e13f1280,gridDim,0x13600000136,blockDim,0x1,args,0x2000000020,sharedMemBytes,0x1,unknown,0x0,,,,,0x0
846,hipGetLastError,3075363,3075382,815468277846667,815468277878695,32028,1,none,0x7f09dff28e40,,,,,,,,,,,,,,,0x0
907,hipLaunchKernel,3075363,3075382,815468277907207,815468277944773,37566,6,func,0x7f09e13f1280,gridDim,0x13600000136,blockDim,0x1,args,0x2000000020,sharedMemBytes,0x1,unknown,0x0,,,,,0x0
973,hipGetLastError,3075363,3075382,815468277973405,815468278004982,31577,1,none,0x7f09dff28e40,,,,,,,,,,,,,,,0x0
34,hipLaunchKernel,3075363,3075382,815468278033905,815468278071381,37476,6,func,0x7f09e13f1280,gridDim,0x13600000136,blockDim,0x1,args,0x2000000020,sharedMemBytes,0x1,unknown,0x0,,,,,0x0
100,hipGetLastError,3075363,3075382,815468278099983,815468278130278,30295,1,none,0x7f09dff28e40,,,,,,,,,,,,,,,0x0
158,hipStreamSynchronize,3075363,3075382,815468278158550,815468280053191,1894641,1,stream,0x7ec97c0010b0,,,,,,,,,,,,,,,0x0
84,hipLaunchKernel,3075363,3075382,815468280084487,815468280122163,37676,6,func,0x7f09e13f1280,gridDim,0x13600000136,blockDim,0x1,args,0x2000000020,sharedMemBytes,0x1,unknown,0x0,,,,,0x0
151,hipGetLastError,3075363,3075382,815468280151106,815468280178847,27741,1,none,0x7f09dff28e40,,,,,,,,,,,,,,,0x0
208,hipLaunchKernel,3075363,3075382,815468280208251,815468280246968,38717,6,func,0x7f09e13f1280,gridDim,0x13600000136,blockDim,0x1,args,0x2000000020,sharedMemBytes,0x1,unknown,0x0,,,,,0x0
275,hipGetLastError,3075363,3075382,815468280275551,815468280304844,29293,1,none,0x7f09dff28e40,,,,,,,,,,,,,,,0x0
333,hipLaunchKernel,3075363,3075382,815468280333757,815468280453795,120038,6,func,0x7f09e13f1280,gridDim,0x13600000136,blockDim,0x1,args,0x2000000020,sharedMemBytes,0x1,unknown,0x0,,,,,0x0
483,hipGetLastError,3075363,3075382,815468280482918,815468280504530,21612,1,none,0x7f09dff28e40,,,,,,,,,,,,,,,0x0
533,hipLaunchKernel,3075363,3075382,815468280533884,815468280571039,37155,6,func,0x7f09e13f1280,gridDim,0x13600000136,blockDim,0x1,args,0x2000000020,sharedMemBytes,0x1,unknown,0x0,,,,,0x0
599,hipGetLastError,3075363,3075382,815468280599501,815468280630097,30596,1,none,0x7f09dff28e40,,,,,,,,,,,,,,,0x0
659,hipLaunchKernel,3075363,3075382,815468280659120,815468280696866,37746,6,func,0x7f09e13f1280,gridDim,0x13600000136,blockDim,0x1,args,0x2000000020,sharedMemBytes,0x1,unknown,0x0,,,,,0x0
725,hipGetLastError,3075363,3075382,815468280725508,815468280750605,25097,1,none,0x7f09dff28e40,,,,,,,,,,,,,,,0x0
780,hipLaunchKernel,3075363,3075382,815468280779919,815468280818436,38517,6,func,0x7f09e13f1280,gridDim,0x13600000136,blockDim,0x1,args,0x2000000020,sharedMemBytes,0x1,unknown,0x0,,,,,0x0
846,hipGetLastError,3075363,3075382,815468280846868,815468280874740,27872,1,none,0x7f09dff28e40,,,,,,,,,,,,,,,0x0
904,hipLaunchKernel,3075363,3075382,815468280904083,815468280940737,36654,6,func,0x7f09e13f1280,gridDim,0x13600000136,blockDim,0x1,args,0x2000000020,sharedMemBytes,0x1,unknown,0x0,,,,,0x0
969,hipGetLastError,3075363,3075382,815468280969260,815468280995429,26169,1,none,0x7f09dff28e40,,,,,,,,,,,,,,,0x0
24,hipLaunchKernel,3075363,3075382,815468281024552,815468281061567,37015,6,func,0x7f09e13f1280,gridDim,0x13600000136,blockDim,0x1,args,0x2000000020,sharedMemBytes,0x1,unknown,0x0,,,,,0x0
90,hipGetLastError,3075363,3075382,815468281089999,815468281117690,27691,1,none,0x7f09dff28e40,,,,,,,,,,,,,,,0x0
147,hipLaunchKernel,3075363,3075382,815468281147064,815468281183187,36123,6,func,0x7f09e13f1280,gridDim,0x13600000136,blockDim,0x1,args,0x2000000020,sharedMemBytes,0x1,unknown,0x0,,,,,0x0
211,hipGetLastError,3075363,3075382,815468281211169,815468281237768,26599,1,none,0x7f09dff28e40,,,,,,,,,,,,,,,0x0
267,hipLaunchKernel,3075363,3075382,815468281266901,815468281304357,37456,6,func,0x7f09e13f1280,gridDim,0x13600000136,blockDim,0x1,args,0x2000000020,sharedMemBytes,0x1,unknown,0x0,,,,,0x0
333,hipGetLastError,3075363,3075382,815468281333130,815468281354902,21772,1,none,0x7f09dff28e40,,,,,,,,,,,,,,,0x0
383,hipStreamSynchronize,3075363,3075382,815468281383514,815468283222062,1838548,1,stream,0x7ec97c0010b0,,,,,,,,,,,,,,,0x0
252,hipLaunchKernel,3075363,3075382,815468283252227,815468283288400,36173,6,func,0x7f09e13f1280,gridDim,0x13600000136,blockDim,0x1,args,0x2000000020,sharedMemBytes,0x1,unknown,0x0,,,,,0x0
317,hipGetLastError,3075363,3075382,815468283317644,815468283342561,24917,1,none,0x7f09dff28e40,,,,,,,,,,,,,,,0x0
371,hipLaunchKernel,3075363,3075382,815468283371203,815468283412585,41382,6,func,0x7f09e13f1280,gridDim,0x13600000136,blockDim,0x1,args,0x2000000020,sharedMemBytes,0x1,unknown,0x0,,,,,0x0
441,hipGetLastError,3075363,3075382,815468283441377,815468283472163,30786,1,none,0x7f09dff28e40,,,,,,,,,,,,,,,0x0
501,hipLaunchKernel,3075363,3075382,815468283501206,815468283538852,37646,6,func,0x7f09e13f1280,gridDim,0x13600000136,blockDim,0x1,args,0x2000000020,sharedMemBytes,0x1,unknown,0x0,,,,,0x0
567,hipGetLastError,3075363,3075382,815468283567595,815468283597449,29854,1,none,0x7f09dff28e40,,,,,,,,,,,,,,,0x0
626,hipLaunchKernel,3075363,3075382,815468283626452,815468283663747,37295,6,func,0x7f09e13f1280,gridDim,0x13600000136,blockDim,0x1,args,0x2000000020,sharedMemBytes,0x1,unknown,0x0,,,,,0x0
692,hipGetLastError,3075363,3075382,815468283692450,815468283723736,31286,1,none,0x7f09dff28e40,,,,,,,,,,,,,,,0x0
753,hipLaunchKernel,3075363,3075382,815468283753000,815468283789824,36824,6,func,0x7f09e13f1280,gridDim,0x13600000136,blockDim,0x1,args,0x2000000020,sharedMemBytes,0x1,unknown,0x0,,,,,0x0
818,hipGetLastError,3075363,3075382,815468283818527,815468283848291,29764,1,none,0x7f09dff28e40,,,,,,,,,,,,,,,0x0
877,hipLaunchKernel,3075363,3075382,815468283877554,815468283911515,33961,6,func,0x7f09e13f1280,gridDim,0x13600000136,blockDim,0x1,args,0x2000000020,sharedMemBytes,0x1,unknown,0x0,,,,,0x0
940,hipGetLastError,3075363,3075382,815468283940338,815468283970953,30615,1,none,0x7f09dff28e40,,,,,,,,,,,,,,,0x0
0,hipLaunchKernel,3075363,3075382,815468283999906,815468284043771,43865,6,func,0x7f09e13f1280,gridDim,0x13600000136,blockDim,0x1,args,0x2000000020,sharedMemBytes,0x1,unknown,0x0,,,,,0x0
72,hipGetLastError,3075363,3075382,815468284072794,815468284099113,26319,1,none,0x7f09dff28e40,,,,,,,,,,,,,,,0x0
128,hipLaunchKernel,3075363,3075382,815468284127976,815468284164350,36374,6,func,0x7f09e13f1280,gridDim,0x13600000136,blockDim,0x1,args,0x2000000020,sharedMemBytes,0x1,unknown,0x0,,,,,0x0
193,hipGetLastError,3075363,3075382,815468284193002,815468284222747,29745,1,none,0x7f09dff28e40,,,,,,,,,,,,,,,0x0
252,hipLaunchKernel,3075363,3075382,815468284251890,815468284289756,37866,6,func,0x7f09e13f1280,gridDim,0x13600000136,blockDim,0x1,args,0x2000000020,sharedMemBytes,0x1,unknown,0x0,,,,,0x0
318,hipGetLastError,3075363,3075382,815468284318469,815468284345419,26950,1,none,0x7f09dff28e40,,,,,,,,,,,,,,,0x0
374,hipLaunchKernel,3075363,3075382,815468284374802,815468284412378,37576,6,func,0x7f09e13f1280,gridDim,0x13600000136,blockDim,0x1,args,0x2000000020,sharedMemBytes,0x1,unknown,0x0,,,,,0x0
441,hipGetLastError,3075363,3075382,815468284441271,815468284469513,28242,1,none,0x7f09dff28e40,,,,,,,,,,,,,,,0x0
498,hipStreamSynchronize,3075363,3075382,815468284497915,815468286381229,1883314,1,stream,0x7ec97c0010b0,,,,,,,,,,,,,,,0x0
412,hipLaunchKernel,3075363,3075382,815468286412055,815468286449000,36945,6,func,0x7f09e13f1280,gridDim,0x13600000136,blockDim,0x1,args,0x2000000020,sharedMemBytes,0x1,unknown,0x0,,,,,0x0
478,hipGetLastError,3075363,3075382,815468286478133,815468286507406,29273,1,none,0x7f09dff28e40,,,,,,,,,,,,,,,0x0
536,hipLaunchKernel,3075363,3075382,815468286536620,815468286577110,40490,6,func,0x7f09e13f1280,gridDim,0x13600000136,blockDim,0x1,args,0x2000000020,sharedMemBytes,0x1,unknown,0x0,,,,,0x0
605,hipGetLastError,3075363,3075382,815468286605522,815468286637429,31907,1,none,0x7f09dff28e40,,,,,,,,,,,,,,,0x0
666,hipLaunchKernel,3075363,3075382,815468286666663,815468286703628,36965,6,func,0x7f09e13f1280,gridDim,0x13600000136,blockDim,0x1,args,0x2000000020,sharedMemBytes,0x1,unknown,0x0,,,,,0x0
732,hipGetLastError,3075363,3075382,815468286732420,815468286758659,26239,1,none,0x7f09dff28e40,,,,,,,,,,,,,,,0x0
788,hipLaunchKernel,3075363,3075382,815468286788373,815468286825849,37476,6,func,0x7f09e13f1280,gridDim,0x13600000136,blockDim,0x1,args,0x2000000020,sharedMemBytes,0x1,unknown,0x0,,,,,0x0
854,hipGetLastError,3075363,3075382,815468286854321,815468286886038,31717,1,none,0x7f09dff28e40,,,,,,,,,,,,,,,0x0
915,hipLaunchKernel,3075363,3075382,815468286915141,815468286953088,37947,6,func,0x7f09e13f1280,gridDim,0x13600000136,blockDim,0x1,args,0x2000000020,sharedMemBytes,0x1,unknown,0x0,,,,,0x0
981,hipGetLastError,3075363,3075382,815468286981760,815468287012926,31166,1,none,0x7f09dff28e40,,,,,,,,,,,,,,,0x0
42,hipLaunchKernel,3075363,3075382,815468287042120,815468287079335,37215,6,func,0x7f09e13f1280,gridDim,0x13600000136,blockDim,0x1,args,0x2000000020,sharedMemBytes,0x1,unknown,0x0,,,,,0x0
107,hipGetLastError,3075363,3075382,815468287107617,815468287135939,28322,1,none,0x7f09dff28e40,,,,,,,,,,,,,,,0x0
165,hipLaunchKernel,3075363,3075382,815468287165182,815468287202428,37246,6,func,0x7f09e13f1280,gridDim,0x13600000136,blockDim,0x1,args,0x2000000020,sharedMemBytes,0x1,unknown,0x0,,,,,0x0
230,hipGetLastError,3075363,3075382,815468287230489,815468287258992,28503,1,none,0x7f09dff28e40,,,,,,,,,,,,,,,0x0
288,hipLaunchKernel,3075363,3075382,815468287288225,815468287325660,37435,6,func,0x7f09e13f1280,gridDim,0x13600000136,blockDim,0x1,args,0x2000000020,sharedMemBytes,0x1,unknown,0x0,,,,,0x0
354,hipGetLastError,3075363,3075382,815468287353922,815468287384948,31026,1,none,0x7f09dff28e40,,,,,,,,,,,,,,,0x0
414,hipLaunchKernel,3075363,3075382,815468287414472,815468287448342,33870,6,func,0x7f09e13f1280,gridDim,0x13600000136,blockDim,0x1,args,0x2000000020,sharedMemBytes,0x1,unknown,0x0,,,,,0x0
476,hipGetLastError,3075363,3075382,815468287476685,815468287506519,29834,1,none,0x7f09dff28e40,,,,,,,,,,,,,,,0x0
535,hipLaunchKernel,3075363,3075382,815468287535742,815468287573098,37356,6,func,0x7f09e13f1280,gridDim,0x13600000136,blockDim,0x1,args,0x2000000020,sharedMemBytes,0x1,unknown,0x0,,,,,0x0
601,hipGetLastError,3075363,3075382,815468287601600,815468287633297,31697,1,none,0x7f09dff28e40,,,,,,,,,,,,,,,0x0
661,hipStreamSynchronize,3075363,3075382,815468287661639,815468289546365,1884726,1,stream,0x7ec97c0010b0,,,,,,,,,,,,,,,0x0
578,hipLaunchKernel,3075363,3075382,815468289578132,815468289609098,30966,6,func,0x7f09e13f1280,gridDim,0x13600000136,blockDim,0x1,args,0x2000000020,sharedMemBytes,0x1,unknown,0x0,,,,,0x0
638,hipGetLastError,3075363,3075382,815468289638382,815468289669608,31226,1,none,0x7f09dff28e40,,,,,,,,,,,,,,,0x0
699,hipLaunchKernel,3075363,3075382,815468289699572,815468289741465,41893,6,func,0x7f09e13f1280,gridDim,0x13600000136,blockDim,0x1,args,0x2000000020,sharedMemBytes,0x1,unknown,0x0,,,,,0x0
770,hipGetLastError,3075363,3075382,815468289770137,815468289799140,29003,1,none,0x7f09dff28e40,,,,,,,,,,,,,,,0x0
828,hipLaunchKernel,3075363,3075382,815468289828454,815468289865899,37445,6,func,0x7f09e13f1280,gridDim,0x13600000136,blockDim,0x1,args,0x2000000020,sharedMemBytes,0x1,unknown,0x0,,,,,0x0
895,hipGetLastError,3075363,3075382,815468289895062,815468289922683,27621,1,none,0x7f09dff28e40,,,,,,,,,,,,,,,0x0
952,hipLaunchKernel,3075363,3075382,815468289952057,815468289988852,36795,6,func,0x7f09e13f1280,gridDim,0x13600000136,blockDim,0x1,args,0x2000000020,sharedMemBytes,0x1,unknown,0x0,,,,,0x0
17,hipGetLastError,3075363,3075382,815468290017534,815468290048430,30896,1,none,0x7f09dff28e40,,,,,,,,,,,,,,,0x0
77,hipLaunchKernel,3075363,3075382,815468290077313,815468290115890,38577,6,func,0x7f09e13f1280,gridDim,0x13600000136,blockDim,0x1,args,0x2000000020,sharedMemBytes,0x1,unknown,0x0,,,,,0x0
144,hipGetLastError,3075363,3075382,815468290144512,815468290170060,25548,1,none,0x7f09dff28e40,,,,,,,,,,,,,,,0x0
199,hipLaunchKernel,3075363,3075382,815468290199063,815468290238472,39409,6,func,0x7f09e13f1280,gridDim,0x13600000136,blockDim,0x1,args,0x2000000020,sharedMemBytes,0x1,unknown,0x0,,,,,0x0
267,hipGetLastError,3075363,3075382,815468290267575,815468290299012,31437,1,none,0x7f09dff28e40,,,,,,,,,,,,,,,0x0
328,hipLaunchKernel,3075363,3075382,815468290327975,815468290366792,38817,6,func,0x7f09e13f1280,gridDim,0x13600000136,blockDim,0x1,args,0x2000000020,sharedMemBytes,0x1,unknown,0x0,,,,,0x0
397,hipGetLastError,3075363,3075382,815468290397137,815468290427823,30686,1,none,0x7f09dff28e40,,,,,,,,,,,,,,,0x0
457,hipLaunchKernel,3075363,3075382,815468290457016,815468290494281,37265,6,func,0x7f09e13f1280,gridDim,0x13600000136,blockDim,0x1,args,0x2000000020,sharedMemBytes,0x1,unknown,0x0,,,,,0x0
522,hipGetLastError,3075363,3075382,815468290522874,815468290553289,30415,1,none,0x7f09dff28e40,,,,,,,,,,,,,,,0x0
582,hipLaunchKernel,3075363,3075382,815468290582362,815468290619457,37095,6,func,0x7f09e13f1280,gridDim,0x13600000136,blockDim,0x1,args,0x2000000020,sharedMemBytes,0x1,unknown,0x0,,,,,0x0
648,hipGetLastError,3075363,3075382,815468290648180,815468290678004,29824,1,none,0x7f09dff28e40,,,,,,,,,,,,,,,0x0
707,hipLaunchKernel,3075363,3075382,815468290707097,815468290745194,38097,6,func,0x7f09e13f1280,gridDim,0x13600000136,blockDim,0x1,args,0x2000000020,sharedMemBytes,0x1,unknown,0x0,,,,,0x0
774,hipGetLastError,3075363,3075382,815468290774147,815468290804712,30565,1,none,0x7f09dff28e40,,,,,,,,,,,,,,,0x0
833,hipStreamSynchronize,3075363,3075382,815468290833024,815468292709568,1876544,1,stream,0x7ec97c0010b0,,,,,,,,,,,,,,,0x0
741,hipLaunchKernel,3075363,3075382,815468292741515,815468292772692,31177,6,func,0x7f09e13f1280,gridDim,0x13600000136,blockDim,0x1,args,0x2000000020,sharedMemBytes,0x1,unknown,0x0,,,,,0x0
802,hipGetLastError,3075363,3075382,815468292802806,815468292832160,29354,1,none,0x7f09dff28e40,,,,,,,,,,,,,,,0x0
862,hipLaunchKernel,3075363,3075382,815468292862194,815468292899259,37065,6,func,0x7f09e13f1280,gridDim,0x13600000136,blockDim,0x1,args,0x2000000020,sharedMemBytes,0x1,unknown,0x0,,,,,0x0
925,hipGetLastError,3075363,3075382,815468292925168,815468292936705,11537,1,none,0x7f09dff28e40,,,,,,,,,,,,,,,0x0
960,hipLaunchKernel,3075363,3075382,815468292960090,815468292991356,31266,6,func,0x7f09e13f1280,gridDim,0x13600000136,blockDim,0x1,args,0x2000000020,sharedMemBytes,0x1,unknown,0x0,,,,,0x0
16,hipGetLastError,3075363,3075382,815468293016073,815468293033288,17215,1,none,0x7f09dff28e40,,,,,,,,,,,,,,,0x0
56,hipLaunchKernel,3075363,3075382,815468293056082,815468293083863,27781,6,func,0x7f09e13f1280,gridDim,0x13600000136,blockDim,0x1,args,0x2000000020,sharedMemBytes,0x1,unknown,0x0,,,,,0x0
106,hipGetLastError,3075363,3075382,815468293106236,815468293120868,14632,1,none,0x7f09dff28e40,,,,,,,,,,,,,,,0x0
140,hipLaunchKernel,3075363,3075382,815468293140868,815468293167597,26729,6,func,0x7f09e13f1280,gridDim,0x13600000136,blockDim,0x1,args,0x2000000020,sharedMemBytes,0x1,unknown,0x0,,,,,0x0
190,hipGetLastError,3075363,3075382,815468293189991,815468293206645,16654,1,none,0x7f09dff28e40,,,,,,,,,,,,,,,0x0
228,hipLaunchKernel,3075363,3075382,815468293228538,815468293253575,25037,6,func,0x7f09e13f1280,gridDim,0x13600000136,blockDim,0x1,args,0x2000000020,sharedMemBytes,0x1,unknown,0x0,,,,,0x0
274,hipGetLastError,3075363,3075382,815468293274837,815468293291621,16784,1,none,0x7f09dff28e40,,,,,,,,,,,,,,,0x0
314,hipLaunchKernel,3075363,3075382,815468293314435,815468293339432,24997,6,func,0x7f09e13f1280,gridDim,0x13600000136,blockDim,0x1,args,0x2000000020,sharedMemBytes,0x1,unknown,0x0,,,,,0x0
361,hipGetLastError,3075363,3075382,815468293361135,815468293379742,18607,1,none,0x7f09dff28e40,,,,,,,,,,,,,,,0x0
402,hipLaunchKernel,3075363,3075382,815468293402526,815468293426151,23625,6,func,0x7f09e13f1280,gridDim,0x13600000136,blockDim,0x1,args,0x2000000020,sharedMemBytes,0x1,unknown,0x0,,,,,0x0
448,hipGetLastError,3075363,3075382,815468293448044,815468293464768,16724,1,none,0x7f09dff28e40,,,,,,,,,,,,,,,0x0
487,hipLaunchKernel,3075363,3075382,815468293487182,815468293513100,25918,6,func,0x7f09e13f1280,gridDim,0x13600000136,blockDim,0x1,args,0x2000000020,sharedMemBytes,0x1,unknown,0x0,,,,,0x0
535,hipGetLastError,3075363,3075382,815468293534942,815468293550956,16014,1,none,0x7f09dff28e40,,,,,,,,,,,,,,,0x0
573,hipLaunchKernel,3075363,3075382,815468293573359,815468293602032,28673,6,func,0x7f09e13f1280,gridDim,0x13600000136,blockDim,0x1,args,0x2000000020,sharedMemBytes,0x1,unknown,0x0,,,,,0x0
624,hipGetLastError,3075363,3075382,815468293623944,815468293638746,14802,1,none,0x7f09dff28e40,,,,,,,,,,,,,,,0x0
794,hipLaunchKernel,3075363,3075382,815468267794714,815468295193663,27398949,6,func,0x7f09e13f1280,gridDim,0x13600000136,blockDim,0x1,args,0x2000000020,sharedMemBytes,0x1,unknown,0x0,,,,,0x0
745,hipLaunchKernel,3075363,3075381,815468059745333,815468295330006,235584673,6,func,0x7f09e13f1280,gridDim,0x13600000136,blockDim,0x1,args,0x2000000020,sharedMemBytes,0x1,unknown,0x0,,,,,0x0
405,hipStreamSynchronize,3075363,3075380,815468295405437,815468295472457,67020,1,stream,0x7ec9780010b0,,,,,,,,,,,,,,,0x0
661,hipStreamSynchronize,3075363,3075382,815468293660999,815468295877047,2216048,1,stream,0x7ec97c0010b0,,,,,,,,,,,,,,,0x0
904,hipLaunchKernel,3075363,3075382,815468295904067,815468295933911,29844,6,func,0x7f09e13f1280,gridDim,0x13600000136,blockDim,0x1,args,0x2000000020,sharedMemBytes,0x1,unknown,0x0,,,,,0x0
956,hipGetLastError,3075363,3075382,815468295956154,815468295973330,17176,1,none,0x7f09dff28e40,,,,,,,,,,,,,,,0x0
995,hipLaunchKernel,3075363,3075382,815468295995543,815468296041050,45507,6,func,0x7f09e13f1280,gridDim,0x13600000136,blockDim,0x1,args,0x2000000020,sharedMemBytes,0x1,unknown,0x0,,,,,0x0
63,hipGetLastError,3075363,3075382,815468296063764,815468296080719,16955,1,none,0x7f09dff28e40,,,,,,,,,,,,,,,0x0
99,hipLaunchKernel,3075363,3075382,815468296099417,815468296128761,29344,6,func,0x7f09e13f1280,gridDim,0x13600000136,blockDim,0x1,args,0x2000000020,sharedMemBytes,0x1,unknown,0x0,,,,,0x0
150,hipGetLastError,3075363,3075382,815468296150923,815468296170683,19760,1,none,0x7f09dff28e40,,,,,,,,,,,,,,,0x0
189,hipLaunchKernel,3075363,3075382,815468296189641,815468296212875,23234,6,func,0x7f09e13f1280,gridDim,0x13600000136,blockDim,0x1,args,0x2000000020,sharedMemBytes,0x1,unknown,0x0,,,,,0x0
235,hipGetLastError,3075363,3075382,815468296234968,815468296249700,14732,1,none,0x7f09dff28e40,,,,,,,,,,,,,,,0x0
271,hipLaunchKernel,3075363,3075382,815468296271512,815468296298042,26530,6,func,0x7f09e13f1280,gridDim,0x13600000136,blockDim,0x1,args,0x2000000020,sharedMemBytes,0x1,unknown,0x0,,,,,0x0
320,hipGetLastError,3075363,3075382,815468296320285,815468296336849,16564,1,none,0x7f09dff28e40,,,,,,,,,,,,,,,0x0
358,hipLaunchKernel,3075363,3075382,815468296358752,815468296376328,17576,6,func,0x7f09e13f1280,gridDim,0x13600000136,blockDim,0x1,args,0x2000000020,sharedMemBytes,0x1,unknown,0x0,,,,,0x0
398,hipGetLastError,3075363,3075382,815468296398551,815468296412141,13590,1,none,0x7f09dff28e40,,,,,,,,,,,,,,,0x0
433,hipLaunchKernel,3075363,3075382,815468296433733,815468296459882,26149,6,func,0x7f09e13f1280,gridDim,0x13600000136,blockDim,0x1,args,0x2000000020,sharedMemBytes,0x1,unknown,0x0,,,,,0x0
482,hipGetLastError,3075363,3075382,815468296482055,815468296498770,16715,1,none,0x7f09dff28e40,,,,,,,,,,,,,,,0x0
520,hipLaunchKernel,3075363,3075382,815468296520892,815468296546080,25188,6,func,0x7f09e13f1280,gridDim,0x13600000136,blockDim,0x1,args,0x2000000020,sharedMemBytes,0x1,unknown,0x0,,,,,0x0
568,hipGetLastError,3075363,3075382,815468296568132,815468296584687,16555,1,none,0x7f09dff28e40,,,,,,,,,,,,,,,0x0
606,hipLaunchKernel,3075363,3075382,815468296606640,815468296628252,21612,6,func,0x7f09e13f1280,gridDim,0x13600000136,blockDim,0x1,args,0x2000000020,sharedMemBytes,0x1,unknown,0x0,,,,,0x0
650,hipGetLastError,3075363,3075382,815468296650284,815468296665397,15113,1,none,0x7f09dff28e40,,,,,,,,,,,,,,,0x0
687,hipLaunchKernel,3075363,3075382,815468296687299,815468296713158,25859,6,func,0x7f09e13f1280,gridDim,0x13600000136,blockDim,0x1,args,0x2000000020,sharedMemBytes,0x1,unknown,0x0,,,,,0x0
735,hipGetLastError,3075363,3075382,815468296735711,815468296753668,17957,1,none,0x7f09dff28e40,,,,,,,,,,,,,,,0x0
776,hipStreamSynchronize,3075363,3075382,815468296776311,815468299041081,2264770,1,stream,0x7ec97c0010b0,,,,,,,,,,,,,,,0x0
64,hipLaunchKernel,3075363,3075382,815468299064676,815468299089213,24537,6,func,0x7f09e13f1280,gridDim,0x13600000136,blockDim,0x1,args,0x2000000020,sharedMemBytes,0x1,unknown,0x0,,,,,0x0
110,hipGetLastError,3075363,3075382,815468299110524,815468299123874,13350,1,none,0x7f09dff28e40,,,,,,,,,,,,,,,0x0
146,hipLaunchKernel,3075363,3075382,815468299146648,815468299178585,31937,6,func,0x7f09e13f1280,gridDim,0x13600000136,blockDim,0x1,args,0x2000000020,sharedMemBytes,0x1,unknown,0x0,,,,,0x0
199,hipGetLastError,3075363,3075382,815468299199867,815468299216151,16284,1,none,0x7f09dff28e40,,,,,,,,,,,,,,,0x0
238,hipLaunchKernel,3075363,3075382,815468299237963,815468299263812,25849,6,func,0x7f09e13f1280,gridDim,0x13600000136,blockDim,0x1,args,0x2000000020,sharedMemBytes,0x1,unknown,0x0,,,,,0x0
284,hipGetLastError,3075363,3075382,815468299283982,815468299302439,18457,1,none,0x7f09dff28e40,,,,,,,,,,,,,,,0x0
324,hipLaunchKernel,3075363,3075382,815468299324862,815468299350961,26099,6,func,0x7f09e13f1280,gridDim,0x13600000136,blockDim,0x1,args,0x2000000020,sharedMemBytes,0x1,unknown,0x0,,,,,0x0
372,hipGetLastError,3075363,3075382,815468299372172,815468299385783,13611,1,none,0x7f09dff28e40,,,,,,,,,,,,,,,0x0
408,hipLaunchKernel,3075363,3075382,815468299408596,815468299433784,25188,6,func,0x7f09e13f1280,gridDim,0x13600000136,blockDim,0x1,args,0x2000000020,sharedMemBytes,0x1,unknown,0x0,,,,,0x0
454,hipGetLastError,3075363,3075382,815468299453964,815468299476908,22944,1,none,0x7f09dff28e40,,,,,,,,,,,,,,,0x0
499,hipLaunchKernel,3075363,3075382,815468299499601,815468299526241,26640,6,func,0x7f09e13f1280,gridDim,0x13600000136,blockDim,0x1,args,0x2000000020,sharedMemBytes,0x1,unknown,0x0,,,,,0x0
546,hipGetLastError,3075363,3075382,815468299546451,815468299563456,17005,1,none,0x7f09dff28e40,,,,,,,,,,,,,,,0x0
585,hipLaunchKernel,3075363,3075382,815468299585779,815468299608343,22564,6,func,0x7f09e13f1280,gridDim,0x13600000136,blockDim,0x1,args,0x2000000020,sharedMemBytes,0x1,unknown,0x0,,,,,0x0
629,hipGetLastError,3075363,3075382,815468299629825,815468299642964,13139,1,none,0x7f09dff28e40,,,,,,,,,,,,,,,0x0
665,hipLaunchKernel,3075363,3075382,815468299665608,815468299690354,24746,6,func,0x7f09e13f1280,gridDim,0x13600000136,blockDim,0x1,args,0x2000000020,sharedMemBytes,0x1,unknown,0x0,,,,,0x0
711,hipGetLastError,3075363,3075382,815468299711826,815468299731225,19399,1,none,0x7f09dff28e40,,,,,,,,,,,,,,,0x0
753,hipLaunchKernel,3075363,3075382,815468299753588,815468299775601,22013,6,func,0x7f09e13f1280,gridDim,0x13600000136,blockDim,0x1,args,0x2000000020,sharedMemBytes,0x1,unknown,0x0,,,,,0x0
797,hipGetLastError,3075363,3075382,815468299797153,815468299813978,16825,1,none,0x7f09dff28e40,,,,,,,,,,,,,,,0x0
836,hipLaunchKernel,3075363,3075382,815468299836441,815468299863031,26590,6,func,0x7f09e13f1280,gridDim,0x13600000136,blockDim,0x1,args,0x2000000020,sharedMemBytes,0x1,unknown,0x0,,,,,0x0
884,hipGetLastError,3075363,3075382,815468299884613,815468299898223,13610,1,none,0x7f09dff28e40,,,,,,,,,,,,,,,0x0
920,hipStreamSynchronize,3075363,3075382,815468299920276,815468302196342,2276066,1,stream,0x7ec97c0010b0,,,,,,,,,,,,,,,0x0
220,hipLaunchKernel,3075363,3075382,815468302220218,815468302239977,19759,6,func,0x7f09e13f1280,gridDim,0x13600000136,blockDim,0x1,args,0x2000000020,sharedMemBytes,0x1,unknown,0x0,,,,,0x0
262,hipGetLastError,3075363,3075382,815468302262741,815468302280707,17966,1,none,0x7f09dff28e40,,,,,,,,,,,,,,,0x0
301,hipLaunchKernel,3075363,3075382,815468302301899,815468302330812,28913,6,func,0x7f09e13f1280,gridDim,0x13600000136,blockDim,0x1,args,0x2000000020,sharedMemBytes,0x1,unknown,0x0,,,,,0x0
353,hipGetLastError,3075363,3075382,815468302353706,815468302375268,21562,1,none,0x7f09dff28e40,,,,,,,,,,,,,,,0x0
394,hipLaunchKernel,3075363,3075382,815468302394326,815468302417170,22844,6,func,0x7f09e13f1280,gridDim,0x13600000136,blockDim,0x1,args,0x2000000020,sharedMemBytes,0x1,unknown,0x0,,,,,0x0
439,hipGetLastError,3075363,3075382,815468302439333,815468302456388,17055,1,none,0x7f09dff28e40,,,,,,,,,,,,,,,0x0
478,hipLaunchKernel,3075363,3075382,815468302477940,815468302505251,27311,6,func,0x7f09e13f1280,gridDim,0x13600000136,blockDim,0x1,args,0x2000000020,sharedMemBytes,0x1,unknown,0x0,,,,,0x0
528,hipGetLastError,3075363,3075382,815468302528155,815468302546542,18387,1,none,0x7f09dff28e40,,,,,,,,,,,,,,,0x0
568,hipLaunchKernel,3075363,3075382,815468302568014,815468302590667,22653,6,func,0x7f09e13f1280,gridDim,0x13600000136,blockDim,0x1,args,0x2000000020,sharedMemBytes,0x1,unknown,0x0,,,,,0x0
613,hipGetLastError,3075363,3075382,815468302613691,815468302634903,21212,1,none,0x7f09dff28e40,,,,,,,,,,,,,,,0x0
653,hipLaunchKernel,3075363,3075382,815468302653601,815468302674662,21061,6,func,0x7f09e13f1280,gridDim,0x13600000136,blockDim,0x1,args,0x2000000020,sharedMemBytes,0x1,unknown,0x0,,,,,0x0
696,hipGetLastError,3075363,3075382,815468302696705,815468302712208,15503,1,none,0x7f09dff28e40,,,,,,,,,,,,,,,0x0
734,hipLaunchKernel,3075363,3075382,815468302734040,815468302758486,24446,6,func,0x7f09e13f1280,gridDim,0x13600000136,blockDim,0x1,args,0x2000000020,sharedMemBytes,0x1,unknown,0x0,,,,,0x0
780,hipGetLastError,3075363,3075382,815468302780719,815468302794319,13600,1,none,0x7f09dff28e40,,,,,,,,,,,,,,,0x0
813,hipLaunchKernel,3075363,3075382,815468302813558,815468302840167,26609,6,func,0x7f09e13f1280,gridDim,0x13600000136,blockDim,0x1,args,0x2000000020,sharedMemBytes,0x1,unknown,0x0,,,,,0x0
862,hipGetLastError,3075363,3075382,815468302862410,815468302877593,15183,1,none,0x7f09dff28e40,,,,,,,,,,,,,,,0x0
899,hipLaunchKernel,3075363,3075382,815468302898965,815468302924342,25377,6,func,0x7f09e13f1280,gridDim,0x13600000136,blockDim,0x1,args,0x2000000020,sharedMemBytes,0x1,unknown,0x0,,,,,0x0
946,hipGetLastError,3075363,3075382,815468302946625,815468302964201,17576,1,none,0x7f09dff28e40,,,,,,,,,,,,,,,0x0
986,hipLaunchKernel,3075363,3075382,815468302985954,815468303009068,23114,6,func,0x7f09e13f1280,gridDim,0x13600000136,blockDim,0x1,args,0x2000000020,sharedMemBytes,0x1,unknown,0x0,,,,,0x0
31,hipGetLastError,3075363,3075382,815468303031311,815468303045021,13710,1,none,0x7f09dff28e40,,,,,,,,,,,,,,,0x0
66,hipStreamSynchronize,3075363,3075382,815468303066714,815468305378744,2312030,1,stream,0x7ec97c0010b0,,,,,,,,,,,,,,,0x0
68,hipLaunchKernel,3075363,3075382,815468313068202,815468313109143,40941,6,func,0x7f09e13f1280,gridDim,0x13600000136,blockDim,0x1,args,0x2000000020,sharedMemBytes,0x1,unknown,0x0,,,,,0x0
133,hipGetLastError,3075363,3075382,815468313133319,815468313145957,12638,1,none,0x7f09dff28e40,,,,,,,,,,,,,,,0x0
171,hipLaunchKernel,3075363,3075382,815468313171545,815468313200939,29394,6,func,0x7f09e13f1280,gridDim,0x13600000136,blockDim,0x1,args,0x2000000020,sharedMemBytes,0x1,unknown,0x0,,,,,0x0
560,hipGetLastError,3075363,3075382,815468329560049,815468329624394,64345,1,none,0x7f09dff28e40,,,,,,,,,,,,,,,0x0
659,hipLaunchKernel,3075363,3075382,815468329659276,815468329713527,54251,6,func,0x7f09e13f1280,gridDim,0x13600000136,blockDim,0x1,args,0x2000000020,sharedMemBytes,0x1,unknown,0x0,,,,,0x0
738,hipGetLastError,3075363,3075382,815468329738253,815468329763010,24757,1,none,0x7f09dff28e40,,,,,,,,,,,,,,,0x0
782,hipLaunchKernel,3075363,3075382,815468329782489,815468329804131,21642,6,func,0x7f09e13f1280,gridDim,0x13600000136,blockDim,0x1,args,0x2000000020,sharedMemBytes,0x1,unknown,0x0,,,,,0x0
825,hipGetLastError,3075363,3075382,815468329825342,815468329836349,11007,1,none,0x7f09dff28e40,,,,,,,,,,,,,,,0x0
859,hipLaunchKernel,3075363,3075382,815468329859513,815468329883399,23886,6,func,0x7f09e13f1280,gridDim,0x13600000136,blockDim,0x1,args,0x2000000020,sharedMemBytes,0x1,unknown,0x0,,,,,0x0
904,hipGetLastError,3075363,3075382,815468329904921,815468329921355,16434,1,none,0x7f09dff28e40,,,,,,,,,,,,,,,0x0
944,hipLaunchKernel,3075363,3075382,815468329944249,815468329966191,21942,6,func,0x7f09e13f1280,gridDim,0x13600000136,blockDim,0x1,args,0x2000000020,sharedMemBytes,0x1,unknown,0x0,,,,,0x0
987,hipGetLastError,3075363,3075382,815468329987743,815468330003417,15674,1,none,0x7f09dff28e40,,,,,,,,,,,,,,,0x0
25,hipLaunchKernel,3075363,3075382,815468330025830,815468330051448,25618,6,func,0x7f09e13f1280,gridDim,0x13600000136,blockDim,0x1,args,0x2000000020,sharedMemBytes,0x1,unknown,0x0,,,,,0x0
73,hipGetLastError,3075363,3075382,815468330073190,815468330090135,16945,1,none,0x7f09dff28e40,,,,,,,,,,,,,,,0x0
112,hipLaunchKernel,3075363,3075382,815468330112488,815468330134391,21903,6,func,0x7f09e13f1280,gridDim,0x13600000136,blockDim,0x1,args,0x2000000020,sharedMemBytes,0x1,unknown,0x0,,,,,0x0
155,hipGetLastError,3075363,3075382,815468330155512,815468330171576,16064,1,none,0x7f09dff28e40,,,,,,,,,,,,,,,0x0
194,hipLaunchKernel,3075363,3075382,815468330193969,815468330215401,21432,6,func,0x7f09e13f1280,gridDim,0x13600000136,blockDim,0x1,args,0x2000000020,sharedMemBytes,0x1,unknown,0x0,,,,,0x0
236,hipGetLastError,3075363,3075382,815468330236893,815468330251675,14782,1,none,0x7f09dff28e40,,,,,,,,,,,,,,,0x0
273,hipLaunchKernel,3075363,3075382,815468330273878,815468330301028,27150,6,func,0x7f09e13f1280,gridDim,0x13600000136,blockDim,0x1,args,0x2000000020,sharedMemBytes,0x1,unknown,0x0,,,,,0x0
328,hipGetLastError,3075363,3075382,815468330327978,815468330345594,17616,1,none,0x7f09dff28e40,,,,,,,,,,,,,,,0x0
370,hipStreamSynchronize,3075363,3075382,815468330370191,815468332214567,1844376,1,stream,0x7ec97c0010b0,,,,,,,,,,,,,,,0x0
240,hipLaunchKernel,3075363,3075382,815468332240736,815468332272173,31437,6,func,0x7f09e13f1280,gridDim,0x13600000136,blockDim,0x1,args,0x2000000020,sharedMemBytes,0x1,unknown,0x0,,,,,0x0
294,hipGetLastError,3075363,3075382,815468332294796,815468332314716,19920,1,none,0x7f09dff28e40,,,,,,,,,,,,,,,0x0
333,hipLaunchKernel,3075363,3075382,815468332333463,815468332358180,24717,6,func,0x7f09e13f1280,gridDim,0x13600000136,blockDim,0x1,args,0x2000000020,sharedMemBytes,0x1,unknown,0x0,,,,,0x0
380,hipGetLastError,3075363,3075382,815468332380403,815468332397609,17206,1,none,0x7f09dff28e40,,,,,,,,,,,,,,,0x0
419,hipLaunchKernel,3075363,3075382,815468332419030,815468332444208,25178,6,func,0x7f09e13f1280,gridDim,0x13600000136,blockDim,0x1,args,0x2000000020,sharedMemBytes,0x1,unknown,0x0,,,,,0x0
466,hipGetLastError,3075363,3075382,815468332466190,815468332485749,19559,1,none,0x7f09dff28e40,,,,,,,,,,,,,,,0x0
507,hipLaunchKernel,3075363,3075382,815468332507732,815468332535513,27781,6,func,0x7f09e13f1280,gridDim,0x13600000136,blockDim,0x1,args,0x2000000020,sharedMemBytes,0x1,unknown,0x0,,,,,0x0
557,hipGetLastError,3075363,3075382,815468332557155,815468332573830,16675,1,none,0x7f09dff28e40,,,,,,,,,,,,,,,0x0
595,hipLaunchKernel,3075363,3075382,815468332595472,815468332621531,26059,6,func,0x7f09e13f1280,gridDim,0x13600000136,blockDim,0x1,args,0x2000000020,sharedMemBytes,0x1,unknown,0x0,,,,,0x0
643,hipGetLastError,3075363,3075382,815468332643744,815468332659007,15263,1,none,0x7f09dff28e40,,,,,,,,,,,,,,,0x0
680,hipLaunchKernel,3075363,3075382,815468332680889,815468332706036,25147,6,func,0x7f09e13f1280,gridDim,0x13600000136,blockDim,0x1,args,0x2000000020,sharedMemBytes,0x1,unknown,0x0,,,,,0x0
728,hipGetLastError,3075363,3075382,815468332728460,815468332745635,17175,1,none,0x7f09dff28e40,,,,,,,,,,,,,,,0x0
766,hipLaunchKernel,3075363,3075382,815468332766186,815468332792314,26128,6,func,0x7f09e13f1280,gridDim,0x13600000136,blockDim,0x1,args,0x2000000020,sharedMemBytes,0x1,unknown,0x0,,,,,0x0
814,hipGetLastError,3075363,3075382,815468332814547,815468332829710,15163,1,none,0x7f09dff28e40,,,,,,,,,,,,,,,0x0
851,hipLaunchKernel,3075363,3075382,815468332851562,815468332877971,26409,6,func,0x7f09e13f1280,gridDim,0x13600000136,blockDim,0x1,args,0x2000000020,sharedMemBytes,0x1,unknown,0x0,,,,,0x0
900,hipGetLastError,3075363,3075382,815468332900084,815468332910920,10836,1,none,0x7f09dff28e40,,,,,,,,,,,,,,,0x0
933,hipLaunchKernel,3075363,3075382,815468332933123,815468332954845,21722,6,func,0x7f09e13f1280,gridDim,0x13600000136,blockDim,0x1,args,0x2000000020,sharedMemBytes,0x1,unknown,0x0,,,,,0x0
977,hipGetLastError,3075363,3075382,815468332977008,815468332994865,17857,1,none,0x7f09dff28e40,,,,,,,,,,,,,,,0x0
16,hipLaunchKernel,3075363,3075382,815468333016647,815468333041314,24667,6,func,0x7f09e13f1280,gridDim,0x13600000136,blockDim,0x1,args,0x2000000020,sharedMemBytes,0x1,unknown,0x0,,,,,0x0
63,hipGetLastError,3075363,3075382,815468333063687,815468333078779,15092,1,none,0x7f09dff28e40,,,,,,,,,,,,,,,0x0
99,hipStreamSynchronize,3075363,3075382,815468333099370,815468335508464,2409094,1,stream,0x7ec97c0010b0,,,,,,,,,,,,,,,0x0
532,hipLaunchKernel,3075363,3075382,815468335532600,815468335562064,29464,6,func,0x7f09e13f1280,gridDim,0x13600000136,blockDim,0x1,args,0x2000000020,sharedMemBytes,0x1,unknown,0x0,,,,,0x0
583,hipGetLastError,3075363,3075382,815468335583736,815468335599900,16164,1,none,0x7f09dff28e40,,,,,,,,,,,,,,,0x0
622,hipLaunchKernel,3075363,3075382,815468335622584,815468335654391,31807,6,func,0x7f09e13f1280,gridDim,0x13600000136,blockDim,0x1,args,0x2000000020,sharedMemBytes,0x1,unknown,0x0,,,,,0x0
676,hipGetLastError,3075363,3075382,815468335676363,815468335692818,16455,1,none,0x7f09dff28e40,,,,,,,,,,,,,,,0x0
715,hipLaunchKernel,3075363,3075382,815468335715501,815468335738055,22554,6,func,0x7f09e13f1280,gridDim,0x13600000136,blockDim,0x1,args,0x2000000020,sharedMemBytes,0x1,unknown,0x0,,,,,0x0
760,hipGetLastError,3075363,3075382,815468335760068,815468335776822,16754,1,none,0x7f09dff28e40,,,,,,,,,,,,,,,0x0
798,hipLaunchKernel,3075363,3075382,815468335798625,815468335825535,26910,6,func,0x7f09e13f1280,gridDim,0x13600000136,blockDim,0x1,args,0x2000000020,sharedMemBytes,0x1,unknown,0x0,,,,,0x0
846,hipGetLastError,3075363,3075382,815468335846696,815468335861618,14922,1,none,0x7f09dff28e40,,,,,,,,,,,,,,,0x0
884,hipLaunchKernel,3075363,3075382,815468335883971,815468335906054,22083,6,func,0x7f09e13f1280,gridDim,0x13600000136,blockDim,0x1,args,0x2000000020,sharedMemBytes,0x1,unknown,0x0,,,,,0x0
927,hipGetLastError,3075363,3075382,815468335927166,815468335940806,13640,1,none,0x7f09dff28e40,,,,,,,,,,,,,,,0x0
963,hipLaunchKernel,3075363,3075382,815468335963069,815468335986754,23685,6,func,0x7f09e13f1280,gridDim,0x13600000136,blockDim,0x1,args,0x2000000020,sharedMemBytes,0x1,unknown,0x0,,,,,0x0
16,hipGetLastError,3075363,3075382,815468336016438,815468336032912,16474,1,none,0x7f09dff28e40,,,,,,,,,,,,,,,0x0
54,hipLaunchKernel,3075363,3075382,815468336054555,815468336079802,25247,6,func,0x7f09e13f1280,gridDim,0x13600000136,blockDim,0x1,args,0x2000000020,sharedMemBytes,0x1,unknown,0x0,,,,,0x0
101,hipGetLastError,3075363,3075382,815468336100973,815468336117989,17016,1,none,0x7f09dff28e40,,,,,,,,,,,,,,,0x0
137,hipLaunchKernel,3075363,3075382,815468336137287,815468336163446,26159,6,func,0x7f09e13f1280,gridDim,0x13600000136,blockDim,0x1,args,0x2000000020,sharedMemBytes,0x1,unknown,0x0,,,,,0x0
184,hipGetLastError,3075363,3075382,815468336184527,815468336199039,14512,1,none,0x7f09dff28e40,,,,,,,,,,,,,,,0x0
222,hipLaunchKernel,3075363,3075382,815468336221963,815468336247090,25127,6,func,0x7f09e13f1280,gridDim,0x13600000136,blockDim,0x1,args,0x2000000020,sharedMemBytes,0x1,unknown,0x0,,,,,0x0
268,hipGetLastError,3075363,3075382,815468336268632,815468336281732,13100,1,none,0x7f09dff28e40,,,,,,,,,,,,,,,0x0
304,hipLaunchKernel,3075363,3075382,815468336304005,815468336329482,25477,6,func,0x7f09e13f1280,gridDim,0x13600000136,blockDim,0x1,args,0x2000000020,sharedMemBytes,0x1,unknown,0x0,,,,,0x0
351,hipGetLastError,3075363,3075382,815468336351235,815468336365706,14471,1,none,0x7f09dff28e40,,,,,,,,,,,,,,,0x0
387,hipStreamSynchronize,3075363,3075382,815468336387799,815468338772176,2384377,1,stream,0x7ec97c0010b0,,,,,,,,,,,,,,,0x0
796,hipLaunchKernel,3075363,3075382,815468338796122,815468338824624,28502,6,func,0x7f09e13f1280,gridDim,0x13600000136,blockDim,0x1,args,0x2000000020,sharedMemBytes,0x1,unknown,0x0,,,,,0x0
846,hipGetLastError,3075363,3075382,815468338846887,815468338863682,16795,1,none,0x7f09dff28e40,,,,,,,,,,,,,,,0x0
885,hipLaunchKernel,3075363,3075382,815468338885464,815468338913967,28503,6,func,0x7f09e13f1280,gridDim,0x13600000136,blockDim,0x1,args,0x2000000020,sharedMemBytes,0x1,unknown,0x0,,,,,0x0
936,hipGetLastError,3075363,3075382,815468338936260,815468338948788,12528,1,none,0x7f09dff28e40,,,,,,,,,,,,,,,0x0
971,hipLaunchKernel,3075363,3075382,815468338971091,815468338996038,24947,6,func,0x7f09e13f1280,gridDim,0x13600000136,blockDim,0x1,args,0x2000000020,sharedMemBytes,0x1,unknown,0x0,,,,,0x0
18,hipGetLastError,3075363,3075382,815468339018241,815468339039263,21022,1,none,0x7f09dff28e40,,,,,,,,,,,,,,,0x0
58,hipLaunchKernel,3075363,3075382,815468339058451,815468339081035,22584,6,func,0x7f09e13f1280,gridDim,0x13600000136,blockDim,0x1,args,0x2000000020,sharedMemBytes,0x1,unknown,0x0,,,,,0x0
103,hipGetLastError,3075363,3075382,815468339102997,815468339119892,16895,1,none,0x7f09dff28e40,,,,,,,,,,,,,,,0x0
141,hipLaunchKernel,3075363,3075382,815468339141454,815468339168064,26610,6,func,0x7f09e13f1280,gridDim,0x13600000136,blockDim,0x1,args,0x2000000020,sharedMemBytes,0x1,unknown,0x0,,,,,0x0
190,hipGetLastError,3075363,3075382,815468339190557,815468339207142,16585,1,none,0x7f09dff28e40,,,,,,,,,,,,,,,0x0
226,hipLaunchKernel,3075363,3075382,815468339226661,815468339255333,28672,6,func,0x7f09e13f1280,gridDim,0x13600000136,blockDim,0x1,args,0x2000000020,sharedMemBytes,0x1,unknown,0x0,,,,,0x0
277,hipGetLastError,3075363,3075382,815468339277476,815468339293530,16054,1,none,0x7f09dff28e40,,,,,,,,,,,,,,,0x0
315,hipLaunchKernel,3075363,3075382,815468339315232,815468339340650,25418,6,func,0x7f09e13f1280,gridDim,0x13600000136,blockDim,0x1,args,0x2000000020,sharedMemBytes,0x1,unknown,0x0,,,,,0x0
362,hipGetLastError,3075363,3075382,815468339362662,815468339379347,16685,1,none,0x7f09dff28e40,,,,,,,,,,,,,,,0x0
401,hipLaunchKernel,3075363,3075382,815468339400959,815468339424394,23435,6,func,0x7f09e13f1280,gridDim,0x13600000136,blockDim,0x1,args,0x2000000020,sharedMemBytes,0x1,unknown,0x0,,,,,0x0
446,hipGetLastError,3075363,3075382,815468339446437,815468339463252,16815,1,none,0x7f09dff28e40,,,,,,,,,,,,,,,0x0
484,hipLaunchKernel,3075363,3075382,815468339484824,815468339510762,25938,6,func,0x7f09e13f1280,gridDim,0x13600000136,blockDim,0x1,args,0x2000000020,sharedMemBytes,0x1,unknown,0x0,,,,,0x0
532,hipGetLastError,3075363,3075382,815468339532895,815468339547747,14852,1,none,0x7f09dff28e40,,,,,,,,,,,,,,,0x0
569,hipLaunchKernel,3075363,3075382,815468339569239,815468339596269,27030,6,func,0x7f09e13f1280,gridDim,0x13600000136,blockDim,0x1,args,0x2000000020,sharedMemBytes,0x1,unknown,0x0,,,,,0x0
618,hipGetLastError,3075363,3075382,815468339618472,815468339633394,14922,1,none,0x7f09dff28e40,,,,,,,,,,,,,,,0x0
655,hipStreamSynchronize,3075363,3075382,815468339655357,815468341993375,2338018,1,stream,0x7ec97c0010b0,,,,,,,,,,,,,,,0x0
19,hipLaunchKernel,3075363,3075382,815468342019143,815468342037431,18288,6,func,0x7f09e13f1280,gridDim,0x13600000136,blockDim,0x1,args,0x2000000020,sharedMemBytes,0x1,unknown,0x0,,,,,0x0
59,hipGetLastError,3075363,3075382,815468342059003,815468342079403,20400,1,none,0x7f09dff28e40,,,,,,,,,,,,,,,0x0
99,hipLaunchKernel,3075363,3075382,815468342099453,815468342125902,26449,6,func,0x7f09e13f1280,gridDim,0x13600000136,blockDim,0x1,args,0x2000000020,sharedMemBytes,0x1,unknown,0x0,,,,,0x0
147,hipGetLastError,3075363,3075382,815468342147714,815468342165340,17626,1,none,0x7f09dff28e40,,,,,,,,,,,,,,,0x0
187,hipLaunchKernel,3075363,3075382,815468342187413,815468342212390,24977,6,func,0x7f09e13f1280,gridDim,0x13600000136,blockDim,0x1,args,0x2000000020,sharedMemBytes,0x1,unknown,0x0,,,,,0x0
234,hipGetLastError,3075363,3075382,815468342234243,815468342251508,17265,1,none,0x7f09dff28e40,,,,,,,,,,,,,,,0x0
273,hipLaunchKernel,3075363,3075382,815468342273841,815468342295914,22073,6,func,0x7f09e13f1280,gridDim,0x13600000136,blockDim,0x1,args,0x2000000020,sharedMemBytes,0x1,unknown,0x0,,,,,0x0
317,hipGetLastError,3075363,3075382,815468342317446,815468342330245,12799,1,none,0x7f09dff28e40,,,,,,,,,,,,,,,0x0
351,hipLaunchKernel,3075363,3075382,815468342351907,815468342376614,24707,6,func,0x7f09e13f1280,gridDim,0x13600000136,blockDim,0x1,args,0x2000000020,sharedMemBytes,0x1,unknown,0x0,,,,,0x0
397,hipGetLastError,3075363,3075382,815468342397665,815468342414520,16855,1,none,0x7f09dff28e40,,,,,,,,,,,,,,,0x0
436,hipLaunchKernel,3075363,3075382,815468342436893,815468342462311,25418,6,func,0x7f09e13f1280,gridDim,0x13600000136,blockDim,0x1,args,0x2000000020,sharedMemBytes,0x1,unknown,0x0,,,,,0x0
481,hipGetLastError,3075363,3075382,815468342480959,815468342493768,12809,1,none,0x7f09dff28e40,,,,,,,,,,,,,,,0x0
512,hipLaunchKernel,3075363,3075382,815468342512475,815468342541348,28873,6,func,0x7f09e13f1280,gridDim,0x13600000136,blockDim,0x1,args,0x2000000020,sharedMemBytes,0x1,unknown,0x0,,,,,0x0
562,hipGetLastError,3075363,3075382,815468342562229,815468342575549,13320,1,none,0x7f09dff28e40,,,,,,,,,,,,,,,0x0
598,hipLaunchKernel,3075363,3075382,815468342598152,815468342624802,26650,6,func,0x7f09e13f1280,gridDim,0x13600000136,blockDim,0x1,args,0x2000000020,sharedMemBytes,0x1,unknown,0x0,,,,,0x0
646,hipGetLastError,3075363,3075382,815468342646634,815468342661046,14412,1,none,0x7f09dff28e40,,,,,,,,,,,,,,,0x0
680,hipLaunchKernel,3075363,3075382,815468342679984,815468342707114,27130,6,func,0x7f09e13f1280,gridDim,0x13600000136,blockDim,0x1,args,0x2000000020,sharedMemBytes,0x1,unknown,0x0,,,,,0x0
728,hipGetLastError,3075363,3075382,815468342728616,815468342745090,16474,1,none,0x7f09dff28e40,,,,,,,,,,,,,,,0x0
766,hipLaunchKernel,3075363,3075382,815468342766492,815468342792791,26299,6,func,0x7f09e13f1280,gridDim,0x13600000136,blockDim,0x1,args,0x2000000020,sharedMemBytes,0x1,unknown,0x0,,,,,0x0
814,hipGetLastError,3075363,3075382,815468342814103,815468342829095,14992,1,none,0x7f09dff28e40,,,,,,,,,,,,,,,0x0
850,hipStreamSynchronize,3075363,3075382,815468342850927,815468345206081,2355154,1,stream,0x7ec97c0010b0,,,,,,,,,,,,,,,0x0
231,hipLaunchKernel,3075363,3075382,815468345231339,815468345249526,18187,6,func,0x7f09e13f1280,gridDim,0x13600000136,blockDim,0x1,args,0x2000000020,sharedMemBytes,0x1,unknown,0x0,,,,,0x0
272,hipGetLastError,3075363,3075382,815468345272580,815468345291989,19409,1,none,0x7f09dff28e40,,,,,,,,,,,,,,,0x0
314,hipLaunchKernel,3075363,3075382,815468345314062,815468345343025,28963,6,func,0x7f09e13f1280,gridDim,0x13600000136,blockDim,0x1,args,0x2000000020,sharedMemBytes,0x1,unknown,0x0,,,,,0x0
365,hipGetLastError,3075363,3075382,815468345365318,815468345382293,16975,1,none,0x7f09dff28e40,,,,,,,,,,,,,,,0x0
404,hipLaunchKernel,3075363,3075382,815468345404376,815468345427790,23414,6,func,0x7f09e13f1280,gridDim,0x13600000136,blockDim,0x1,args,0x2000000020,sharedMemBytes,0x1,unknown,0x0,,,,,0x0
449,hipGetLastError,3075363,3075382,815468345449793,815468345465316,15523,1,none,0x7f09dff28e40,,,,,,,,,,,,,,,0x0
488,hipLaunchKernel,3075363,3075382,815468345488020,815468345514239,26219,6,func,0x7f09e13f1280,gridDim,0x13600000136,blockDim,0x1,args,0x2000000020,sharedMemBytes,0x1,unknown,0x0,,,,,0x0
536,hipGetLastError,3075363,3075382,815468345536351,815468345553176,16825,1,none,0x7f09dff28e40,,,,,,,,,,,,,,,0x0
575,hipLaunchKernel,3075363,3075382,815468345575359,815468345599385,24026,6,func,0x7f09e13f1280,gridDim,0x13600000136,blockDim,0x1,args,0x2000000020,sharedMemBytes,0x1,unknown,0x0,,,,,0x0
622,hipGetLastError,3075363,3075382,815468345621999,815468345635629,13630,1,none,0x7f09dff28e40,,,,,,,,,,,,,,,0x0
657,hipLaunchKernel,3075363,3075382,815468345657631,815468345683289,25658,6,func,0x7f09e13f1280,gridDim,0x13600000136,blockDim,0x1,args,0x2000000020,sharedMemBytes,0x1,unknown,0x0,,,,,0x0
705,hipGetLastError,3075363,3075382,815468345705392,815468345722337,16945,1,none,0x7f09dff28e40,,,,,,,,,,,,,,,0x0
743,hipLaunchKernel,3075363,3075382,815468345743569,815468345768977,25408,6,func,0x7f09e13f1280,gridDim,0x13600000136,blockDim,0x1,args,0x2000000020,sharedMemBytes,0x1,unknown,0x0,,,,,0x0
793,hipGetLastError,3075363,3075382,815468345792962,815468345816777,23815,1,none,0x7f09dff28e40,,,,,,,,,,,,,,,0x0
838,hipLaunchKernel,3075363,3075382,815468345838670,815468345864939,26269,6,func,0x7f09e13f1280,gridDim,0x13600000136,blockDim,0x1,args,0x2000000020,sharedMemBytes,0x1,unknown,0x0,,,,,0x0
887,hipGetLastError,3075363,3075382,815468345886962,815468345901754,14792,1,none,0x7f09dff28e40,,,,,,,,,,,,,,,0x0
922,hipLaunchKernel,3075363,3075382,815468345922134,815468345948162,26028,6,func,0x7f09e13f1280,gridDim,0x13600000136,blockDim,0x1,args,0x2000000020,sharedMemBytes,0x1,unknown,0x0,,,,,0x0
969,hipGetLastError,3075363,3075382,815468345969684,815468345983174,13490,1,none,0x7f09dff28e40,,,,,,,,,,,,,,,0x0
5,hipLaunchKernel,3075363,3075382,815468346004987,815468346027961,22974,6,func,0x7f09e13f1280,gridDim,0x13600000136,blockDim,0x1,args,0x2000000020,sharedMemBytes,0x1,unknown,0x0,,,,,0x0
50,hipGetLastError,3075363,3075382,815468346050044,815468346063393,13349,1,none,0x7f09dff28e40,,,,,,,,,,,,,,,0x0
81,hipStreamSynchronize,3075363,3075382,815468346081851,815468348380841,2298990,1,stream,0x7ec97c0010b0,,,,,,,,,,,,,,,0x0
406,hipLaunchKernel,3075363,3075382,815468348406880,815468348425948,19068,6,func,0x7f09e13f1280,gridDim,0x13600000136,blockDim,0x1,args,0x2000000020,sharedMemBytes,0x1,unknown,0x0,,,,,0x0
447,hipGetLastError,3075363,3075382,815468348447811,815468348464986,17175,1,none,0x7f09dff28e40,,,,,,,,,,,,,,,0x0
487,hipLaunchKernel,3075363,3075382,815468348487580,815468348516182,28602,6,func,0x7f09e13f1280,gridDim,0x13600000136,blockDim,0x1,args,0x2000000020,sharedMemBytes,0x1,unknown,0x0,,,,,0x0
537,hipGetLastError,3075363,3075382,815468348537334,815468348552516,15182,1,none,0x7f09dff28e40,,,,,,,,,,,,,,,0x0
574,hipLaunchKernel,3075363,3075382,815468348574909,815468348596952,22043,6,func,0x7f09e13f1280,gridDim,0x13600000136,blockDim,0x1,args,0x2000000020,sharedMemBytes,0x1,unknown,0x0,,,,,0x0
618,hipGetLastError,3075363,3075382,815468348618083,815468348633256,15173,1,none,0x7f09dff28e40,,,,,,,,,,,,,,,0x0
655,hipLaunchKernel,3075363,3075382,815468348655569,815468348680296,24727,6,func,0x7f09e13f1280,gridDim,0x13600000136,blockDim,0x1,args,0x2000000020,sharedMemBytes,0x1,unknown,0x0,,,,,0x0
701,hipGetLastError,3075363,3075382,815468348701587,815468348716850,15263,1,none,0x7f09dff28e40,,,,,,,,,,,,,,,0x0
739,hipLaunchKernel,3075363,3075382,815468348739313,815468348766013,26700,6,func,0x7f09e13f1280,gridDim,0x13600000136,blockDim,0x1,args,0x2000000020,sharedMemBytes,0x1,unknown,0x0,,,,,0x0
787,hipGetLastError,3075363,3075382,815468348787895,815468348807094,19199,1,none,0x7f09dff28e40,,,,,,,,,,,,,,,0x0
829,hipLaunchKernel,3075363,3075382,815468348828986,815468348855125,26139,6,func,0x7f09e13f1280,gridDim,0x13600000136,blockDim,0x1,args,0x2000000020,sharedMemBytes,0x1,unknown,0x0,,,,,0x0
876,hipGetLastError,3075363,3075382,815468348876367,815468348892671,16304,1,none,0x7f09dff28e40,,,,,,,,,,,,,,,0x0
913,hipLaunchKernel,3075363,3075382,815468348913702,815468348937437,23735,6,func,0x7f09e13f1280,gridDim,0x13600000136,blockDim,0x1,args,0x2000000020,sharedMemBytes,0x1,unknown,0x0,,,,,0x0
959,hipGetLastError,3075363,3075382,815468348958999,815468348975584,16585,1,none,0x7f09dff28e40,,,,,,,,,,,,,,,0x0
998,hipLaunchKernel,3075363,3075382,815468348998227,815468349021472,23245,6,func,0x7f09e13f1280,gridDim,0x13600000136,blockDim,0x1,args,0x2000000020,sharedMemBytes,0x1,unknown,0x0,,,,,0x0
42,hipGetLastError,3075363,3075382,815468349042753,815468349059879,17126,1,none,0x7f09dff28e40,,,,,,,,,,,,,,,0x0
82,hipLaunchKernel,3075363,3075382,815468349082392,815468349108501,26109,6,func,0x7f09e13f1280,gridDim,0x13600000136,blockDim,0x1,args,0x2000000020,sharedMemBytes,0x1,unknown,0x0,,,,,0x0
129,hipGetLastError,3075363,3075382,815468349129913,815468349144354,14441,1,none,0x7f09dff28e40,,,,,,,,,,,,,,,0x0
166,hipLaunchKernel,3075363,3075382,815468349166828,815468349192125,25297,6,func,0x7f09e13f1280,gridDim,0x13600000136,blockDim,0x1,args,0x2000000020,sharedMemBytes,0x1,unknown,0x0,,,,,0x0
213,hipGetLastError,3075363,3075382,815468349213757,815468349230232,16475,1,none,0x7f09dff28e40,,,,,,,,,,,,,,,0x0
252,hipStreamSynchronize,3075363,3075382,815468349252254,815468351550644,2298390,1,stream,0x7ec97c0010b0,,,,,,,,,,,,,,,0x0
574,hipLaunchKernel,3075363,3075382,815468351574630,815468351596642,22012,6,func,0x7f09e13f1280,gridDim,0x13600000136,blockDim,0x1,args,0x2000000020,sharedMemBytes,0x1,unknown,0x0,,,,,0x0
618,hipGetLastError,3075363,3075382,815468351618835,815468351634088,15253,1,none,0x7f09dff28e40,,,,,,,,,,,,,,,0x0
656,hipLaunchKernel,3075363,3075382,815468351656661,815468351683621,26960,6,func,0x7f09e13f1280,gridDim,0x13600000136,blockDim,0x1,args,0x2000000020,sharedMemBytes,0x1,unknown,0x0,,,,,0x0
706,hipGetLastError,3075363,3075382,815468351706035,815468351721047,15012,1,none,0x7f09dff28e40,,,,,,,,,,,,,,,0x0
742,hipLaunchKernel,3075363,3075382,815468351742849,815468351767967,25118,6,func,0x7f09e13f1280,gridDim,0x13600000136,blockDim,0x1,args,0x2000000020,sharedMemBytes,0x1,unknown,0x0,,,,,0x0
790,hipGetLastError,3075363,3075382,815468351790169,815468351809748,19579,1,none,0x7f09dff28e40,,,,,,,,,,,,,,,0x0
827,hipLaunchKernel,3075363,3075382,815468351827625,815468351854675,27050,6,func,0x7f09e13f1280,gridDim,0x13600000136,blockDim,0x1,args,0x2000000020,sharedMemBytes,0x1,unknown,0x0,,,,,0x0
876,hipGetLastError,3075363,3075382,815468351876748,815468351893813,17065,1,none,0x7f09dff28e40,,,,,,,,,,,,,,,0x0
916,hipLaunchKernel,3075363,3075382,815468351916116,815468351933232,17116,6,func,0x7f09e13f1280,gridDim,0x13600000136,blockDim,0x1,args,0x2000000020,sharedMemBytes,0x1,unknown,0x0,,,,,0x0
955,hipGetLastError,3075363,3075382,815468351955875,815468351970527,14652,1,none,0x7f09dff28e40,,,,,,,,,,,,,,,0x0
992,hipLaunchKernel,3075363,3075382,815468351992379,815468352020391,28012,6,func,0x7f09e13f1280,gridDim,0x13600000136,blockDim,0x1,args,0x2000000020,sharedMemBytes,0x1,unknown,0x0,,,,,0x0
42,hipGetLastError,3075363,3075382,815468352042314,815468352056044,13730,1,none,0x7f09dff28e40,,,,,,,,,,,,,,,0x0
77,hipLaunchKernel,3075363,3075382,815468352077686,815468352102373,24687,6,func,0x7f09e13f1280,gridDim,0x13600000136,blockDim,0x1,args,0x2000000020,sharedMemBytes,0x1,unknown,0x0,,,,,0x0
124,hipGetLastError,3075363,3075382,815468352124536,815468352142452,17916,1,none,0x7f09dff28e40,,,,,,,,,,,,,,,0x0
163,hipLaunchKernel,3075363,3075382,815468352163824,815468352189231,25407,6,func,0x7f09e13f1280,gridDim,0x13600000136,blockDim,0x1,args,0x2000000020,sharedMemBytes,0x1,unknown,0x0,,,,,0x0
211,hipGetLastError,3075363,3075382,815468352211294,815468352229000,17706,1,none,0x7f09dff28e40,,,,,,,,,,,,,,,0x0
250,hipLaunchKernel,3075363,3075382,815468352250633,815468352274117,23484,6,func,0x7f09e13f1280,gridDim,0x13600000136,blockDim,0x1,args,0x2000000020,sharedMemBytes,0x1,unknown,0x0,,,,,0x0
296,hipGetLastError,3075363,3075382,815468352296220,815468352310011,13791,1,none,0x7f09dff28e40,,,,,,,,,,,,,,,0x0
332,hipLaunchKernel,3075363,3075382,815468352331963,815468352354667,22704,6,func,0x7f09e13f1280,gridDim,0x13600000136,blockDim,0x1,args,0x2000000020,sharedMemBytes,0x1,unknown,0x0,,,,,0x0
377,hipGetLastError,3075363,3075382,815468352377301,815468352398842,21541,1,none,0x7f09dff28e40,,,,,,,,,,,,,,,0x0
515,hipGetLastError,3075363,3075382,815468118515033,815468354089020,235573987,1,none,0x7f09dff28e40,,,,,,,,,,,,,,,0x0
637,hipLaunchKernel,3075363,3075379,815468161636949,815468354204021,192567072,6,func,0x7f09e13f1280,gridDim,0x13600000136,blockDim,0x1,args,0x2000000020,sharedMemBytes,0x1,unknown,0x0,,,,,0x0
284,hipGetLastError,3075363,3075379,815468354284159,815468354335736,51577,1,none,0x7f09dff28e40,,,,,,,,,,,,,,,0x0
378,hipLaunchKernel,3075363,3075379,815468354378329,815468354424488,46159,6,func,0x7f09e13f1280,gridDim,0x13600000136,blockDim,0x1,args,0x2000000020,sharedMemBytes,0x1,unknown,0x0,,,,,0x0
452,hipGetLastError,3075363,3075379,815468354451998,815468354483916,31918,1,none,0x7f09dff28e40,,,,,,,,,,,,,,,0x0
511,hipLaunchKernel,3075363,3075379,815468354511847,815468354547430,35583,6,func,0x7f09e13f1280,gridDim,0x13600000136,blockDim,0x1,args,0x2000000020,sharedMemBytes,0x1,unknown,0x0,,,,,0x0
574,hipGetLastError,3075363,3075379,815468354574791,815468354602552,27761,1,none,0x7f09dff28e40,,,,,,,,,,,,,,,0x0
629,hipLaunchKernel,3075363,3075379,815468354629582,815468354665014,35432,6,func,0x7f09e13f1280,gridDim,0x13600000136,blockDim,0x1,args,0x2000000020,sharedMemBytes,0x1,unknown,0x0,,,,,0x0
692,hipGetLastError,3075363,3075379,815468354692195,815468354722930,30735,1,none,0x7f09dff28e40,,,,,,,,,,,,,,,0x0
420,hipStreamSynchronize,3075363,3075382,815468352420074,815468354725955,2305881,1,stream,0x7ec97c0010b0,,,,,,,,,,,,,,,0x0
745,hipStreamSynchronize,3075363,3075382,815468354744993,815468354761668,16675,1,stream,0x7ec97c0010b0,,,,,,,,,,,,,,,0x0
744,hipLaunchKernel,3075363,3075379,815468354744302,815468354769730,25428,6,func,0x7f09e13f1280,gridDim,0x13600000136,blockDim,0x1,args,0x2000000020,sharedMemBytes,0x1,unknown,0x0,,,,,0x0
542,hipGetLastError,3075363,3075379,815468389542068,815468389607816,65748,1,none,0x7f09dff28e40,,,,,,,,,,,,,,,0x0
642,hipLaunchKernel,3075363,3075379,815468389642828,815468389697759,54931,6,func,0x7f09e13f1280,gridDim,0x13600000136,blockDim,0x1,args,0x2000000020,sharedMemBytes,0x1,unknown,0x0,,,,,0x0
731,hipGetLastError,3075363,3075379,815468389731219,815468389764458,33239,1,none,0x7f09dff28e40,,,,,,,,,,,,,,,0x0
796,hipLaunchKernel,3075363,3075379,815468389796175,815468389836175,40000,6,func,0x7f09e13f1280,gridDim,0x13600000136,blockDim,0x1,args,0x2000000020,sharedMemBytes,0x1,unknown,0x0,,,,,0x0
868,hipGetLastError,3075363,3075379,815468389868122,815468389904766,36644,1,none,0x7f09dff28e40,,,,,,,,,,,,,,,0x0
936,hipLaunchKernel,3075363,3075379,815468389936323,815468389975371,39048,6,func,0x7f09e13f1280,gridDim,0x13600000136,blockDim,0x1,args,0x2000000020,sharedMemBytes,0x1,unknown,0x0,,,,,0x0
6,hipGetLastError,3075363,3075379,815468390006758,815468390040037,33279,1,none,0x7f09dff28e40,,,,,,,,,,,,,,,0x0
70,hipLaunchKernel,3075363,3075379,815468390070873,815468390104022,33149,6,func,0x7f09e13f1280,gridDim,0x13600000136,blockDim,0x1,args,0x2000000020,sharedMemBytes,0x1,unknown,0x0,,,,,0x0
149,hipGetLastError,3075363,3075379,815468390149620,815468390183550,33930,1,none,0x7f09dff28e40,,,,,,,,,,,,,,,0x0
214,hipLaunchKernel,3075363,3075379,815468390214616,815468390253123,38507,6,func,0x7f09e13f1280,gridDim,0x13600000136,blockDim,0x1,args,0x2000000020,sharedMemBytes,0x1,unknown,0x0,,,,,0x0
283,hipGetLastError,3075363,3075379,815468390283518,815468390317318,33800,1,none,0x7f09dff28e40,,,,,,,,,,,,,,,0x0
351,hipStreamSynchronize,3075363,3075379,815468390351319,815468391251735,900416,1,stream,0x7ec988002700,,,,,,,,,,,,,,,0x0
288,hipLaunchKernel,3075363,3075379,815468391288369,815468391323992,35623,6,func,0x7f09e13f1280,gridDim,0x13600000136,blockDim,0x1,args,0x2000000020,sharedMemBytes,0x1,unknown,0x0,,,,,0x0
353,hipGetLastError,3075363,3075379,815468391353616,815468391387216,33600,1,none,0x7f09dff28e40,,,,,,,,,,,,,,,0x0
417,hipLaunchKernel,3075363,3075379,815468391417190,815468391459353,42163,6,func,0x7f09e13f1280,gridDim,0x13600000136,blockDim,0x1,args,0x2000000020,sharedMemBytes,0x1,unknown,0x0,,,,,0x0
489,hipGetLastError,3075363,3075379,815468391488937,815468391522146,33209,1,none,0x7f09dff28e40,,,,,,,,,,,,,,,0x0
552,hipLaunchKernel,3075363,3075379,815468391552701,815468391590878,38177,6,func,0x7f09e13f1280,gridDim,0x13600000136,blockDim,0x1,args,0x2000000020,sharedMemBytes,0x1,unknown,0x0,,,,,0x0
621,hipGetLastError,3075363,3075379,815468391620932,815468391650286,29354,1,none,0x7f09dff28e40,,,,,,,,,,,,,,,0x0
682,hipLaunchKernel,3075363,3075379,815468391682814,815468391717886,35072,6,func,0x7f09e13f1280,gridDim,0x13600000136,blockDim,0x1,args,0x2000000020,sharedMemBytes,0x1,unknown,0x0,,,,,0x0
747,hipGetLastError,3075363,3075379,815468391747400,815468391780069,32669,1,none,0x7f09dff28e40,,,,,,,,,,,,,,,0x0
810,hipLaunchKernel,3075363,3075379,815468391810303,815468391848630,38327,6,func,0x7f09e13f1280,gridDim,0x13600000136,blockDim,0x1,args,0x2000000020,sharedMemBytes,0x1,unknown,0x0,,,,,0x0
877,hipGetLastError,3075363,3075379,815468391877683,815468391910392,32709,1,none,0x7f09dff28e40,,,,,,,,,,,,,,,0x0
940,hipLaunchKernel,3075363,3075379,815468391940707,815468391978683,37976,6,func,0x7f09e13f1280,gridDim,0x13600000136,blockDim,0x1,args,0x2000000020,sharedMemBytes,0x1,unknown,0x0,,,,,0x0
24,hipGetLastError,3075363,3075379,815468392024461,815468392056228,31767,1,none,0x7f09dff28e40,,,,,,,,,,,,,,,0x0
86,hipLaunchKernel,3075363,3075379,815468392086513,815468392120934,34421,6,func,0x7f09e13f1280,gridDim,0x13600000136,blockDim,0x1,args,0x2000000020,sharedMemBytes,0x1,unknown,0x0,,,,,0x0
150,hipGetLastError,3075363,3075379,815468392150178,815468392181144,30966,1,none,0x7f09dff28e40,,,,,,,,,,,,,,,0x0
211,hipLaunchKernel,3075363,3075379,815468392211288,815468392247372,36084,6,func,0x7f09e13f1280,gridDim,0x13600000136,blockDim,0x1,args,0x2000000020,sharedMemBytes,0x1,unknown,0x0,,,,,0x0
276,hipGetLastError,3075363,3075379,815468392276615,815468392309033,32418,1,none,0x7f09dff28e40,,,,,,,,,,,,,,,0x0
339,hipLaunchKernel,3075363,3075379,815468392339859,815468392377144,37285,6,func,0x7f09e13f1280,gridDim,0x13600000136,blockDim,0x1,args,0x2000000020,sharedMemBytes,0x1,unknown,0x0,,,,,0x0
406,hipGetLastError,3075363,3075379,815468392406768,815468392439266,32498,1,none,0x7f09dff28e40,,,,,,,,,,,,,,,0x0
469,hipLaunchKernel,3075363,3075379,815468392469251,815468392507287,38036,6,func,0x7f09e13f1280,gridDim,0x13600000136,blockDim,0x1,args,0x2000000020,sharedMemBytes,0x1,unknown,0x0,,,,,0x0
536,hipGetLastError,3075363,3075379,815468392536571,815468392572204,35633,1,none,0x7f09dff28e40,,,,,,,,,,,,,,,0x0
602,hipStreamSynchronize,3075363,3075379,815468392601908,815468394487295,1885387,1,stream,0x7ec988002700,,,,,,,,,,,,,,,0x0
518,hipLaunchKernel,3075363,3075379,815468394518291,815468394558170,39879,6,func,0x7f09e13f1280,gridDim,0x13600000136,blockDim,0x1,args,0x2000000020,sharedMemBytes,0x1,unknown,0x0,,,,,0x0
588,hipGetLastError,3075363,3075379,815468394588175,815468394620903,32728,1,none,0x7f09dff28e40,,,,,,,,,,,,,,,0x0
651,hipLaunchKernel,3075363,3075379,815468394650998,815468394691628,40630,6,func,0x7f09e13f1280,gridDim,0x13600000136,blockDim,0x1,args,0x2000000020,sharedMemBytes,0x1,unknown,0x0,,,,,0x0
721,hipGetLastError,3075363,3075379,815468394721482,815468394755122,33640,1,none,0x7f09dff28e40,,,,,,,,,,,,,,,0x0
786,hipLaunchKernel,3075363,3075379,815468394786449,815468394826118,39669,6,func,0x7f09e13f1280,gridDim,0x13600000136,blockDim,0x1,args,0x2000000020,sharedMemBytes,0x1,unknown,0x0,,,,,0x0
856,hipGetLastError,3075363,3075379,815468394855982,815468394891995,36013,1,none,0x7f09dff28e40,,,,,,,,,,,,,,,0x0
921,hipLaunchKernel,3075363,3075379,815468394921579,815468394959335,37756,6,func,0x7f09e13f1280,gridDim,0x13600000136,blockDim,0x1,args,0x2000000020,sharedMemBytes,0x1,unknown,0x0,,,,,0x0
989,hipGetLastError,3075363,3075379,815468394989059,815468395018323,29264,1,none,0x7f09dff28e40,,,,,,,,,,,,,,,0x0
47,hipLaunchKernel,3075363,3075379,815468395047796,815468395086063,38267,6,func,0x7f09e13f1280,gridDim,0x13600000136,blockDim,0x1,args,0x2000000020,sharedMemBytes,0x1,unknown,0x0,,,,,0x0
116,hipGetLastError,3075363,3075379,815468395116008,815468395151380,35372,1,none,0x7f09dff28e40,,,,,,,,,,,,,,,0x0
181,hipLaunchKernel,3075363,3075379,815468395181074,815468395222405,41331,6,func,0x7f09e13f1280,gridDim,0x13600000136,blockDim,0x1,args,0x2000000020,sharedMemBytes,0x1,unknown,0x0,,,,,0x0
252,hipGetLastError,3075363,3075379,815468395252310,815468395283286,30976,1,none,0x7f09dff28e40,,,,,,,,,,,,,,,0x0
313,hipLaunchKernel,3075363,3075379,815468395313641,815468395351427,37786,6,func,0x7f09e13f1280,gridDim,0x13600000136,blockDim,0x1,args,0x2000000020,sharedMemBytes,0x1,unknown,0x0,,,,,0x0
381,hipGetLastError,3075363,3075379,815468395381321,815468395416784,35463,1,none,0x7f09dff28e40,,,,,,,,,,,,,,,0x0
446,hipLaunchKernel,3075363,3075379,815468395446308,815468395483893,37585,6,func,0x7f09e13f1280,gridDim,0x13600000136,blockDim,0x1,args,0x2000000020,sharedMemBytes,0x1,unknown,0x0,,,,,0x0
513,hipGetLastError,3075363,3075379,815468395513678,815468395547388,33710,1,none,0x7f09dff28e40,,,,,,,,,,,,,,,0x0
577,hipLaunchKernel,3075363,3075379,815468395577002,815468395614447,37445,6,func,0x7f09e13f1280,gridDim,0x13600000136,blockDim,0x1,args,0x2000000020,sharedMemBytes,0x1,unknown,0x0,,,,,0x0
644,hipGetLastError,3075363,3075379,815468395644181,815468395678903,34722,1,none,0x7f09dff28e40,,,,,,,,,,,,,,,0x0
708,hipLaunchKernel,3075363,3075379,815468395708527,815468395746433,37906,6,func,0x7f09e13f1280,gridDim,0x13600000136,blockDim,0x1,args,0x2000000020,sharedMemBytes,0x1,unknown,0x0,,,,,0x0
776,hipGetLastError,3075363,3075379,815468395776337,815468395805741,29404,1,none,0x7f09dff28e40,,,,,,,,,,,,,,,0x0
834,hipStreamSynchronize,3075363,3075379,815468395834804,815468397781963,1947159,1,stream,0x7ec988002700,,,,,,,,,,,,,,,0x0
815,hipLaunchKernel,3075363,3075379,815468397815462,815468397856513,41051,6,func,0x7f09e13f1280,gridDim,0x13600000136,blockDim,0x1,args,0x2000000020,sharedMemBytes,0x1,unknown,0x0,,,,,0x0
886,hipGetLastError,3075363,3075379,815468397886298,815468397921830,35532,1,none,0x7f09dff28e40,,,,,,,,,,,,,,,0x0
952,hipLaunchKernel,3075363,3075379,815468397952656,815468397993356,40700,6,func,0x7f09e13f1280,gridDim,0x13600000136,blockDim,0x1,args,0x2000000020,sharedMemBytes,0x1,unknown,0x0,,,,,0x0
23,hipGetLastError,3075363,3075379,815468398023341,815468398056230,32889,1,none,0x7f09dff28e40,,,,,,,,,,,,,,,0x0
86,hipLaunchKernel,3075363,3075379,815468398086184,815468398124000,37816,6,func,0x7f09e13f1280,gridDim,0x13600000136,blockDim,0x1,args,0x2000000020,sharedMemBytes,0x1,unknown,0x0,,,,,0x0
153,hipGetLastError,3075363,3075379,815468398153534,815468398185742,32208,1,none,0x7f09dff28e40,,,,,,,,,,,,,,,0x0
215,hipLaunchKernel,3075363,3075379,815468398215866,815468398253532,37666,6,func,0x7f09e13f1280,gridDim,0x13600000136,blockDim,0x1,args,0x2000000020,sharedMemBytes,0x1,unknown,0x0,,,,,0x0
283,hipGetLastError,3075363,3075379,815468398283046,815468398316035,32989,1,none,0x7f09dff28e40,,,,,,,,,,,,,,,0x0
346,hipLaunchKernel,3075363,3075379,815468398346440,815468398381693,35253,6,func,0x7f09e13f1280,gridDim,0x13600000136,blockDim,0x1,args,0x2000000020,sharedMemBytes,0x1,unknown,0x0,,,,,0x0
411,hipGetLastError,3075363,3075379,815468398411557,815468398443644,32087,1,none,0x7f09dff28e40,,,,,,,,,,,,,,,0x0
473,hipLaunchKernel,3075363,3075379,815468398473539,815468398511215,37676,6,func,0x7f09e13f1280,gridDim,0x13600000136,blockDim,0x1,args,0x2000000020,sharedMemBytes,0x1,unknown,0x0,,,,,0x0
541,hipGetLastError,3075363,3075379,815468398540929,815468398574288,33359,1,none,0x7f09dff28e40,,,,,,,,,,,,,,,0x0
604,hipLaunchKernel,3075363,3075379,815468398604173,815468398641969,37796,6,func,0x7f09e13f1280,gridDim,0x13600000136,blockDim,0x1,args,0x2000000020,sharedMemBytes,0x1,unknown,0x0,,,,,0x0
671,hipGetLastError,3075363,3075379,815468398671663,815468398704612,32949,1,none,0x7f09dff28e40,,,,,,,,,,,,,,,0x0
734,hipLaunchKernel,3075363,3075379,815468398734756,815468398772632,37876,6,func,0x7f09e13f1280,gridDim,0x13600000136,blockDim,0x1,args,0x2000000020,sharedMemBytes,0x1,unknown,0x0,,,,,0x0
802,hipGetLastError,3075363,3075379,815468398802086,815468398837519,35433,1,none,0x7f09dff28e40,,,,,,,,,,,,,,,0x0
867,hipLaunchKernel,3075363,3075379,815468398867383,815468398903136,35753,6,func,0x7f09e13f1280,gridDim,0x13600000136,blockDim,0x1,args,0x2000000020,sharedMemBytes,0x1,unknown,0x0,,,,,0x0
933,hipGetLastError,3075363,3075379,815468398933071,815468398963516,30445,1,none,0x7f09dff28e40,,,,,,,,,,,,,,,0x0
993,hipLaunchKernel,3075363,3075379,815468398993751,815468399032258,38507,6,func,0x7f09e13f1280,gridDim,0x13600000136,blockDim,0x1,args,0x2000000020,sharedMemBytes,0x1,unknown,0x0,,,,,0x0
62,hipGetLastError,3075363,3075379,815468399062272,815468399093999,31727,1,none,0x7f09dff28e40,,,,,,,,,,,,,,,0x0
123,hipStreamSynchronize,3075363,3075379,815468399123383,815468401037082,1913699,1,stream,0x7ec988002700,,,,,,,,,,,,,,,0x0
69,hipLaunchKernel,3075363,3075379,815468401068969,815468401103280,34311,6,func,0x7f09e13f1280,gridDim,0x13600000136,blockDim,0x1,args,0x2000000020,sharedMemBytes,0x1,unknown,0x0,,,,,0x0
133,hipGetLastError,3075363,3075379,815468401133475,815468401167576,34101,1,none,0x7f09dff28e40,,,,,,,,,,,,,,,0x0
197,hipLaunchKernel,3075363,3075379,815468401197740,815468401239332,41592,6,func,0x7f09e13f1280,gridDim,0x13600000136,blockDim,0x1,args,0x2000000020,sharedMemBytes,0x1,unknown,0x0,,,,,0x0
270,hipGetLastError,3075363,3075379,815468401269967,815468401302876,32909,1,none,0x7f09dff28e40,,,,,,,,,,,,,,,0x0
332,hipLaunchKernel,3075363,3075379,815468401332250,815468401366571,34321,6,func,0x7f09e13f1280,gridDim,0x13600000136,blockDim,0x1,args,0x2000000020,sharedMemBytes,0x1,unknown,0x0,,,,,0x0
396,hipGetLastError,3075363,3075379,815468401396385,815468401429484,33099,1,none,0x7f09dff28e40,,,,,,,,,,,,,,,0x0
459,hipLaunchKernel,3075363,3075379,815468401459168,815468401496944,37776,6,func,0x7f09e13f1280,gridDim,0x13600000136,blockDim,0x1,args,0x2000000020,sharedMemBytes,0x1,unknown,0x0,,,,,0x0
526,hipGetLastError,3075363,3075379,815468401526638,815468401562321,35683,1,none,0x7f09dff28e40,,,,,,,,,,,,,,,0x0
592,hipLaunchKernel,3075363,3075379,815468401592125,815468401630392,38267,6,func,0x7f09e13f1280,gridDim,0x13600000136,blockDim,0x1,args,0x2000000020,sharedMemBytes,0x1,unknown,0x0,,,,,0x0
660,hipGetLastError,3075363,3075379,815468401660437,815468401696160,35723,1,none,0x7f09dff28e40,,,,,,,,,,,,,,,0x0
726,hipLaunchKernel,3075363,3075379,815468401726034,815468401763299,37265,6,func,0x7f09e13f1280,gridDim,0x13600000136,blockDim,0x1,args,0x2000000020,sharedMemBytes,0x1,unknown,0x0,,,,,0x0
793,hipGetLastError,3075363,3075379,815468401793114,815468401828626,35512,1,none,0x7f09dff28e40,,,,,,,,,,,,,,,0x0
858,hipLaunchKernel,3075363,3075379,815468401857950,815468401896086,38136,6,func,0x7f09e13f1280,gridDim,0x13600000136,blockDim,0x1,args,0x2000000020,sharedMemBytes,0x1,unknown,0x0,,,,,0x0
925,hipGetLastError,3075363,3075379,815468401925851,815468401959100,33249,1,none,0x7f09dff28e40,,,,,,,,,,,,,,,0x0
988,hipLaunchKernel,3075363,3075379,815468401988854,815468402026500,37646,6,func,0x7f09e13f1280,gridDim,0x13600000136,blockDim,0x1,args,0x2000000020,sharedMemBytes,0x1,unknown,0x0,,,,,0x0
56,hipGetLastError,3075363,3075379,815468402056204,815468402089824,33620,1,none,0x7f09dff28e40,,,,,,,,,,,,,,,0x0
119,hipLaunchKernel,3075363,3075379,815468402119458,815468402157084,37626,6,func,0x7f09e13f1280,gridDim,0x13600000136,blockDim,0x1,args,0x2000000020,sharedMemBytes,0x1,unknown,0x0,,,,,0x0
186,hipGetLastError,3075363,3075379,815468402186828,815468402222030,35202,1,none,0x7f09dff28e40,,,,,,,,,,,,,,,0x0
251,hipLaunchKernel,3075363,3075379,815468402251243,815468402288859,37616,6,func,0x7f09e13f1280,gridDim,0x13600000136,blockDim,0x1,args,0x2000000020,sharedMemBytes,0x1,unknown,0x0,,,,,0x0
318,hipGetLastError,3075363,3075379,815468402318683,815468402351933,33250,1,none,0x7f09dff28e40,,,,,,,,,,,,,,,0x0
239,hipLaunchKernel,3075363,3075382,815468211239649,815468403244667,192005018,6,func,0x7f09e13f1280,gridDim,0x13600000136,blockDim,0x1,args,0x2000000020,sharedMemBytes,0x1,unknown,0x0,,,,,0x0
382,hipStreamSynchronize,3075363,3075379,815468402382318,815468404250599,1868281,1,stream,0x7ec988002700,,,,,,,,,,,,,,,0x0
512,hipLaunchKernel,3075363,3075379,815468411512614,815468411560565,47951,6,func,0x7f09e13f1280,gridDim,0x13600000136,blockDim,0x1,args,0x2000000020,sharedMemBytes,0x1,unknown,0x0,,,,,0x0
591,hipGetLastError,3075363,3075379,815468411591260,815468411621585,30325,1,none,0x7f09dff28e40,,,,,,,,,,,,,,,0x0
885,hipLaunchKernel,3075363,3075382,815468338885464,815468417066223,78180759,6,func,0x7f09e13f1280,gridDim,0x13600000136,blockDim,0x1,args,0x2000000020,sharedMemBytes,0x1,unknown,0x0,,,,,0x0
91,hipLaunchKernel,3075363,3075379,815468417091581,815468417130268,38687,6,func,0x7f09e13f1280,gridDim,0x13600000136,blockDim,0x1,args,0x2000000020,sharedMemBytes,0x1,unknown,0x0,,,,,0x0
146,hipGetLastError,3075363,3075379,815468417145991,815468417163317,17326,1,none,0x7f09dff28e40,,,,,,,,,,,,,,,0x0
177,hipLaunchKernel,3075363,3075379,815468417177879,815468417199481,21602,6,func,0x7f09e13f1280,gridDim,0x13600000136,blockDim,0x1,args,0x2000000020,sharedMemBytes,0x1,unknown,0x0,,,,,0x0
224,hipGetLastError,3075363,3075379,815468417224688,815468417245599,20911,1,none,0x7f09dff28e40,,,,,,,,,,,,,,,0x0
275,hipLaunchKernel,3075363,3075379,815468417275423,815468417312819,37396,6,func,0x7f09e13f1280,gridDim,0x13600000136,blockDim,0x1,args,0x2000000020,sharedMemBytes,0x1,unknown,0x0,,,,,0x0
344,hipGetLastError,3075363,3075379,815468417344626,815468417371957,27331,1,none,0x7f09dff28e40,,,,,,,,,,,,,,,0x0
402,hipLaunchKernel,3075363,3075379,815468417402001,815468417440478,38477,6,func,0x7f09e13f1280,gridDim,0x13600000136,blockDim,0x1,args,0x2000000020,sharedMemBytes,0x1,unknown,0x0,,,,,0x0
471,hipGetLastError,3075363,3075379,815468417471234,815468417501318,30084,1,none,0x7f09dff28e40,,,,,,,,,,,,,,,0x0
532,hipLaunchKernel,3075363,3075379,815468417531974,815468417570992,39018,6,func,0x7f09e13f1280,gridDim,0x13600000136,blockDim,0x1,args,0x2000000020,sharedMemBytes,0x1,unknown,0x0,,,,,0x0
203,hipStreamSynchronize,3075363,3075381,815468417203857,815468417608047,404190,1,stream,0x7ec9800010b0,,,,,,,,,,,,,,,0x0
601,hipGetLastError,3075363,3075379,815468417601197,815468417636940,35743,1,none,0x7f09dff28e40,,,,,,,,,,,,,,,0x0
667,hipLaunchKernel,3075363,3075379,815468417667495,815468417706763,39268,6,func,0x7f09e13f1280,gridDim,0x13600000136,blockDim,0x1,args,0x2000000020,sharedMemBytes,0x1,unknown,0x0,,,,,0x0
736,hipGetLastError,3075363,3075379,815468417736868,815468417769436,32568,1,none,0x7f09dff28e40,,,,,,,,,,,,,,,0x0
800,hipLaunchKernel,3075363,3075379,815468417800642,815468417838959,38317,6,func,0x7f09e13f1280,gridDim,0x13600000136,blockDim,0x1,args,0x2000000020,sharedMemBytes,0x1,unknown,0x0,,,,,0x0
868,hipGetLastError,3075363,3075379,815468417868523,815468417904006,35483,1,none,0x7f09dff28e40,,,,,,,,,,,,,,,0x0
934,hipLaunchKernel,3075363,3075379,815468417934331,815468417971997,37666,6,func,0x7f09e13f1280,gridDim,0x13600000136,blockDim,0x1,args,0x2000000020,sharedMemBytes,0x1,unknown,0x0,,,,,0x0
1,hipGetLastError,3075363,3075379,815468418001170,815468418033548,32378,1,none,0x7f09dff28e40,,,,,,,,,,,,,,,0x0
64,hipLaunchKernel,3075363,3075379,815468418064534,815468418102821,38287,6,func,0x7f09e13f1280,gridDim,0x13600000136,blockDim,0x1,args,0x2000000020,sharedMemBytes,0x1,unknown,0x0,,,,,0x0
131,hipGetLastError,3075363,3075379,815468418131804,815468418164592,32788,1,none,0x7f09dff28e40,,,,,,,,,,,,,,,0x0
196,hipStreamSynchronize,3075363,3075379,815468418196590,815468419935019,1738429,1,stream,0x7ec988002700,,,,,,,,,,,,,,,0x0
966,hipLaunchKernel,3075363,3075379,815468419966646,815468420016820,50174,6,func,0x7f09e13f1280,gridDim,0x13600000136,blockDim,0x1,args,0x2000000020,sharedMemBytes,0x1,unknown,0x0,,,,,0x0
47,hipGetLastError,3075363,3075379,815468420047306,815468420077480,30174,1,none,0x7f09dff28e40,,,,,,,,,,,,,,,0x0
107,hipLaunchKernel,3075363,3075379,815468420107305,815468420149147,41842,6,func,0x7f09e13f1280,gridDim,0x13600000136,blockDim,0x1,args,0x2000000020,sharedMemBytes,0x1,unknown,0x0,,,,,0x0
181,hipGetLastError,3075363,3075379,815468420181014,815468420214403,33389,1,none,0x7f09dff28e40,,,,,,,,,,,,,,,0x0
245,hipLaunchKernel,3075363,3075379,815468420244929,815468420283226,38297,6,func,0x7f09e13f1280,gridDim,0x13600000136,blockDim,0x1,args,0x2000000020,sharedMemBytes,0x1,unknown,0x0,,,,,0x0
314,hipGetLastError,3075363,3075379,815468420314322,815468420347361,33039,1,none,0x7f09dff28e40,,,,,,,,,,,,,,,0x0
376,hipLaunchKernel,3075363,3075379,815468420376624,815468420412407,35783,6,func,0x7f09e13f1280,gridDim,0x13600000136,blockDim,0x1,args,0x2000000020,sharedMemBytes,0x1,unknown,0x0,,,,,0x0
442,hipGetLastError,3075363,3075379,815468420442742,815468420476022,33280,1,none,0x7f09dff28e40,,,,,,,,,,,,,,,0x0
506,hipLaunchKernel,3075363,3075379,815468420506657,815468420545014,38357,6,func,0x7f09e13f1280,gridDim,0x13600000136,blockDim,0x1,args,0x2000000020,sharedMemBytes,0x1,unknown,0x0,,,,,0x0
575,hipGetLastError,3075363,3075379,815468420575299,815468420610812,35513,1,none,0x7f09dff28e40,,,,,,,,,,,,,,,0x0
639,hipLaunchKernel,3075363,3075379,815468420639895,815468420680605,40710,6,func,0x7f09e13f1280,gridDim,0x13600000136,blockDim,0x1,args,0x2000000020,sharedMemBytes,0x1,unknown,0x0,,,,,0x0
710,hipGetLastError,3075363,3075379,815468420710820,815468420743959,33139,1,none,0x7f09dff28e40,,,,,,,,,,,,,,,0x0
773,hipLaunchKernel,3075363,3075379,815468420773773,815468420808565,34792,6,func,0x7f09e13f1280,gridDim,0x13600000136,blockDim,0x1,args,0x2000000020,sharedMemBytes,0x1,unknown,0x0,,,,,0x0
838,hipGetLastError,3075363,3075379,815468420838880,815468420874533,35653,1,none,0x7f09dff28e40,,,,,,,,,,,,,,,0x0
904,hipLaunchKernel,3075363,3075379,815468420904407,815468420942984,38577,6,func,0x7f09e13f1280,gridDim,0x13600000136,blockDim,0x1,args,0x2000000020,sharedMemBytes,0x1,unknown,0x0,,,,,0x0
973,hipGetLastError,3075363,3075379,815468420973339,815468421006809,33470,1,none,0x7f09dff28e40,,,,,,,,,,,,,,,0x0
36,hipLaunchKernel,3075363,3075379,815468421036203,815468421073658,37455,6,func,0x7f09e13f1280,gridDim,0x13600000136,blockDim,0x1,args,0x2000000020,sharedMemBytes,0x1,unknown,0x0,,,,,0x0
104,hipGetLastError,3075363,3075379,815468421103953,815468421136652,32699,1,none,0x7f09dff28e40,,,,,,,,,,,,,,,0x0
166,hipLaunchKernel,3075363,3075379,815468421166776,815468421205494,38718,6,func,0x7f09e13f1280,gridDim,0x13600000136,blockDim,0x1,args,0x2000000020,sharedMemBytes,0x1,unknown,0x0,,,,,0x0
235,hipGetLastError,3075363,3075379,815468421235759,815468421271151,35392,1,none,0x7f09dff28e40,,,,,,,,,,,,,,,0x0
299,hipStreamSynchronize,3075363,3075379,815468421299894,815468423242115,1942221,1,stream,0x7ec988002700,,,,,,,,,,,,,,,0x0
274,hipLaunchKernel,3075363,3075379,815468423274483,815468423313681,39198,6,func,0x7f09e13f1280,gridDim,0x13600000136,blockDim,0x1,args,0x2000000020,sharedMemBytes,0x1,unknown,0x0,,,,,0x0
343,hipGetLastError,3075363,3075379,815468423343155,815468423375573,32418,1,none,0x7f09dff28e40,,,,,,,,,,,,,,,0x0
406,hipLaunchKernel,3075363,3075379,815468423406319,815468423447470,41151,6,func,0x7f09e13f1280,gridDim,0x13600000136,blockDim,0x1,args,0x2000000020,sharedMemBytes,0x1,unknown,0x0,,,,,0x0
477,hipGetLastError,3075363,3075379,815468423476934,815468423509372,32438,1,none,0x7f09dff28e40,,,,,,,,,,,,,,,0x0
540,hipLaunchKernel,3075363,3075379,815468423539997,815468423577763,37766,6,func,0x7f09e13f1280,gridDim,0x13600000136,blockDim,0x1,args,0x2000000020,sharedMemBytes,0x1,unknown,0x0,,,,,0x0
607,hipGetLastError,3075363,3075379,815468423606987,815468423639194,32207,1,none,0x7f09dff28e40,,,,,,,,,,,,,,,0x0
670,hipLaunchKernel,3075363,3075379,815468423670381,815468423708107,37726,6,func,0x7f09e13f1280,gridDim,0x13600000136,blockDim,0x1,args,0x2000000020,sharedMemBytes,0x1,unknown,0x0,,,,,0x0
737,hipGetLastError,3075363,3075379,815468423737550,815468423769988,32438,1,none,0x7f09dff28e40,,,,,,,,,,,,,,,0x0
800,hipLaunchKernel,3075363,3075379,815468423800624,815468423838450,37826,6,func,0x7f09e13f1280,gridDim,0x13600000136,blockDim,0x1,args,0x2000000020,sharedMemBytes,0x1,unknown,0x0,,,,,0x0
867,hipGetLastError,3075363,3075379,815468423867613,815468423899781,32168,1,none,0x7f09dff28e40,,,,,,,,,,,,,,,0x0
929,hipLaunchKernel,3075363,3075379,815468423929265,815468423969835,40570,6,func,0x7f09e13f1280,gridDim,0x13600000136,blockDim,0x1,args,0x2000000020,sharedMemBytes,0x1,unknown,0x0,,,,,0x0
999,hipGetLastError,3075363,3075379,815468423999058,815468424041311,42253,1,none,0x7f09dff28e40,,,,,,,,,,,,,,,0x0
71,hipLaunchKernel,3075363,3075379,815468424071646,815468424106057,34411,6,func,0x7f09e13f1280,gridDim,0x13600000136,blockDim,0x1,args,0x2000000020,sharedMemBytes,0x1,unknown,0x0,,,,,0x0
135,hipGetLastError,3075363,3075379,815468424134900,815468424168169,33269,1,none,0x7f09dff28e40,,,,,,,,,,,,,,,0x0
199,hipLaunchKernel,3075363,3075379,815468424199115,815468424236781,37666,6,func,0x7f09e13f1280,gridDim,0x13600000136,blockDim,0x1,args,0x2000000020,sharedMemBytes,0x1,unknown,0x0,,,,,0x0
267,hipGetLastError,3075363,3075379,815468424267226,815468424302749,35523,1,none,0x7f09dff28e40,,,,,,,,,,,,,,,0x0
333,hipLaunchKernel,3075363,3075379,815468424333565,815468424368276,34711,6,func,0x7f09e13f1280,gridDim,0x13600000136,blockDim,0x1,args,0x2000000020,sharedMemBytes,0x1,unknown,0x0,,,,,0x0
397,hipGetLastError,3075363,3075379,815468424397189,815468424429567,32378,1,none,0x7f09dff28e40,,,,,,,,,,,,,,,0x0
460,hipLaunchKernel,3075363,3075379,815468424460042,815468424498680,38638,6,func,0x7f09e13f1280,gridDim,0x13600000136,blockDim,0x1,args,0x2000000020,sharedMemBytes,0x1,unknown,0x0,,,,,0x0
528,hipGetLastError,3075363,3075379,815468424528203,815468424558538,30335,1,none,0x7f09dff28e40,,,,,,,,,,,,,,,0x0
589,hipStreamSynchronize,3075363,3075379,815468424588963,815468426512067,1923104,1,stream,0x7ec988002700,,,,,,,,,,,,,,,0x0
544,hipLaunchKernel,3075363,3075379,815468426544475,815468426575681,31206,6,func,0x7f09e13f1280,gridDim,0x13600000136,blockDim,0x1,args,0x2000000020,sharedMemBytes,0x1,unknown,0x0,,,,,0x0
606,hipGetLastError,3075363,3075379,815468426606176,815468426639756,33580,1,none,0x7f09dff28e40,,,,,,,,,,,,,,,0x0
668,hipLaunchKernel,3075363,3075379,815468426668869,815468426710241,41372,6,func,0x7f09e13f1280,gridDim,0x13600000136,blockDim,0x1,args,0x2000000020,sharedMemBytes,0x1,unknown,0x0,,,,,0x0
740,hipGetLastError,3075363,3075379,815468426740666,815468426776409,35743,1,none,0x7f09dff28e40,,,,,,,,,,,,,,,0x0
805,hipLaunchKernel,3075363,3075379,815468426805722,815468426843628,37906,6,func,0x7f09e13f1280,gridDim,0x13600000136,blockDim,0x1,args,0x2000000020,sharedMemBytes,0x1,unknown,0x0,,,,,0x0
874,hipGetLastError,3075363,3075379,815468426873953,815468426905610,31657,1,none,0x7f09dff28e40,,,,,,,,,,,,,,,0x0
935,hipLaunchKernel,3075363,3075379,815468426934954,815468426973481,38527,6,func,0x7f09e13f1280,gridDim,0x13600000136,blockDim,0x1,args,0x2000000020,sharedMemBytes,0x1,unknown,0x0,,,,,0x0
4,hipGetLastError,3075363,3075379,815468427003926,815468427037546,33620,1,none,0x7f09dff28e40,,,,,,,,,,,,,,,0x0
67,hipLaunchKernel,3075363,3075379,815468427066930,815468427104325,37395,6,func,0x7f09e13f1280,gridDim,0x13600000136,blockDim,0x1,args,0x2000000020,sharedMemBytes,0x1,unknown,0x0,,,,,0x0
135,hipGetLastError,3075363,3075379,815468427135061,815468427171305,36244,1,none,0x7f09dff28e40,,,,,,,,,,,,,,,0x0
201,hipLaunchKernel,3075363,3075379,815468427201119,815468427239696,38577,6,func,0x7f09e13f1280,gridDim,0x13600000136,blockDim,0x1,args,0x2000000020,sharedMemBytes,0x1,unknown,0x0,,,,,0x0
270,hipGetLastError,3075363,3075379,815468427270081,815468427300907,30826,1,none,0x7f09dff28e40,,,,,,,,,,,,,,,0x0
330,hipLaunchKernel,3075363,3075379,815468427330120,815468427368297,38177,6,func,0x7f09e13f1280,gridDim,0x13600000136,blockDim,0x1,args,0x2000000020,sharedMemBytes,0x1,unknown,0x0,,,,,0x0
398,hipGetLastError,3075363,3075379,815468427398572,815468427433924,35352,1,none,0x7f09dff28e40,,,,,,,,,,,,,,,0x0
463,hipLaunchKernel,3075363,3075379,815468427463748,815468427501855,38107,6,func,0x7f09e13f1280,gridDim,0x13600000136,blockDim,0x1,args,0x2000000020,sharedMemBytes,0x1,unknown,0x0,,,,,0x0
532,hipGetLastError,3075363,3075379,815468427531920,815468427565590,33670,1,none,0x7f09dff28e40,,,,,,,,,,,,,,,0x0
596,hipLaunchKernel,3075363,3075379,815468427595945,815468427633791,37846,6,func,0x7f09e13f1280,gridDim,0x13600000136,blockDim,0x1,args,0x2000000020,sharedMemBytes,0x1,unknown,0x0,,,,,0x0
663,hipGetLastError,3075363,3075379,815468427663875,815468427697265,33390,1,none,0x7f09dff28e40,,,,,,,,,,,,,,,0x0
726,hipLaunchKernel,3075363,3075379,815468427726769,815468427765606,38837,6,func,0x7f09e13f1280,gridDim,0x13600000136,blockDim,0x1,args,0x2000000020,sharedMemBytes,0x1,unknown,0x0,,,,,0x0
795,hipGetLastError,3075363,3075379,815468427795651,815468427826947,31296,1,none,0x7f09dff28e40,,,,,,,,,,,,,,,0x0
855,hipStreamSynchronize,3075363,3075379,815468427855770,815468429745404,1889634,1,stream,0x7ec988002700,,,,,,,,,,,,,,,0x0
780,hipLaunchKernel,3075363,3075379,815468429780536,815468429807336,26800,6,func,0x7f09e13f1280,gridDim,0x13600000136,blockDim,0x1,args,0x2000000020,sharedMemBytes,0x1,unknown,0x0,,,,,0x0
837,hipGetLastError,3075363,3075379,815468429837651,815468429872232,34581,1,none,0x7f09dff28e40,,,,,,,,,,,,,,,0x0
903,hipLaunchKernel,3075363,3075379,815468429902967,815468429939912,36945,6,func,0x7f09e13f1280,gridDim,0x13600000136,blockDim,0x1,args,0x2000000020,sharedMemBytes,0x1,unknown,0x0,,,,,0x0
970,hipGetLastError,3075363,3075379,815468429970357,815468430002796,32439,1,none,0x7f09dff28e40,,,,,,,,,,,,,,,0x0
33,hipLaunchKernel,3075363,3075379,815468430033641,815468430071077,37436,6,func,0x7f09e13f1280,gridDim,0x13600000136,blockDim,0x1,args,0x2000000020,sharedMemBytes,0x1,unknown,0x0,,,,,0x0
100,hipGetLastError,3075363,3075379,815468430100110,815468430129724,29614,1,none,0x7f09dff28e40,,,,,,,,,,,,,,,0x0
160,hipLaunchKernel,3075363,3075379,815468430160329,815468430198266,37937,6,func,0x7f09e13f1280,gridDim,0x13600000136,blockDim,0x1,args,0x2000000020,sharedMemBytes,0x1,unknown,0x0,,,,,0x0
227,hipGetLastError,3075363,3075379,815468430227339,815468430263462,36123,1,none,0x7f09dff28e40,,,,,,,,,,,,,,,0x0
293,hipLaunchKernel,3075363,3075379,815468430293637,815468430331934,38297,6,func,0x7f09e13f1280,gridDim,0x13600000136,blockDim,0x1,args,0x2000000020,sharedMemBytes,0x1,unknown,0x0,,,,,0x0
361,hipGetLastError,3075363,3075379,815468430361257,815468430394296,33039,1,none,0x7f09dff28e40,,,,,,,,,,,,,,,0x0
425,hipLaunchKernel,3075363,3075379,815468430424892,815468430463048,38156,6,func,0x7f09e13f1280,gridDim,0x13600000136,blockDim,0x1,args,0x2000000020,sharedMemBytes,0x1,unknown,0x0,,,,,0x0
492,hipGetLastError,3075363,3075379,815468430492512,815468430524840,32328,1,none,0x7f09dff28e40,,,,,,,,,,,,,,,0x0
555,hipLaunchKernel,3075363,3075379,815468430555806,815468430593552,37746,6,func,0x7f09e13f1280,gridDim,0x13600000136,blockDim,0x1,args,0x2000000020,sharedMemBytes,0x1,unknown,0x0,,,,,0x0
622,hipGetLastError,3075363,3075379,815468430622785,815468430658468,35683,1,none,0x7f09dff28e40,,,,,,,,,,,,,,,0x0
688,hipLaunchKernel,3075363,3075379,815468430688803,815468430723144,34341,6,func,0x7f09e13f1280,gridDim,0x13600000136,blockDim,0x1,args,0x2000000020,sharedMemBytes,0x1,unknown,0x0,,,,,0x0
752,hipGetLastError,3075363,3075379,815468430752217,815468430785387,33170,1,none,0x7f09dff28e40,,,,,,,,,,,,,,,0x0
815,hipLaunchKernel,3075363,3075379,815468430815852,815468430855691,39839,6,func,0x7f09e13f1280,gridDim,0x13600000136,blockDim,0x1,args,0x2000000020,sharedMemBytes,0x1,unknown,0x0,,,,,0x0
885,hipGetLastError,3075363,3075379,815468430884954,815468430917172,32218,1,none,0x7f09dff28e40,,,,,,,,,,,,,,,0x0
948,hipLaunchKernel,3075363,3075379,815468430948589,815468430987296,38707,6,func,0x7f09e13f1280,gridDim,0x13600000136,blockDim,0x1,args,0x2000000020,sharedMemBytes,0x1,unknown,0x0,,,,,0x0
17,hipGetLastError,3075363,3075379,815468431016900,815468431052293,35393,1,none,0x7f09dff28e40,,,,,,,,,,,,,,,0x0
82,hipStreamSynchronize,3075363,3075379,815468431082377,815468432960604,1878227,1,stream,0x7ec988002700,,,,,,,,,,,,,,,0x0
993,hipLaunchKernel,3075363,3075379,815468432993653,815468433017388,23735,6,func,0x7f09e13f1280,gridDim,0x13600000136,blockDim,0x1,args,0x2000000020,sharedMemBytes,0x1,unknown,0x0,,,,,0x0
48,hipGetLastError,3075363,3075379,815468433048254,815468433081453,33199,1,none,0x7f09dff28e40,,,,,,,,,,,,,,,0x0
110,hipLaunchKernel,3075363,3075379,815468433110747,815468433152909,42162,6,func,0x7f09e13f1280,gridDim,0x13600000136,blockDim,0x1,args,0x2000000020,sharedMemBytes,0x1,unknown,0x0,,,,,0x0
183,hipGetLastError,3075363,3075379,815468433183204,815468433216273,33069,1,none,0x7f09dff28e40,,,,,,,,,,,,,,,0x0
245,hipLaunchKernel,3075363,3075379,815468433245837,815468433281680,35843,6,func,0x7f09e13f1280,gridDim,0x13600000136,blockDim,0x1,args,0x2000000020,sharedMemBytes,0x1,unknown,0x0,,,,,0x0
311,hipGetLastError,3075363,3075379,815468433311865,815468433345004,33139,1,none,0x7f09dff28e40,,,,,,,,,,,,,,,0x0
374,hipLaunchKernel,3075363,3075379,815468433374127,815468433411463,37336,6,func,0x7f09e13f1280,gridDim,0x13600000136,blockDim,0x1,args,0x2000000020,sharedMemBytes,0x1,unknown,0x0,,,,,0x0
441,hipGetLastError,3075363,3075379,815468433441808,815468433477451,35643,1,none,0x7f09dff28e40,,,,,,,,,,,,,,,0x0
507,hipLaunchKernel,3075363,3075379,815468433507005,815468433543979,36974,6,func,0x7f09e13f1280,gridDim,0x13600000136,blockDim,0x1,args,0x2000000020,sharedMemBytes,0x1,unknown,0x0,,,,,0x0
574,hipGetLastError,3075363,3075379,815468433574254,815468433610358,36104,1,none,0x7f09dff28e40,,,,,,,,,,,,,,,0x0
639,hipLaunchKernel,3075363,3075379,815468433639671,815468433677417,37746,6,func,0x7f09e13f1280,gridDim,0x13600000136,blockDim,0x1,args,0x2000000020,sharedMemBytes,0x1,unknown,0x0,,,,,0x0
708,hipGetLastError,3075363,3075379,815468433708313,815468433741833,33520,1,none,0x7f09dff28e40,,,,,,,,,,,,,,,0x0
771,hipLaunchKernel,3075363,3075379,815468433770966,815468433811817,40851,6,func,0x7f09e13f1280,gridDim,0x13600000136,blockDim,0x1,args,0x2000000020,sharedMemBytes,0x1,unknown,0x0,,,,,0x0
842,hipGetLastError,3075363,3075379,815468433842122,815468433875461,33339,1,none,0x7f09dff28e40,,,,,,,,,,,,,,,0x0
905,hipLaunchKernel,3075363,3075379,815468433905185,815468433943372,38187,6,func,0x7f09e13f1280,gridDim,0x13600000136,blockDim,0x1,args,0x2000000020,sharedMemBytes,0x1,unknown,0x0,,,,,0x0
973,hipGetLastError,3075363,3075379,815468433973597,815468434007217,33620,1,none,0x7f09dff28e40,,,,,,,,,,,,,,,0x0
36,hipLaunchKernel,3075363,3075379,815468434036811,815468434074617,37806,6,func,0x7f09e13f1280,gridDim,0x13600000136,blockDim,0x1,args,0x2000000020,sharedMemBytes,0x1,unknown,0x0,,,,,0x0
104,hipGetLastError,3075363,3075379,815468434104811,815468434137810,32999,1,none,0x7f09dff28e40,,,,,,,,,,,,,,,0x0
167,hipLaunchKernel,3075363,3075379,815468434167404,815468434204890,37486,6,func,0x7f09e13f1280,gridDim,0x13600000136,blockDim,0x1,args,0x2000000020,sharedMemBytes,0x1,unknown,0x0,,,,,0x0
235,hipGetLastError,3075363,3075379,815468434235185,815468434270557,35372,1,none,0x7f09dff28e40,,,,,,,,,,,,,,,0x0
299,hipStreamSynchronize,3075363,3075379,815468434299450,815468436144167,1844717,1,stream,0x7ec988002700,,,,,,,,,,,,,,,0x0
176,hipLaunchKernel,3075363,3075379,815468436175944,815468436214622,38678,6,func,0x7f09e13f1280,gridDim,0x13600000136,blockDim,0x1,args,0x2000000020,sharedMemBytes,0x1,unknown,0x0,,,,,0x0
244,hipGetLastError,3075363,3075379,815468436244286,815468436271816,27530,1,none,0x7f09dff28e40,,,,,,,,,,,,,,,0x0
303,hipLaunchKernel,3075363,3075379,815468436302983,815468436342011,39028,6,func,0x7f09e13f1280,gridDim,0x13600000136,blockDim,0x1,args,0x2000000020,sharedMemBytes,0x1,unknown,0x0,,,,,0x0
371,hipGetLastError,3075363,3075379,815468436371024,815468436403151,32127,1,none,0x7f09dff28e40,,,,,,,,,,,,,,,0x0
434,hipLaunchKernel,3075363,3075379,815468436433927,815468436471943,38016,6,func,0x7f09e13f1280,gridDim,0x13600000136,blockDim,0x1,args,0x2000000020,sharedMemBytes,0x1,unknown,0x0,,,,,0x0
501,hipGetLastError,3075363,3075379,815468436501697,815468436536769,35072,1,none,0x7f09dff28e40,,,,,,,,,,,,,,,0x0
567,hipLaunchKernel,3075363,3075379,815468436567385,815468436605541,38156,6,func,0x7f09e13f1280,gridDim,0x13600000136,blockDim,0x1,args,0x2000000020,sharedMemBytes,0x1,unknown,0x0,,,,,0x0
634,hipGetLastError,3075363,3075379,815468436634635,815468436666772,32137,1,none,0x7f09dff28e40,,,,,,,,,,,,,,,0x0
697,hipLaunchKernel,3075363,3075379,815468436697758,815468436735725,37967,6,func,0x7f09e13f1280,gridDim,0x13600000136,blockDim,0x1,args,0x2000000020,sharedMemBytes,0x1,unknown,0x0,,,,,0x0
764,hipGetLastError,3075363,3075379,815468436764878,815468436799790,34912,1,none,0x7f09dff28e40,,,,,,,,,,,,,,,0x0
830,hipLaunchKernel,3075363,3075379,815468436830215,815468436867220,37005,6,func,0x7f09e13f1280,gridDim,0x13600000136,blockDim,0x1,args,0x2000000020,sharedMemBytes,0x1,unknown,0x0,,,,,0x0
896,hipGetLastError,3075363,3075379,815468436896493,815468436929102,32609,1,none,0x7f09dff28e40,,,,,,,,,,,,,,,0x0
959,hipLaunchKernel,3075363,3075379,815468436959447,815468436997823,38376,6,func,0x7f09e13f1280,gridDim,0x13600000136,blockDim,0x1,args,0x2000000020,sharedMemBytes,0x1,unknown,0x0,,,,,0x0
26,hipGetLastError,3075363,3075379,815468437026656,815468437054387,27731,1,none,0x7f09dff28e40,,,,,,,,,,,,,,,0x0
85,hipLaunchKernel,3075363,3075379,815468437085113,815468437122849,37736,6,func,0x7f09e13f1280,gridDim,0x13600000136,blockDim,0x1,args,0x2000000020,sharedMemBytes,0x1,unknown,0x0,,,,,0x0
152,hipGetLastError,3075363,3075379,815468437152493,815468437185262,32769,1,none,0x7f09dff28e40,,,,,,,,,,,,,,,0x0
216,hipLaunchKernel,3075363,3075379,815468437216017,815468437253593,37576,6,func,0x7f09e13f1280,gridDim,0x13600000136,blockDim,0x1,args,0x2000000020,sharedMemBytes,0x1,unknown,0x0,,,,,0x0
282,hipGetLastError,3075363,3075379,815468437282806,815468437315004,32198,1,none,0x7f09dff28e40,,,,,,,,,,,,,,,0x0
345,hipLaunchKernel,3075363,3075379,815468437345810,815468437383696,37886,6,func,0x7f09e13f1280,gridDim,0x13600000136,blockDim,0x1,args,0x2000000020,sharedMemBytes,0x1,unknown,0x0,,,,,0x0
413,hipGetLastError,3075363,3075379,815468437413200,815468437445808,32608,1,none,0x7f09dff28e40,,,,,,,,,,,,,,,0x0
475,hipStreamSynchronize,3075363,3075379,815468437475743,815468439326168,1850425,1,stream,0x7ec988002700,,,,,,,,,,,,,,,0x0
357,hipLaunchKernel,3075363,3075379,815468439357664,815468439398064,40400,6,func,0x7f09e13f1280,gridDim,0x13600000136,blockDim,0x1,args,0x2000000020,sharedMemBytes,0x1,unknown,0x0,,,,,0x0
428,hipGetLastError,3075363,3075379,815468439428570,815468439461629,33059,1,none,0x7f09dff28e40,,,,,,,,,,,,,,,0x0
491,hipLaunchKernel,3075363,3075379,815468439491243,815468439531823,40580,6,func,0x7f09e13f1280,gridDim,0x13600000136,blockDim,0x1,args,0x2000000020,sharedMemBytes,0x1,unknown,0x0,,,,,0x0
562,hipGetLastError,3075363,3075379,815468439562028,815468439597140,35112,1,none,0x7f09dff28e40,,,,,,,,,,,,,,,0x0
626,hipLaunchKernel,3075363,3075379,815468439626383,815468439664359,37976,6,func,0x7f09e13f1280,gridDim,0x13600000136,blockDim,0x1,args,0x2000000020,sharedMemBytes,0x1,unknown,0x0,,,,,0x0
694,hipGetLastError,3075363,3075379,815468439694584,815468439728074,33490,1,none,0x7f09dff28e40,,,,,,,,,,,,,,,0x0
757,hipLaunchKernel,3075363,3075379,815468439757237,815468439797066,39829,6,func,0x7f09e13f1280,gridDim,0x13600000136,blockDim,0x1,args,0x2000000020,sharedMemBytes,0x1,unknown,0x0,,,,,0x0
827,hipGetLastError,3075363,3075379,815468439827672,815468439861692,34020,1,none,0x7f09dff28e40,,,,,,,,,,,,,,,0x0
891,hipLaunchKernel,3075363,3075379,815468439891146,815468439930775,39629,6,func,0x7f09e13f1280,gridDim,0x13600000136,blockDim,0x1,args,0x2000000020,sharedMemBytes,0x1,unknown,0x0,,,,,0x0
961,hipGetLastError,3075363,3075379,815468439961110,815468439996652,35542,1,none,0x7f09dff28e40,,,,,,,,,,,,,,,0x0
36,hipLaunchKernel,3075363,3075379,815468440036001,815468440072835,36834,6,func,0x7f09e13f1280,gridDim,0x13600000136,blockDim,0x1,args,0x2000000020,sharedMemBytes,0x1,unknown,0x0,,,,,0x0
103,hipGetLastError,3075363,3075379,815468440103090,815468440138673,35583,1,none,0x7f09dff28e40,,,,,,,,,,,,,,,0x0
168,hipLaunchKernel,3075363,3075379,815468440168277,815468440206644,38367,6,func,0x7f09e13f1280,gridDim,0x13600000136,blockDim,0x1,args,0x2000000020,sharedMemBytes,0x1,unknown,0x0,,,,,0x0
236,hipGetLastError,3075363,3075379,815468440236809,815468440271731,34922,1,none,0x7f09dff28e40,,,,,,,,,,,,,,,0x0
300,hipLaunchKernel,3075363,3075379,815468440300764,815468440338560,37796,6,func,0x7f09e13f1280,gridDim,0x13600000136,blockDim,0x1,args,0x2000000020,sharedMemBytes,0x1,unknown,0x0,,,,,0x0
368,hipGetLastError,3075363,3075379,815468440368815,815468440402945,34130,1,none,0x7f09dff28e40,,,,,,,,,,,,,,,0x0
432,hipLaunchKernel,3075363,3075379,815468440432289,815468440472869,40580,6,func,0x7f09e13f1280,gridDim,0x13600000136,blockDim,0x1,args,0x2000000020,sharedMemBytes,0x1,unknown,0x0,,,,,0x0
503,hipGetLastError,3075363,3075379,815468440502924,815468440533589,30665,1,none,0x7f09dff28e40,,,,,,,,,,,,,,,0x0
563,hipLaunchKernel,3075363,3075379,815468440563013,815468440601760,38747,6,func,0x7f09e13f1280,gridDim,0x13600000136,blockDim,0x1,args,0x2000000020,sharedMemBytes,0x1,unknown,0x0,,,,,0x0
632,hipGetLastError,3075363,3075379,815468440632115,815468440662170,30055,1,none,0x7f09dff28e40,,,,,,,,,,,,,,,0x0
691,hipStreamSynchronize,3075363,3075379,815468440691353,815468442506806,1815453,1,stream,0x7ec988002700,,,,,,,,,,,,,,,0x0
543,hipLaunchKernel,3075363,3075379,815468442543591,815468442584031,40440,6,func,0x7f09e13f1280,gridDim,0x13600000136,blockDim,0x1,args,0x2000000020,sharedMemBytes,0x1,unknown,0x0,,,,,0x0
614,hipGetLastError,3075363,3075379,815468442614476,815468442647545,33069,1,none,0x7f09dff28e40,,,,,,,,,,,,,,,0x0
678,hipLaunchKernel,3075363,3075379,815468442678571,815468442719081,40510,6,func,0x7f09e13f1280,gridDim,0x13600000136,blockDim,0x1,args,0x2000000020,sharedMemBytes,0x1,unknown,0x0,,,,,0x0
748,hipGetLastError,3075363,3075379,815468442748495,815468442780833,32338,1,none,0x7f09dff28e40,,,,,,,,,,,,,,,0x0
811,hipLaunchKernel,3075363,3075379,815468442811749,815468442849495,37746,6,func,0x7f09e13f1280,gridDim,0x13600000136,blockDim,0x1,args,0x2000000020,sharedMemBytes,0x1,unknown,0x0,,,,,0x0
878,hipGetLastError,3075363,3075379,815468442878838,815468442908673,29835,1,none,0x7f09dff28e40,,,,,,,,,,,,,,,0x0
939,hipLaunchKernel,3075363,3075379,815468442938998,815468442976423,37425,6,func,0x7f09e13f1280,gridDim,0x13600000136,blockDim,0x1,args,0x2000000020,sharedMemBytes,0x1,unknown,0x0,,,,,0x0
5,hipGetLastError,3075363,3075379,815468443005737,815468443040458,34721,1,none,0x7f09dff28e40,,,,,,,,,,,,,,,0x0
67,hipLaunchKernel,3075363,3075379,815468443067468,815468443097182,29714,6,func,0x7f09e13f1280,gridDim,0x13600000136,blockDim,0x1,args,0x2000000020,sharedMemBytes,0x1,unknown,0x0,,,,,0x0
126,hipGetLastError,3075363,3075379,815468443126476,815468443158023,31547,1,none,0x7f09dff28e40,,,,,,,,,,,,,,,0x0
188,hipLaunchKernel,3075363,3075379,815468443188227,815468443225142,36915,6,func,0x7f09e13f1280,gridDim,0x13600000136,blockDim,0x1,args,0x2000000020,sharedMemBytes,0x1,unknown,0x0,,,,,0x0
254,hipGetLastError,3075363,3075379,815468443254055,815468443283489,29434,1,none,0x7f09dff28e40,,,,,,,,,,,,,,,0x0
314,hipLaunchKernel,3075363,3075379,815468443313994,815468443351520,37526,6,func,0x7f09e13f1280,gridDim,0x13600000136,blockDim,0x1,args,0x2000000020,sharedMemBytes,0x1,unknown,0x0,,,,,0x0
381,hipGetLastError,3075363,3075379,815468443381003,815468443415745,34742,1,none,0x7f09dff28e40,,,,,,,,,,,,,,,0x0
445,hipLaunchKernel,3075363,3075379,815468443445800,815468443483195,37395,6,func,0x7f09e13f1280,gridDim,0x13600000136,blockDim,0x1,args,0x2000000020,sharedMemBytes,0x1,unknown,0x0,,,,,0x0
512,hipGetLastError,3075363,3075379,815468443512408,815468443545267,32859,1,none,0x7f09dff28e40,,,,,,,,,,,,,,,0x0
576,hipLaunchKernel,3075363,3075379,815468443576173,815468443613879,37706,6,func,0x7f09e13f1280,gridDim,0x13600000136,blockDim,0x1,args,0x2000000020,sharedMemBytes,0x1,unknown,0x0,,,,,0x0
642,hipGetLastError,3075363,3075379,815468443642892,815468443677944,35052,1,none,0x7f09dff28e40,,,,,,,,,,,,,,,0x0
708,hipLaunchKernel,3075363,3075379,815468443708449,815468443746556,38107,6,func,0x7f09e13f1280,gridDim,0x13600000136,blockDim,0x1,args,0x2000000020,sharedMemBytes,0x1,unknown,0x0,,,,,0x0
775,hipGetLastError,3075363,3075379,815468443775659,815468443804812,29153,1,none,0x7f09dff28e40,,,,,,,,,,,,,,,0x0
834,hipStreamSynchronize,3075363,3075379,815468443834757,815468445684821,1850064,1,stream,0x7ec988002700,,,,,,,,,,,,,,,0x0
717,hipLaunchKernel,3075363,3075379,815468445717380,815468445745511,28131,6,func,0x7f09e13f1280,gridDim,0x13600000136,blockDim,0x1,args,0x2000000020,sharedMemBytes,0x1,unknown,0x0,,,,,0x0
776,hipGetLastError,3075363,3075379,815468445776557,815468445810658,34101,1,none,0x7f09dff28e40,,,,,,,,,,,,,,,0x0
840,hipLaunchKernel,3075363,3075379,815468445840042,815468445878318,38276,6,func,0x7f09e13f1280,gridDim,0x13600000136,blockDim,0x1,args,0x2000000020,sharedMemBytes,0x1,unknown,0x0,,,,,0x0
908,hipGetLastError,3075363,3075379,815468445908743,815468445938898,30155,1,none,0x7f09dff28e40,,,,,,,,,,,,,,,0x0
968,hipLaunchKernel,3075363,3075379,815468445968652,815468446006649,37997,6,func,0x7f09e13f1280,gridDim,0x13600000136,blockDim,0x1,args,0x2000000020,sharedMemBytes,0x1,unknown,0x0,,,,,0x0
36,hipGetLastError,3075363,3075379,815468446036613,815468446072386,35773,1,none,0x7f09dff28e40,,,,,,,,,,,,,,,0x0
101,hipLaunchKernel,3075363,3075379,815468446101700,815468446139516,37816,6,func,0x7f09e13f1280,gridDim,0x13600000136,blockDim,0x1,args,0x2000000020,sharedMemBytes,0x1,unknown,0x0,,,,,0x0
169,hipGetLastError,3075363,3075379,815468446169681,815468446203130,33449,1,none,0x7f09dff28e40,,,,,,,,,,,,,,,0x0
232,hipLaunchKernel,3075363,3075379,815468446232354,815468446270320,37966,6,func,0x7f09e13f1280,gridDim,0x13600000136,blockDim,0x1,args,0x2000000020,sharedMemBytes,0x1,unknown,0x0,,,,,0x0
300,hipGetLastError,3075363,3075379,815468446300755,815468446330399,29644,1,none,0x7f09dff28e40,,,,,,,,,,,,,,,0x0
359,hipLaunchKernel,3075363,3075379,815468446359713,815468446397418,37705,6,func,0x7f09e13f1280,gridDim,0x13600000136,blockDim,0x1,args,0x2000000020,sharedMemBytes,0x1,unknown,0x0,,,,,0x0
428,hipGetLastError,3075363,3075379,815468446428284,815468446461624,33340,1,none,0x7f09dff28e40,,,,,,,,,,,,,,,0x0
491,hipLaunchKernel,3075363,3075379,815468446491027,815468446528823,37796,6,func,0x7f09e13f1280,gridDim,0x13600000136,blockDim,0x1,args,0x2000000020,sharedMemBytes,0x1,unknown,0x0,,,,,0x0
559,hipGetLastError,3075363,3075379,815468446559088,815468446594651,35563,1,none,0x7f09dff28e40,,,,,,,,,,,,,,,0x0
623,hipLaunchKernel,3075363,3075379,815468446623744,815468446662111,38367,6,func,0x7f09e13f1280,gridDim,0x13600000136,blockDim,0x1,args,0x2000000020,sharedMemBytes,0x1,unknown,0x0,,,,,0x0
692,hipGetLastError,3075363,3075379,815468446692707,815468446726276,33569,1,none,0x7f09dff28e40,,,,,,,,,,,,,,,0x0
755,hipLaunchKernel,3075363,3075379,815468446755380,815468446792705,37325,6,func,0x7f09e13f1280,gridDim,0x13600000136,blockDim,0x1,args,0x2000000020,sharedMemBytes,0x1,unknown,0x0,,,,,0x0
822,hipGetLastError,3075363,3075379,815468446822790,815468446858202,35412,1,none,0x7f09dff28e40,,,,,,,,,,,,,,,0x0
887,hipLaunchKernel,3075363,3075379,815468446887536,815468446926423,38887,6,func,0x7f09e13f1280,gridDim,0x13600000136,blockDim,0x1,args,0x2000000020,sharedMemBytes,0x1,unknown,0x0,,,,,0x0
956,hipGetLastError,3075363,3075379,815468446956698,815468446989988,33290,1,none,0x7f09dff28e40,,,,,,,,,,,,,,,0x0
19,hipStreamSynchronize,3075363,3075379,815468447018981,815468448854644,1835663,1,stream,0x7ec988002700,,,,,,,,,,,,,,,0x0
888,hipLaunchKernel,3075363,3075379,815468448888745,815468448928984,40239,6,func,0x7f09e13f1280,gridDim,0x13600000136,blockDim,0x1,args,0x2000000020,sharedMemBytes,0x1,unknown,0x0,,,,,0x0
958,hipGetLastError,3075363,3075379,815468448958638,815468448994271,35633,1,none,0x7f09dff28e40,,,,,,,,,,,,,,,0x0
25,hipLaunchKernel,3075363,3075379,815468449025468,815468449066979,41511,6,func,0x7f09e13f1280,gridDim,0x13600000136,blockDim,0x1,args,0x2000000020,sharedMemBytes,0x1,unknown,0x0,,,,,0x0
96,hipGetLastError,3075363,3075379,815468449096363,815468449128210,31847,1,none,0x7f09dff28e40,,,,,,,,,,,,,,,0x0
158,hipLaunchKernel,3075363,3075379,815468449158745,815468449197252,38507,6,func,0x7f09e13f1280,gridDim,0x13600000136,blockDim,0x1,args,0x2000000020,sharedMemBytes,0x1,unknown,0x0,,,,,0x0
226,hipGetLastError,3075363,3075379,815468449226606,815468449258363,31757,1,none,0x7f09dff28e40,,,,,,,,,,,,,,,0x0
289,hipLaunchKernel,3075363,3075379,815468449288938,815468449326745,37807,6,func,0x7f09e13f1280,gridDim,0x13600000136,blockDim,0x1,args,0x2000000020,sharedMemBytes,0x1,unknown,0x0,,,,,0x0
355,hipGetLastError,3075363,3075379,815468449355898,815468449387475,31577,1,none,0x7f09dff28e40,,,,,,,,,,,,,,,0x0
417,hipLaunchKernel,3075363,3075379,815468449417709,815468449455345,37636,6,func,0x7f09e13f1280,gridDim,0x13600000136,blockDim,0x1,args,0x2000000020,sharedMemBytes,0x1,unknown,0x0,,,,,0x0
484,hipGetLastError,3075363,3075379,815468449484268,815468449511609,27341,1,none,0x7f09dff28e40,,,,,,,,,,,,,,,0x0
542,hipLaunchKernel,3075363,3075379,815468449542084,815468449579500,37416,6,func,0x7f09e13f1280,gridDim,0x13600000136,blockDim,0x1,args,0x2000000020,sharedMemBytes,0x1,unknown,0x0,,,,,0x0
608,hipGetLastError,3075363,3075379,815468449608573,815468449641081,32508,1,none,0x7f09dff28e40,,,,,,,,,,,,,,,0x0
671,hipLaunchKernel,3075363,3075379,815468449671436,815468449709593,38157,6,func,0x7f09e13f1280,gridDim,0x13600000136,blockDim,0x1,args,0x2000000020,sharedMemBytes,0x1,unknown,0x0,,,,,0x0
738,hipGetLastError,3075363,3075379,815468449738766,815468449774118,35352,1,none,0x7f09dff28e40,,,,,,,,,,,,,,,0x0
804,hipLaunchKernel,3075363,3075379,815468449804293,815468449842009,37716,6,func,0x7f09e13f1280,gridDim,0x13600000136,blockDim,0x1,args,0x2000000020,sharedMemBytes,0x1,unknown,0x0,,,,,0x0
871,hipGetLastError,3075363,3075379,815468449871262,815468449903801,32539,1,none,0x7f09dff28e40,,,,,,,,,,,,,,,0x0
934,hipLaunchKernel,3075363,3075379,815468449934436,815468449972382,37946,6,func,0x7f09e13f1280,gridDim,0x13600000136,blockDim,0x1,args,0x2000000020,sharedMemBytes,0x1,unknown,0x0,,,,,0x0
1,hipGetLastError,3075363,3075379,815468450001806,815468450037890,36084,1,none,0x7f09dff28e40,,,,,,,,,,,,,,,0x0
68,hipLaunchKernel,3075363,3075379,815468450068155,815468450106441,38286,6,func,0x7f09e13f1280,gridDim,0x13600000136,blockDim,0x1,args,0x2000000020,sharedMemBytes,0x1,unknown,0x0,,,,,0x0
136,hipGetLastError,3075363,3075379,815468450135915,815468450168814,32899,1,none,0x7f09dff28e40,,,,,,,,,,,,,,,0x0
198,hipStreamSynchronize,3075363,3075379,815468450198868,815468452030406,1831538,1,stream,0x7ec988002700,,,,,,,,,,,,,,,0x0
61,hipLaunchKernel,3075363,3075379,815468452060971,815468452096714,35743,6,func,0x7f09e13f1280,gridDim,0x13600000136,blockDim,0x1,args,0x2000000020,sharedMemBytes,0x1,unknown,0x0,,,,,0x0
127,hipGetLastError,3075363,3075379,815468452127069,815468452160499,33430,1,none,0x7f09dff28e40,,,,,,,,,,,,,,,0x0
190,hipLaunchKernel,3075363,3075379,815468452190073,815468452231084,41011,6,func,0x7f09e13f1280,gridDim,0x13600000136,blockDim,0x1,args,0x2000000020,sharedMemBytes,0x1,unknown,0x0,,,,,0x0
261,hipGetLastError,3075363,3075379,815468452261389,815468452294358,32969,1,none,0x7f09dff28e40,,,,,,,,,,,,,,,0x0
323,hipLaunchKernel,3075363,3075379,815468452323611,815468452361497,37886,6,func,0x7f09e13f1280,gridDim,0x13600000136,blockDim,0x1,args,0x2000000020,sharedMemBytes,0x1,unknown,0x0,,,,,0x0
391,hipGetLastError,3075363,3075379,815468452391562,815468452424741,33179,1,none,0x7f09dff28e40,,,,,,,,,,,,,,,0x0
454,hipLaunchKernel,3075363,3075379,815468452454075,815468452494525,40450,6,func,0x7f09e13f1280,gridDim,0x13600000136,blockDim,0x1,args,0x2000000020,sharedMemBytes,0x1,unknown,0x0,,,,,0x0
524,hipGetLastError,3075363,3075379,815468452524890,815468452560873,35983,1,none,0x7f09dff28e40,,,,,,,,,,,,,,,0x0
590,hipLaunchKernel,3075363,3075379,815468452590277,815468452627902,37625,6,func,0x7f09e13f1280,gridDim,0x13600000136,blockDim,0x1,args,0x2000000020,sharedMemBytes,0x1,unknown,0x0,,,,,0x0
658,hipGetLastError,3075363,3075379,815468452657937,815468452691116,33179,1,none,0x7f09dff28e40,,,,,,,,,,,,,,,0x0
720,hipLaunchKernel,3075363,3075379,815468452720870,815468452760860,39990,6,func,0x7f09e13f1280,gridDim,0x13600000136,blockDim,0x1,args,0x2000000020,sharedMemBytes,0x1,unknown,0x0,,,,,0x0
791,hipGetLastError,3075363,3075379,815468452791115,815468452826697,35582,1,none,0x7f09dff28e40,,,,,,,,,,,,,,,0x0
855,hipLaunchKernel,3075363,3075379,815468452855770,815468452893116,37346,6,func,0x7f09e13f1280,gridDim,0x13600000136,blockDim,0x1,args,0x2000000020,sharedMemBytes,0x1,unknown,0x0,,,,,0x0
923,hipGetLastError,3075363,3075379,815468452923221,815468452956219,32998,1,none,0x7f09dff28e40,,,,,,,,,,,,,,,0x0
985,hipLaunchKernel,3075363,3075379,815468452985513,815468453023539,38026,6,func,0x7f09e13f1280,gridDim,0x13600000136,blockDim,0x1,args,0x2000000020,sharedMemBytes,0x1,unknown,0x0,,,,,0x0
53,hipGetLastError,3075363,3075379,815468453053704,815468453076298,22594,1,none,0x7f09dff28e40,,,,,,,,,,,,,,,0x0
105,hipLaunchKernel,3075363,3075379,815468453105691,815468453142866,37175,6,func,0x7f09e13f1280,gridDim,0x13600000136,blockDim,0x1,args,0x2000000020,sharedMemBytes,0x1,unknown,0x0,,,,,0x0
173,hipGetLastError,3075363,3075379,815468453173141,815468453206000,32859,1,none,0x7f09dff28e40,,,,,,,,,,,,,,,0x0
235,hipLaunchKernel,3075363,3075379,815468453235844,815468453275203,39359,6,func,0x7f09e13f1280,gridDim,0x13600000136,blockDim,0x1,args,0x2000000020,sharedMemBytes,0x1,unknown,0x0,,,,,0x0
305,hipGetLastError,3075363,3075379,815468453305498,815468453337966,32468,1,none,0x7f09dff28e40,,,,,,,,,,,,,,,0x0
366,hipStreamSynchronize,3075363,3075379,815468453366769,815468455215802,1849033,1,stream,0x7ec988002700,,,,,,,,,,,,,,,0x0
247,hipLaunchKernel,3075363,3075379,815468455247709,815468455288029,40320,6,func,0x7f09e13f1280,gridDim,0x13600000136,blockDim,0x1,args,0x2000000020,sharedMemBytes,0x1,unknown,0x0,,,,,0x0
317,hipGetLastError,3075363,3075379,815468455317693,815468455353306,35613,1,none,0x7f09dff28e40,,,,,,,,,,,,,,,0x0
384,hipLaunchKernel,3075363,3075379,815468455383931,815468455544119,160188,6,func,0x7f09e13f1280,gridDim,0x13600000136,blockDim,0x1,args,0x2000000020,sharedMemBytes,0x1,unknown,0x0,,,,,0x0
574,hipGetLastError,3075363,3075379,815468455574624,815468455607693,33069,1,none,0x7f09dff28e40,,,,,,,,,,,,,,,0x0
638,hipLaunchKernel,3075363,3075379,815468455638329,815468455676035,37706,6,func,0x7f09e13f1280,gridDim,0x13600000136,blockDim,0x1,args,0x2000000020,sharedMemBytes,0x1,unknown,0x0,,,,,0x0
732,hipGetLastError,3075363,3075379,815468455732739,815468455766489,33750,1,none,0x7f09dff28e40,,,,,,,,,,,,,,,0x0
797,hipLaunchKernel,3075363,3075379,815468455796984,815468455835942,38958,6,func,0x7f09e13f1280,gridDim,0x13600000136,blockDim,0x1,args,0x2000000020,sharedMemBytes,0x1,unknown,0x0,,,,,0x0
865,hipGetLastError,3075363,3075379,815468455865616,815468455898525,32909,1,none,0x7f09dff28e40,,,,,,,,,,,,,,,0x0
928,hipLaunchKernel,3075363,3075379,815468455928800,815468455966015,37215,6,func,0x7f09e13f1280,gridDim,0x13600000136,blockDim,0x1,args,0x2000000020,sharedMemBytes,0x1,unknown,0x0,,,,,0x0
995,hipGetLastError,3075363,3075379,815468455995008,815468456038222,43214,1,none,0x7f09dff28e40,,,,,,,,,,,,,,,0x0
69,hipLaunchKernel,3075363,3075379,815468456069018,815468456106824,37806,6,func,0x7f09e13f1280,gridDim,0x13600000136,blockDim,0x1,args,0x2000000020,sharedMemBytes,0x1,unknown,0x0,,,,,0x0
136,hipGetLastError,3075363,3075379,815468456136147,815468456171560,35413,1,none,0x7f09dff28e40,,,,,,,,,,,,,,,0x0
201,hipLaunchKernel,3075363,3075379,815468456201805,815468456240913,39108,6,func,0x7f09e13f1280,gridDim,0x13600000136,blockDim,0x1,args,0x2000000020,sharedMemBytes,0x1,unknown,0x0,,,,,0x0
270,hipGetLastError,3075363,3075379,815468456270376,815468456303245,32869,1,none,0x7f09dff28e40,,,,,,,,,,,,,,,0x0
333,hipLaunchKernel,3075363,3075379,815468456333470,815468456373149,39679,6,func,0x7f09e13f1280,gridDim,0x13600000136,blockDim,0x1,args,0x2000000020,sharedMemBytes,0x1,unknown,0x0,,,,,0x0
402,hipGetLastError,3075363,3075379,815468456402132,815468456437935,35803,1,none,0x7f09dff28e40,,,,,,,,,,,,,,,0x0
468,hipLaunchKernel,3075363,3075379,815468456468290,815468456505034,36744,6,func,0x7f09e13f1280,gridDim,0x13600000136,blockDim,0x1,args,0x2000000020,sharedMemBytes,0x1,unknown,0x0,,,,,0x0
534,hipGetLastError,3075363,3075379,815468456534678,815468456571002,36324,1,none,0x7f09dff28e40,,,,,,,,,,,,,,,0x0
601,hipLaunchKernel,3075363,3075379,815468456601287,815468456639374,38087,6,func,0x7f09e13f1280,gridDim,0x13600000136,blockDim,0x1,args,0x2000000020,sharedMemBytes,0x1,unknown,0x0,,,,,0x0
668,hipGetLastError,3075363,3075379,815468456668176,815468456704781,36605,1,none,0x7f09dff28e40,,,,,,,,,,,,,,,0x0
734,hipStreamSynchronize,3075363,3075379,815468456734765,815468458399976,1665211,1,stream,0x7ec988002700,,,,,,,,,,,,,,,0x0
432,hipLaunchKernel,3075363,3075379,815468458432053,815468458467606,35553,6,func,0x7f09e13f1280,gridDim,0x13600000136,blockDim,0x1,args,0x2000000020,sharedMemBytes,0x1,unknown,0x0,,,,,0x0
497,hipGetLastError,3075363,3075379,815468458497731,815468458531200,33469,1,none,0x7f09dff28e40,,,,,,,,,,,,,,,0x0
560,hipLaunchKernel,3075363,3075379,815468458560594,815468458602206,41612,6,func,0x7f09e13f1280,gridDim,0x13600000136,blockDim,0x1,args,0x2000000020,sharedMemBytes,0x1,unknown,0x0,,,,,0x0
632,hipGetLastError,3075363,3075379,815468458632581,815468458662866,30285,1,none,0x7f09dff28e40,,,,,,,,,,,,,,,0x0
692,hipLaunchKernel,3075363,3075379,815468458692149,815468458730296,38147,6,func,0x7f09e13f1280,gridDim,0x13600000136,blockDim,0x1,args,0x2000000020,sharedMemBytes,0x1,unknown,0x0,,,,,0x0
760,hipGetLastError,3075363,3075379,815468458760390,815468458794080,33690,1,none,0x7f09dff28e40,,,,,,,,,,,,,,,0x0
823,hipLaunchKernel,3075363,3075379,815468458823764,815468458862091,38327,6,func,0x7f09e13f1280,gridDim,0x13600000136,blockDim,0x1,args,0x2000000020,sharedMemBytes,0x1,unknown,0x0,,,,,0x0
892,hipGetLastError,3075363,3075379,815468458892056,815468458927578,35522,1,none,0x7f09dff28e40,,,,,,,,,,,,,,,0x0
957,hipLaunchKernel,3075363,3075379,815468458957092,815468458994638,37546,6,func,0x7f09e13f1280,gridDim,0x13600000136,blockDim,0x1,args,0x2000000020,sharedMemBytes,0x1,unknown,0x0,,,,,0x0
24,hipGetLastError,3075363,3075379,815468459024672,815468459057762,33090,1,none,0x7f09dff28e40,,,,,,,,,,,,,,,0x0
86,hipLaunchKernel,3075363,3075379,815468459086775,815468459124821,38046,6,func,0x7f09e13f1280,gridDim,0x13600000136,blockDim,0x1,args,0x2000000020,sharedMemBytes,0x1,unknown,0x0,,,,,0x0
155,hipGetLastError,3075363,3075379,815468459154986,815468459188145,33159,1,none,0x7f09dff28e40,,,,,,,,,,,,,,,0x0
218,hipLaunchKernel,3075363,3075379,815468459218170,815468459257378,39208,6,func,0x7f09e13f1280,gridDim,0x13600000136,blockDim,0x1,args,0x2000000020,sharedMemBytes,0x1,unknown,0x0,,,,,0x0
287,hipGetLastError,3075363,3075379,815468459287492,815468459320752,33260,1,none,0x7f09dff28e40,,,,,,,,,,,,,,,0x0
350,hipLaunchKernel,3075363,3075379,815468459350145,815468459388753,38608,6,func,0x7f09e13f1280,gridDim,0x13600000136,blockDim,0x1,args,0x2000000020,sharedMemBytes,0x1,unknown,0x0,,,,,0x0
419,hipGetLastError,3075363,3075379,815468459419118,815468459452407,33289,1,none,0x7f09dff28e40,,,,,,,,,,,,,,,0x0
481,hipLaunchKernel,3075363,3075379,815468459481470,815468459521760,40290,6,func,0x7f09e13f1280,gridDim,0x13600000136,blockDim,0x1,args,0x2000000020,sharedMemBytes,0x1,unknown,0x0,,,,,0x0
552,hipGetLastError,3075363,3075379,815468459551935,815468459587107,35172,1,none,0x7f09dff28e40,,,,,,,,,,,,,,,0x0
616,hipLaunchKernel,3075363,3075379,815468459616701,815468459655338,38637,6,func,0x7f09e13f1280,gridDim,0x13600000136,blockDim,0x1,args,0x2000000020,sharedMemBytes,0x1,unknown,0x0,,,,,0x0
685,hipGetLastError,3075363,3075379,815468459685733,815468459718993,33260,1,none,0x7f09dff28e40,,,,,,,,,,,,,,,0x0
132,hipLaunchKernel,3075363,3075382,815468258132700,815468461294199,203161499,6,func,0x7f09e13f1280,gridDim,0x13600000136,blockDim,0x1,args,0x2000000020,sharedMemBytes,0x1,unknown,0x0,,,,,0x0
747,hipStreamSynchronize,3075363,3075379,815468459747895,815468461576899,1829004,1,stream,0x7ec988002700,,,,,,,,,,,,,,,0x0
612,hipLaunchKernel,3075363,3075379,815468461612301,815468461653993,41692,6,func,0x7f09e13f1280,gridDim,0x13600000136,blockDim,0x1,args,0x2000000020,sharedMemBytes,0x1,unknown,0x0,,,,,0x0
684,hipGetLastError,3075363,3075379,815468461684408,815468461719961,35553,1,none,0x7f09dff28e40,,,,,,,,,,,,,,,0x0
750,hipLaunchKernel,3075363,3075379,815468461749936,815468461791157,41221,6,func,0x7f09e13f1280,gridDim,0x13600000136,blockDim,0x1,args,0x2000000020,sharedMemBytes,0x1,unknown,0x0,,,,,0x0
821,hipGetLastError,3075363,3075379,815468461821021,815468461855973,34952,1,none,0x7f09dff28e40,,,,,,,,,,,,,,,0x0
886,hipLaunchKernel,3075363,3075379,815468461886088,815468461920609,34521,6,func,0x7f09e13f1280,gridDim,0x13600000136,blockDim,0x1,args,0x2000000020,sharedMemBytes,0x1,unknown,0x0,,,,,0x0
950,hipGetLastError,3075363,3075379,815468461949992,815468461979717,29725,1,none,0x7f09dff28e40,,,,,,,,,,,,,,,0x0
10,hipLaunchKernel,3075363,3075379,815468462010112,815468462047477,37365,6,func,0x7f09e13f1280,gridDim,0x13600000136,blockDim,0x1,args,0x2000000020,sharedMemBytes,0x1,unknown,0x0,,,,,0x0
77,hipGetLastError,3075363,3075379,815468462077091,815468462109739,32648,1,none,0x7f09dff28e40,,,,,,,,,,,,,,,0x0
140,hipLaunchKernel,3075363,3075379,815468462139894,815468462177740,37846,6,func,0x7f09e13f1280,gridDim,0x13600000136,blockDim,0x1,args,0x2000000020,sharedMemBytes,0x1,unknown,0x0,,,,,0x0
207,hipGetLastError,3075363,3075379,815468462207194,815468462242306,35112,1,none,0x7f09dff28e40,,,,,,,,,,,,,,,0x0
272,hipLaunchKernel,3075363,3075379,815468462272351,815468462310657,38306,6,func,0x7f09e13f1280,gridDim,0x13600000136,blockDim,0x1,args,0x2000000020,sharedMemBytes,0x1,unknown,0x0,,,,,0x0
340,hipGetLastError,3075363,3075379,815468462340301,815468462373361,33060,1,none,0x7f09dff28e40,,,,,,,,,,,,,,,0x0
403,hipLaunchKernel,3075363,3075379,815468462403645,815468462441742,38097,6,func,0x7f09e13f1280,gridDim,0x13600000136,blockDim,0x1,args,0x2000000020,sharedMemBytes,0x1,unknown,0x0,,,,,0x0
471,hipGetLastError,3075363,3075379,815468462471316,815468462506388,35072,1,none,0x7f09dff28e40,,,,,,,,,,,,,,,0x0
536,hipLaunchKernel,3075363,3075379,815468462536432,815468462573898,37466,6,func,0x7f09e13f1280,gridDim,0x13600000136,blockDim,0x1,args,0x2000000020,sharedMemBytes,0x1,unknown,0x0,,,,,0x0
603,hipGetLastError,3075363,3075379,815468462603362,815468462638294,34932,1,none,0x7f09dff28e40,,,,,,,,,,,,,,,0x0
668,hipLaunchKernel,3075363,3075379,815468462667897,815468462708287,40390,6,func,0x7f09e13f1280,gridDim,0x13600000136,blockDim,0x1,args,0x2000000020,sharedMemBytes,0x1,unknown,0x0,,,,,0x0
737,hipGetLastError,3075363,3075379,815468462737881,815468462772883,35002,1,none,0x7f09dff28e40,,,,,,,,,,,,,,,0x0
802,hipLaunchKernel,3075363,3075379,815468462802828,815468462841675,38847,6,func,0x7f09e13f1280,gridDim,0x13600000136,blockDim,0x1,args,0x2000000020,sharedMemBytes,0x1,unknown,0x0,,,,,0x0
870,hipGetLastError,3075363,3075379,815468462870889,815468462905680,34791,1,none,0x7f09dff28e40,,,,,,,,,,,,,,,0x0
935,hipStreamSynchronize,3075363,3075379,815468462935304,815468464757007,1821703,1,stream,0x7ec988002700,,,,,,,,,,,,,,,0x0
789,hipLaunchKernel,3075363,3075379,815468464789375,815468464826720,37345,6,func,0x7f09e13f1280,gridDim,0x13600000136,blockDim,0x1,args,0x2000000020,sharedMemBytes,0x1,unknown,0x0,,,,,0x0
857,hipGetLastError,3075363,3075379,815468464857566,815468464890915,33349,1,none,0x7f09dff28e40,,,,,,,,,,,,,,,0x0
921,hipLaunchKernel,3075363,3075379,815468464921180,815468464961130,39950,6,func,0x7f09e13f1280,gridDim,0x13600000136,blockDim,0x1,args,0x2000000020,sharedMemBytes,0x1,unknown,0x0,,,,,0x0
991,hipGetLastError,3075363,3075379,815468464991264,815468465024253,32989,1,none,0x7f09dff28e40,,,,,,,,,,,,,,,0x0
54,hipLaunchKernel,3075363,3075379,815468465054158,815468465092084,37926,6,func,0x7f09e13f1280,gridDim,0x13600000136,blockDim,0x1,args,0x2000000020,sharedMemBytes,0x1,unknown,0x0,,,,,0x0
121,hipGetLastError,3075363,3075379,815468465121898,815468465155228,33330,1,none,0x7f09dff28e40,,,,,,,,,,,,,,,0x0
185,hipLaunchKernel,3075363,3075379,815468465185222,815468465222828,37606,6,func,0x7f09e13f1280,gridDim,0x13600000136,blockDim,0x1,args,0x2000000020,sharedMemBytes,0x1,unknown,0x0,,,,,0x0
249,hipGetLastError,3075363,3075379,815468465249878,815468465280814,30936,1,none,0x7f09dff28e40,,,,,,,,,,,,,,,0x0
304,hipLaunchKernel,3075363,3075379,815468465304459,815468465335976,31517,6,func,0x7f09e13f1280,gridDim,0x13600000136,blockDim,0x1,args,0x2000000020,sharedMemBytes,0x1,unknown,0x0,,,,,0x0
363,hipGetLastError,3075363,3075379,815468465363537,815468465386391,22854,1,none,0x7f09dff28e40,,,,,,,,,,,,,,,0x0
413,hipLaunchKernel,3075363,3075379,815468465413711,815468465449184,35473,6,func,0x7f09e13f1280,gridDim,0x13600000136,blockDim,0x1,args,0x2000000020,sharedMemBytes,0x1,unknown,0x0,,,,,0x0
476,hipGetLastError,3075363,3075379,815468465476474,815468465506048,29574,1,none,0x7f09dff28e40,,,,,,,,,,,,,,,0x0
532,hipLaunchKernel,3075363,3075379,815468465532848,815468465568591,35743,6,func,0x7f09e13f1280,gridDim,0x13600000136,blockDim,0x1,args,0x2000000020,sharedMemBytes,0x1,unknown,0x0,,,,,0x0
595,hipGetLastError,3075363,3075379,815468465595831,815468465625445,29614,1,none,0x7f09dff28e40,,,,,,,,,,,,,,,0x0
652,hipLaunchKernel,3075363,3075379,815468465652756,815468465688619,35863,6,func,0x7f09e13f1280,gridDim,0x13600000136,blockDim,0x1,args,0x2000000020,sharedMemBytes,0x1,unknown,0x0,,,,,0x0
716,hipGetLastError,3075363,3075379,815468465715899,815468465746575,30676,1,none,0x7f09dff28e40,,,,,,,,,,,,,,,0x0
773,hipLaunchKernel,3075363,3075379,815468465773635,815468465809048,35413,6,func,0x7f09e13f1280,gridDim,0x13600000136,blockDim,0x1,args,0x2000000020,sharedMemBytes,0x1,unknown,0x0,,,,,0x0
836,hipGetLastError,3075363,3075379,815468465836538,815468465867194,30656,1,none,0x7f09dff28e40,,,,,,,,,,,,,,,0x0
894,hipLaunchKernel,3075363,3075379,815468465894264,815468465930187,35923,6,func,0x7f09e13f1280,gridDim,0x13600000136,blockDim,0x1,args,0x2000000020,sharedMemBytes,0x1,unknown,0x0,,,,,0x0
957,hipGetLastError,3075363,3075379,815468465957468,815468465987292,29824,1,none,0x7f09dff28e40,,,,,,,,,,,,,,,0x0
13,hipStreamSynchronize,3075363,3075379,815468466013631,815468467928502,1914871,1,stream,0x7ec988002700,,,,,,,,,,,,,,,0x0
956,hipLaunchKernel,3075363,3075379,815468467956864,815468467993639,36775,6,func,0x7f09e13f1280,gridDim,0x13600000136,blockDim,0x1,args,0x2000000020,sharedMemBytes,0x1,unknown,0x0,,,,,0x0
30,hipGetLastError,3075363,3075379,815468468030153,815468468054559,24406,1,none,0x7f09dff28e40,,,,,,,,,,,,,,,0x0
82,hipLaunchKernel,3075363,3075379,815468468082831,815468468120447,37616,6,func,0x7f09e13f1280,gridDim,0x13600000136,blockDim,0x1,args,0x2000000020,sharedMemBytes,0x1,unknown,0x0,,,,,0x0
147,hipGetLastError,3075363,3075379,815468468147176,815468468176260,29084,1,none,0x7f09dff28e40,,,,,,,,,,,,,,,0x0
203,hipLaunchKernel,3075363,3075379,815468468203640,815468468239824,36184,6,func,0x7f09e13f1280,gridDim,0x13600000136,blockDim,0x1,args,0x2000000020,sharedMemBytes,0x1,unknown,0x0,,,,,0x0
267,hipGetLastError,3075363,3075379,815468468267285,815468468297960,30675,1,none,0x7f09dff28e40,,,,,,,,,,,,,,,0x0
325,hipLaunchKernel,3075363,3075379,815468468325661,815468468360843,35182,6,func,0x7f09e13f1280,gridDim,0x13600000136,blockDim,0x1,args,0x2000000020,sharedMemBytes,0x1,unknown,0x0,,,,,0x0
387,hipGetLastError,3075363,3075379,815468468387733,815468468418589,30856,1,none,0x7f09dff28e40,,,,,,,,,,,,,,,0x0
446,hipLaunchKernel,3075363,3075379,815468468446210,815468468481703,35493,6,func,0x7f09e13f1280,gridDim,0x13600000136,blockDim,0x1,args,0x2000000020,sharedMemBytes,0x1,unknown,0x0,,,,,0x0
508,hipGetLastError,3075363,3075379,815468468508442,815468468537676,29234,1,none,0x7f09dff28e40,,,,,,,,,,,,,,,0x0
565,hipLaunchKernel,3075363,3075379,815468468565287,815468468601000,35713,6,func,0x7f09e13f1280,gridDim,0x13600000136,blockDim,0x1,args,0x2000000020,sharedMemBytes,0x1,unknown,0x0,,,,,0x0
628,hipGetLastError,3075363,3075379,815468468628040,815468468656552,28512,1,none,0x7f09dff28e40,,,,,,,,,,,,,,,0x0
684,hipLaunchKernel,3075363,3075379,815468468684133,815468468719085,34952,6,func,0x7f09e13f1280,gridDim,0x13600000136,blockDim,0x1,args,0x2000000020,sharedMemBytes,0x1,unknown,0x0,,,,,0x0
746,hipGetLastError,3075363,3075379,815468468746195,815468468775228,29033,1,none,0x7f09dff28e40,,,,,,,,,,,,,,,0x0
802,hipLaunchKernel,3075363,3075379,815468468802719,815468468838021,35302,6,func,0x7f09e13f1280,gridDim,0x13600000136,blockDim,0x1,args,0x2000000020,sharedMemBytes,0x1,unknown,0x0,,,,,0x0
865,hipGetLastError,3075363,3075379,815468468865572,815468468892522,26950,1,none,0x7f09dff28e40,,,,,,,,,,,,,,,0x0
917,hipLaunchKernel,3075363,3075379,815468468917239,815468468947904,30665,6,func,0x7f09e13f1280,gridDim,0x13600000136,blockDim,0x1,args,0x2000000020,sharedMemBytes,0x1,unknown,0x0,,,,,0x0
971,hipGetLastError,3075363,3075379,815468468971670,815468468996306,24636,1,none,0x7f09dff28e40,,,,,,,,,,,,,,,0x0
17,hipLaunchKernel,3075363,3075379,815468469017437,815468469040992,23555,6,func,0x7f09e13f1280,gridDim,0x13600000136,blockDim,0x1,args,0x2000000020,sharedMemBytes,0x1,unknown,0x0,,,,,0x0
65,hipGetLastError,3075363,3075379,815468469065659,815468469094011,28352,1,none,0x7f09dff28e40,,,,,,,,,,,,,,,0x0
519,hipLaunchKernel,3075363,3075380,815468295518976,815468470940110,175421134,6,func,0x7f09e13f1280,gridDim,0x13600000136,blockDim,0x1,args,0x2000000020,sharedMemBytes,0x1,unknown,0x0,,,,,0x0
8,hipGetLastError,3075363,3075380,815468471008581,815468471054399,45818,1,none,0x7f09dff28e40,,,,,,,,,,,,,,,0x0
122,hipStreamSynchronize,3075363,3075379,815468469122083,815468471104283,1982200,1,stream,0x7ec988002700,,,,,,,,,,,,,,,0x0
92,hipLaunchKernel,3075363,3075380,815468471092436,815468471133867,41431,6,func,0x7f09e13f1280,gridDim,0x13600000136,blockDim,0x1,args,0x2000000020,sharedMemBytes,0x1,unknown,0x0,,,,,0x0
126,hipLaunchKernel,3075363,3075379,815468471126446,815468471162690,36244,6,func,0x7f09e13f1280,gridDim,0x13600000136,blockDim,0x1,args,0x2000000020,sharedMemBytes,0x1,unknown,0x0,,,,,0x0
149,hipGetLastError,3075363,3075380,815468471149330,815468471168228,18898,1,none,0x7f09dff28e40,,,,,,,,,,,,,,,0x0
184,hipGetLastError,3075363,3075379,815468471184332,815468471203240,18908,1,none,0x7f09dff28e40,,,,,,,,,,,,,,,0x0
182,hipLaunchKernel,3075363,3075380,815468471182359,815468471205233,22874,6,func,0x7f09e13f1280,gridDim,0x13600000136,blockDim,0x1,args,0x2000000020,sharedMemBytes,0x1,unknown,0x0,,,,,0x0
225,hipGetLastError,3075363,3075380,815468471225744,815468471248557,22813,1,none,0x7f09dff28e40,,,,,,,,,,,,,,,0x0
228,hipLaunchKernel,3075363,3075379,815468471228458,815468471255478,27020,6,func,0x7f09e13f1280,gridDim,0x13600000136,blockDim,0x1,args,0x2000000020,sharedMemBytes,0x1,unknown,0x0,,,,,0x0
273,hipLaunchKernel,3075363,3075380,815468471272984,815468471292292,19308,6,func,0x7f09e13f1280,gridDim,0x13600000136,blockDim,0x1,args,0x2000000020,sharedMemBytes,0x1,unknown,0x0,,,,,0x0
276,hipGetLastError,3075363,3075379,815468471276219,815468471297110,20891,1,none,0x7f09dff28e40,,,,,,,,,,,,,,,0x0
314,hipGetLastError,3075363,3075380,815468471314485,815468471336498,22013,1,none,0x7f09dff28e40,,,,,,,,,,,,,,,0x0
313,hipLaunchKernel,3075363,3075379,815468471313894,815468471339713,25819,6,func,0x7f09e13f1280,gridDim,0x13600000136,blockDim,0x1,args,0x2000000020,sharedMemBytes,0x1,unknown,0x0,,,,,0x0
357,hipGetLastError,3075363,3075379,815468471356958,815468471378600,21642,1,none,0x7f09dff28e40,,,,,,,,,,,,,,,0x0
356,hipLaunchKernel,3075363,3075380,815468471355937,815468471379171,23234,6,func,0x7f09e13f1280,gridDim,0x13600000136,blockDim,0x1,args,0x2000000020,sharedMemBytes,0x1,unknown,0x0,,,,,0x0
399,hipGetLastError,3075363,3075380,815468471398921,815468471417698,18777,1,none,0x7f09dff28e40,,,,,,,,,,,,,,,0x0
401,hipLaunchKernel,3075363,3075379,815468471401454,815468471428985,27531,6,func,0x7f09e13f1280,gridDim,0x13600000136,blockDim,0x1,args,0x2000000020,sharedMemBytes,0x1,unknown,0x0,,,,,0x0
445,hipGetLastError,3075363,3075379,815468471445590,815468471465429,19839,1,none,0x7f09dff28e40,,,,,,,,,,,,,,,0x0
439,hipLaunchKernel,3075363,3075380,815468471439541,815468471468354,28813,6,func,0x7f09e13f1280,gridDim,0x13600000136,blockDim,0x1,args,0x2000000020,sharedMemBytes,0x1,unknown,0x0,,,,,0x0
485,hipGetLastError,3075363,3075380,815468471485409,815468471505819,20410,1,none,0x7f09dff28e40,,,,,,,,,,,,,,,0x0
490,hipLaunchKernel,3075363,3075379,815468471490647,815468471517226,26579,6,func,0x7f09e13f1280,gridDim,0x13600000136,blockDim,0x1,args,0x2000000020,sharedMemBytes,0x1,unknown,0x0,,,,,0x0
531,hipGetLastError,3075363,3075379,815468471531007,815468471549424,18417,1,none,0x7f09dff28e40,,,,,,,,,,,,,,,0x0
528,hipLaunchKernel,3075363,3075380,815468471527962,815468471556514,28552,6,func,0x7f09e13f1280,gridDim,0x13600000136,blockDim,0x1,args,0x2000000020,sharedMemBytes,0x1,unknown,0x0,,,,,0x0
568,hipGetLastError,3075363,3075380,815468471568763,815468471588862,20099,1,none,0x7f09dff28e40,,,,,,,,,,,,,,,0x0
568,hipGetLastError,3075363,3075380,815468471568763,815468471596394,27631,1,none,0x7f09dff28e40,,,,,,,,,,,,,,,0x0
610,hipLaunchKernel,3075363,3075380,815468471610434,815468471633308,22874,6,func,0x7f09e13f1280,gridDim,0x13600000136,blockDim,0x1,args,0x2000000020,sharedMemBytes,0x1,unknown,0x0,,,,,0x0
613,hipGetLastError,3075363,3075379,815468471613839,815468471633789,19950,1,none,0x7f09dff28e40,,,,,,,,,,,,,,,0x0
653,hipGetLastError,3075363,3075380,815468471653058,815468471670123,17065,1,none,0x7f09dff28e40,,,,,,,,,,,,,,,0x0
651,hipLaunchKernel,3075363,3075379,815468471651255,815468471678275,27020,6,func,0x7f09e13f1280,gridDim,0x13600000136,blockDim,0x1,args,0x2000000020,sharedMemBytes,0x1,unknown,0x0,,,,,0x0
695,hipGetLastError,3075363,3075379,815468471695891,815468471720508,24617,1,none,0x7f09dff28e40,,,,,,,,,,,,,,,0x0
693,hipLaunchKernel,3075363,3075380,815468471693027,815468471721549,28522,6,func,0x7f09e13f1280,gridDim,0x13600000136,blockDim,0x1,args,0x2000000020,sharedMemBytes,0x1,unknown,0x0,,,,,0x0
739,hipGetLastError,3075363,3075380,815468471739636,815468471758694,19058,1,none,0x7f09dff28e40,,,,,,,,,,,,,,,0x0
740,hipLaunchKernel,3075363,3075379,815468471740668,815468471763562,22894,6,func,0x7f09e13f1280,gridDim,0x13600000136,blockDim,0x1,args,0x2000000020,sharedMemBytes,0x1,unknown,0x0,,,,,0x0
779,hipGetLastError,3075363,3075379,815468471779726,815468471803060,23334,1,none,0x7f09dff28e40,,,,,,,,,,,,,,,0x0
779,hipGetLastError,3075363,3075379,815468471779726,815468471803371,23645,1,none,0x7f09dff28e40,,,,,,,,,,,,,,,0x0
824,hipGetLastError,3075363,3075380,815468471824161,815468471847075,22914,1,none,0x7f09dff28e40,,,,,,,,,,,,,,,0x0
826,hipLaunchKernel,3075363,3075379,815468471826705,815468471850070,23365,6,func,0x7f09e13f1280,gridDim,0x13600000136,blockDim,0x1,args,0x2000000020,sharedMemBytes,0x1,unknown,0x0,,,,,0x0
866,hipGetLastError,3075363,3075379,815468471866254,815468471889348,23094,1,none,0x7f09dff28e40,,,,,,,,,,,,,,,0x0
916,hipLaunchKernel,3075363,3075379,815468471916789,815468471955076,38287,6,func,0x7f09e13f1280,gridDim,0x13600000136,blockDim,0x1,args,0x2000000020,sharedMemBytes,0x1,unknown,0x0,,,,,0x0
983,hipGetLastError,3075363,3075379,815468471983288,815468472030908,47620,1,none,0x7f09dff28e40,,,,,,,,,,,,,,,0x0
869,hipStreamSynchronize,3075363,3075380,815468471869208,815468474105446,2236238,1,stream,0x7ec9780010b0,,,,,,,,,,,,,,,0x0
139,hipLaunchKernel,3075363,3075380,815468474139647,815468474182070,42423,6,func,0x7f09e13f1280,gridDim,0x13600000136,blockDim,0x1,args,0x2000000020,sharedMemBytes,0x1,unknown,0x0,,,,,0x0
206,hipGetLastError,3075363,3075380,815468474206606,815468474234117,27511,1,none,0x7f09dff28e40,,,,,,,,,,,,,,,0x0
58,hipStreamSynchronize,3075363,3075379,815468472058810,815468474269720,2210910,1,stream,0x7ec988002700,,,,,,,,,,,,,,,0x0
257,hipLaunchKernel,3075363,3075380,815468474257892,815468474290861,32969,6,func,0x7f09e13f1280,gridDim,0x13600000136,blockDim,0x1,args,0x2000000020,sharedMemBytes,0x1,unknown,0x0,,,,,0x0
292,hipLaunchKernel,3075363,3075379,815468474292364,815468474324431,32067,6,func,0x7f09e13f1280,gridDim,0x13600000136,blockDim,0x1,args,0x2000000020,sharedMemBytes,0x1,unknown,0x0,,,,,0x0
313,hipGetLastError,3075363,3075380,815468474313235,815468474331442,18207,1,none,0x7f09dff28e40,,,,,,,,,,,,,,,0x0
349,hipGetLastError,3075363,3075379,815468474349048,815468474371591,22543,1,none,0x7f09dff28e40,,,,,,,,,,,,,,,0x0
350,hipLaunchKernel,3075363,3075380,815468474350259,815468474376008,25749,6,func,0x7f09e13f1280,gridDim,0x13600000136,blockDim,0x1,args,0x2000000020,sharedMemBytes,0x1,unknown,0x0,,,,,0x0
391,hipGetLastError,3075363,3075380,815468474391901,815468474413734,21833,1,none,0x7f09dff28e40,,,,,,,,,,,,,,,0x0
394,hipLaunchKernel,3075363,3075379,815468474394024,815468474419412,25388,6,func,0x7f09e13f1280,gridDim,0x13600000136,blockDim,0x1,args,0x2000000020,sharedMemBytes,0x1,unknown,0x0,,,,,0x0
437,hipGetLastError,3075363,3075379,815468474437819,815468474463477,25658,1,none,0x7f09dff28e40,,,,,,,,,,,,,,,0x0
442,hipLaunchKernel,3075363,3075380,815468474441925,815468474463698,21773,6,func,0x7f09e13f1280,gridDim,0x13600000136,blockDim,0x1,args,0x2000000020,sharedMemBytes,0x1,unknown,0x0,,,,,0x0
487,hipGetLastError,3075363,3075380,815468474487523,815468474507753,20230,1,none,0x7f09dff28e40,,,,,,,,,,,,,,,0x0
485,hipLaunchKernel,3075363,3075379,815468474485680,815468474510547,24867,6,func,0x7f09e13f1280,gridDim,0x13600000136,blockDim,0x1,args,0x2000000020,sharedMemBytes,0x1,unknown,0x0,,,,,0x0
528,hipGetLastError,3075363,3075379,815468474527923,815468474545739,17816,1,none,0x7f09dff28e40,,,,,,,,,,,,,,,0x0
525,hipLaunchKernel,3075363,3075380,815468474525359,815468474549996,24637,6,func,0x7f09e13f1280,gridDim,0x13600000136,blockDim,0x1,args,0x2000000020,sharedMemBytes,0x1,unknown,0x0,,,,,0x0
569,hipGetLastError,3075363,3075380,815468474569645,815468474586850,17205,1,none,0x7f09dff28e40,,,,,,,,,,,,,,,0x0
568,hipLaunchKernel,3075363,3075379,815468474568193,815468474595533,27340,6,func,0x7f09e13f1280,gridDim,0x13600000136,blockDim,0x1,args,0x2000000020,sharedMemBytes,0x1,unknown,0x0,,,,,0x0
603,hipLaunchKernel,3075363,3075380,815468474603796,815468474628893,25097,6,func,0x7f09e13f1280,gridDim,0x13600000136,blockDim,0x1,args,0x2000000020,sharedMemBytes,0x1,unknown,0x0,,,,,0x0
611,hipGetLastError,3075363,3075379,815468474611547,815468474636094,24547,1,none,0x7f09dff28e40,,,,,,,,,,,,,,,0x0
654,hipGetLastError,3075363,3075380,815468474654601,815468474676423,21822,1,none,0x7f09dff28e40,,,,,,,,,,,,,,,0x0
652,hipLaunchKernel,3075363,3075379,815468474652758,815468474677044,24286,6,func,0x7f09e13f1280,gridDim,0x13600000136,blockDim,0x1,args,0x2000000020,sharedMemBytes,0x1,unknown,0x0,,,,,0x0
694,hipLaunchKernel,3075363,3075380,815468474694210,815468474717594,23384,6,func,0x7f09e13f1280,gridDim,0x13600000136,blockDim,0x1,args,0x2000000020,sharedMemBytes,0x1,unknown,0x0,,,,,0x0
698,hipGetLastError,3075363,3075379,815468474698787,815468474719367,20580,1,none,0x7f09dff28e40,,,,,,,,,,,,,,,0x0
736,hipGetLastError,3075363,3075380,815468474736523,815468474751925,15402,1,none,0x7f09dff28e40,,,,,,,,,,,,,,,0x0
740,hipLaunchKernel,3075363,3075379,815468474740729,815468474767378,26649,6,func,0x7f09e13f1280,gridDim,0x13600000136,blockDim,0x1,args,0x2000000020,sharedMemBytes,0x1,unknown,0x0,,,,,0x0
766,hipLaunchKernel,3075363,3075380,815468474766497,815468474795740,29243,6,func,0x7f09e13f1280,gridDim,0x13600000136,blockDim,0x1,args,0x2000000020,sharedMemBytes,0x1,unknown,0x0,,,,,0x0
789,hipGetLastError,3075363,3075379,815468474789551,815468474815460,25909,1,none,0x7f09dff28e40,,,,,,,,,,,,,,,0x0
814,hipGetLastError,3075363,3075380,815468474814618,815468474833717,19099,1,none,0x7f09dff28e40,,,,,,,,,,,,,,,0x0
834,hipLaunchKernel,3075363,3075379,815468474834077,815468474860406,26329,6,func,0x7f09e13f1280,gridDim,0x13600000136,blockDim,0x1,args,0x2000000020,sharedMemBytes,0x1,unknown,0x0,,,,,0x0
853,hipLaunchKernel,3075363,3075380,815468474853035,815468474887957,34922,6,func,0x7f09e13f1280,gridDim,0x13600000136,blockDim,0x1,args,0x2000000020,sharedMemBytes,0x1,unknown,0x0,,,,,0x0
880,hipGetLastError,3075363,3075379,815468474880747,815468474900536,19789,1,none,0x7f09dff28e40,,,,,,,,,,,,,,,0x0
907,hipGetLastError,3075363,3075380,815468474907346,815468474924131,16785,1,none,0x7f09dff28e40,,,,,,,,,,,,,,,0x0
918,hipLaunchKernel,3075363,3075379,815468474918723,815468474950720,31997,6,func,0x7f09e13f1280,gridDim,0x13600000136,blockDim,0x1,args,0x2000000020,sharedMemBytes,0x1,unknown,0x0,,,,,0x0
945,hipLaunchKernel,3075363,3075380,815468474944942,815468474975237,30295,6,func,0x7f09e13f1280,gridDim,0x13600000136,blockDim,0x1,args,0x2000000020,sharedMemBytes,0x1,unknown,0x0,,,,,0x0
968,hipGetLastError,3075363,3075379,815468474968136,815468474993073,24937,1,none,0x7f09dff28e40,,,,,,,,,,,,,,,0x0
994,hipGetLastError,3075363,3075380,815468474994065,815468475010409,16344,1,none,0x7f09dff28e40,,,,,,,,,,,,,,,0x0
7,hipLaunchKernel,3075363,3075379,815468475007364,815468475034174,26810,6,func,0x7f09e13f1280,gridDim,0x13600000136,blockDim,0x1,args,0x2000000020,sharedMemBytes,0x1,unknown,0x0,,,,,0x0
54,hipGetLastError,3075363,3075379,815468475054855,815468475085180,30325,1,none,0x7f09dff28e40,,,,,,,,,,,,,,,0x0
113,hipLaunchKernel,3075363,3075379,815468475113061,815468475150587,37526,6,func,0x7f09e13f1280,gridDim,0x13600000136,blockDim,0x1,args,0x2000000020,sharedMemBytes,0x1,unknown,0x0,,,,,0x0
178,hipGetLastError,3075363,3075379,815468475178849,815468475210516,31667,1,none,0x7f09dff28e40,,,,,,,,,,,,,,,0x0
238,hipStreamSynchronize,3075363,3075379,815468475238607,815468477439403,2200796,1,stream,0x7ec988002700,,,,,,,,,,,,,,,0x0
29,hipStreamSynchronize,3075363,3075380,815468475029467,815468477446283,2416816,1,stream,0x7ec9780010b0,,,,,,,,,,,,,,,0x0
464,hipLaunchKernel,3075363,3075379,815468477464710,815468477484760,20050,6,func,0x7f09e13f1280,gridDim,0x13600000136,blockDim,0x1,args,0x2000000020,sharedMemBytes,0x1,unknown,0x0,,,,,0x0
467,hipLaunchKernel,3075363,3075380,815468477467364,815468477489827,22463,6,func,0x7f09e13f1280,gridDim,0x13600000136,blockDim,0x1,args,0x2000000020,sharedMemBytes,0x1,unknown,0x0,,,,,0x0
504,hipGetLastError,3075363,3075380,815468477504509,815468477519261,14752,1,none,0x7f09dff28e40,,,,,,,,,,,,,,,0x0
506,hipGetLastError,3075363,3075379,815468477506232,815468477523848,17616,1,none,0x7f09dff28e40,,,,,,,,,,,,,,,0x0
541,hipLaunchKernel,3075363,3075380,815468477541324,815468477570247,28923,6,func,0x7f09e13f1280,gridDim,0x13600000136,blockDim,0x1,args,0x2000000020,sharedMemBytes,0x1,unknown,0x0,,,,,0x0
541,hipLaunchKernel,3075363,3075380,815468477541324,815468477571939,30615,6,func,0x7f09e13f1280,gridDim,0x13600000136,blockDim,0x1,args,0x2000000020,sharedMemBytes,0x1,unknown,0x0,,,,,0x0
592,hipGetLastError,3075363,3075380,815468477592810,815468477613221,20411,1,none,0x7f09dff28e40,,,,,,,,,,,,,,,0x0
594,hipGetLastError,3075363,3075379,815468477594683,815468477615714,21031,1,none,0x7f09dff28e40,,,,,,,,,,,,,,,0x0
631,hipLaunchKernel,3075363,3075380,815468477631668,815468477655363,23695,6,func,0x7f09e13f1280,gridDim,0x13600000136,blockDim,0x1,args,0x2000000020,sharedMemBytes,0x1,unknown,0x0,,,,,0x0
633,hipLaunchKernel,3075363,3075379,815468477633451,815468477656114,22663,6,func,0x7f09e13f1280,gridDim,0x13600000136,blockDim,0x1,args,0x2000000020,sharedMemBytes,0x1,unknown,0x0,,,,,0x0
676,hipGetLastError,3075363,3075379,815468477676074,815468477691427,15353,1,none,0x7f09dff28e40,,,,,,,,,,,,,,,0x0
677,hipGetLastError,3075363,3075380,815468477677876,815468477694872,16996,1,none,0x7f09dff28e40,,,,,,,,,,,,,,,0x0
706,hipLaunchKernel,3075363,3075380,815468477705938,815468477728001,22063,6,func,0x7f09e13f1280,gridDim,0x13600000136,blockDim,0x1,args,0x2000000020,sharedMemBytes,0x1,unknown,0x0,,,,,0x0
709,hipLaunchKernel,3075363,3075379,815468477709273,815468477737825,28552,6,func,0x7f09e13f1280,gridDim,0x13600000136,blockDim,0x1,args,0x2000000020,sharedMemBytes,0x1,unknown,0x0,,,,,0x0
751,hipGetLastError,3075363,3075380,815468477751295,815468477766488,15193,1,none,0x7f09dff28e40,,,,,,,,,,,,,,,0x0
750,hipGetLastError,3075363,3075379,815468477750735,815468477771535,20800,1,none,0x7f09dff28e40,,,,,,,,,,,,,,,0x0
780,hipLaunchKernel,3075363,3075380,815468477780899,815468477805856,24957,6,func,0x7f09e13f1280,gridDim,0x13600000136,blockDim,0x1,args,0x2000000020,sharedMemBytes,0x1,unknown,0x0,,,,,0x0
786,hipLaunchKernel,3075363,3075379,815468477786217,815468477812236,26019,6,func,0x7f09e13f1280,gridDim,0x13600000136,blockDim,0x1,args,0x2000000020,sharedMemBytes,0x1,unknown,0x0,,,,,0x0
828,hipGetLastError,3075363,3075379,815468477828880,815468477848770,19890,1,none,0x7f09dff28e40,,,,,,,,,,,,,,,0x0
831,hipGetLastError,3075363,3075380,815468477831865,815468477851614,19749,1,none,0x7f09dff28e40,,,,,,,,,,,,,,,0x0
866,hipLaunchKernel,3075363,3075380,815468477866697,815468477886596,19899,6,func,0x7f09e13f1280,gridDim,0x13600000136,blockDim,0x1,args,0x2000000020,sharedMemBytes,0x1,unknown,0x0,,,,,0x0
871,hipLaunchKernel,3075363,3075379,815468477870923,815468477897032,26109,6,func,0x7f09e13f1280,gridDim,0x13600000136,blockDim,0x1,args,0x2000000020,sharedMemBytes,0x1,unknown,0x0,,,,,0x0
910,hipGetLastError,3075363,3075380,815468477910612,815468477924673,14061,1,none,0x7f09dff28e40,,,,,,,,,,,,,,,0x0
914,hipGetLastError,3075363,3075379,815468477914548,815468477935609,21061,1,none,0x7f09dff28e40,,,,,,,,,,,,,,,0x0
948,hipLaunchKernel,3075363,3075380,815468477948748,815468477975127,26379,6,func,0x7f09e13f1280,gridDim,0x13600000136,blockDim,0x1,args,0x2000000020,sharedMemBytes,0x1,unknown,0x0,,,,,0x0
950,hipLaunchKernel,3075363,3075379,815468477950100,815468477976990,26890,6,func,0x7f09e13f1280,gridDim,0x13600000136,blockDim,0x1,args,0x2000000020,sharedMemBytes,0x1,unknown,0x0,,,,,0x0
998,hipGetLastError,3075363,3075379,815468477998051,815468478013464,15413,1,none,0x7f09dff28e40,,,,,,,,,,,,,,,0x0
997,hipGetLastError,3075363,3075380,815468477996990,815468478015617,18627,1,none,0x7f09dff28e40,,,,,,,,,,,,,,,0x0
32,hipLaunchKernel,3075363,3075380,815468478032603,815468478055977,23374,6,func,0x7f09e13f1280,gridDim,0x13600000136,blockDim,0x1,args,0x2000000020,sharedMemBytes,0x1,unknown,0x0,,,,,0x0
34,hipLaunchKernel,3075363,3075379,815468478034836,815468478061496,26660,6,func,0x7f09e13f1280,gridDim,0x13600000136,blockDim,0x1,args,0x2000000020,sharedMemBytes,0x1,unknown,0x0,,,,,0x0
78,hipGetLastError,3075363,3075380,815468478078120,815468478094835,16715,1,none,0x7f09dff28e40,,,,,,,,,,,,,,,0x0
80,hipGetLastError,3075363,3075379,815468478080454,815468478101345,20891,1,none,0x7f09dff28e40,,,,,,,,,,,,,,,0x0
115,hipLaunchKernel,3075363,3075379,815468478114985,815468478133823,18838,6,func,0x7f09e13f1280,gridDim,0x13600000136,blockDim,0x1,args,0x2000000020,sharedMemBytes,0x1,unknown,0x0,,,,,0x0
117,hipLaunchKernel,3075363,3075380,815468478117819,815468478142726,24907,6,func,0x7f09e13f1280,gridDim,0x13600000136,blockDim,0x1,args,0x2000000020,sharedMemBytes,0x1,unknown,0x0,,,,,0x0
156,hipGetLastError,3075363,3075380,815468478156777,815468478170908,14131,1,none,0x7f09dff28e40,,,,,,,,,,,,,,,0x0
161,hipGetLastError,3075363,3075379,815468478161193,815468478178289,17096,1,none,0x7f09dff28e40,,,,,,,,,,,,,,,0x0
191,hipLaunchKernel,3075363,3075379,815468478191448,815468478217717,26269,6,func,0x7f09e13f1280,gridDim,0x13600000136,blockDim,0x1,args,0x2000000020,sharedMemBytes,0x1,unknown,0x0,,,,,0x0
193,hipLaunchKernel,3075363,3075380,815468478193051,815468478220752,27701,6,func,0x7f09e13f1280,gridDim,0x13600000136,blockDim,0x1,args,0x2000000020,sharedMemBytes,0x1,unknown,0x0,,,,,0x0
240,hipGetLastError,3075363,3075380,815468478239920,815468478254792,14872,1,none,0x7f09dff28e40,,,,,,,,,,,,,,,0x0
242,hipGetLastError,3075363,3075379,815468478242885,815468478265038,22153,1,none,0x7f09dff28e40,,,,,,,,,,,,,,,0x0
285,hipStreamSynchronize,3075363,3075379,815468478285598,815468480601754,2316156,1,stream,0x7ec988002700,,,,,,,,,,,,,,,0x0
635,hipLaunchKernel,3075363,3075379,815468480635524,815468480676245,40721,6,func,0x7f09e13f1280,gridDim,0x13600000136,blockDim,0x1,args,0x2000000020,sharedMemBytes,0x1,unknown,0x0,,,,,0x0
272,hipStreamSynchronize,3075363,3075380,815468478272509,815468480711177,2438668,1,stream,0x7ec9780010b0,,,,,,,,,,,,,,,0x0
704,hipGetLastError,3075363,3075379,815468480704507,815468480731026,26519,1,none,0x7f09dff28e40,,,,,,,,,,,,,,,0x0
733,hipLaunchKernel,3075363,3075380,815468480732969,815468480758026,25057,6,func,0x7f09e13f1280,gridDim,0x13600000136,blockDim,0x1,args,0x2000000020,sharedMemBytes,0x1,unknown,0x0,,,,,0x0
750,hipLaunchKernel,3075363,3075379,815468480750625,815468480791656,41031,6,func,0x7f09e13f1280,gridDim,0x13600000136,blockDim,0x1,args,0x2000000020,sharedMemBytes,0x1,unknown,0x0,,,,,0x0
778,hipGetLastError,3075363,3075380,815468480778516,815468480809553,31037,1,none,0x7f09dff28e40,,,,,,,,,,,,,,,0x0
812,hipGetLastError,3075363,3075379,815468480812076,815468480837985,25909,1,none,0x7f09dff28e40,,,,,,,,,,,,,,,0x0
833,hipLaunchKernel,3075363,3075380,815468480833768,815468480869271,35503,6,func,0x7f09e13f1280,gridDim,0x13600000136,blockDim,0x1,args,0x2000000020,sharedMemBytes,0x1,unknown,0x0,,,,,0x0
860,hipLaunchKernel,3075363,3075379,815468480860368,815468480894178,33810,6,func,0x7f09e13f1280,gridDim,0x13600000136,blockDim,0x1,args,0x2000000020,sharedMemBytes,0x1,unknown,0x0,,,,,0x0
885,hipGetLastError,3075363,3075380,815468480885846,815468480912085,26239,1,none,0x7f09dff28e40,,,,,,,,,,,,,,,0x0
916,hipGetLastError,3075363,3075379,815468480916321,815468480939025,22704,1,none,0x7f09dff28e40,,,,,,,,,,,,,,,0x0
933,hipLaunchKernel,3075363,3075380,815468480933667,815468480963241,29574,6,func,0x7f09e13f1280,gridDim,0x13600000136,blockDim,0x1,args,0x2000000020,sharedMemBytes,0x1,unknown,0x0,,,,,0x0
958,hipLaunchKernel,3075363,3075379,815468480958343,815468480989530,31187,6,func,0x7f09e13f1280,gridDim,0x13600000136,blockDim,0x1,args,0x2000000020,sharedMemBytes,0x1,unknown,0x0,,,,,0x0
985,hipGetLastError,3075363,3075380,815468480985043,815468481009048,24005,1,none,0x7f09dff28e40,,,,,,,,,,,,,,,0x0
7,hipGetLastError,3075363,3075379,815468481007696,815468481034977,27281,1,none,0x7f09dff28e40,,,,,,,,,,,,,,,0x0
30,hipLaunchKernel,3075363,3075380,815468481030300,815468481062548,32248,6,func,0x7f09e13f1280,gridDim,0x13600000136,blockDim,0x1,args,0x2000000020,sharedMemBytes,0x1,unknown,0x0,,,,,0x0
55,hipLaunchKernel,3075363,3075379,815468481055357,815468481088066,32709,6,func,0x7f09e13f1280,gridDim,0x13600000136,blockDim,0x1,args,0x2000000020,sharedMemBytes,0x1,unknown,0x0,,,,,0x0
78,hipGetLastError,3075363,3075380,815468481078582,815468481100925,22343,1,none,0x7f09dff28e40,,,,,,,,,,,,,,,0x0
113,hipGetLastError,3075363,3075379,815468481113824,815468481135526,21702,1,none,0x7f09dff28e40,,,,,,,,,,,,,,,0x0
116,hipLaunchKernel,3075363,3075380,815468481116648,815468481136488,19840,6,func,0x7f09e13f1280,gridDim,0x13600000136,blockDim,0x1,args,0x2000000020,sharedMemBytes,0x1,unknown,0x0,,,,,0x0
156,hipGetLastError,3075363,3075380,815468481156097,815468481171489,15392,1,none,0x7f09dff28e40,,,,,,,,,,,,,,,0x0
158,hipLaunchKernel,3075363,3075379,815468481158290,815468481180954,22664,6,func,0x7f09e13f1280,gridDim,0x13600000136,blockDim,0x1,args,0x2000000020,sharedMemBytes,0x1,unknown,0x0,,,,,0x0
195,hipGetLastError,3075363,3075379,815468481195135,815468481211489,16354,1,none,0x7f09dff28e40,,,,,,,,,,,,,,,0x0
198,hipLaunchKernel,3075363,3075380,815468481197959,815468481219060,21101,6,func,0x7f09e13f1280,gridDim,0x13600000136,blockDim,0x1,args,0x2000000020,sharedMemBytes,0x1,unknown,0x0,,,,,0x0
234,hipGetLastError,3075363,3075380,815468481234172,815468481251769,17597,1,none,0x7f09dff28e40,,,,,,,,,,,,,,,0x0
233,hipLaunchKernel,3075363,3075379,815468481233542,815468481260662,27120,6,func,0x7f09e13f1280,gridDim,0x13600000136,blockDim,0x1,args,0x2000000020,sharedMemBytes,0x1,unknown,0x0,,,,,0x0
277,hipGetLastError,3075363,3075379,815468481277847,815468481298378,20531,1,none,0x7f09dff28e40,,,,,,,,,,,,,,,0x0
276,hipLaunchKernel,3075363,3075380,815468481276185,815468481302454,26269,6,func,0x7f09e13f1280,gridDim,0x13600000136,blockDim,0x1,args,0x2000000020,sharedMemBytes,0x1,unknown,0x0,,,,,0x0
322,hipGetLastError,3075363,3075380,815468481321973,815468481342183,20210,1,none,0x7f09dff28e40,,,,,,,,,,,,,,,0x0
324,hipLaunchKernel,3075363,3075379,815468481324086,815468481350856,26770,6,func,0x7f09e13f1280,gridDim,0x13600000136,blockDim,0x1,args,0x2000000020,sharedMemBytes,0x1,unknown,0x0,,,,,0x0
358,hipLaunchKernel,3075363,3075380,815468481357946,815468481379268,21322,6,func,0x7f09e13f1280,gridDim,0x13600000136,blockDim,0x1,args,0x2000000020,sharedMemBytes,0x1,unknown,0x0,,,,,0x0
364,hipGetLastError,3075363,3075379,815468481364856,815468481389493,24637,1,none,0x7f09dff28e40,,,,,,,,,,,,,,,0x0
400,hipGetLastError,3075363,3075380,815468481400539,815468481425116,24577,1,none,0x7f09dff28e40,,,,,,,,,,,,,,,0x0
403,hipLaunchKernel,3075363,3075379,815468481403724,815468481426928,23204,6,func,0x7f09e13f1280,gridDim,0x13600000136,blockDim,0x1,args,0x2000000020,sharedMemBytes,0x1,unknown,0x0,,,,,0x0
444,hipLaunchKernel,3075363,3075380,815468481444645,815468481466898,22253,6,func,0x7f09e13f1280,gridDim,0x13600000136,blockDim,0x1,args,0x2000000020,sharedMemBytes,0x1,unknown,0x0,,,,,0x0
448,hipGetLastError,3075363,3075379,815468481448500,815468481471665,23165,1,none,0x7f09dff28e40,,,,,,,,,,,,,,,0x0
486,hipGetLastError,3075363,3075380,815468481486597,815468481501980,15383,1,none,0x7f09dff28e40,,,,,,,,,,,,,,,0x0
489,hipLaunchKernel,3075363,3075379,815468481488980,815468481512646,23666,6,func,0x7f09e13f1280,gridDim,0x13600000136,blockDim,0x1,args,0x2000000020,sharedMemBytes,0x1,unknown,0x0,,,,,0x0
524,hipGetLastError,3075363,3075379,815468481524784,815468481546055,21271,1,none,0x7f09dff28e40,,,,,,,,,,,,,,,0x0
527,hipLaunchKernel,3075363,3075380,815468481527127,815468481548609,21482,6,func,0x7f09e13f1280,gridDim,0x13600000136,blockDim,0x1,args,0x2000000020,sharedMemBytes,0x1,unknown,0x0,,,,,0x0
567,hipGetLastError,3075363,3075380,815468481567868,815468481583921,16053,1,none,0x7f09dff28e40,,,,,,,,,,,,,,,0x0
639,hipLaunchKernel,3075363,3075379,815468433639671,815468482125665,48485994,6,func,0x7f09e13f1280,gridDim,0x13600000136,blockDim,0x1,args,0x2000000020,sharedMemBytes,0x1,unknown,0x0,,,,,0x0
567,hipGetLastError,3075363,3075380,815468481567868,815468483776925,2209057,1,none,0x7f09dff28e40,,,,,,,,,,,,,,,0x0
601,hipStreamSynchronize,3075363,3075380,815468481601127,815468483949421,2348294,1,stream,0x7ec9780010b0,,,,,,,,,,,,,,,0x0
225,hipFree,3075363,3075381,815468482225042,815468490218842,7993800,1,devPtr,0x7eada8000000,,,,,,,,,,,,,,,0x0
255,hipLaunchKernel,3075363,3075380,815468490254855,815468490282026,27171,6,func,0x7f09e13f1280,gridDim,0x13600000136,blockDim,0x1,args,0x2000000020,sharedMemBytes,0x1,unknown,0x0,,,,,0x0
248,hipLaunchKernel,3075363,3075379,815468490248296,815468490285811,37515,6,func,0x7f09e13f1280,gridDim,0x13600000136,blockDim,0x1,args,0x2000000020,sharedMemBytes,0x1,unknown,0x0,,,,,0x0
260,hipFree,3075363,3075381,815468490259993,815468498100866,7840873,1,devPtr,0x7ead90400000,,,,,,,,,,,,,,,0x0
121,hipGetLastError,3075363,3075379,815468498121406,815468498140895,19489,1,none,0x7f09dff28e40,,,,,,,,,,,,,,,0x0
122,hipGetLastError,3075363,3075380,815468498122267,815468498143489,21222,1,none,0x7f09dff28e40,,,,,,,,,,,,,,,0x0
839,hipLaunchKernel,3075363,3075380,815468537839872,815468537957627,117755,6,func,0x7f09e13f1280,gridDim,0x13600000136,blockDim,0x1,args,0x2000000020,sharedMemBytes,0x1,unknown,0x0,,,,,0x0
866,hipLaunchKernel,3075363,3075379,815468537866091,815468537966360,100269,6,func,0x7f09e13f1280,gridDim,0x13600000136,blockDim,0x1,args,0x2000000020,sharedMemBytes,0x1,unknown,0x0,,,,,0x0
997,hipGetLastError,3075363,3075380,815468537996905,815468538020160,23255,1,none,0x7f09dff28e40,,,,,,,,,,,,,,,0x0
2,hipGetLastError,3075363,3075379,815468538002003,815468538029574,27571,1,none,0x7f09dff28e40,,,,,,,,,,,,,,,0x0
39,hipLaunchKernel,3075363,3075380,815468538038988,815468538061080,22092,6,func,0x7f09e13f1280,gridDim,0x13600000136,blockDim,0x1,args,0x2000000020,sharedMemBytes,0x1,unknown,0x0,,,,,0x0
50,hipLaunchKernel,3075363,3075379,815468538050475,815468538074751,24276,6,func,0x7f09e13f1280,gridDim,0x13600000136,blockDim,0x1,args,0x2000000020,sharedMemBytes,0x1,unknown,0x0,,,,,0x0
72,hipGetLastError,3075363,3075380,815468538072858,815468538090314,17456,1,none,0x7f09dff28e40,,,,,,,,,,,,,,,0x0
87,hipGetLastError,3075363,3075379,815468538087700,815468538106618,18918,1,none,0x7f09dff28e40,,,,,,,,,,,,,,,0x0
105,hipLaunchKernel,3075363,3075380,815468538105637,815468538130223,24586,6,func,0x7f09e13f1280,gridDim,0x13600000136,blockDim,0x1,args,0x2000000020,sharedMemBytes,0x1,unknown,0x0,,,,,0x0
325,hipGetLastError,3075363,3075380,815468607325090,815468607404238,79148,1,none,0x7f09dff28e40,,,,,,,,,,,,,,,0x0
350,hipLaunchKernel,3075363,3075379,815468607350328,815468607448113,97785,6,func,0x7f09e13f1280,gridDim,0x13600000136,blockDim,0x1,args,0x2000000020,sharedMemBytes,0x1,unknown,0x0,,,,,0x0
959,hipGetLastError,3075363,3075379,815468646959362,815468647016507,57145,1,none,0x7f09dff28e40,,,,,,,,,,,,,,,0x0
934,hipLaunchKernel,3075363,3075380,815468646934605,815468647046211,111606,6,func,0x7f09e13f1280,gridDim,0x13600000136,blockDim,0x1,args,0x2000000020,sharedMemBytes,0x1,unknown,0x0,,,,,0x0
353,hipGetLastError,3075363,3075380,815468650353227,815468650403602,50375,1,none,0x7f09dff28e40,,,,,,,,,,,,,,,0x0
362,hipLaunchKernel,3075363,3075379,815468650361930,815468650430652,68722,6,func,0x7f09e13f1280,gridDim,0x13600000136,blockDim,0x1,args,0x2000000020,sharedMemBytes,0x1,unknown,0x0,,,,,0x0
647,hipGetLastError,3075363,3075379,815468653647554,815468653686983,39429,1,none,0x7f09dff28e40,,,,,,,,,,,,,,,0x0
639,hipLaunchKernel,3075363,3075380,815468653639072,815468653703277,64205,6,func,0x7f09e13f1280,gridDim,0x13600000136,blockDim,0x1,args,0x2000000020,sharedMemBytes,0x1,unknown,0x0,,,,,0x0
873,hipGetLastError,3075363,3075380,815468656873620,815468656919548,45928,1,none,0x7f09dff28e40,,,,,,,,,,,,,,,0x0
882,hipLaunchKernel,3075363,3075379,815468656882123,815468656935783,53660,6,func,0x7f09e13f1280,gridDim,0x13600000136,blockDim,0x1,args,0x2000000020,sharedMemBytes,0x1,unknown,0x0,,,,,0x0
200,hipGetLastError,3075363,3075379,815468660199995,815468660238723,38728,1,none,0x7f09dff28e40,,,,,,,,,,,,,,,0x0
192,hipLaunchKernel,3075363,3075380,815468660192114,815468660256239,64125,6,func,0x7f09e13f1280,gridDim,0x13600000136,blockDim,0x1,args,0x2000000020,sharedMemBytes,0x1,unknown,0x0,,,,,0x0
477,hipGetLastError,3075363,3075380,815468663477418,815468663521684,44266,1,none,0x7f09dff28e40,,,,,,,,,,,,,,,0x0
485,hipLaunchKernel,3075363,3075379,815468663485250,815468663545729,60479,6,func,0x7f09e13f1280,gridDim,0x13600000136,blockDim,0x1,args,0x2000000020,sharedMemBytes,0x1,unknown,0x0,,,,,0x0
746,hipGetLastError,3075363,3075379,815468666745927,815468666783553,37626,1,none,0x7f09dff28e40,,,,,,,,,,,,,,,0x0
736,hipLaunchKernel,3075363,3075380,815468666736493,815468666800588,64095,6,func,0x7f09e13f1280,gridDim,0x13600000136,blockDim,0x1,args,0x2000000020,sharedMemBytes,0x1,unknown,0x0,,,,,0x0
988,hipGetLastError,3075363,3075380,815468669988498,815468670036219,47721,1,none,0x7f09dff28e40,,,,,,,,,,,,,,,0x0
996,hipLaunchKernel,3075363,3075379,815468669996630,815468670054656,58026,6,func,0x7f09e13f1280,gridDim,0x13600000136,blockDim,0x1,args,0x2000000020,sharedMemBytes,0x1,unknown,0x0,,,,,0x0
197,hipGetLastError,3075363,3075379,815468673197248,815468673236086,38838,1,none,0x7f09dff28e40,,,,,,,,,,,,,,,0x0
187,hipLaunchKernel,3075363,3075380,815468673187343,815468673253061,65718,6,func,0x7f09e13f1280,gridDim,0x13600000136,blockDim,0x1,args,0x2000000020,sharedMemBytes,0x1,unknown,0x0,,,,,0x0
468,hipGetLastError,3075363,3075380,815468676468181,815468676514830,46649,1,none,0x7f09dff28e40,,,,,,,,,,,,,,,0x0
475,hipLaunchKernel,3075363,3075379,815468676475622,815468676532106,56484,6,func,0x7f09e13f1280,gridDim,0x13600000136,blockDim,0x1,args,0x2000000020,sharedMemBytes,0x1,unknown,0x0,,,,,0x0
852,hipGetLastError,3075363,3075379,815468678852518,815468678890444,37926,1,none,0x7f09dff28e40,,,,,,,,,,,,,,,0x0
842,hipLaunchKernel,3075363,3075380,815468678842143,815468678908281,66138,6,func,0x7f09e13f1280,gridDim,0x13600000136,blockDim,0x1,args,0x2000000020,sharedMemBytes,0x1,unknown,0x0,,,,,0x0
974,hipGetLastError,3075363,3075380,815468681974059,815468682010924,36865,1,none,0x7f09dff28e40,,,,,,,,,,,,,,,0x0
980,hipLaunchKernel,3075363,3075379,815468681980529,815468682028039,47510,6,func,0x7f09e13f1280,gridDim,0x13600000136,blockDim,0x1,args,0x2000000020,sharedMemBytes,0x1,unknown,0x0,,,,,0x0
75,hipGetLastError,3075363,3075379,815468685075410,815468685120888,45478,1,none,0x7f09dff28e40,,,,,,,,,,,,,,,0x0
64,hipStreamSynchronize,3075363,3075380,815468685064755,815468685167597,102842,1,stream,0x7ec9780010b0,,,,,,,,,,,,,,,0x0
163,hipLaunchKernel,3075363,3075380,815468688163462,815468688231523,68061,6,func,0x7f09e13f1280,gridDim,0x13600000136,blockDim,0x1,args,0x2000000020,sharedMemBytes,0x1,unknown,0x0,,,,,0x0
175,hipStreamSynchronize,3075363,3075379,815468688175460,815468688274337,98877,1,stream,0x7ec988002700,,,,,,,,,,,,,,,0x0
173,hipGetLastError,3075363,3075380,815468691172997,815468691217373,44376,1,none,0x7f09dff28e40,,,,,,,,,,,,,,,0x0
181,hipLaunchKernel,3075363,3075379,815468691181800,815468691246506,64706,6,func,0x7f09e13f1280,gridDim,0x13600000136,blockDim,0x1,args,0x2000000020,sharedMemBytes,0x1,unknown,0x0,,,,,0x0
253,hipGetLastError,3075363,3075379,815468694253167,815468694292135,38968,1,none,0x7f09dff28e40,,,,,,,,,,,,,,,0x0
243,hipLaunchKernel,3075363,3075380,815468694242871,815468694311043,68172,6,func,0x7f09e13f1280,gridDim,0x13600000136,blockDim,0x1,args,0x2000000020,sharedMemBytes,0x1,unknown,0x0,,,,,0x0
332,hipGetLastError,3075363,3075380,815468697332766,815468697383371,50605,1,none,0x7f09dff28e40,,,,,,,,,,,,,,,0x0
345,hipLaunchKernel,3075363,3075379,815468697345655,815468697408478,62823,6,func,0x7f09e13f1280,gridDim,0x13600000136,blockDim,0x1,args,0x2000000020,sharedMemBytes,0x1,unknown,0x0,,,,,0x0
477,hipGetLastError,3075363,3075379,815468700477050,815468700514906,37856,1,none,0x7f09dff28e40,,,,,,,,,,,,,,,0x0
467,hipLaunchKernel,3075363,3075380,815468700467656,815468700531351,63695,6,func,0x7f09e13f1280,gridDim,0x13600000136,blockDim,0x1,args,0x2000000020,sharedMemBytes,0x1,unknown,0x0,,,,,0x0
562,hipGetLastError,3075363,3075380,815468703562127,815468703608276,46149,1,none,0x7f09dff28e40,,,,,,,,,,,,,,,0x0
569,hipLaunchKernel,3075363,3075379,815468703569198,815468703624079,54881,6,func,0x7f09e13f1280,gridDim,0x13600000136,blockDim,0x1,args,0x2000000020,sharedMemBytes,0x1,unknown,0x0,,,,,0x0
636,hipGetLastError,3075363,3075379,815468706636068,815468706674405,38337,1,none,0x7f09dff28e40,,,,,,,,,,,,,,,0x0
626,hipLaunchKernel,3075363,3075380,815468706626113,815468706690859,64746,6,func,0x7f09e13f1280,gridDim,0x13600000136,blockDim,0x1,args,0x2000000020,sharedMemBytes,0x1,unknown,0x0,,,,,0x0
752,hipGetLastError,3075363,3075380,815468709752652,815468709799691,47039,1,none,0x7f09dff28e40,,,,,,,,,,,,,,,0x0
762,hipLaunchKernel,3075363,3075379,815468709762857,815468709816997,54140,6,func,0x7f09e13f1280,gridDim,0x13600000136,blockDim,0x1,args,0x2000000020,sharedMemBytes,0x1,unknown,0x0,,,,,0x0
804,hipGetLastError,3075363,3075379,815468712804349,815468712842266,37917,1,none,0x7f09dff28e40,,,,,,,,,,,,,,,0x0
795,hipLaunchKernel,3075363,3075380,815468712795266,815468712858520,63254,6,func,0x7f09e13f1280,gridDim,0x13600000136,blockDim,0x1,args,0x2000000020,sharedMemBytes,0x1,unknown,0x0,,,,,0x0
10,hipGetLastError,3075363,3075380,815468715010823,815468715055369,44546,1,none,0x7f09dff28e40,,,,,,,,,,,,,,,0x0
14,hipLaunchKernel,3075363,3075379,815468715014518,815468715077311,62793,6,func,0x7f09e13f1280,gridDim,0x13600000136,blockDim,0x1,args,0x2000000020,sharedMemBytes,0x1,unknown,0x0,,,,,0x0
75,hipLaunchKernel,3075363,3075380,815468715075439,815468715111943,36504,6,func,0x7f09e13f1280,gridDim,0x13600000136,blockDim,0x1,args,0x2000000020,sharedMemBytes,0x1,unknown,0x0,,,,,0x0
93,hipGetLastError,3075363,3075379,815468715093786,815468715114667,20881,1,none,0x7f09dff28e40,,,,,,,,,,,,,,,0x0
128,hipGetLastError,3075363,3075380,815468715128878,815468715147796,18918,1,none,0x7f09dff28e40,,,,,,,,,,,,,,,0x0
129,hipLaunchKernel,3075363,3075379,815468715129619,815468715152373,22754,6,func,0x7f09e13f1280,gridDim,0x13600000136,blockDim,0x1,args,0x2000000020,sharedMemBytes,0x1,unknown,0x0,,,,,0x0
168,hipGetLastError,3075363,3075379,815468715168256,815468715185442,17186,1,none,0x7f09dff28e40,,,,,,,,,,,,,,,0x0
167,hipLaunchKernel,3075363,3075380,815468715167575,815468715191691,24116,6,func,0x7f09e13f1280,gridDim,0x13600000136,blockDim,0x1,args,0x2000000020,sharedMemBytes,0x1,unknown,0x0,,,,,0x0
196,hipLaunchKernel,3075363,3075379,815468715196658,815468715220844,24186,6,func,0x7f09e13f1280,gridDim,0x13600000136,blockDim,0x1,args,0x2000000020,sharedMemBytes,0x1,unknown,0x0,,,,,0x0
203,hipGetLastError,3075363,3075380,815468715203449,815468715223068,19619,1,none,0x7f09dff28e40,,,,,,,,,,,,,,,0x0
240,hipGetLastError,3075363,3075379,815468715240634,815468715257709,17075,1,none,0x7f09dff28e40,,,,,,,,,,,,,,,0x0
238,hipLaunchKernel,3075363,3075380,815468715238440,815468715258120,19680,6,func,0x7f09e13f1280,gridDim,0x13600000136,blockDim,0x1,args,0x2000000020,sharedMemBytes,0x1,unknown,0x0,,,,,0x0
276,hipGetLastError,3075363,3075380,815468715276637,815468715295014,18377,1,none,0x7f09dff28e40,,,,,,,,,,,,,,,0x0
273,hipLaunchKernel,3075363,3075379,815468715273833,815468715295515,21682,6,func,0x7f09e13f1280,gridDim,0x13600000136,blockDim,0x1,args,0x2000000020,sharedMemBytes,0x1,unknown,0x0,,,,,0x0
311,hipGetLastError,3075363,3075379,815468715311809,815468715328985,17176,1,none,0x7f09dff28e40,,,,,,,,,,,,,,,0x0
308,hipLaunchKernel,3075363,3075380,815468715308825,815468715333972,25147,6,func,0x7f09e13f1280,gridDim,0x13600000136,blockDim,0x1,args,0x2000000020,sharedMemBytes,0x1,unknown,0x0,,,,,0x0
347,hipGetLastError,3075363,3075380,815468715347302,815468715362184,14882,1,none,0x7f09dff28e40,,,,,,,,,,,,,,,0x0
352,hipLaunchKernel,3075363,3075379,815468715352019,815468715381062,29043,6,func,0x7f09e13f1280,gridDim,0x13600000136,blockDim,0x1,args,0x2000000020,sharedMemBytes,0x1,unknown,0x0,,,,,0x0
373,hipLaunchKernel,3075363,3075380,815468715373331,815468715401162,27831,6,func,0x7f09e13f1280,gridDim,0x13600000136,blockDim,0x1,args,0x2000000020,sharedMemBytes,0x1,unknown,0x0,,,,,0x0
393,hipGetLastError,3075363,3075379,815468715393410,815468715415864,22454,1,none,0x7f09dff28e40,,,,,,,,,,,,,,,0x0
413,hipGetLastError,3075363,3075380,815468715412959,815468715431827,18868,1,none,0x7f09dff28e40,,,,,,,,,,,,,,,0x0
430,hipLaunchKernel,3075363,3075379,815468715430385,815468715456344,25959,6,func,0x7f09e13f1280,gridDim,0x13600000136,blockDim,0x1,args,0x2000000020,sharedMemBytes,0x1,unknown,0x0,,,,,0x0
474,hipGetLastError,3075363,3075379,815468715474020,815468715501491,27471,1,none,0x7f09dff28e40,,,,,,,,,,,,,,,0x0
449,hipStreamSynchronize,3075363,3075380,815468715449824,815468716936420,1486596,1,stream,0x7ec9780010b0,,,,,,,,,,,,,,,0x0
530,hipStreamSynchronize,3075363,3075379,815468715530604,815468716952163,1421559,1,stream,0x7ec988002700,,,,,,,,,,,,,,,0x0
969,hipLaunchKernel,3075363,3075380,815468716969899,815468716998982,29083,6,func,0x7f09e13f1280,gridDim,0x13600000136,blockDim,0x1,args,0x2000000020,sharedMemBytes,0x1,unknown,0x0,,,,,0x0
974,hipLaunchKernel,3075363,3075379,815468716974196,815468717003749,29553,6,func,0x7f09e13f1280,gridDim,0x13600000136,blockDim,0x1,args,0x2000000020,sharedMemBytes,0x1,unknown,0x0,,,,,0x0
23,hipGetLastError,3075363,3075379,815468717023258,815468717039492,16234,1,none,0x7f09dff28e40,,,,,,,,,,,,,,,0x0
21,hipGetLastError,3075363,3075380,815468717021025,815468717041165,20140,1,none,0x7f09dff28e40,,,,,,,,,,,,,,,0x0
55,hipLaunchKernel,3075363,3075379,815468717055256,815468717080303,25047,6,func,0x7f09e13f1280,gridDim,0x13600000136,blockDim,0x1,args,0x2000000020,sharedMemBytes,0x1,unknown,0x0,,,,,0x0
57,hipLaunchKernel,3075363,3075380,815468717057099,815468717084229,27130,6,func,0x7f09e13f1280,gridDim,0x13600000136,blockDim,0x1,args,0x2000000020,sharedMemBytes,0x1,unknown,0x0,,,,,0x0
103,hipGetLastError,3075363,3075379,815468717103548,815468717120212,16664,1,none,0x7f09dff28e40,,,,,,,,,,,,,,,0x0
102,hipGetLastError,3075363,3075380,815468717102646,815468717122235,19589,1,none,0x7f09dff28e40,,,,,,,,,,,,,,,0x0
137,hipLaunchKernel,3075363,3075380,815468717137828,815468717158149,20321,6,func,0x7f09e13f1280,gridDim,0x13600000136,blockDim,0x1,args,0x2000000020,sharedMemBytes,0x1,unknown,0x0,,,,,0x0
140,hipLaunchKernel,3075363,3075379,815468717139952,815468717165680,25728,6,func,0x7f09e13f1280,gridDim,0x13600000136,blockDim,0x1,args,0x2000000020,sharedMemBytes,0x1,unknown,0x0,,,,,0x0
178,hipGetLastError,3075363,3075379,815468717178509,815468717194322,15813,1,none,0x7f09dff28e40,,,,,,,,,,,,,,,0x0
177,hipGetLastError,3075363,3075380,815468717177147,815468717195604,18457,1,none,0x7f09dff28e40,,,,,,,,,,,,,,,0x0
211,hipLaunchKernel,3075363,3075379,815468717211017,815468717233480,22463,6,func,0x7f09e13f1280,gridDim,0x13600000136,blockDim,0x1,args,0x2000000020,sharedMemBytes,0x1,unknown,0x0,,,,,0x0
209,hipLaunchKernel,3075363,3075380,815468717209385,815468717234922,25537,6,func,0x7f09e13f1280,gridDim,0x13600000136,blockDim,0x1,args,0x2000000020,sharedMemBytes,0x1,unknown,0x0,,,,,0x0
254,hipGetLastError,3075363,3075380,815468717254552,815468717273560,19008,1,none,0x7f09dff28e40,,,,,,,,,,,,,,,0x0
256,hipGetLastError,3075363,3075379,815468717256725,815468717274050,17325,1,none,0x7f09dff28e40,,,,,,,,,,,,,,,0x0
292,hipLaunchKernel,3075363,3075380,815468717292388,815468717313469,21081,6,func,0x7f09e13f1280,gridDim,0x13600000136,blockDim,0x1,args,0x2000000020,sharedMemBytes,0x1,unknown,0x0,,,,,0x0
289,hipLaunchKernel,3075363,3075379,815468717289774,815468717314050,24276,6,func,0x7f09e13f1280,gridDim,0x13600000136,blockDim,0x1,args,0x2000000020,sharedMemBytes,0x1,unknown,0x0,,,,,0x0
331,hipGetLastError,3075363,3075380,815468717330955,815468717346027,15072,1,none,0x7f09dff28e40,,,,,,,,,,,,,,,0x0
334,hipGetLastError,3075363,3075379,815468717334720,815468717354830,20110,1,none,0x7f09dff28e40,,,,,,,,,,,,,,,0x0
360,hipLaunchKernel,3075363,3075380,815468717360909,815468717383383,22474,6,func,0x7f09e13f1280,gridDim,0x13600000136,blockDim,0x1,args,0x2000000020,sharedMemBytes,0x1,unknown,0x0,,,,,0x0
370,hipLaunchKernel,3075363,3075379,815468717370764,815468717403613,32849,6,func,0x7f09e13f1280,gridDim,0x13600000136,blockDim,0x1,args,0x2000000020,sharedMemBytes,0x1,unknown,0x0,,,,,0x0
403,hipGetLastError,3075363,3075380,815468717403472,815468717423622,20150,1,none,0x7f09dff28e40,,,,,,,,,,,,,,,0x0
423,hipGetLastError,3075363,3075379,815468717423492,815468717441679,18187,1,none,0x7f09dff28e40,,,,,,,,,,,,,,,0x0
442,hipLaunchKernel,3075363,3075380,815468717442260,815468717466576,24316,6,func,0x7f09e13f1280,gridDim,0x13600000136,blockDim,0x1,args,0x2000000020,sharedMemBytes,0x1,unknown,0x0,,,,,0x0
459,hipLaunchKernel,3075363,3075379,815468717459776,815468717490121,30345,6,func,0x7f09e13f1280,gridDim,0x13600000136,blockDim,0x1,args,0x2000000020,sharedMemBytes,0x1,unknown,0x0,,,,,0x0
485,hipGetLastError,3075363,3075380,815468717485384,815468717509340,23956,1,none,0x7f09dff28e40,,,,,,,,,,,,,,,0x0
511,hipGetLastError,3075363,3075379,815468717511783,815468717530130,18347,1,none,0x7f09dff28e40,,,,,,,,,,,,,,,0x0
529,hipLaunchKernel,3075363,3075380,815468717529309,815468717557631,28322,6,func,0x7f09e13f1280,gridDim,0x13600000136,blockDim,0x1,args,0x2000000020,sharedMemBytes,0x1,unknown,0x0,,,,,0x0
550,hipLaunchKernel,3075363,3075379,815468717550170,815468717583429,33259,6,func,0x7f09e13f1280,gridDim,0x13600000136,blockDim,0x1,args,0x2000000020,sharedMemBytes,0x1,unknown,0x0,,,,,0x0
575,hipGetLastError,3075363,3075380,815468717575498,815468717594446,18948,1,none,0x7f09dff28e40,,,,,,,,,,,,,,,0x0
596,hipGetLastError,3075363,3075379,815468717596138,815468717613063,16925,1,none,0x7f09dff28e40,,,,,,,,,,,,,,,0x0
613,hipLaunchKernel,3075363,3075380,815468717613214,815468717638161,24947,6,func,0x7f09e13f1280,gridDim,0x13600000136,blockDim,0x1,args,0x2000000020,sharedMemBytes,0x1,unknown,0x0,,,,,0x0
632,hipLaunchKernel,3075363,3075379,815468717632642,815468717660394,27752,6,func,0x7f09e13f1280,gridDim,0x13600000136,blockDim,0x1,args,0x2000000020,sharedMemBytes,0x1,unknown,0x0,,,,,0x0
654,hipGetLastError,3075363,3075380,815468717654385,815468717675716,21331,1,none,0x7f09dff28e40,,,,,,,,,,,,,,,0x0
677,hipGetLastError,3075363,3075379,815468717677219,815468717693212,15993,1,none,0x7f09dff28e40,,,,,,,,,,,,,,,0x0
690,hipLaunchKernel,3075363,3075380,815468717690528,815468717719471,28943,6,func,0x7f09e13f1280,gridDim,0x13600000136,blockDim,0x1,args,0x2000000020,sharedMemBytes,0x1,unknown,0x0,,,,,0x0
713,hipLaunchKernel,3075363,3075379,815468717713613,815468717743116,29503,6,func,0x7f09e13f1280,gridDim,0x13600000136,blockDim,0x1,args,0x2000000020,sharedMemBytes,0x1,unknown,0x0,,,,,0x0
734,hipGetLastError,3075363,3075380,815468717734544,815468717758289,23745,1,none,0x7f09dff28e40,,,,,,,,,,,,,,,0x0
756,hipGetLastError,3075363,3075379,815468717756166,815468717780902,24736,1,none,0x7f09dff28e40,,,,,,,,,,,,,,,0x0
793,hipStreamSynchronize,3075363,3075379,815468717793882,815468720223586,2429704,1,stream,0x7ec988002700,,,,,,,,,,,,,,,0x0
776,hipStreamSynchronize,3075363,3075380,815468717776856,815468720275243,2498387,1,stream,0x7ec9780010b0,,,,,,,,,,,,,,,0x0
256,hipLaunchKernel,3075363,3075379,815468720255994,815468720294481,38487,6,func,0x7f09e13f1280,gridDim,0x13600000136,blockDim,0x1,args,0x2000000020,sharedMemBytes,0x1,unknown,0x0,,,,,0x0
297,hipLaunchKernel,3075363,3075380,815468720297566,815468720322153,24587,6,func,0x7f09e13f1280,gridDim,0x13600000136,blockDim,0x1,args,0x2000000020,sharedMemBytes,0x1,unknown,0x0,,,,,0x0
307,hipGetLastError,3075363,3075379,815468720307160,815468720330815,23655,1,none,0x7f09dff28e40,,,,,,,,,,,,,,,0x0
346,hipGetLastError,3075363,3075380,815468720346849,815468720369583,22734,1,none,0x7f09dff28e40,,,,,,,,,,,,,,,0x0
349,hipLaunchKernel,3075363,3075379,815468720349483,815468720377054,27571,6,func,0x7f09e13f1280,gridDim,0x13600000136,blockDim,0x1,args,0x2000000020,sharedMemBytes,0x1,unknown,0x0,,,,,0x0
392,hipGetLastError,3075363,3075379,815468720392387,815468720409362,16975,1,none,0x7f09dff28e40,,,,,,,,,,,,,,,0x0
395,hipLaunchKernel,3075363,3075380,815468720395481,815468720419928,24447,6,func,0x7f09e13f1280,gridDim,0x13600000136,blockDim,0x1,args,0x2000000020,sharedMemBytes,0x1,unknown,0x0,,,,,0x0
432,hipGetLastError,3075363,3075380,815468720432026,815468720447589,15563,1,none,0x7f09dff28e40,,,,,,,,,,,,,,,0x0
426,hipLaunchKernel,3075363,3075379,815468720426648,815468720456762,30114,6,func,0x7f09e13f1280,gridDim,0x13600000136,blockDim,0x1,args,0x2000000020,sharedMemBytes,0x1,unknown,0x0,,,,,0x0
469,hipGetLastError,3075363,3075379,815468720469441,815468720485455,16014,1,none,0x7f09dff28e40,,,,,,,,,,,,,,,0x0
471,hipLaunchKernel,3075363,3075380,815468720471314,815468720491814,20500,6,func,0x7f09e13f1280,gridDim,0x13600000136,blockDim,0x1,args,0x2000000020,sharedMemBytes,0x1,unknown,0x0,,,,,0x0
506,hipLaunchKernel,3075363,3075379,815468720506446,815468720525374,18928,6,func,0x7f09e13f1280,gridDim,0x13600000136,blockDim,0x1,args,0x2000000020,sharedMemBytes,0x1,unknown,0x3af00000001,,,,,0x0
506,hipLaunchKernel,3075363,3075379,815468720506446,815468720530752,24306,6,func,0x7f09e13f1280,gridDim,0x13600000136,blockDim,0x1,args,0x2000000020,sharedMemBytes,0x1,unknown,0x3af00000001,,,,,0x0
544,hipGetLastError,3075363,3075379,815468720544342,815468720565784,21442,1,none,0x7f09dff28e40,,,,,,,,,,,,,,,0x0
546,hipLaunchKernel,3075363,3075380,815468720546716,815468720570301,23585,6,func,0x7f09e13f1280,gridDim,0x13600000136,blockDim,0x1,args,0x2000000020,sharedMemBytes,0x1,unknown,0x1300000001,,,,,0x0
587,hipGetLastError,3075363,3075380,815468720587206,815468720606945,19739,1,none,0x7f09dff28e40,,,,,,,,,,,,,,,0x0
590,hipLaunchKernel,3075363,3075379,815468720590881,815468720612814,21933,6,func,0x7f09e13f1280,gridDim,0x13600000136,blockDim,0x1,args,0x2000000020,sharedMemBytes,0x1,unknown,0xbf00000000,,,,,0x0
631,hipGetLastError,3075363,3075379,815468720631031,815468720652713,21682,1,none,0x7f09dff28e40,,,,,,,,,,,,,,,0x0
629,hipLaunchKernel,3075363,3075380,815468720629569,815468720653264,23695,6,func,0x7f09e13f1280,gridDim,0x13600000136,blockDim,0x1,args,0x2000000020,sharedMemBytes,0x1,unknown,0x28600000001,,,,,0x0
670,hipGetLastError,3075363,3075380,815468720670319,815468720688366,18047,1,none,0x7f09dff28e40,,,,,,,,,,,,,,,0x0
669,hipLaunchKernel,3075363,3075379,815468720669628,815468720695356,25728,6,func,0x7f09e13f1280,gridDim,0x13600000136,blockDim,0x1,args,0x2000000020,sharedMemBytes,0x1,unknown,0x32200000002,,,,,0x0
712,hipGetLastError,3075363,3075379,815468720712892,815468720729287,16395,1,none,0x7f09dff28e40,,,,,,,,,,,,,,,0x0
712,hipGetLastError,3075363,3075379,815468720712892,815468720737659,24767,1,none,0x7f09dff28e40,,,,,,,,,,,,,,,0x0
751,hipGetLastError,3075363,3075380,815468720751530,815468720766712,15182,1,none,0x7f09dff28e40,,,,,,,,,,,,,,,0x0
752,hipLaunchKernel,3075363,3075379,815468720752411,815468720774674,22263,6,func,0x7f09e13f1280,gridDim,0x13600000136,blockDim,0x1,args,0x2000000020,sharedMemBytes,0x1,unknown,0x37500000000,,,,,0x0
787,hipGetLastError,3075363,3075379,815468720787593,815468720804638,17045,1,none,0x7f09dff28e40,,,,,,,,,,,,,,,0x0
784,hipLaunchKernel,3075363,3075380,815468720784118,815468720807062,22944,6,func,0x7f09e13f1280,gridDim,0x13600000136,blockDim,0x1,args,0x2000000020,sharedMemBytes,0x1,unknown,0x3d800000001,,,,,0x0
825,hipGetLastError,3075363,3075380,815468720825519,815468720843937,18418,1,none,0x7f09dff28e40,,,,,,,,,,,,,,,0x0
828,hipLaunchKernel,3075363,3075379,815468720828444,815468720850016,21572,6,func,0x7f09e13f1280,gridDim,0x13600000136,blockDim,0x1,args,0x2000000020,sharedMemBytes,0x1,unknown,0x13100000000,,,,,0x0
864,hipGetLastError,3075363,3075379,815468720864067,815468720881362,17295,1,none,0x7f09dff28e40,,,,,,,,,,,,,,,0x0
867,hipLaunchKernel,3075363,3075380,815468720867361,815468720887401,20040,6,func,0x7f09e13f1280,gridDim,0x13600000136,blockDim,0x1,args,0x2000000020,sharedMemBytes,0x1,unknown,0x32200000000,,,,,0x0
899,hipLaunchKernel,3075363,3075379,815468720899609,815468720917035,17426,6,func,0x7f09e13f1280,gridDim,0x13600000136,blockDim,0x1,args,0x2000000020,sharedMemBytes,0x1,unknown,0x18e00000000,,,,,0x0
899,hipLaunchKernel,3075363,3075379,815468720899609,815468720920440,20831,6,func,0x7f09e13f1280,gridDim,0x13600000136,blockDim,0x1,args,0x2000000020,sharedMemBytes,0x1,unknown,0x18e00000000,,,,,0x0
939,hipGetLastError,3075363,3075379,815468720939018,815468720961110,22092,1,none,0x7f09dff28e40,,,,,,,,,,,,,,,0x0
938,hipLaunchKernel,3075363,3075380,815468720938707,815468720962993,24286,6,func,0x7f09e13f1280,gridDim,0x13600000136,blockDim,0x1,args,0x2000000020,sharedMemBytes,0x1,unknown,0x21000000000,,,,,0x0
982,hipGetLastError,3075363,3075380,815468720982793,815468721001260,18467,1,none,0x7f09dff28e40,,,,,,,,,,,,,,,0x0
983,hipLaunchKernel,3075363,3075379,815468720983454,815468721009482,26028,6,func,0x7f09e13f1280,gridDim,0x13600000136,blockDim,0x1,args,0x2000000020,sharedMemBytes,0x1,unknown,0x3aa00000003,,,,,0x0
22,hipLaunchKernel,3075363,3075380,815468721022732,815468721045546,22814,6,func,0x7f09e13f1280,gridDim,0x13600000136,blockDim,0x1,args,0x2000000020,sharedMemBytes,0x1,unknown,0x1d700000003,,,,,0x0
26,hipGetLastError,3075363,3075379,815468721026237,815468721045916,19679,1,none,0x7f09dff28e40,,,,,,,,,,,,,,,0x0
64,hipGetLastError,3075363,3075380,815468721064374,815468721081980,17606,1,none,0x7f09dff28e40,,,,,,,,,,,,,,,0x0
68,hipStreamSynchronize,3075363,3075379,815468721067919,815468723510633,2442714,1,stream,0x7ec988002700,,,,,,,,,,,,,,,0x0
107,hipStreamSynchronize,3075363,3075380,815468721107848,815468723559836,2451988,1,stream,0x7ec9780010b0,,,,,,,,,,,,,,,0x0
545,hipLaunchKernel,3075363,3075379,815468723545084,815468723585564,40480,6,func,0x7f09e13f1280,gridDim,0x13600000136,blockDim,0x1,args,0x2000000020,sharedMemBytes,0x1,unknown,0x3ba00000000,,,,,0x0
586,hipLaunchKernel,3075363,3075380,815468723586816,815468723617912,31096,6,func,0x7f09e13f1280,gridDim,0x13600000136,blockDim,0x1,args,0x2000000020,sharedMemBytes,0x1,unknown,0x1bd00000000,,,,,0x0
611,hipGetLastError,3075363,3075379,815468723611332,815468723635598,24266,1,none,0x7f09dff28e40,,,,,,,,,,,,,,,0x0
631,hipGetLastError,3075363,3075380,815468723631442,815468723654927,23485,1,none,0x7f09dff28e40,,,,,,,,,,,,,,,0x0
652,hipLaunchKernel,3075363,3075379,815468723652674,815468723679784,27110,6,func,0x7f09e13f1280,gridDim,0x13600000136,blockDim,0x1,args,0x2000000020,sharedMemBytes,0x1,unknown,0xe700000000,,,,,0x0
667,hipLaunchKernel,3075363,3075380,815468723667666,815468723701055,33389,6,func,0x7f09e13f1280,gridDim,0x13600000136,blockDim,0x1,args,0x2000000020,sharedMemBytes,0x1,unknown,0x3d800000000,,,,,0x0
693,hipGetLastError,3075363,3075379,815468723693294,815468723720805,27511,1,none,0x7f09dff28e40,,,,,,,,,,,,,,,0x0
719,hipGetLastError,3075363,3075380,815468723719132,815468723738791,19659,1,none,0x7f09dff28e40,,,,,,,,,,,,,,,0x0
737,hipLaunchKernel,3075363,3075379,815468723737620,815468723763939,26319,6,func,0x7f09e13f1280,gridDim,0x13600000136,blockDim,0x1,args,0x2000000020,sharedMemBytes,0x1,unknown,0x6500000000,,,,,0x0
754,hipLaunchKernel,3075363,3075380,815468723754825,815468723786853,32028,6,func,0x7f09e13f1280,gridDim,0x13600000136,blockDim,0x1,args,0x2000000020,sharedMemBytes,0x1,unknown,0xc100000000,,,,,0x0
783,hipGetLastError,3075363,3075379,815468723783738,815468723806281,22543,1,none,0x7f09dff28e40,,,,,,,,,,,,,,,0x0
802,hipGetLastError,3075363,3075380,815468723802165,815468723823357,21192,1,none,0x7f09dff28e40,,,,,,,,,,,,,,,0x0
821,hipLaunchKernel,3075363,3075379,815468723821214,815468723848975,27761,6,func,0x7f09e13f1280,gridDim,0x13600000136,blockDim,0x1,args,0x2000000020,sharedMemBytes,0x1,unknown,0x13800000000,,,,,0x0
843,hipLaunchKernel,3075363,3075380,815468723843727,815468723872580,28853,6,func,0x7f09e13f1280,gridDim,0x13600000136,blockDim,0x1,args,0x2000000020,sharedMemBytes,0x1,unknown,0x1cf00000000,,,,,0x0
864,hipGetLastError,3075363,3075379,815468723864728,815468723888093,23365,1,none,0x7f09dff28e40,,,,,,,,,,,,,,,0x0
890,hipGetLastError,3075363,3075380,815468723890496,815468723911057,20561,1,none,0x7f09dff28e40,,,,,,,,,,,,,,,0x0
909,hipLaunchKernel,3075363,3075379,815468723909314,815468723939169,29855,6,func,0x7f09e13f1280,gridDim,0x13600000136,blockDim,0x1,args,0x2000000020,sharedMemBytes,0x1,unknown,0x6000000005,,,,,0x0
929,hipLaunchKernel,3075363,3075380,815468723929304,815468723958848,29544,6,func,0x7f09e13f1280,gridDim,0x13600000136,blockDim,0x1,args,0x2000000020,sharedMemBytes,0x1,unknown,0xc100000002,,,,,0x0
951,hipGetLastError,3075363,3075379,815468723951287,815468723975523,24236,1,none,0x7f09dff28e40,,,,,,,,,,,,,,,0x0
977,hipGetLastError,3075363,3075380,815468723977005,815468723993429,16424,1,none,0x7f09dff28e40,,,,,,,,,,,,,,,0x0
989,hipLaunchKernel,3075363,3075379,815468723988952,815468724023334,34382,6,func,0x7f09e13f1280,gridDim,0x13600000136,blockDim,0x1,args,0x2000000020,sharedMemBytes,0x1,unknown,0x10700000002,,,,,0x0
19,hipLaunchKernel,3075363,3075380,815468724019768,815468724047219,27451,6,func,0x7f09e13f1280,gridDim,0x13600000136,blockDim,0x1,args,0x2000000020,sharedMemBytes,0x1,unknown,0x22100000004,,,,,0x0
41,hipGetLastError,3075363,3075379,815468724040980,815468724065005,24025,1,none,0x7f09dff28e40,,,,,,,,,,,,,,,0x0
61,hipGetLastError,3075363,3075380,815468724061380,815468724081690,20310,1,none,0x7f09dff28e40,,,,,,,,,,,,,,,0x0
82,hipLaunchKernel,3075363,3075379,815468724082822,815468724111835,29013,6,func,0x7f09e13f1280,gridDim,0x13600000136,blockDim,0x1,args,0x2000000020,sharedMemBytes,0x1,unknown,0x6200000002,,,,,0x0
102,hipLaunchKernel,3075363,3075380,815468724102861,815468724134338,31477,6,func,0x7f09e13f1280,gridDim,0x13600000136,blockDim,0x1,args,0x2000000020,sharedMemBytes,0x1,unknown,0x6200000000,,,,,0x0
125,hipGetLastError,3075363,3075379,815468724125175,815468724144643,19468,1,none,0x7f09dff28e40,,,,,,,,,,,,,,,0x0
154,hipGetLastError,3075363,3075380,815468724154398,815468724174458,20060,1,none,0x7f09dff28e40,,,,,,,,,,,,,,,0x0
157,hipLaunchKernel,3075363,3075379,815468724157903,815468724182820,24917,6,func,0x7f09e13f1280,gridDim,0x13600000136,blockDim,0x1,args,0x2000000020,sharedMemBytes,0x1,unknown,0x9700000000,,,,,0x0
199,hipGetLastError,3075363,3075379,815468724198994,815468724215469,16475,1,none,0x7f09dff28e40,,,,,,,,,,,,,,,0x0
198,hipLaunchKernel,3075363,3075380,815468724198143,815468724222239,24096,6,func,0x7f09e13f1280,gridDim,0x13600000136,blockDim,0x1,args,0x2000000020,sharedMemBytes,0x1,unknown,0x14600000000,,,,,0x0
234,hipGetLastError,3075363,3075380,815468724234467,815468724254136,19669,1,none,0x7f09dff28e40,,,,,,,,,,,,,,,0x0
242,hipLaunchKernel,3075363,3075379,815468724242058,815468724266975,24917,6,func,0x7f09e13f1280,gridDim,0x13600000136,blockDim,0x1,args,0x2000000020,sharedMemBytes,0x1,unknown,0x19200000000,,,,,0x0
277,hipLaunchKernel,3075363,3075380,815468724277671,815468724297881,20210,6,func,0x7f09e13f1280,gridDim,0x13600000136,blockDim,0x1,args,0x2000000020,sharedMemBytes,0x1,unknown,0x33c00000006,,,,,0x0
286,hipGetLastError,3075363,3075379,815468724286684,815468724308527,21843,1,none,0x7f09dff28e40,,,,,,,,,,,,,,,0x0
324,hipGetLastError,3075363,3075380,815468724324580,815468724344820,20240,1,none,0x7f09dff28e40,,,,,,,,,,,,,,,0x0
325,hipLaunchKernel,3075363,3075379,815468724325672,815468724350519,24847,6,func,0x7f09e13f1280,gridDim,0x13600000136,blockDim,0x1,args,0x2000000020,sharedMemBytes,0x1,unknown,0x5300000000,,,,,0x0
363,hipGetLastError,3075363,3075379,815468724363759,815468724382236,18477,1,none,0x7f09dff28e40,,,,,,,,,,,,,,,0x0
366,hipLaunchKernel,3075363,3075380,815468724366533,815468724387894,21361,6,func,0x7f09e13f1280,gridDim,0x13600000136,blockDim,0x1,args,0x2000000020,sharedMemBytes,0x1,unknown,0x1e700000000,,,,,0x0
402,hipStreamSynchronize,3075363,3075379,815468724402796,815468724421955,19159,1,stream,0x7ec988002700,,,,,,,,,,,,,,,0x0
402,hipStreamSynchronize,3075363,3075379,815468724402796,815468726748587,2345791,1,stream,0x7ec988002700,,,,,,,,,,,,,,,0x0
442,hipStreamSynchronize,3075363,3075380,815468724442085,815468726806342,2364257,1,stream,0x7ec9780010b0,,,,,,,,,,,,,,,0x0
783,hipLaunchKernel,3075363,3075379,815468726783669,815468726822987,39318,6,func,0x7f09e13f1280,gridDim,0x13600000136,blockDim,0x1,args,0x2000000020,sharedMemBytes,0x1,unknown,0x31f00000000,,,,,0x0
829,hipLaunchKernel,3075363,3075380,815468726829186,815468726851920,22734,6,func,0x7f09e13f1280,gridDim,0x13600000136,blockDim,0x1,args,0x2000000020,sharedMemBytes,0x1,unknown,0xc700000003,,,,,0x0
835,hipGetLastError,3075363,3075379,815468726835506,815468726859902,24396,1,none,0x7f09dff28e40,,,,,,,,,,,,,,,0x0
879,hipGetLastError,3075363,3075380,815468726879801,815468726896496,16695,1,none,0x7f09dff28e40,,,,,,,,,,,,,,,0x0
876,hipLaunchKernel,3075363,3075379,815468726876016,815468726898819,22803,6,func,0x7f09e13f1280,gridDim,0x13600000136,blockDim,0x1,args,0x2000000020,sharedMemBytes,0x1,unknown,0x12d00000006,,,,,0x0
915,hipGetLastError,3075363,3075379,815468726914973,815468726932049,17076,1,none,0x7f09dff28e40,,,,,,,,,,,,,,,0x0
916,hipLaunchKernel,3075363,3075380,815468726916075,815468726940952,24877,6,func,0x7f09e13f1280,gridDim,0x13600000136,blockDim,0x1,args,0x2000000020,sharedMemBytes,0x1,unknown,0x2fe00000000,,,,,0x0
953,hipGetLastError,3075363,3075380,815468726953020,815468726970556,17536,1,none,0x7f09dff28e40,,,,,,,,,,,,,,,0x0
954,hipLaunchKernel,3075363,3075379,815468726954732,815468726977086,22354,6,func,0x7f09e13f1280,gridDim,0x13600000136,blockDim,0x1,args,0x2000000020,sharedMemBytes,0x1,unknown,0x3ac00000000,,,,,0x0
989,hipGetLastError,3075363,3075379,815468726989584,815468727005368,15784,1,none,0x7f09dff28e40,,,,,,,,,,,,,,,0x0
992,hipLaunchKernel,3075363,3075380,815468726992058,815468727017105,25047,6,func,0x7f09e13f1280,gridDim,0x13600000136,blockDim,0x1,args,0x2000000020,sharedMemBytes,0x1,unknown,0x3d00000000,,,,,0x0
29,hipGetLastError,3075363,3075380,815468727029664,815468727047059,17395,1,none,0x7f09dff28e40,,,,,,,,,,,,,,,0x0
29,hipGetLastError,3075363,3075380,815468727029664,815468727055582,25918,1,none,0x7f09dff28e40,,,,,,,,,,,,,,,0x0
68,hipGetLastError,3075363,3075379,815468727068331,815468727087940,19609,1,none,0x7f09dff28e40,,,,,,,,,,,,,,,0x0
71,hipLaunchKernel,3075363,3075380,815468727071255,815468727094340,23085,6,func,0x7f09e13f1280,gridDim,0x13600000136,blockDim,0x1,args,0x2000000020,sharedMemBytes,0x1,unknown,0x11100000000,,,,,0x0
110,hipGetLastError,3075363,3075380,815468727110684,815468727124604,13920,1,none,0x7f09dff28e40,,,,,,,,,,,,,,,0x0
111,hipLaunchKernel,3075363,3075379,815468727111705,815468727133728,22023,6,func,0x7f09e13f1280,gridDim,0x13600000136,blockDim,0x1,args,0x2000000020,sharedMemBytes,0x1,unknown,0x18500000000,,,,,0x0
140,hipLaunchKernel,3075363,3075380,815468727140268,815468727162811,22543,6,func,0x7f09e13f1280,gridDim,0x13600000136,blockDim,0x1,args,0x2000000020,sharedMemBytes,0x1,unknown,0x1f700000001,,,,,0x0
149,hipGetLastError,3075363,3075379,815468727149141,815468727176311,27170,1,none,0x7f09dff28e40,,,,,,,,,,,,,,,0x0
183,hipGetLastError,3075363,3075380,815468727183482,815468727199836,16354,1,none,0x7f09dff28e40,,,,,,,,,,,,,,,0x0
192,hipLaunchKernel,3075363,3075379,815468727192045,815468727220837,28792,6,func,0x7f09e13f1280,gridDim,0x13600000136,blockDim,0x1,args,0x2000000020,sharedMemBytes,0x1,unknown,0x26700000001,,,,,0x0
215,hipLaunchKernel,3075363,3075380,815468727215860,815468727245544,29684,6,func,0x7f09e13f1280,gridDim,0x13600000136,blockDim,0x1,args,0x2000000020,sharedMemBytes,0x1,unknown,0x2a000000006,,,,,0x0
237,hipGetLastError,3075363,3075379,815468727237592,815468727261628,24036,1,none,0x7f09dff28e40,,,,,,,,,,,,,,,0x0
270,hipGetLastError,3075363,3075380,815468727270691,815468727293285,22594,1,none,0x7f09dff28e40,,,,,,,,,,,,,,,0x0
277,hipLaunchKernel,3075363,3075379,815468727277822,815468727300455,22633,6,func,0x7f09e13f1280,gridDim,0x13600000136,blockDim,0x1,args,0x2000000020,sharedMemBytes,0x1,unknown,0x34b00000001,,,,,0x0
317,hipGetLastError,3075363,3075379,815468727317100,815468727333234,16134,1,none,0x7f09dff28e40,,,,,,,,,,,,,,,0x0
314,hipLaunchKernel,3075363,3075380,815468727314837,815468727339093,24256,6,func,0x7f09e13f1280,gridDim,0x13600000136,blockDim,0x1,args,0x2000000020,sharedMemBytes,0x1,unknown,0x38500000000,,,,,0x0
354,hipLaunchKernel,3075363,3075379,815468727354616,815468727372993,18377,6,func,0x7f09e13f1280,gridDim,0x13600000136,blockDim,0x1,args,0x2000000020,sharedMemBytes,0x1,unknown,0x3dc00000006,,,,,0x0
354,hipLaunchKernel,3075363,3075379,815468727354616,815468727380744,26128,6,func,0x7f09e13f1280,gridDim,0x13600000136,blockDim,0x1,args,0x2000000020,sharedMemBytes,0x1,unknown,0x3dc00000006,,,,,0x0
394,hipLaunchKernel,3075363,3075380,815468727394775,815468727417669,22894,6,func,0x7f09e13f1280,gridDim,0x13600000136,blockDim,0x1,args,0x2000000020,sharedMemBytes,0x1,unknown,0x4600000000,,,,,0x0
401,hipGetLastError,3075363,3075379,815468727401655,815468727421425,19770,1,none,0x7f09dff28e40,,,,,,,,,,,,,,,0x0
436,hipGetLastError,3075363,3075380,815468727436447,815468727452481,16034,1,none,0x7f09dff28e40,,,,,,,,,,,,,,,0x0
433,hipLaunchKernel,3075363,3075379,815468727433773,815468727459141,25368,6,func,0x7f09e13f1280,gridDim,0x13600000136,blockDim,0x1,args,0x2000000020,sharedMemBytes,0x1,unknown,0xae00000000,,,,,0x0
474,hipGetLastError,3075363,3075379,815468727474323,815468727490888,16565,1,none,0x7f09dff28e40,,,,,,,,,,,,,,,0x0
475,hipLaunchKernel,3075363,3075380,815468727475535,815468727496576,21041,6,func,0x7f09e13f1280,gridDim,0x13600000136,blockDim,0x1,args,0x2000000020,sharedMemBytes,0x1,unknown,0x15d00000006,,,,,0x0
512,hipGetLastError,3075363,3075380,815468727512490,815468727535815,23325,1,none,0x7f09dff28e40,,,,,,,,,,,,,,,0x0
512,hipGetLastError,3075363,3075380,815468727512490,815468727539750,27260,1,none,0x7f09dff28e40,,,,,,,,,,,,,,,0x0
556,hipGetLastError,3075363,3075379,815468727556355,815468727572809,16454,1,none,0x7f09dff28e40,,,,,,,,,,,,,,,0x0
553,hipLaunchKernel,3075363,3075380,815468727553881,815468727574252,20371,6,func,0x7f09e13f1280,gridDim,0x13600000136,blockDim,0x1,args,0x2000000020,sharedMemBytes,0x1,unknown,0x20c00000000,,,,,0x0
594,hipGetLastError,3075363,3075380,815468727593961,815468727612378,18417,1,none,0x7f09dff28e40,,,,,,,,,,,,,,,0x0
591,hipStreamSynchronize,3075363,3075379,815468727591838,815468729964478,2372640,1,stream,0x7ec988002700,,,,,,,,,,,,,,,0x0
629,hipStreamSynchronize,3075363,3075380,815468727629413,815468730016885,2387472,1,stream,0x7ec9780010b0,,,,,,,,,,,,,,,0x0
999,hipLaunchKernel,3075363,3075379,815468729999409,815468730038217,38808,6,func,0x7f09e13f1280,gridDim,0x13600000136,blockDim,0x1,args,0x2000000020,sharedMemBytes,0x1,unknown,0x32900000006,,,,,0x0
41,hipLaunchKernel,3075363,3075380,815468730041382,815468730066779,25397,6,func,0x7f09e13f1280,gridDim,0x13600000136,blockDim,0x1,args,0x2000000020,sharedMemBytes,0x1,unknown,0x36400000000,,,,,0x0
53,hipGetLastError,3075363,3075379,815468730053500,815468730077435,23935,1,none,0x7f09dff28e40,,,,,,,,,,,,,,,0x0
88,hipGetLastError,3075363,3075380,815468730088432,815468730107940,19508,1,none,0x7f09dff28e40,,,,,,,,,,,,,,,0x0
90,hipLaunchKernel,3075363,3075379,815468730090204,815468730113979,23775,6,func,0x7f09e13f1280,gridDim,0x13600000136,blockDim,0x1,args,0x2000000020,sharedMemBytes,0x1,unknown,0x2600000001,,,,,0x0
131,hipGetLastError,3075363,3075379,815468730131576,815468730147709,16133,1,none,0x7f09dff28e40,,,,,,,,,,,,,,,0x0
130,hipLaunchKernel,3075363,3075380,815468730130584,815468730153598,23014,6,func,0x7f09e13f1280,gridDim,0x13600000136,blockDim,0x1,args,0x2000000020,sharedMemBytes,0x1,unknown,0xb400000000,,,,,0x0
168,hipGetLastError,3075363,3075380,815468730167970,815468730190383,22413,1,none,0x7f09dff28e40,,,,,,,,,,,,,,,0x0
169,hipLaunchKernel,3075363,3075379,815468730169642,815468730194739,25097,6,func,0x7f09e13f1280,gridDim,0x13600000136,blockDim,0x1,args,0x2000000020,sharedMemBytes,0x1,unknown,0x16700000001,,,,,0x0
214,hipGetLastError,3075363,3075379,815468730214609,815468730232305,17696,1,none,0x7f09dff28e40,,,,,,,,,,,,,,,0x0
212,hipLaunchKernel,3075363,3075380,815468730212175,815468730236932,24757,6,func,0x7f09e13f1280,gridDim,0x13600000136,blockDim,0x1,args,0x2000000020,sharedMemBytes,0x1,unknown,0x19e00000000,,,,,0x0
250,hipLaunchKernel,3075363,3075379,815468730250802,815468730270842,20040,6,func,0x7f09e13f1280,gridDim,0x13600000136,blockDim,0x1,args,0x2000000020,sharedMemBytes,0x1,unknown,0x24e00000001,,,,,0x0
250,hipLaunchKernel,3075363,3075379,815468730250802,815468730277312,26510,6,func,0x7f09e13f1280,gridDim,0x13600000136,blockDim,0x1,args,0x2000000020,sharedMemBytes,0x1,unknown,0x24e00000001,,,,,0x0
294,hipGetLastError,3075363,3075379,815468730293916,815468730310902,16986,1,none,0x7f09dff28e40,,,,,,,,,,,,,,,0x0
291,hipLaunchKernel,3075363,3075380,815468730291503,815468730315438,23935,6,func,0x7f09e13f1280,gridDim,0x13600000136,blockDim,0x1,args,0x2000000020,sharedMemBytes,0x1,unknown,0x28100000000,,,,,0x0
335,hipGetLastError,3075363,3075380,815468730335528,815468730351091,15563,1,none,0x7f09dff28e40,,,,,,,,,,,,,,,0x0
333,hipLaunchKernel,3075363,3075379,815468730333695,815468730358052,24357,6,func,0x7f09e13f1280,gridDim,0x13600000136,blockDim,0x1,args,0x2000000020,sharedMemBytes,0x1,unknown,0x2f600000000,,,,,0x0
367,hipLaunchKernel,3075363,3075380,815468730367415,815468730390410,22995,6,func,0x7f09e13f1280,gridDim,0x13600000136,blockDim,0x1,args,0x2000000020,sharedMemBytes,0x1,unknown,0x36b00000000,,,,,0x0
371,hipGetLastError,3075363,3075379,815468730371121,815468730391381,20260,1,none,0x7f09dff28e40,,,,,,,,,,,,,,,0x0
409,hipGetLastError,3075363,3075380,815468730409247,815468730428336,19089,1,none,0x7f09dff28e40,,,,,,,,,,,,,,,0x0
412,hipLaunchKernel,3075363,3075379,815468730412002,815468730433674,21672,6,func,0x7f09e13f1280,gridDim,0x13600000136,blockDim,0x1,args,0x2000000020,sharedMemBytes,0x1,unknown,0x3700000001,,,,,0x0
448,hipGetLastError,3075363,3075379,815468730448426,815468730464179,15753,1,none,0x7f09dff28e40,,,,,,,,,,,,,,,0x0
450,hipLaunchKernel,3075363,3075380,815468730450318,815468730471820,21502,6,func,0x7f09e13f1280,gridDim,0x13600000136,blockDim,0x1,args,0x2000000020,sharedMemBytes,0x1,unknown,0xa800000001,,,,,0x0
487,hipGetLastError,3075363,3075380,815468730487253,815468730502225,14972,1,none,0x7f09dff28e40,,,,,,,,,,,,,,,0x0
491,hipLaunchKernel,3075363,3075379,815468730491770,815468730516997,25227,6,func,0x7f09e13f1280,gridDim,0x13600000136,blockDim,0x1,args,0x2000000020,sharedMemBytes,0x1,unknown,0x11c00000001,,,,,0x0
520,hipLaunchKernel,3075363,3075380,815468730520082,815468730541964,21882,6,func,0x7f09e13f1280,gridDim,0x13600000136,blockDim,0x1,args,0x2000000020,sharedMemBytes,0x1,unknown,0x14d00000000,,,,,0x0
536,hipGetLastError,3075363,3075379,815468730536206,815468730560442,24236,1,none,0x7f09dff28e40,,,,,,,,,,,,,,,0x0
559,hipGetLastError,3075363,3075380,815468730559641,815468730583706,24065,1,none,0x7f09dff28e40,,,,,,,,,,,,,,,0x0
581,hipLaunchKernel,3075363,3075379,815468730581703,815468730607622,25919,6,func,0x7f09e13f1280,gridDim,0x13600000136,blockDim,0x1,args,0x2000000020,sharedMemBytes,0x1,unknown,0x23300000006,,,,,0x0
598,hipLaunchKernel,3075363,3075380,815468730598318,815468730625008,26690,6,func,0x7f09e13f1280,gridDim,0x13600000136,blockDim,0x1,args,0x2000000020,sharedMemBytes,0x1,unknown,0x27200000001,,,,,0x0
633,hipGetLastError,3075363,3075379,815468730633841,815468730650716,16875,1,none,0x7f09dff28e40,,,,,,,,,,,,,,,0x0
640,hipGetLastError,3075363,3075380,815468730640841,815468730663835,22994,1,none,0x7f09dff28e40,,,,,,,,,,,,,,,0x0
683,hipLaunchKernel,3075363,3075380,815468730683765,815468730703975,20210,6,func,0x7f09e13f1280,gridDim,0x13600000136,blockDim,0x1,args,0x2000000020,sharedMemBytes,0x1,unknown,0x35700000001,,,,,0x0
672,hipLaunchKernel,3075363,3075379,815468730672819,815468730705898,33079,6,func,0x7f09e13f1280,gridDim,0x13600000136,blockDim,0x1,args,0x2000000020,sharedMemBytes,0x1,unknown,0x31a00000000,,,,,0x0
725,hipGetLastError,3075363,3075380,815468730725166,815468730741030,15864,1,none,0x7f09dff28e40,,,,,,,,,,,,,,,0x0
723,hipGetLastError,3075363,3075379,815468730723794,815468730744635,20841,1,none,0x7f09dff28e40,,,,,,,,,,,,,,,0x0
754,hipLaunchKernel,3075363,3075380,815468730754279,815468730773268,18989,6,func,0x7f09e13f1280,gridDim,0x13600000136,blockDim,0x1,args,0x2000000020,sharedMemBytes,0x1,unknown,0x1b00000000,,,,,0x0
757,hipLaunchKernel,3075363,3075379,815468730757895,815468730783403,25508,6,func,0x7f09e13f1280,gridDim,0x13600000136,blockDim,0x1,args,0x2000000020,sharedMemBytes,0x1,unknown,0x5500000001,,,,,0x0
793,hipGetLastError,3075363,3075380,815468730793488,815468730810993,17505,1,none,0x7f09dff28e40,,,,,,,,,,,,,,,0x0
796,hipGetLastError,3075363,3075379,815468730796472,815468730813257,16785,1,none,0x7f09dff28e40,,,,,,,,,,,,,,,0x0
832,hipStreamSynchronize,3075363,3075379,815468730832495,815468733169783,2337288,1,stream,0x7ec988002700,,,,,,,,,,,,,,,0x0
830,hipStreamSynchronize,3075363,3075380,815468730829912,815468733211765,2381853,1,stream,0x7ec9780010b0,,,,,,,,,,,,,,,0x0
203,hipLaunchKernel,3075363,3075379,815468733203263,815468733230113,26850,6,func,0x7f09e13f1280,gridDim,0x13600000136,blockDim,0x1,args,0x2000000020,sharedMemBytes,0x1,unknown,0x17400000006,,,,,0x0
234,hipLaunchKernel,3075363,3075380,815468733234890,815468733259576,24686,6,func,0x7f09e13f1280,gridDim,0x13600000136,blockDim,0x1,args,0x2000000020,sharedMemBytes,0x1,unknown,0x1b100000000,,,,,0x0
247,hipGetLastError,3075363,3075379,815468733247268,815468733273938,26670,1,none,0x7f09dff28e40,,,,,,,,,,,,,,,0x0
283,hipGetLastError,3075363,3075380,815468733283612,815468733304854,21242,1,none,0x7f09dff28e40,,,,,,,,,,,,,,,0x0
287,hipLaunchKernel,3075363,3075379,815468733287237,815468733312635,25398,6,func,0x7f09e13f1280,gridDim,0x13600000136,blockDim,0x1,args,0x2000000020,sharedMemBytes,0x1,unknown,0x25c00000001,,,,,0x0
329,hipGetLastError,3075363,3075379,815468733329841,815468733349920,20079,1,none,0x7f09dff28e40,,,,,,,,,,,,,,,0x0
330,hipLaunchKernel,3075363,3075380,815468733330391,815468733356720,26329,6,func,0x7f09e13f1280,gridDim,0x13600000136,blockDim,0x1,args,0x2000000020,sharedMemBytes,0x1,unknown,0x2d400000001,,,,,0x0
372,hipGetLastError,3075363,3075380,815468733371983,815468733387086,15103,1,none,0x7f09dff28e40,,,,,,,,,,,,,,,0x0
374,hipLaunchKernel,3075363,3075379,815468733374266,815468733396389,22123,6,func,0x7f09e13f1280,gridDim,0x13600000136,blockDim,0x1,args,0x2000000020,sharedMemBytes,0x1,unknown,0x34c00000001,,,,,0x0
405,hipLaunchKernel,3075363,3075380,815468733405793,815468733429108,23315,6,func,0x7f09e13f1280,gridDim,0x13600000136,blockDim,0x1,args,0x2000000020,sharedMemBytes,0x1,unknown,0x37c00000000,,,,,0x0
415,hipGetLastError,3075363,3075379,815468733415317,815468733440875,25558,1,none,0x7f09dff28e40,,,,,,,,,,,,,,,0x0
450,hipGetLastError,3075363,3075380,815468733450570,815468733476739,26169,1,none,0x7f09dff28e40,,,,,,,,,,,,,,,0x0
458,hipLaunchKernel,3075363,3075379,815468733458471,815468733478942,20471,6,func,0x7f09e13f1280,gridDim,0x13600000136,blockDim,0x1,args,0x2000000020,sharedMemBytes,0x1,unknown,0x4400000001,,,,,0x0
496,hipGetLastError,3075363,3075379,815468733496368,815468733516688,20320,1,none,0x7f09dff28e40,,,,,,,,,,,,,,,0x0
499,hipLaunchKernel,3075363,3075380,815468733499262,815468733523568,24306,6,func,0x7f09e13f1280,gridDim,0x13600000136,blockDim,0x1,args,0x2000000020,sharedMemBytes,0x1,unknown,0xb600000001,,,,,0x0
534,hipGetLastError,3075363,3075380,815468733534414,815468733549276,14862,1,none,0x7f09dff28e40,,,,,,,,,,,,,,,0x0
538,hipLaunchKernel,3075363,3075379,815468733538049,815468733561564,23515,6,func,0x7f09e13f1280,gridDim,0x13600000136,blockDim,0x1,args,0x2000000020,sharedMemBytes,0x1,unknown,0x12900000001,,,,,0x0
574,hipGetLastError,3075363,3075379,815468733574233,815468733593111,18878,1,none,0x7f09dff28e40,,,,,,,,,,,,,,,0x0
572,hipLaunchKernel,3075363,3075380,815468733572641,815468733596797,24156,6,func,0x7f09e13f1280,gridDim,0x13600000136,blockDim,0x1,args,0x2000000020,sharedMemBytes,0x1,unknown,0x16100000000,,,,,0x0
615,hipGetLastError,3075363,3075380,815468733615575,815468733635624,20049,1,none,0x7f09dff28e40,,,,,,,,,,,,,,,0x0
616,hipLaunchKernel,3075363,3075379,815468733616266,815468733642344,26078,6,func,0x7f09e13f1280,gridDim,0x13600000136,blockDim,0x1,args,0x2000000020,sharedMemBytes,0x1,unknown,0x20d00000001,,,,,0x0
659,hipGetLastError,3075363,3075379,815468733658999,815468733675483,16484,1,none,0x7f09dff28e40,,,,,,,,,,,,,,,0x0
656,hipLaunchKernel,3075363,3075380,815468733655944,815468733681202,25258,6,func,0x7f09e13f1280,gridDim,0x13600000136,blockDim,0x1,args,0x2000000020,sharedMemBytes,0x1,unknown,0x24500000000,,,,,0x0
697,hipGetLastError,3075363,3075380,815468733697035,815468733711567,14532,1,none,0x7f09dff28e40,,,,,,,,,,,,,,,0x0
701,hipLaunchKernel,3075363,3075379,815468733701292,815468733726319,25027,6,func,0x7f09e13f1280,gridDim,0x13600000136,blockDim,0x1,args,0x2000000020,sharedMemBytes,0x1,unknown,0x2f800000001,,,,,0x0
727,hipLaunchKernel,3075363,3075380,815468733727260,815468733753920,26660,6,func,0x7f09e13f1280,gridDim,0x13600000136,blockDim,0x1,args,0x2000000020,sharedMemBytes,0x1,unknown,0x32f00000000,,,,,0x0
746,hipGetLastError,3075363,3075379,815468733746889,815468733769673,22784,1,none,0x7f09dff28e40,,,,,,,,,,,,,,,0x0
779,hipGetLastError,3075363,3075380,815468733779778,815468733799517,19739,1,none,0x7f09dff28e40,,,,,,,,,,,,,,,0x0
783,hipLaunchKernel,3075363,3075379,815468733783083,815468733805586,22503,6,func,0x7f09e13f1280,gridDim,0x13600000136,blockDim,0x1,args,0x2000000020,sharedMemBytes,0x1,unknown,0x3c300000006,,,,,0x0
822,hipGetLastError,3075363,3075379,815468733822431,815468733841470,19039,1,none,0x7f09dff28e40,,,,,,,,,,,,,,,0x0
824,hipLaunchKernel,3075363,3075380,815468733824444,815468733847739,23295,6,func,0x7f09e13f1280,gridDim,0x13600000136,blockDim,0x1,args,0x2000000020,sharedMemBytes,0x1,unknown,0x5500000006,,,,,0x0
859,hipGetLastError,3075363,3075380,815468733859196,815468733877103,17907,1,none,0x7f09dff28e40,,,,,,,,,,,,,,,0x0
862,hipLaunchKernel,3075363,3075379,815468733862140,815468733883592,21452,6,func,0x7f09e13f1280,gridDim,0x13600000136,blockDim,0x1,args,0x2000000020,sharedMemBytes,0x1,unknown,0xc500000006,,,,,0x0
899,hipGetLastError,3075363,3075379,815468733899426,815468733920477,21051,1,none,0x7f09dff28e40,,,,,,,,,,,,,,,0x0
899,hipGetLastError,3075363,3075379,815468733899426,815468733923822,24396,1,none,0x7f09dff28e40,,,,,,,,,,,,,,,0x0
941,hipGetLastError,3075363,3075380,815468733940997,815468733962339,21342,1,none,0x7f09dff28e40,,,,,,,,,,,,,,,0x0
942,hipLaunchKernel,3075363,3075379,815468733942570,815468733966225,23655,6,func,0x7f09e13f1280,gridDim,0x13600000136,blockDim,0x1,args,0x2000000020,sharedMemBytes,0x1,unknown,0x1a600000006,,,,,0x0
982,hipGetLastError,3075363,3075379,815468733981938,815468733998543,16605,1,none,0x7f09dff28e40,,,,,,,,,,,,,,,0x0
981,hipLaunchKernel,3075363,3075380,815468733981558,815468734004782,23224,6,func,0x7f09e13f1280,gridDim,0x13600000136,blockDim,0x1,args,0x2000000020,sharedMemBytes,0x1,unknown,0x1e400000000,,,,,0x0
17,hipGetLastError,3075363,3075380,815468734017741,815468734031802,14061,1,none,0x7f09dff28e40,,,,,,,,,,,,,,,0x0
20,hipStreamSynchronize,3075363,3075379,815468734020585,815468736354849,2334264,1,stream,0x7ec988002700,,,,,,,,,,,,,,,0x0
50,hipStreamSynchronize,3075363,3075380,815468734050239,815468736402499,2352260,1,stream,0x7ec9780010b0,,,,,,,,,,,,,,,0x0
389,hipLaunchKernel,3075363,3075379,815468736389150,815468736425143,35993,6,func,0x7f09e13f1280,gridDim,0x13600000136,blockDim,0x1,args,0x2000000020,sharedMemBytes,0x1,unknown,0x30300000006,,,,,0x0
420,hipLaunchKernel,3075363,3075380,815468736420446,815468736448478,28032,6,func,0x7f09e13f1280,gridDim,0x13600000136,blockDim,0x1,args,0x2000000020,sharedMemBytes,0x1,unknown,0x34100000001,,,,,0x0
441,hipGetLastError,3075363,3075379,815468736441618,815468736465613,23995,1,none,0x7f09dff28e40,,,,,,,,,,,,,,,0x0
464,hipGetLastError,3075363,3075380,815468736463951,815468736486174,22223,1,none,0x7f09dff28e40,,,,,,,,,,,,,,,0x0
486,hipLaunchKernel,3075363,3075379,815468736485943,815468736514846,28903,6,func,0x7f09e13f1280,gridDim,0x13600000136,blockDim,0x1,args,0x2000000020,sharedMemBytes,0x1,unknown,0x800000000,,,,,0x0
504,hipLaunchKernel,3075363,3075380,815468736504160,815468736543068,38908,6,func,0x7f09e13f1280,gridDim,0x13600000136,blockDim,0x1,args,0x2000000020,sharedMemBytes,0x1,unknown,0x2800000006,,,,,0x0
537,hipGetLastError,3075363,3075379,815468736537520,815468736562447,24927,1,none,0x7f09dff28e40,,,,,,,,,,,,,,,0x0
561,hipGetLastError,3075363,3075380,815468736561616,815468736580884,19268,1,none,0x7f09dff28e40,,,,,,,,,,,,,,,0x0
600,hipLaunchKernel,3075363,3075380,815468736600273,815468736622686,22413,6,func,0x7f09e13f1280,gridDim,0x13600000136,blockDim,0x1,args,0x2000000020,sharedMemBytes,0x1,unknown,0x11300000006,,,,,0x0
646,hipGetLastError,3075363,3075380,815468736646111,815468736669916,23805,1,none,0x7f09dff28e40,,,,,,,,,,,,,,,0x0
692,hipLaunchKernel,3075363,3075380,815468736692820,815468736723616,30796,6,func,0x7f09e13f1280,gridDim,0x13600000136,blockDim,0x1,args,0x2000000020,sharedMemBytes,0x1,unknown,0x18500000006,,,,,0x0
579,hipLaunchKernel,3075363,3075379,815468736579252,815468736726650,147398,6,func,0x7f09e13f1280,gridDim,0x13600000136,blockDim,0x1,args,0x2000000020,sharedMemBytes,0x1,unknown,0xdc00000001,,,,,0x0
743,hipGetLastError,3075363,3075380,815468736743455,815468736757196,13741,1,none,0x7f09dff28e40,,,,,,,,,,,,,,,0x0
747,hipGetLastError,3075363,3075379,815468736747652,815468736767801,20149,1,none,0x7f09dff28e40,,,,,,,,,,,,,,,0x0
768,hipLaunchKernel,3075363,3075380,815468736768683,815468736789423,20740,6,func,0x7f09e13f1280,gridDim,0x13600000136,blockDim,0x1,args,0x2000000020,sharedMemBytes,0x1,unknown,0x23700000000,,,,,0x0
785,hipLaunchKernel,3075363,3075379,815468736784937,815468736815883,30946,6,func,0x7f09e13f1280,gridDim,0x13600000136,blockDim,0x1,args,0x2000000020,sharedMemBytes,0x1,unknown,0x26600000006,,,,,0x0
805,hipGetLastError,3075363,3075380,815468736804937,815468736825066,20129,1,none,0x7f09dff28e40,,,,,,,,,,,,,,,0x0
839,hipLaunchKernel,3075363,3075380,815468736839788,815468736860910,21122,6,func,0x7f09e13f1280,gridDim,0x13600000136,blockDim,0x1,args,0x2000000020,sharedMemBytes,0x1,unknown,0x2db00000000,,,,,0x0
843,hipGetLastError,3075363,3075379,815468736843023,815468736862282,19259,1,none,0x7f09dff28e40,,,,,,,,,,,,,,,0x0
876,hipGetLastError,3075363,3075380,815468736876723,815468736893438,16715,1,none,0x7f09dff28e40,,,,,,,,,,,,,,,0x0
874,hipLaunchKernel,3075363,3075379,815468736874760,815468736900008,25248,6,func,0x7f09e13f1280,gridDim,0x13600000136,blockDim,0x1,args,0x2000000020,sharedMemBytes,0x1,unknown,0x35000000000,,,,,0x0
916,hipGetLastError,3075363,3075379,815468736916873,815468736933738,16865,1,none,0x7f09dff28e40,,,,,,,,,,,,,,,0x0
913,hipLaunchKernel,3075363,3075380,815468736913628,815468736939426,25798,6,func,0x7f09e13f1280,gridDim,0x13600000136,blockDim,0x1,args,0x2000000020,sharedMemBytes,0x1,unknown,0x3bc00000000,,,,,0x0
953,hipGetLastError,3075363,3075380,815468736953898,815468736971894,17996,1,none,0x7f09dff28e40,,,,,,,,,,,,,,,0x0
952,hipLaunchKernel,3075363,3075379,815468736952355,815468736978083,25728,6,func,0x7f09e13f1280,gridDim,0x13600000136,blockDim,0x1,args,0x2000000020,sharedMemBytes,0x1,unknown,0x4600000000,,,,,0x0
990,hipGetLastError,3075363,3075379,815468736990612,815468737007006,16394,1,none,0x7f09dff28e40,,,,,,,,,,,,,,,0x0
989,hipLaunchKernel,3075363,3075380,815468736989731,815468737013195,23464,6,func,0x7f09e13f1280,gridDim,0x13600000136,blockDim,0x1,args,0x2000000020,sharedMemBytes,0x1,unknown,0xbd00000000,,,,,0x0
28,hipGetLastError,3075363,3075380,815468737028809,815468737042950,14141,1,none,0x7f09dff28e40,,,,,,,,,,,,,,,0x0
30,hipLaunchKernel,3075363,3075379,815468737030481,815468737052033,21552,6,func,0x7f09e13f1280,gridDim,0x13600000136,blockDim,0x1,args,0x2000000020,sharedMemBytes,0x1,unknown,0x14900000006,,,,,0x0
55,hipLaunchKernel,3075363,3075380,815468737054937,815468737075438,20501,6,func,0x7f09e13f1280,gridDim,0x13600000136,blockDim,0x1,args,0x2000000020,sharedMemBytes,0x1,unknown,0x18800000000,,,,,0x0
69,hipGetLastError,3075363,3075379,815468737069088,815468737092824,23736,1,none,0x7f09dff28e40,,,,,,,,,,,,,,,0x0
89,hipGetLastError,3075363,3075380,815468737089619,815468737107786,18167,1,none,0x7f09dff28e40,,,,,,,,,,,,,,,0x0
111,hipLaunchKernel,3075363,3075379,815468737111742,815468737139192,27450,6,func,0x7f09e13f1280,gridDim,0x13600000136,blockDim,0x1,args,0x2000000020,sharedMemBytes,0x1,unknown,0x23a00000000,,,,,0x0
130,hipLaunchKernel,3075363,3075380,815468737130289,815468737161596,31307,6,func,0x7f09e13f1280,gridDim,0x13600000136,blockDim,0x1,args,0x2000000020,sharedMemBytes,0x1,unknown,0x27600000001,,,,,0x0
155,hipGetLastError,3075363,3075379,815468737155126,815468737173894,18768,1,none,0x7f09dff28e40,,,,,,,,,,,,,,,0x0
183,hipGetLastError,3075363,3075380,815468737183278,815468737205981,22703,1,none,0x7f09dff28e40,,,,,,,,,,,,,,,0x0
187,hipLaunchKernel,3075363,3075379,815468737187003,815468737207764,20761,6,func,0x7f09e13f1280,gridDim,0x13600000136,blockDim,0x1,args,0x2000000020,sharedMemBytes,0x1,unknown,0x32300000006,,,,,0x0
225,hipGetLastError,3075363,3075379,815468737225711,815468737242125,16414,1,none,0x7f09dff28e40,,,,,,,,,,,,,,,0x0
260,hipLaunchKernel,3075363,3075379,815468737260102,815468737296105,36003,6,func,0x7f09e13f1280,gridDim,0x13600000136,blockDim,0x1,args,0x2000000020,sharedMemBytes,0x1,unknown,0x3d500000001,,,,,0x0
322,hipGetLastError,3075363,3075379,815468737322765,815468737351067,28302,1,none,0x7f09dff28e40,,,,,,,,,,,,,,,0x0
378,hipStreamSynchronize,3075363,3075379,815468737378037,815468739520826,2142789,1,stream,0x7ec988002700,,,,,,,,,,,,,,,0x0
224,hipStreamSynchronize,3075363,3075380,815468737224209,815468739586083,2361874,1,stream,0x7ec9780010b0,,,,,,,,,,,,,,,0x0
553,hipLaunchKernel,3075363,3075379,815468739553765,815468739589818,36053,6,func,0x7f09e13f1280,gridDim,0x13600000136,blockDim,0x1,args,0x2000000020,sharedMemBytes,0x1,unknown,0x9d00000006,,,,,0x0
611,hipGetLastError,3075363,3075379,815468739611210,815468739625822,14612,1,none,0x7f09dff28e40,,,,,,,,,,,,,,,0x0
614,hipLaunchKernel,3075363,3075380,815468739614675,815468739642266,27591,6,func,0x7f09e13f1280,gridDim,0x13600000136,blockDim,0x1,args,0x2000000020,sharedMemBytes,0x1,unknown,0x10d00000006,,,,,0x0
646,hipLaunchKernel,3075363,3075379,815468739646282,815468739674464,28182,6,func,0x7f09e13f1280,gridDim,0x13600000136,blockDim,0x1,args,0x2000000020,sharedMemBytes,0x1,unknown,0x14b00000000,,,,,0x0
662,hipGetLastError,3075363,3075380,815468739662486,815468739684679,22193,1,none,0x7f09dff28e40,,,,,,,,,,,,,,,0x0
702,hipGetLastError,3075363,3075379,815468739702165,815468739719250,17085,1,none,0x7f09dff28e40,,,,,,,,,,,,,,,0x0
699,hipLaunchKernel,3075363,3075380,815468739699190,815468739722986,23796,6,func,0x7f09e13f1280,gridDim,0x13600000136,blockDim,0x1,args,0x2000000020,sharedMemBytes,0x1,unknown,0x18000000000,,,,,0x0
735,hipGetLastError,3075363,3075380,815468739735204,815468739754002,18798,1,none,0x7f09dff28e40,,,,,,,,,,,,,,,0x0
738,hipLaunchKernel,3075363,3075379,815468739738128,815468739760321,22193,6,func,0x7f09e13f1280,gridDim,0x13600000136,blockDim,0x1,args,0x2000000020,sharedMemBytes,0x1,unknown,0x23900000001,,,,,0x0
777,hipGetLastError,3075363,3075379,815468739777757,815468739793751,15994,1,none,0x7f09dff28e40,,,,,,,,,,,,,,,0x0
776,hipLaunchKernel,3075363,3075380,815468739776695,815468739801412,24717,6,func,0x7f09e13f1280,gridDim,0x13600000136,blockDim,0x1,args,0x2000000020,sharedMemBytes,0x1,unknown,0x26f00000000,,,,,0x0
813,hipGetLastError,3075363,3075380,815468739813320,815468739830936,17616,1,none,0x7f09dff28e40,,,,,,,,,,,,,,,0x0
817,hipLaunchKernel,3075363,3075379,815468739817065,815468739838407,21342,6,func,0x7f09e13f1280,gridDim,0x13600000136,blockDim,0x1,args,0x2000000020,sharedMemBytes,0x1,unknown,0x31400000001,,,,,0x0
854,hipGetLastError,3075363,3075379,815468739854561,815468739879758,25197,1,none,0x7f09dff28e40,,,,,,,,,,,,,,,0x0
857,hipLaunchKernel,3075363,3075380,815468739857265,815468739884846,27581,6,func,0x7f09e13f1280,gridDim,0x13600000136,blockDim,0x1,args,0x2000000020,sharedMemBytes,0x1,unknown,0x38500000001,,,,,0x0
902,hipGetLastError,3075363,3075380,815468739902552,815468739917795,15243,1,none,0x7f09dff28e40,,,,,,,,,,,,,,,0x0
903,hipLaunchKernel,3075363,3075379,815468739903744,815468739926117,22373,6,func,0x7f09e13f1280,gridDim,0x13600000136,blockDim,0x1,args,0x2000000020,sharedMemBytes,0x1,unknown,0x1300000001,,,,,0x0
936,hipLaunchKernel,3075363,3075380,815468739935962,815468739956813,20851,6,func,0x7f09e13f1280,gridDim,0x13600000136,blockDim,0x1,args,0x2000000020,sharedMemBytes,0x1,unknown,0x4800000000,,,,,0x0
942,hipGetLastError,3075363,3075379,815468739942091,815468739968700,26609,1,none,0x7f09dff28e40,,,,,,,,,,,,,,,0x0
975,hipGetLastError,3075363,3075380,815468739974919,815468739990693,15774,1,none,0x7f09dff28e40,,,,,,,,,,,,,,,0x0
982,hipLaunchKernel,3075363,3075379,815468739982250,815468740018214,35964,6,func,0x7f09e13f1280,gridDim,0x13600000136,blockDim,0x1,args,0x2000000020,sharedMemBytes,0x1,unknown,0xf900000001,,,,,0x0
11,hipLaunchKernel,3075363,3075380,815468740011233,815468740044603,33370,6,func,0x7f09e13f1280,gridDim,0x13600000136,blockDim,0x1,args,0x2000000020,sharedMemBytes,0x1,unknown,0x13000000006,,,,,0x0
34,hipGetLastError,3075363,3075379,815468740034358,815468740054217,19859,1,none,0x7f09dff28e40,,,,,,,,,,,,,,,0x0
72,hipGetLastError,3075363,3075380,815468740072224,815468740092173,19949,1,none,0x7f09dff28e40,,,,,,,,,,,,,,,0x0
73,hipLaunchKernel,3075363,3075379,815468740073015,815468740094757,21742,6,func,0x7f09e13f1280,gridDim,0x13600000136,blockDim,0x1,args,0x2000000020,sharedMemBytes,0x1,unknown,0x1da00000001,,,,,0x0
111,hipGetLastError,3075363,3075379,815468740111192,815468740130480,19288,1,none,0x7f09dff28e40,,,,,,,,,,,,,,,0x0
112,hipLaunchKernel,3075363,3075380,815468740112453,815468740133665,21212,6,func,0x7f09e13f1280,gridDim,0x13600000136,blockDim,0x1,args,0x2000000020,sharedMemBytes,0x1,unknown,0x22b00000006,,,,,0x0
150,hipGetLastError,3075363,3075380,815468740150179,815468740170269,20090,1,none,0x7f09dff28e40,,,,,,,,,,,,,,,0x0
152,hipLaunchKernel,3075363,3075379,815468740152743,815468740179613,26870,6,func,0x7f09e13f1280,gridDim,0x13600000136,blockDim,0x1,args,0x2000000020,sharedMemBytes,0x1,unknown,0x29d00000006,,,,,0x0
196,hipGetLastError,3075363,3075379,815468740196558,815468740212342,15784,1,none,0x7f09dff28e40,,,,,,,,,,,,,,,0x0
194,hipLaunchKernel,3075363,3075380,815468740194715,815468740220494,25779,6,func,0x7f09e13f1280,gridDim,0x13600000136,blockDim,0x1,args,0x2000000020,sharedMemBytes,0x1,unknown,0x2e100000000,,,,,0x0
234,hipGetLastError,3075363,3075380,815468740234495,815468740256077,21582,1,none,0x7f09dff28e40,,,,,,,,,,,,,,,0x0
238,hipLaunchKernel,3075363,3075379,815468740238260,815468740259922,21662,6,func,0x7f09e13f1280,gridDim,0x13600000136,blockDim,0x1,args,0x2000000020,sharedMemBytes,0x1,unknown,0x39100000006,,,,,0x0
272,hipGetLastError,3075363,3075379,815468740272070,815468740289476,17406,1,none,0x7f09dff28e40,,,,,,,,,,,,,,,0x0
274,hipLaunchKernel,3075363,3075380,815468740274043,815468740295044,21001,6,func,0x7f09e13f1280,gridDim,0x13600000136,blockDim,0x1,args,0x2000000020,sharedMemBytes,0x1,unknown,0x2400000006,,,,,0x0
308,hipGetLastError,3075363,3075380,815468740308685,815468740323587,14902,1,none,0x7f09dff28e40,,,,,,,,,,,,,,,0x0
310,hipLaunchKernel,3075363,3075379,815468740309966,815468740332480,22514,6,func,0x7f09e13f1280,gridDim,0x13600000136,blockDim,0x1,args,0x2000000020,sharedMemBytes,0x1,unknown,0x9f00000006,,,,,0x0
345,hipGetLastError,3075363,3075379,815468740345609,815468740362134,16525,1,none,0x7f09dff28e40,,,,,,,,,,,,,,,0x0
343,hipLaunchKernel,3075363,3075380,815468740343907,815468740369315,25408,6,func,0x7f09e13f1280,gridDim,0x13600000136,blockDim,0x1,args,0x2000000020,sharedMemBytes,0x1,unknown,0xde00000000,,,,,0x0
386,hipGetLastError,3075363,3075380,815468740386600,815468740402113,15513,1,none,0x7f09dff28e40,,,,,,,,,,,,,,,0x0
382,hipStreamSynchronize,3075363,3075379,815468740382734,815468742698790,2316056,1,stream,0x7ec988002700,,,,,,,,,,,,,,,0x0
734,hipLaunchKernel,3075363,3075379,815468742734744,815468742774433,39689,6,func,0x7f09e13f1280,gridDim,0x13600000136,blockDim,0x1,args,0x2000000020,sharedMemBytes,0x1,unknown,0x20800000006,,,,,0x0
427,hipStreamSynchronize,3075363,3075380,815468740427020,815468742776336,2349316,1,stream,0x7ec9780010b0,,,,,,,,,,,,,,,0x0
796,hipGetLastError,3075363,3075379,815468742796325,815468742816625,20300,1,none,0x7f09dff28e40,,,,,,,,,,,,,,,0x0
797,hipLaunchKernel,3075363,3075380,815468742797467,815468742820611,23144,6,func,0x7f09e13f1280,gridDim,0x13600000136,blockDim,0x1,args,0x2000000020,sharedMemBytes,0x1,unknown,0x28300000006,,,,,0x0
835,hipGetLastError,3075363,3075380,815468742835704,815468742851437,15733,1,none,0x7f09dff28e40,,,,,,,,,,,,,,,0x0
837,hipLaunchKernel,3075363,3075379,815468742837646,815468742863184,25538,6,func,0x7f09e13f1280,gridDim,0x13600000136,blockDim,0x1,args,0x2000000020,sharedMemBytes,0x1,unknown,0x2fd00000001,,,,,0x0
869,hipLaunchKernel,3075363,3075380,815468742869173,815468742896314,27141,6,func,0x7f09e13f1280,gridDim,0x13600000136,blockDim,0x1,args,0x2000000020,sharedMemBytes,0x1,unknown,0x2ca00000000,,,,,0x0
885,hipGetLastError,3075363,3075379,815468742885297,815468742913078,27781,1,none,0x7f09dff28e40,,,,,,,,,,,,,,,0x0
913,hipGetLastError,3075363,3075380,815468742913128,815468742933108,19980,1,none,0x7f09dff28e40,,,,,,,,,,,,,,,0x0
929,hipLaunchKernel,3075363,3075379,815468742928932,815468742961580,32648,6,func,0x7f09e13f1280,gridDim,0x13600000136,blockDim,0x1,args,0x2000000020,sharedMemBytes,0x1,unknown,0x39700000001,,,,,0x0
951,hipLaunchKernel,3075363,3075380,815468742951866,815468742981740,29874,6,func,0x7f09e13f1280,gridDim,0x13600000136,blockDim,0x1,args,0x2000000020,sharedMemBytes,0x1,unknown,0x3d600000006,,,,,0x0
977,hipGetLastError,3075363,3075379,815468742977684,815468743002251,24567,1,none,0x7f09dff28e40,,,,,,,,,,,,,,,0x0
997,hipGetLastError,3075363,3075380,815468742997854,815468743027558,29704,1,none,0x7f09dff28e40,,,,,,,,,,,,,,,0x0
23,hipLaunchKernel,3075363,3075379,815468743023092,815468743048629,25537,6,func,0x7f09e13f1280,gridDim,0x13600000136,blockDim,0x1,args,0x2000000020,sharedMemBytes,0x1,unknown,0xb300000001,,,,,0x0
39,hipLaunchKernel,3075363,3075380,815468743039646,815468743071914,32268,6,func,0x7f09e13f1280,gridDim,0x13600000136,blockDim,0x1,args,0x2000000020,sharedMemBytes,0x1,unknown,0xf000000006,,,,,0x0
68,hipGetLastError,3075363,3075379,815468743067988,815468743091954,23966,1,none,0x7f09dff28e40,,,,,,,,,,,,,,,0x0
89,hipGetLastError,3075363,3075380,815468743089620,815468743108608,18988,1,none,0x7f09dff28e40,,,,,,,,,,,,,,,0x0
105,hipLaunchKernel,3075363,3075379,815468743105213,815468743131062,25849,6,func,0x7f09e13f1280,gridDim,0x13600000136,blockDim,0x1,args,0x2000000020,sharedMemBytes,0x1,unknown,0x1b800000001,,,,,0x0
126,hipLaunchKernel,3075363,3075380,815468743126225,815468743150911,24686,6,func,0x7f09e13f1280,gridDim,0x13600000136,blockDim,0x1,args,0x2000000020,sharedMemBytes,0x1,unknown,0x1f700000006,,,,,0x0
147,hipGetLastError,3075363,3075379,815468743146925,815468743172123,25198,1,none,0x7f09dff28e40,,,,,,,,,,,,,,,0x0
167,hipGetLastError,3075363,3075380,815468743166935,815468743189278,22343,1,none,0x7f09dff28e40,,,,,,,,,,,,,,,0x0
198,hipLaunchKernel,3075363,3075379,815468743197931,815468743223579,25648,6,func,0x7f09e13f1280,gridDim,0x13600000136,blockDim,0x1,args,0x2000000020,sharedMemBytes,0x1,unknown,0x2bf00000000,,,,,0x0
206,hipLaunchKernel,3075363,3075380,815468743206854,815468743233053,26199,6,func,0x7f09e13f1280,gridDim,0x13600000136,blockDim,0x1,args,0x2000000020,sharedMemBytes,0x1,unknown,0x2fe00000006,,,,,0x0
243,hipGetLastError,3075363,3075380,815468743243519,815468743257980,14461,1,none,0x7f09dff28e40,,,,,,,,,,,,,,,0x0
246,hipGetLastError,3075363,3075379,815468743246303,815468743269938,23635,1,none,0x7f09dff28e40,,,,,,,,,,,,,,,0x0
273,hipLaunchKernel,3075363,3075380,815468743273794,815468743292431,18637,6,func,0x7f09e13f1280,gridDim,0x13600000136,blockDim,0x1,args,0x2000000020,sharedMemBytes,0x1,unknown,0x3c400000000,,,,,0x0
290,hipLaunchKernel,3075363,3075379,815468743290268,815468743319261,28993,6,func,0x7f09e13f1280,gridDim,0x13600000136,blockDim,0x1,args,0x2000000020,sharedMemBytes,0x1,unknown,0x1a00000001,,,,,0x0
312,hipGetLastError,3075363,3075380,815468743312771,815468743336166,23395,1,none,0x7f09dff28e40,,,,,,,,,,,,,,,0x0
338,hipGetLastError,3075363,3075379,815468743337949,815468743355765,17816,1,none,0x7f09dff28e40,,,,,,,,,,,,,,,0x0
356,hipLaunchKernel,3075363,3075380,815468743356486,815468743378709,22223,6,func,0x7f09e13f1280,gridDim,0x13600000136,blockDim,0x1,args,0x2000000020,sharedMemBytes,0x1,unknown,0xe00000000,,,,,0x0
374,hipLaunchKernel,3075363,3075379,815468743374653,815468743404287,29634,6,func,0x7f09e13f1280,gridDim,0x13600000136,blockDim,0x1,args,0x2000000020,sharedMemBytes,0x1,unknown,0x5700000001,,,,,0x0
399,hipGetLastError,3075363,3075380,815468743399210,815468743420952,21742,1,none,0x7f09dff28e40,,,,,,,,,,,,,,,0x0
418,hipGetLastError,3075363,3075379,815468743417927,815468743437546,19619,1,none,0x7f09dff28e40,,,,,,,,,,,,,,,0x0
433,hipLaunchKernel,3075363,3075380,815468743433390,815468743461933,28543,6,func,0x7f09e13f1280,gridDim,0x13600000136,blockDim,0x1,args,0x2000000020,sharedMemBytes,0x1,unknown,0x11700000006,,,,,0x0
454,hipLaunchKernel,3075363,3075379,815468743454351,815468743486609,32258,6,func,0x7f09e13f1280,gridDim,0x13600000136,blockDim,0x1,args,0x2000000020,sharedMemBytes,0x1,unknown,0x15b00000001,,,,,0x0
481,hipGetLastError,3075363,3075380,815468743481371,815468743501602,20231,1,none,0x7f09dff28e40,,,,,,,,,,,,,,,0x0
503,hipGetLastError,3075363,3075379,815468743503484,815468743523935,20451,1,none,0x7f09dff28e40,,,,,,,,,,,,,,,0x0
523,hipLaunchKernel,3075363,3075380,815468743523624,815468743551576,27952,6,func,0x7f09e13f1280,gridDim,0x13600000136,blockDim,0x1,args,0x2000000020,sharedMemBytes,0x1,unknown,0x21700000000,,,,,0x0
547,hipLaunchKernel,3075363,3075379,815468743546999,815468743576963,29964,6,func,0x7f09e13f1280,gridDim,0x13600000136,blockDim,0x1,args,0x2000000020,sharedMemBytes,0x1,unknown,0x27300000001,,,,,0x0
566,hipGetLastError,3075363,3075380,815468743566698,815468743589842,23144,1,none,0x7f09dff28e40,,,,,,,,,,,,,,,0x0
603,hipGetLastError,3075363,3075379,815468743603172,815468743621590,18418,1,none,0x7f09dff28e40,,,,,,,,,,,,,,,0x0
641,hipStreamSynchronize,3075363,3075379,815468743641799,815468745883025,2241226,1,stream,0x7ec988002700,,,,,,,,,,,,,,,0x0
601,hipStreamSynchronize,3075363,3075380,815468743601810,815468745948802,2346992,1,stream,0x7ec9780010b0,,,,,,,,,,,,,,,0x0
914,hipLaunchKernel,3075363,3075379,815468745914772,815468745949463,34691,6,func,0x7f09e13f1280,gridDim,0x13600000136,blockDim,0x1,args,0x2000000020,sharedMemBytes,0x1,unknown,0x3df00000006,,,,,0x0
970,hipGetLastError,3075363,3075379,815468745970685,815468745986007,15322,1,none,0x7f09dff28e40,,,,,,,,,,,,,,,0x0
974,hipLaunchKernel,3075363,3075380,815468745974390,815468746001200,26810,6,func,0x7f09e13f1280,gridDim,0x13600000136,blockDim,0x1,args,0x2000000020,sharedMemBytes,0x1,unknown,0x7a00000006,,,,,0x0
6,hipLaunchKernel,3075363,3075379,815468746006658,815468746030744,24086,6,func,0x7f09e13f1280,gridDim,0x13600000136,blockDim,0x1,args,0x2000000020,sharedMemBytes,0x1,unknown,0xbf00000000,,,,,0x0
16,hipGetLastError,3075363,3075380,815468746016853,815468746040759,23906,1,none,0x7f09dff28e40,,,,,,,,,,,,,,,0x0
53,hipGetLastError,3075363,3075379,815468746053728,815468746074028,20300,1,none,0x7f09dff28e40,,,,,,,,,,,,,,,0x0
55,hipLaunchKernel,3075363,3075380,815468746055571,815468746078955,23384,6,func,0x7f09e13f1280,gridDim,0x13600000136,blockDim,0x1,args,0x2000000020,sharedMemBytes,0x1,unknown,0x7900000001,,,,,0x0
92,hipGetLastError,3075363,3075380,815468746092315,815468746110522,18207,1,none,0x7f09dff28e40,,,,,,,,,,,,,,,0x0
94,hipLaunchKernel,3075363,3075379,815468746094128,815468746116761,22633,6,func,0x7f09e13f1280,gridDim,0x13600000136,blockDim,0x1,args,0x2000000020,sharedMemBytes,0x1,unknown,0xff00000001,,,,,0x0
133,hipGetLastError,3075363,3075379,815468746133656,815468746149450,15794,1,none,0x7f09dff28e40,,,,,,,,,,,,,,,0x0
136,hipLaunchKernel,3075363,3075380,815468746136561,815468746160546,23985,6,func,0x7f09e13f1280,gridDim,0x13600000136,blockDim,0x1,args,0x2000000020,sharedMemBytes,0x1,unknown,0x18100000001,,,,,0x0
165,hipLaunchKernel,3075363,3075379,815468746165854,815468746186965,21111,6,func,0x7f09e13f1280,gridDim,0x13600000136,blockDim,0x1,args,0x2000000020,sharedMemBytes,0x1,unknown,0x1bf00000000,,,,,0x0
180,hipGetLastError,3075363,3075380,815468746180255,815468746203169,22914,1,none,0x7f09dff28e40,,,,,,,,,,,,,,,0x0
201,hipGetLastError,3075363,3075379,815468746201307,815468746224862,23555,1,none,0x7f09dff28e40,,,,,,,,,,,,,,,0x0
215,hipLaunchKernel,3075363,3075380,815468746215808,815468746242708,26900,6,func,0x7f09e13f1280,gridDim,0x13600000136,blockDim,0x1,args,0x2000000020,sharedMemBytes,0x1,unknown,0x28400000001,,,,,0x0
248,hipLaunchKernel,3075363,3075379,815468746248717,815468746270039,21322,6,func,0x7f09e13f1280,gridDim,0x13600000136,blockDim,0x1,args,0x2000000020,sharedMemBytes,0x1,unknown,0x2bf00000000,,,,,0x0
264,hipGetLastError,3075363,3075380,815468746264290,815468746283689,19399,1,none,0x7f09dff28e40,,,,,,,,,,,,,,,0x0
296,hipGetLastError,3075363,3075379,815468746296037,815468746316948,20911,1,none,0x7f09dff28e40,,,,,,,,,,,,,,,0x0
297,hipLaunchKernel,3075363,3075380,815468746297680,815468746320684,23004,6,func,0x7f09e13f1280,gridDim,0x13600000136,blockDim,0x1,args,0x2000000020,sharedMemBytes,0x1,unknown,0x38400000001,,,,,0x0
336,hipGetLastError,3075363,3075380,815468746336758,815468746356487,19729,1,none,0x7f09dff28e40,,,,,,,,,,,,,,,0x0
340,hipLaunchKernel,3075363,3075379,815468746340643,815468746365971,25328,6,func,0x7f09e13f1280,gridDim,0x13600000136,blockDim,0x1,args,0x2000000020,sharedMemBytes,0x1,unknown,0x2e00000001,,,,,0x0
382,hipGetLastError,3075363,3075379,815468746382826,815468746401924,19098,1,none,0x7f09dff28e40,,,,,,,,,,,,,,,0x0
377,hipLaunchKernel,3075363,3075380,815468746377037,815468746406421,29384,6,func,0x7f09e13f1280,gridDim,0x13600000136,blockDim,0x1,args,0x2000000020,sharedMemBytes,0x1,unknown,0x6900000000,,,,,0x0
424,hipGetLastError,3075363,3075380,815468746424608,815468746443526,18918,1,none,0x7f09dff28e40,,,,,,,,,,,,,,,0x0
426,hipLaunchKernel,3075363,3075379,815468746426441,815468746452600,26159,6,func,0x7f09e13f1280,gridDim,0x13600000136,blockDim,0x1,args,0x2000000020,sharedMemBytes,0x1,unknown,0x13000000001,,,,,0x0
461,hipLaunchKernel,3075363,3075380,815468746461583,815468746482093,20510,6,func,0x7f09e13f1280,gridDim,0x13600000136,blockDim,0x1,args,0x2000000020,sharedMemBytes,0x1,unknown,0x16d00000000,,,,,0x0
465,hipGetLastError,3075363,3075379,815468746465779,815468746487802,22023,1,none,0x7f09dff28e40,,,,,,,,,,,,,,,0x0
503,hipGetLastError,3075363,3075380,815468746503505,815468746522653,19148,1,none,0x7f09dff28e40,,,,,,,,,,,,,,,0x0
504,hipLaunchKernel,3075363,3075379,815468746504597,815468746527411,22814,6,func,0x7f09e13f1280,gridDim,0x13600000136,blockDim,0x1,args,0x2000000020,sharedMemBytes,0x1,unknown,0x15f00000006,,,,,0x0
541,hipLaunchKernel,3075363,3075380,815468746541441,815468746560349,18908,6,func,0x7f09e13f1280,gridDim,0x13600000136,blockDim,0x1,args,0x2000000020,sharedMemBytes,0x1,unknown,0x1a900000000,,,,,0x0
544,hipGetLastError,3075363,3075379,815468746544666,815468746560930,16264,1,none,0x7f09dff28e40,,,,,,,,,,,,,,,0x0
579,hipGetLastError,3075363,3075380,815468746579117,815468746594841,15724,1,none,0x7f09dff28e40,,,,,,,,,,,,,,,0x0
577,hipLaunchKernel,3075363,3075379,815468746577865,815468746603874,26009,6,func,0x7f09e13f1280,gridDim,0x13600000136,blockDim,0x1,args,0x2000000020,sharedMemBytes,0x1,unknown,0x22c00000000,,,,,0x0
608,hipLaunchKernel,3075363,3075380,815468746608881,815468746627880,18999,6,func,0x7f09e13f1280,gridDim,0x13600000136,blockDim,0x1,args,0x2000000020,sharedMemBytes,0x1,unknown,0x2b400000000,,,,,0x0
623,hipGetLastError,3075363,3075379,815468746623864,815468746643493,19629,1,none,0x7f09dff28e40,,,,,,,,,,,,,,,0x0
639,hipGetLastError,3075363,3075380,815468746639747,815468746662160,22413,1,none,0x7f09dff28e40,,,,,,,,,,,,,,,0x0
660,hipLaunchKernel,3075363,3075379,815468746660248,815468746686707,26459,6,func,0x7f09e13f1280,gridDim,0x13600000136,blockDim,0x1,args,0x2000000020,sharedMemBytes,0x1,unknown,0x37500000006,,,,,0x0
679,hipLaunchKernel,3075363,3075380,815468746679276,815468746710833,31557,6,func,0x7f09e13f1280,gridDim,0x13600000136,blockDim,0x1,args,0x2000000020,sharedMemBytes,0x1,unknown,0x3ba00000001,,,,,0x0
708,hipGetLastError,3075363,3075379,815468746708189,815468746730902,22713,1,none,0x7f09dff28e40,,,,,,,,,,,,,,,0x0
727,hipGetLastError,3075363,3075380,815468746727007,815468746746836,19829,1,none,0x7f09dff28e40,,,,,,,,,,,,,,,0x0
747,hipStreamSynchronize,3075363,3075379,815468746747287,815468749043814,2296527,1,stream,0x7ec988002700,,,,,,,,,,,,,,,0x0
79,hipLaunchKernel,3075363,3075379,815468749079096,815468749114679,35583,6,func,0x7f09e13f1280,gridDim,0x13600000136,blockDim,0x1,args,0x2000000020,sharedMemBytes,0x1,unknown,0x11400000006,,,,,0x0
767,hipStreamSynchronize,3075363,3075380,815468746767537,815468749118985,2351448,1,stream,0x7ec9780010b0,,,,,,,,,,,,,,,0x0
140,hipGetLastError,3075363,3075379,815468749140878,815468749157633,16755,1,none,0x7f09dff28e40,,,,,,,,,,,,,,,0x0
139,hipLaunchKernel,3075363,3075380,815468749139436,815468749167407,27971,6,func,0x7f09e13f1280,gridDim,0x13600000136,blockDim,0x1,args,0x2000000020,sharedMemBytes,0x1,unknown,0x15700000000,,,,,0x0
180,hipGetLastError,3075363,3075380,815468749180016,815468749198864,18848,1,none,0x7f09dff28e40,,,,,,,,,,,,,,,0x0
183,hipLaunchKernel,3075363,3075379,815468749183581,815468749208758,25177,6,func,0x7f09e13f1280,gridDim,0x13600000136,blockDim,0x1,args,0x2000000020,sharedMemBytes,0x1,unknown,0x21700000001,,,,,0x0
224,hipGetLastError,3075363,3075379,815468749224622,815468749242328,17706,1,none,0x7f09dff28e40,,,,,,,,,,,,,,,0x0
223,hipLaunchKernel,3075363,3075380,815468749223200,815468749250350,27150,6,func,0x7f09e13f1280,gridDim,0x13600000136,blockDim,0x1,args,0x2000000020,sharedMemBytes,0x1,unknown,0x16e00000000,,,,,0x0
262,hipGetLastError,3075363,3075380,815468749262849,815468749282929,20080,1,none,0x7f09dff28e40,,,,,,,,,,,,,,,0x0
264,hipLaunchKernel,3075363,3075379,815468749264271,815468749289588,25317,6,func,0x7f09e13f1280,gridDim,0x13600000136,blockDim,0x1,args,0x2000000020,sharedMemBytes,0x1,unknown,0x23b00000001,,,,,0x0
305,hipGetLastError,3075363,3075379,815468749305212,815468749321566,16354,1,none,0x7f09dff28e40,,,,,,,,,,,,,,,0x0
304,hipLaunchKernel,3075363,3075380,815468749304571,815468749327565,22994,6,func,0x7f09e13f1280,gridDim,0x13600000136,blockDim,0x1,args,0x2000000020,sharedMemBytes,0x1,unknown,0x27a00000000,,,,,0x0
343,hipGetLastError,3075363,3075380,815468749343078,815468749357439,14361,1,none,0x7f09dff28e40,,,,,,,,,,,,,,,0x0
344,hipLaunchKernel,3075363,3075379,815468749344790,815468749366773,21983,6,func,0x7f09e13f1280,gridDim,0x13600000136,blockDim,0x1,args,0x2000000020,sharedMemBytes,0x1,unknown,0x34100000001,,,,,0x0
379,hipGetLastError,3075363,3075379,815468749379582,815468749399341,19759,1,none,0x7f09dff28e40,,,,,,,,,,,,,,,0x0
381,hipLaunchKernel,3075363,3075380,815468749381605,815468749404839,23234,6,func,0x7f09e13f1280,gridDim,0x13600000136,blockDim,0x1,args,0x2000000020,sharedMemBytes,0x1,unknown,0x3c400000001,,,,,0x0
419,hipGetLastError,3075363,3075380,815468749419882,815468749438069,18187,1,none,0x7f09dff28e40,,,,,,,,,,,,,,,0x0
420,hipLaunchKernel,3075363,3075379,815468749420663,815468749446051,25388,6,func,0x7f09e13f1280,gridDim,0x13600000136,blockDim,0x1,args,0x2000000020,sharedMemBytes,0x1,unknown,0x5c00000001,,,,,0x0
458,hipGetLastError,3075363,3075379,815468749458158,815468749479220,21062,1,none,0x7f09dff28e40,,,,,,,,,,,,,,,0x0
460,hipLaunchKernel,3075363,3075380,815468749460101,815468749486370,26269,6,func,0x7f09e13f1280,gridDim,0x13600000136,blockDim,0x1,args,0x2000000020,sharedMemBytes,0x1,unknown,0xdd00000001,,,,,0x0
498,hipGetLastError,3075363,3075380,815468749498298,815468749515093,16795,1,none,0x7f09dff28e40,,,,,,,,,,,,,,,0x0
502,hipLaunchKernel,3075363,3075379,815468749502825,815468749524166,21341,6,func,0x7f09e13f1280,gridDim,0x13600000136,blockDim,0x1,args,0x2000000020,sharedMemBytes,0x1,unknown,0x16100000001,,,,,0x0
537,hipGetLastError,3075363,3075379,815468749537066,815468749558688,21622,1,none,0x7f09dff28e40,,,,,,,,,,,,,,,0x0
536,hipLaunchKernel,3075363,3075380,815468749536735,815468749561392,24657,6,func,0x7f09e13f1280,gridDim,0x13600000136,blockDim,0x1,args,0x2000000020,sharedMemBytes,0x1,unknown,0x1a200000000,,,,,0x0
581,hipGetLastError,3075363,3075380,815468749581081,815468749601091,20010,1,none,0x7f09dff28e40,,,,,,,,,,,,,,,0x0
582,hipLaunchKernel,3075363,3075379,815468749582884,815468749607710,24826,6,func,0x7f09e13f1280,gridDim,0x13600000136,blockDim,0x1,args,0x2000000020,sharedMemBytes,0x1,unknown,0x26e00000001,,,,,0x0
622,hipLaunchKernel,3075363,3075380,815468749622903,815468749641731,18828,6,func,0x7f09e13f1280,gridDim,0x13600000136,blockDim,0x1,args,0x2000000020,sharedMemBytes,0x1,unknown,0x21500000006,,,,,0x0
622,hipLaunchKernel,3075363,3075380,815468749622903,815468749646688,23785,6,func,0x7f09e13f1280,gridDim,0x13600000136,blockDim,0x1,args,0x2000000020,sharedMemBytes,0x1,unknown,0x21500000006,,,,,0x0
665,hipGetLastError,3075363,3075380,815468749665536,815468749684725,19189,1,none,0x7f09dff28e40,,,,,,,,,,,,,,,0x0
666,hipLaunchKernel,3075363,3075379,815468749666718,815468749688690,21972,6,func,0x7f09e13f1280,gridDim,0x13600000136,blockDim,0x1,args,0x2000000020,sharedMemBytes,0x1,unknown,0x29600000006,,,,,0x0
703,hipGetLastError,3075363,3075379,815468749703783,815468749724103,20320,1,none,0x7f09dff28e40,,,,,,,,,,,,,,,0x0
704,hipLaunchKernel,3075363,3075380,815468749704464,815468749728570,24106,6,func,0x7f09e13f1280,gridDim,0x13600000136,blockDim,0x1,args,0x2000000020,sharedMemBytes,0x1,unknown,0x32200000006,,,,,0x0
741,hipGetLastError,3075363,3075380,815468749741589,815468749756822,15233,1,none,0x7f09dff28e40,,,,,,,,,,,,,,,0x0
744,hipLaunchKernel,3075363,3075379,815468749744303,815468749765655,21352,6,func,0x7f09e13f1280,gridDim,0x13600000136,blockDim,0x1,args,0x2000000020,sharedMemBytes,0x1,unknown,0x3a300000006,,,,,0x0
781,hipGetLastError,3075363,3075379,815468749780957,815468749800877,19920,1,none,0x7f09dff28e40,,,,,,,,,,,,,,,0x0
778,hipLaunchKernel,3075363,3075380,815468749778684,815468749802299,23615,6,func,0x7f09e13f1280,gridDim,0x13600000136,blockDim,0x1,args,0x2000000020,sharedMemBytes,0x1,unknown,0x0,,,,,0x0
821,hipGetLastError,3075363,3075380,815468749821518,815468749842879,21361,1,none,0x7f09dff28e40,,,,,,,,,,,,,,,0x0
823,hipLaunchKernel,3075363,3075379,815468749823831,815468749848007,24176,6,func,0x7f09e13f1280,gridDim,0x13600000136,blockDim,0x1,args,0x2000000020,sharedMemBytes,0x1,unknown,0xc300000006,,,,,0x0
863,hipGetLastError,3075363,3075379,815468749863530,815468749880275,16745,1,none,0x7f09dff28e40,,,,,,,,,,,,,,,0x0
865,hipLaunchKernel,3075363,3075380,815468749865523,815468749887185,21662,6,func,0x7f09e13f1280,gridDim,0x13600000136,blockDim,0x1,args,0x2000000020,sharedMemBytes,0x1,unknown,0x14000000006,,,,,0x0
905,hipGetLastError,3075363,3075380,815468749904921,815468749920615,15694,1,none,0x7f09dff28e40,,,,,,,,,,,,,,,0x0
903,hipStreamSynchronize,3075363,3075379,815468749903399,815468752203982,2300583,1,stream,0x7ec988002700,,,,,,,,,,,,,,,0x0
238,hipLaunchKernel,3075363,3075379,815468752238543,815468752277391,38848,6,func,0x7f09e13f1280,gridDim,0x13600000136,blockDim,0x1,args,0x2000000020,sharedMemBytes,0x1,unknown,0x23d00000006,,,,,0x0
939,hipStreamSynchronize,3075363,3075380,815468749939192,815468752304611,2365419,1,stream,0x7ec9780010b0,,,,,,,,,,,,,,,0x0
304,hipGetLastError,3075363,3075379,815468752304792,815468752330540,25748,1,none,0x7f09dff28e40,,,,,,,,,,,,,,,0x0
328,hipLaunchKernel,3075363,3075380,815468752328777,815468752357139,28362,6,func,0x7f09e13f1280,gridDim,0x13600000136,blockDim,0x1,args,0x2000000020,sharedMemBytes,0x1,unknown,0x2bb00000006,,,,,0x0
347,hipLaunchKernel,3075363,3075379,815468752346924,815468752380604,33680,6,func,0x7f09e13f1280,gridDim,0x13600000136,blockDim,0x1,args,0x2000000020,sharedMemBytes,0x1,unknown,0x30000000001,,,,,0x0
383,hipGetLastError,3075363,3075380,815468752383208,815468752399502,16294,1,none,0x7f09dff28e40,,,,,,,,,,,,,,,0x0
401,hipGetLastError,3075363,3075379,815468752401295,815468752418220,16925,1,none,0x7f09dff28e40,,,,,,,,,,,,,,,0x0
435,hipLaunchKernel,3075363,3075379,815468752434995,815468752474353,39358,6,func,0x7f09e13f1280,gridDim,0x13600000136,blockDim,0x1,args,0x2000000020,sharedMemBytes,0x1,unknown,0x30a00000000,,,,,0x0
501,hipGetLastError,3075363,3075379,815468752501263,815468752531498,30235,1,none,0x7f09dff28e40,,,,,,,,,,,,,,,0x0
414,hipLaunchKernel,3075363,3075380,815468752414154,815468752562204,148050,6,func,0x7f09e13f1280,gridDim,0x13600000136,blockDim,0x1,args,0x2000000020,sharedMemBytes,0x1,unknown,0x2c700000000,,,,,0x0
560,hipLaunchKernel,3075363,3075379,815468752560471,815468752590846,30375,6,func,0x7f09e13f1280,gridDim,0x13600000136,blockDim,0x1,args,0x2000000020,sharedMemBytes,0x1,unknown,0x39300000000,,,,,0x0
584,hipGetLastError,3075363,3075380,815468752584697,815468752605458,20761,1,none,0x7f09dff28e40,,,,,,,,,,,,,,,0x0
608,hipGetLastError,3075363,3075379,815468752608082,815468752625147,17065,1,none,0x7f09dff28e40,,,,,,,,,,,,,,,0x0
624,hipLaunchKernel,3075363,3075380,815468752624636,815468752650845,26209,6,func,0x7f09e13f1280,gridDim,0x13600000136,blockDim,0x1,args,0x2000000020,sharedMemBytes,0x1,unknown,0xb800000001,,,,,0x0
640,hipLaunchKernel,3075363,3075379,815468752640760,815468752676563,35803,6,func,0x7f09e13f1280,gridDim,0x13600000136,blockDim,0x1,args,0x2000000020,sharedMemBytes,0x1,unknown,0xb800000000,,,,,0x0
667,hipGetLastError,3075363,3075380,815468752667890,815468752688811,20921,1,none,0x7f09dff28e40,,,,,,,,,,,,,,,0x0
692,hipGetLastError,3075363,3075379,815468752692236,815468752709402,17166,1,none,0x7f09dff28e40,,,,,,,,,,,,,,,0x0
704,hipLaunchKernel,3075363,3075380,815468752704775,815468752732086,27311,6,func,0x7f09e13f1280,gridDim,0x13600000136,blockDim,0x1,args,0x2000000020,sharedMemBytes,0x1,unknown,0x17e00000000,,,,,0x0
726,hipLaunchKernel,3075363,3075379,815468752726367,815468752758865,32498,6,func,0x7f09e13f1280,gridDim,0x13600000136,blockDim,0x1,args,0x2000000020,sharedMemBytes,0x1,unknown,0x1c400000000,,,,,0x0
750,hipGetLastError,3075363,3075380,815468752750483,815468752768500,18017,1,none,0x7f09dff28e40,,,,,,,,,,,,,,,0x0
776,hipGetLastError,3075363,3075379,815468752776852,815468752799586,22734,1,none,0x7f09dff28e40,,,,,,,,,,,,,,,0x0
780,hipLaunchKernel,3075363,3075380,815468752780818,815468752802811,21993,6,func,0x7f09e13f1280,gridDim,0x13600000136,blockDim,0x1,args,0x2000000020,sharedMemBytes,0x1,unknown,0x28800000000,,,,,0x0
821,hipGetLastError,3075363,3075380,815468752821358,815468752836891,15533,1,none,0x7f09dff28e40,,,,,,,,,,,,,,,0x0
824,hipLaunchKernel,3075363,3075379,815468752824633,815468752854016,29383,6,func,0x7f09e13f1280,gridDim,0x13600000136,blockDim,0x1,args,0x2000000020,sharedMemBytes,0x1,unknown,0x31400000000,,,,,0x0
856,hipLaunchKernel,3075363,3075380,815468752856821,815468752878192,21371,6,func,0x7f09e13f1280,gridDim,0x13600000136,blockDim,0x1,args,0x2000000020,sharedMemBytes,0x1,unknown,0x39c00000006,,,,,0x0
869,hipGetLastError,3075363,3075379,815468752869449,815468752895248,25799,1,none,0x7f09dff28e40,,,,,,,,,,,,,,,0x0
896,hipGetLastError,3075363,3075380,815468752896059,815468752913625,17566,1,none,0x7f09dff28e40,,,,,,,,,,,,,,,0x0
912,hipLaunchKernel,3075363,3075379,815468752912013,815468752943329,31316,6,func,0x7f09e13f1280,gridDim,0x13600000136,blockDim,0x1,args,0x2000000020,sharedMemBytes,0x1,unknown,0x3500000000,,,,,0x0
934,hipLaunchKernel,3075363,3075380,815468752934446,815468752964380,29934,6,func,0x7f09e13f1280,gridDim,0x13600000136,blockDim,0x1,args,0x2000000020,sharedMemBytes,0x1,unknown,0x37200000000,,,,,0x0
956,hipGetLastError,3075363,3075379,815468752956008,815468752977640,21632,1,none,0x7f09dff28e40,,,,,,,,,,,,,,,0x0
983,hipGetLastError,3075363,3075380,815468752983178,815468752999392,16214,1,none,0x7f09dff28e40,,,,,,,,,,,,,,,0x0
995,hipLaunchKernel,3075363,3075379,815468752995106,815468753024479,29373,6,func,0x7f09e13f1280,gridDim,0x13600000136,blockDim,0x1,args,0x2000000020,sharedMemBytes,0x1,unknown,0xc100000000,,,,,0x0
18,hipLaunchKernel,3075363,3075380,815468753018070,815468753051159,33089,6,func,0x7f09e13f1280,gridDim,0x13600000136,blockDim,0x1,args,0x2000000020,sharedMemBytes,0x1,unknown,0x10100000000,,,,,0x0
45,hipGetLastError,3075363,3075379,815468753045841,815468753070538,24697,1,none,0x7f09dff28e40,,,,,,,,,,,,,,,0x0
66,hipGetLastError,3075363,3075380,815468753066041,815468753088364,22323,1,none,0x7f09dff28e40,,,,,,,,,,,,,,,0x0
87,hipLaunchKernel,3075363,3075379,815468753087853,815468753114833,26980,6,func,0x7f09e13f1280,gridDim,0x13600000136,blockDim,0x1,args,0x2000000020,sharedMemBytes,0x1,unknown,0x1f900000006,,,,,0x0
109,hipLaunchKernel,3075363,3075380,815468753108975,815468753137527,28552,6,func,0x7f09e13f1280,gridDim,0x13600000136,blockDim,0x1,args,0x2000000020,sharedMemBytes,0x1,unknown,0x1f900000000,,,,,0x0
130,hipGetLastError,3075363,3075379,815468753129916,815468753152870,22954,1,none,0x7f09dff28e40,,,,,,,,,,,,,,,0x0
149,hipGetLastError,3075363,3075380,815468753149295,815468753168263,18968,1,none,0x7f09dff28e40,,,,,,,,,,,,,,,0x0
185,hipLaunchKernel,3075363,3075380,815468753185238,815468753206249,21011,6,func,0x7f09e13f1280,gridDim,0x13600000136,blockDim,0x1,args,0x2000000020,sharedMemBytes,0x1,unknown,0x2f900000000,,,,,0x0
229,hipGetLastError,3075363,3075380,815468753229474,815468753254481,25007,1,none,0x7f09dff28e40,,,,,,,,,,,,,,,0x0
164,hipStreamSynchronize,3075363,3075379,815468753164587,815468755376248,2211661,1,stream,0x7ec988002700,,,,,,,,,,,,,,,0x0
410,hipLaunchKernel,3075363,3075379,815468755410489,815468755453213,42724,6,func,0x7f09e13f1280,gridDim,0x13600000136,blockDim,0x1,args,0x2000000020,sharedMemBytes,0x1,unknown,0x3bb00000000,,,,,0x0
277,hipStreamSynchronize,3075363,3075380,815468753276964,815468755472531,2195567,1,stream,0x7ec9780010b0,,,,,,,,,,,,,,,0x0
483,hipGetLastError,3075363,3075379,815468755483397,815468755502916,19519,1,none,0x7f09dff28e40,,,,,,,,,,,,,,,0x0
486,hipLaunchKernel,3075363,3075380,815468755486612,815468755516366,29754,6,func,0x7f09e13f1280,gridDim,0x13600000136,blockDim,0x1,args,0x2000000020,sharedMemBytes,0x1,unknown,0x4a00000000,,,,,0x0
528,hipGetLastError,3075363,3075380,815468755528494,815468755547462,18968,1,none,0x7f09dff28e40,,,,,,,,,,,,,,,0x0
528,hipGetLastError,3075363,3075380,815468755528494,815468755558519,30025,1,none,0x7f09dff28e40,,,,,,,,,,,,,,,0x0
571,hipGetLastError,3075363,3075379,815468755571568,815468755592700,21132,1,none,0x7f09dff28e40,,,,,,,,,,,,,,,0x0
570,hipLaunchKernel,3075363,3075380,815468755570477,815468755599830,29353,6,func,0x7f09e13f1280,gridDim,0x13600000136,blockDim,0x1,args,0x2000000020,sharedMemBytes,0x1,unknown,0x3900000006,,,,,0x0
616,hipGetLastError,3075363,3075380,815468755616875,815468755634051,17176,1,none,0x7f09dff28e40,,,,,,,,,,,,,,,0x0
616,hipGetLastError,3075363,3075380,815468755616875,815468755641722,24847,1,none,0x7f09dff28e40,,,,,,,,,,,,,,,0x0
650,hipLaunchKernel,3075363,3075380,815468755650816,815468755671226,20410,6,func,0x7f09e13f1280,gridDim,0x13600000136,blockDim,0x1,args,0x2000000020,sharedMemBytes,0x1,unknown,0x13c00000006,,,,,0x0
653,hipGetLastError,3075363,3075379,815468755653650,815468755671687,18037,1,none,0x7f09dff28e40,,,,,,,,,,,,,,,0x0
692,hipGetLastError,3075363,3075380,815468755691917,815468755712267,20350,1,none,0x7f09dff28e40,,,,,,,,,,,,,,,0x0
693,hipLaunchKernel,3075363,3075379,815468755692968,815468755716603,23635,6,func,0x7f09e13f1280,gridDim,0x13600000136,blockDim,0x1,args,0x2000000020,sharedMemBytes,0x1,unknown,0x1c100000000,,,,,0x0
733,hipGetLastError,3075363,3075379,815468755733048,815468755749192,16144,1,none,0x7f09dff28e40,,,,,,,,,,,,,,,0x0
732,hipLaunchKernel,3075363,3075380,815468755732257,815468755756503,24246,6,func,0x7f09e13f1280,gridDim,0x13600000136,blockDim,0x1,args,0x2000000020,sharedMemBytes,0x1,unknown,0x24000000006,,,,,0x0
768,hipGetLastError,3075363,3075380,815468755768410,815468755784414,16004,1,none,0x7f09dff28e40,,,,,,,,,,,,,,,0x0
763,hipLaunchKernel,3075363,3075379,815468755763463,815468755785496,22033,6,func,0x7f09e13f1280,gridDim,0x13600000136,blockDim,0x1,args,0x2000000020,sharedMemBytes,0x1,unknown,0x2c600000006,,,,,0x0
802,hipGetLastError,3075363,3075379,815468755802471,815468755819406,16935,1,none,0x7f09dff28e40,,,,,,,,,,,,,,,0x0
801,hipLaunchKernel,3075363,3075380,815468755801029,815468755823552,22523,6,func,0x7f09e13f1280,gridDim,0x13600000136,blockDim,0x1,args,0x2000000020,sharedMemBytes,0x1,unknown,0x34800000006,,,,,0x0
834,hipGetLastError,3075363,3075380,815468755834869,815468755853146,18277,1,none,0x7f09dff28e40,,,,,,,,,,,,,,,0x0
842,hipLaunchKernel,3075363,3075379,815468755841909,815468755866696,24787,6,func,0x7f09e13f1280,gridDim,0x13600000136,blockDim,0x1,args,0x2000000020,sharedMemBytes,0x1,unknown,0x3c900000000,,,,,0x0
870,hipLaunchKernel,3075363,3075380,815468755870692,815468755894577,23885,6,func,0x7f09e13f1280,gridDim,0x13600000136,blockDim,0x1,args,0x2000000020,sharedMemBytes,0x1,unknown,0x5d00000006,,,,,0x0
885,hipGetLastError,3075363,3075379,815468755885824,815468755917662,31838,1,none,0x7f09dff28e40,,,,,,,,,,,,,,,0x0
915,hipGetLastError,3075363,3075380,815468755915198,815468755933926,18728,1,none,0x7f09dff28e40,,,,,,,,,,,,,,,0x0
931,hipLaunchKernel,3075363,3075379,815468755931132,815468755958442,27310,6,func,0x7f09e13f1280,gridDim,0x13600000136,blockDim,0x1,args,0x2000000020,sharedMemBytes,0x1,unknown,0xe000000000,,,,,0x0
953,hipLaunchKernel,3075363,3075380,815468755952964,815468755985382,32418,6,func,0x7f09e13f1280,gridDim,0x13600000136,blockDim,0x1,args,0x2000000020,sharedMemBytes,0x1,unknown,0x12500000000,,,,,0x0
978,hipGetLastError,3075363,3075379,815468755978862,815468756007605,28743,1,none,0x7f09dff28e40,,,,,,,,,,,,,,,0x0
14,hipGetLastError,3075363,3075380,815468756014225,815468756031000,16775,1,none,0x7f09dff28e40,,,,,,,,,,,,,,,0x0
26,hipLaunchKernel,3075363,3075379,815468756026904,815468756053343,26439,6,func,0x7f09e13f1280,gridDim,0x13600000136,blockDim,0x1,args,0x2000000020,sharedMemBytes,0x1,unknown,0x12800000000,,,,,0x0
48,hipLaunchKernel,3075363,3075380,815468756048736,815468756078480,29744,6,func,0x7f09e13f1280,gridDim,0x13600000136,blockDim,0x1,args,0x2000000020,sharedMemBytes,0x1,unknown,0x16000000000,,,,,0x0
72,hipGetLastError,3075363,3075379,815468756072301,815468756097589,25288,1,none,0x7f09dff28e40,,,,,,,,,,,,,,,0x0
94,hipGetLastError,3075363,3075380,815468756094514,815468756113813,19299,1,none,0x7f09dff28e40,,,,,,,,,,,,,,,0x0
114,hipLaunchKernel,3075363,3075379,815468756114454,815468756144358,29904,6,func,0x7f09e13f1280,gridDim,0x13600000136,blockDim,0x1,args,0x2000000020,sharedMemBytes,0x1,unknown,0x26300000006,,,,,0x0
134,hipLaunchKernel,3075363,3075380,815468756134904,815468756162315,27411,6,func,0x7f09e13f1280,gridDim,0x13600000136,blockDim,0x1,args,0x2000000020,sharedMemBytes,0x1,unknown,0x26300000000,,,,,0x0
174,hipGetLastError,3075363,3075380,815468756174493,815468756190807,16314,1,none,0x7f09dff28e40,,,,,,,,,,,,,,,0x0
173,hipGetLastError,3075363,3075379,815468756172950,815468756193000,20050,1,none,0x7f09dff28e40,,,,,,,,,,,,,,,0x0
205,hipLaunchKernel,3075363,3075380,815468756204928,815468756224567,19639,6,func,0x7f09e13f1280,gridDim,0x13600000136,blockDim,0x1,args,0x2000000020,sharedMemBytes,0x1,unknown,0x36500000006,,,,,0x0
209,hipLaunchKernel,3075363,3075379,815468756208944,815468756231447,22503,6,func,0x7f09e13f1280,gridDim,0x13600000136,blockDim,0x1,args,0x2000000020,sharedMemBytes,0x1,unknown,0x36500000000,,,,,0x0
249,hipGetLastError,3075363,3075379,815468756249334,815468756266269,16935,1,none,0x7f09dff28e40,,,,,,,,,,,,,,,0x0
247,hipGetLastError,3075363,3075380,815468756247201,815468756268472,21271,1,none,0x7f09dff28e40,,,,,,,,,,,,,,,0x0
281,hipStreamSynchronize,3075363,3075379,815468756281461,815468758568405,2286944,1,stream,0x7ec988002700,,,,,,,,,,,,,,,0x0
603,hipLaunchKernel,3075363,3075379,815468758603687,815468758641884,38197,6,func,0x7f09e13f1280,gridDim,0x13600000136,blockDim,0x1,args,0x2000000020,sharedMemBytes,0x1,unknown,0xc000000000,,,,,0x0
284,hipStreamSynchronize,3075363,3075380,815468756284366,815468758656055,2371689,1,stream,0x7ec9780010b0,,,,,,,,,,,,,,,0x0
670,hipGetLastError,3075363,3075379,815468758670075,815468758693480,23405,1,none,0x7f09dff28e40,,,,,,,,,,,,,,,0x0
669,hipLaunchKernel,3075363,3075380,815468758669835,815468758699018,29183,6,func,0x7f09e13f1280,gridDim,0x13600000136,blockDim,0x1,args,0x2000000020,sharedMemBytes,0x1,unknown,0x14000000001,,,,,0x0
715,hipGetLastError,3075363,3075380,815468758715383,815468758736564,21181,1,none,0x7f09dff28e40,,,,,,,,,,,,,,,0x0
717,hipLaunchKernel,3075363,3075379,815468758717846,815468758744967,27121,6,func,0x7f09e13f1280,gridDim,0x13600000136,blockDim,0x1,args,0x2000000020,sharedMemBytes,0x1,unknown,0x1c400000000,,,,,0x0
761,hipGetLastError,3075363,3075379,815468758761641,815468758778136,16495,1,none,0x7f09dff28e40,,,,,,,,,,,,,,,0x0
760,hipLaunchKernel,3075363,3075380,815468758760399,815468758790053,29654,6,func,0x7f09e13f1280,gridDim,0x13600000136,blockDim,0x1,args,0x2000000020,sharedMemBytes,0x1,unknown,0x19700000006,,,,,0x0
802,hipLaunchKernel,3075363,3075379,815468758802792,815468758820398,17606,6,func,0x7f09e13f1280,gridDim,0x13600000136,blockDim,0x1,args,0x2000000020,sharedMemBytes,0x1,unknown,0x21900000000,,,,,0x0
802,hipLaunchKernel,3075363,3075379,815468758802792,815468758829121,26329,6,func,0x7f09e13f1280,gridDim,0x13600000136,blockDim,0x1,args,0x2000000020,sharedMemBytes,0x1,unknown,0x21900000000,,,,,0x0
838,hipLaunchKernel,3075363,3075380,815468758838105,815468758858866,20761,6,func,0x7f09e13f1280,gridDim,0x13600000136,blockDim,0x1,args,0x2000000020,sharedMemBytes,0x1,unknown,0x29d00000006,,,,,0x0
841,hipGetLastError,3075363,3075379,815468758841640,815468758861960,20320,1,none,0x7f09dff28e40,,,,,,,,,,,,,,,0x0
881,hipGetLastError,3075363,3075380,815468758881569,815468758897232,15663,1,none,0x7f09dff28e40,,,,,,,,,,,,,,,0x0
883,hipLaunchKernel,3075363,3075379,815468758883803,815468758905304,21501,6,func,0x7f09e13f1280,gridDim,0x13600000136,blockDim,0x1,args,0x2000000020,sharedMemBytes,0x1,unknown,0x31c00000000,,,,,0x0
917,hipGetLastError,3075363,3075379,815468758917212,815468758933687,16475,1,none,0x7f09dff28e40,,,,,,,,,,,,,,,0x0
916,hipLaunchKernel,3075363,3075380,815468758916351,815468758940667,24316,6,func,0x7f09e13f1280,gridDim,0x13600000136,blockDim,0x1,args,0x2000000020,sharedMemBytes,0x1,unknown,0x39b00000006,,,,,0x0
952,hipGetLastError,3075363,3075380,815468758952124,815468758974086,21962,1,none,0x7f09dff28e40,,,,,,,,,,,,,,,0x0
951,hipLaunchKernel,3075363,3075379,815468758951142,815468758977912,26770,6,func,0x7f09e13f1280,gridDim,0x13600000136,blockDim,0x1,args,0x2000000020,sharedMemBytes,0x1,unknown,0x3800000006,,,,,0x0
997,hipGetLastError,3075363,3075379,815468758997111,815468759013926,16815,1,none,0x7f09dff28e40,,,,,,,,,,,,,,,0x0
995,hipLaunchKernel,3075363,3075380,815468758995108,815468759019043,23935,6,func,0x7f09e13f1280,gridDim,0x13600000136,blockDim,0x1,args,0x2000000020,sharedMemBytes,0x1,unknown,0xbb00000006,,,,,0x0
30,hipGetLastError,3075363,3075380,815468759029959,815468759048216,18257,1,none,0x7f09dff28e40,,,,,,,,,,,,,,,0x0
31,hipLaunchKernel,3075363,3075379,815468759031582,815468759056228,24646,6,func,0x7f09e13f1280,gridDim,0x13600000136,blockDim,0x1,args,0x2000000020,sharedMemBytes,0x1,unknown,0x13800000000,,,,,0x0
69,hipGetLastError,3075363,3075379,815468759069508,815468759092362,22854,1,none,0x7f09dff28e40,,,,,,,,,,,,,,,0x0
69,hipGetLastError,3075363,3075379,815468759069508,815468759095286,25778,1,none,0x7f09dff28e40,,,,,,,,,,,,,,,0x0
113,hipGetLastError,3075363,3075380,815468759113503,815468759132602,19099,1,none,0x7f09dff28e40,,,,,,,,,,,,,,,0x0
112,hipLaunchKernel,3075363,3075379,815468759112842,815468759138721,25879,6,func,0x7f09e13f1280,gridDim,0x13600000136,blockDim,0x1,args,0x2000000020,sharedMemBytes,0x1,unknown,0x23a00000006,,,,,0x0
150,hipGetLastError,3075363,3075379,815468759150568,815468759171479,20911,1,none,0x7f09dff28e40,,,,,,,,,,,,,,,0x0
153,hipLaunchKernel,3075363,3075380,815468759153513,815468759174614,21101,6,func,0x7f09e13f1280,gridDim,0x13600000136,blockDim,0x1,args,0x2000000020,sharedMemBytes,0x1,unknown,0x2b400000000,,,,,0x0
193,hipGetLastError,3075363,3075380,815468759193111,815468759213382,20271,1,none,0x7f09dff28e40,,,,,,,,,,,,,,,0x0
194,hipLaunchKernel,3075363,3075379,815468759194043,815468759220372,26329,6,func,0x7f09e13f1280,gridDim,0x13600000136,blockDim,0x1,args,0x2000000020,sharedMemBytes,0x1,unknown,0x28000000000,,,,,0x0
236,hipGetLastError,3075363,3075379,815468759236726,815468759257076,20350,1,none,0x7f09dff28e40,,,,,,,,,,,,,,,0x0
237,hipLaunchKernel,3075363,3075380,815468759237427,815468759261162,23735,6,func,0x7f09e13f1280,gridDim,0x13600000136,blockDim,0x1,args,0x2000000020,sharedMemBytes,0x1,unknown,0x30500000000,,,,,0x0
276,hipLaunchKernel,3075363,3075379,815468759276495,815468759294482,17987,6,func,0x7f09e13f1280,gridDim,0x13600000136,blockDim,0x1,args,0x2000000020,sharedMemBytes,0x1,unknown,0x38700000000,,,,,0x0
276,hipLaunchKernel,3075363,3075379,815468759276495,815468759299329,22834,6,func,0x7f09e13f1280,gridDim,0x13600000136,blockDim,0x1,args,0x2000000020,sharedMemBytes,0x1,unknown,0x38700000000,,,,,0x0
315,hipGetLastError,3075363,3075379,815468759314932,815468759336064,21132,1,none,0x7f09dff28e40,,,,,,,,,,,,,,,0x0
317,hipLaunchKernel,3075363,3075380,815468759317095,815468759340881,23786,6,func,0x7f09e13f1280,gridDim,0x13600000136,blockDim,0x1,args,0x2000000020,sharedMemBytes,0x1,unknown,0x2a00000000,,,,,0x0
358,hipGetLastError,3075363,3075380,815468759358397,815468759377846,19449,1,none,0x7f09dff28e40,,,,,,,,,,,,,,,0x0
359,hipLaunchKernel,3075363,3075379,815468759359048,815468759385887,26839,6,func,0x7f09e13f1280,gridDim,0x13600000136,blockDim,0x1,args,0x2000000020,sharedMemBytes,0x1,unknown,0xa500000000,,,,,0x0
399,hipGetLastError,3075363,3075379,815468759399047,815468759419998,20951,1,none,0x7f09dff28e40,,,,,,,,,,,,,,,0x0
400,hipLaunchKernel,3075363,3075380,815468759400299,815468759423023,22724,6,func,0x7f09e13f1280,gridDim,0x13600000136,blockDim,0x1,args,0x2000000020,sharedMemBytes,0x1,unknown,0x12400000000,,,,,0x0
440,hipGetLastError,3075363,3075380,815468759440018,815468759460919,20901,1,none,0x7f09dff28e40,,,,,,,,,,,,,,,0x0
442,hipStreamSynchronize,3075363,3075379,815468759442532,815468761740331,2297799,1,stream,0x7ec988002700,,,,,,,,,,,,,,,0x0
777,hipLaunchKernel,3075363,3075379,815468761777035,815468761817114,40079,6,func,0x7f09e13f1280,gridDim,0x13600000136,blockDim,0x1,args,0x2000000020,sharedMemBytes,0x1,unknown,0x22100000000,,,,,0x0
486,hipStreamSynchronize,3075363,3075380,815468759486487,815468761831436,2344949,1,stream,0x7ec9780010b0,,,,,,,,,,,,,,,0x0
848,hipGetLastError,3075363,3075379,815468761848231,815468761866948,18717,1,none,0x7f09dff28e40,,,,,,,,,,,,,,,0x0
846,hipLaunchKernel,3075363,3075380,815468761845957,815468761876683,30726,6,func,0x7f09e13f1280,gridDim,0x13600000136,blockDim,0x1,args,0x2000000020,sharedMemBytes,0x1,unknown,0x2a300000001,,,,,0x0
888,hipGetLastError,3075363,3075380,815468761888681,815468761904654,15973,1,none,0x7f09dff28e40,,,,,,,,,,,,,,,0x0
885,hipLaunchKernel,3075363,3075379,815468761885786,815468761914759,28973,6,func,0x7f09e13f1280,gridDim,0x13600000136,blockDim,0x1,args,0x2000000020,sharedMemBytes,0x1,unknown,0x32200000001,,,,,0x0
927,hipGetLastError,3075363,3075379,815468761927719,815468761949080,21361,1,none,0x7f09dff28e40,,,,,,,,,,,,,,,0x0
925,hipLaunchKernel,3075363,3075380,815468761925255,815468761954418,29163,6,func,0x7f09e13f1280,gridDim,0x13600000136,blockDim,0x1,args,0x2000000020,sharedMemBytes,0x1,unknown,0x22c00000002,,,,,0x0
965,hipGetLastError,3075363,3075380,815468761965074,815468761981078,16004,1,none,0x7f09dff28e40,,,,,,,,,,,,,,,0x0
968,hipLaunchKernel,3075363,3075379,815468761968309,815468761989721,21412,6,func,0x7f09e13f1280,gridDim,0x13600000136,blockDim,0x1,args,0x2000000020,sharedMemBytes,0x1,unknown,0x36000000000,,,,,0x0
996,hipLaunchKernel,3075363,3075380,815468761996571,815468762018433,21862,6,func,0x7f09e13f1280,gridDim,0x13600000136,blockDim,0x1,args,0x2000000020,sharedMemBytes,0x1,unknown,0x33800000001,,,,,0x0
2,hipGetLastError,3075363,3075379,815468762002860,815468762029139,26279,1,none,0x7f09dff28e40,,,,,,,,,,,,,,,0x0
42,hipGetLastError,3075363,3075380,815468762042839,815468762063129,20290,1,none,0x7f09dff28e40,,,,,,,,,,,,,,,0x0
44,hipLaunchKernel,3075363,3075379,815468762044502,815468762069499,24997,6,func,0x7f09e13f1280,gridDim,0x13600000136,blockDim,0x1,args,0x2000000020,sharedMemBytes,0x1,unknown,0x3bd00000000,,,,,0x0
81,hipGetLastError,3075363,3075379,815468762081857,815468762101837,19980,1,none,0x7f09dff28e40,,,,,,,,,,,,,,,0x0
85,hipLaunchKernel,3075363,3075380,815468762084992,815468762106794,21802,6,func,0x7f09e13f1280,gridDim,0x13600000136,blockDim,0x1,args,0x2000000020,sharedMemBytes,0x1,unknown,0x5700000000,,,,,0x0
120,hipGetLastError,3075363,3075380,815468762120475,815468762141426,20951,1,none,0x7f09dff28e40,,,,,,,,,,,,,,,0x0
122,hipLaunchKernel,3075363,3075379,815468762122548,815468762149528,26980,6,func,0x7f09e13f1280,gridDim,0x13600000136,blockDim,0x1,args,0x2000000020,sharedMemBytes,0x1,unknown,0xda00000000,,,,,0x0
166,hipGetLastError,3075363,3075379,815468762166112,815468762182176,16064,1,none,0x7f09dff28e40,,,,,,,,,,,,,,,0x0
163,hipLaunchKernel,3075363,3075380,815468762163338,815468762187614,24276,6,func,0x7f09e13f1280,gridDim,0x13600000136,blockDim,0x1,args,0x2000000020,sharedMemBytes,0x1,unknown,0x15800000001,,,,,0x0
199,hipGetLastError,3075363,3075380,815468762198981,815468762216126,17145,1,none,0x7f09dff28e40,,,,,,,,,,,,,,,0x0
201,hipLaunchKernel,3075363,3075379,815468762201725,815468762224118,22393,6,func,0x7f09e13f1280,gridDim,0x13600000136,blockDim,0x1,args,0x2000000020,sharedMemBytes,0x1,unknown,0x1d000000000,,,,,0x0
236,hipGetLastError,3075363,3075379,815468762236767,815468762253662,16895,1,none,0x7f09dff28e40,,,,,,,,,,,,,,,0x0
229,hipLaunchKernel,3075363,3075380,815468762229897,815468762256787,26890,6,func,0x7f09e13f1280,gridDim,0x13600000136,blockDim,0x1,args,0x2000000020,sharedMemBytes,0x1,unknown,0x24e00000001,,,,,0x0
276,hipGetLastError,3075363,3075380,815468762276786,815468762296666,19880,1,none,0x7f09dff28e40,,,,,,,,,,,,,,,0x0
278,hipLaunchKernel,3075363,3075379,815468762277948,815468762305449,27501,6,func,0x7f09e13f1280,gridDim,0x13600000136,blockDim,0x1,args,0x2000000020,sharedMemBytes,0x1,unknown,0x2cf00000000,,,,,0x0
317,hipGetLastError,3075363,3075379,815468762317727,815468762334843,17116,1,none,0x7f09dff28e40,,,,,,,,,,,,,,,0x0
315,hipLaunchKernel,3075363,3075380,815468762315374,815468762336275,20901,6,func,0x7f09e13f1280,gridDim,0x13600000136,blockDim,0x1,args,0x2000000020,sharedMemBytes,0x1,unknown,0x35000000001,,,,,0x0
352,hipGetLastError,3075363,3075380,815468762352278,815468762370786,18508,1,none,0x7f09dff28e40,,,,,,,,,,,,,,,0x0
353,hipLaunchKernel,3075363,3075379,815468762352929,815468762374722,21793,6,func,0x7f09e13f1280,gridDim,0x13600000136,blockDim,0x1,args,0x2000000020,sharedMemBytes,0x1,unknown,0x3ce00000000,,,,,0x0
394,hipGetLastError,3075363,3075379,815468762394110,815468762413780,19670,1,none,0x7f09dff28e40,,,,,,,,,,,,,,,0x0
392,hipLaunchKernel,3075363,3075380,815468762392779,815468762417665,24886,6,func,0x7f09e13f1280,gridDim,0x13600000136,blockDim,0x1,args,0x2000000020,sharedMemBytes,0x1,unknown,0x3a700000006,,,,,0x0
435,hipGetLastError,3075363,3075380,815468762435422,815468762453599,18177,1,none,0x7f09dff28e40,,,,,,,,,,,,,,,0x0
434,hipLaunchKernel,3075363,3075379,815468762434701,815468762460178,25477,6,func,0x7f09e13f1280,gridDim,0x13600000136,blockDim,0x1,args,0x2000000020,sharedMemBytes,0x1,unknown,0x3e00000006,,,,,0x0
473,hipGetLastError,3075363,3075379,815468762473078,815468762495140,22062,1,none,0x7f09dff28e40,,,,,,,,,,,,,,,0x0
469,hipLaunchKernel,3075363,3075380,815468762469893,815468762496042,26149,6,func,0x7f09e13f1280,gridDim,0x13600000136,blockDim,0x1,args,0x2000000020,sharedMemBytes,0x1,unknown,0xc300000006,,,,,0x0
514,hipGetLastError,3075363,3075380,815468762514539,815468762532626,18087,1,none,0x7f09dff28e40,,,,,,,,,,,,,,,0x0
517,hipLaunchKernel,3075363,3075379,815468762516963,815468762542310,25347,6,func,0x7f09e13f1280,gridDim,0x13600000136,blockDim,0x1,args,0x2000000020,sharedMemBytes,0x1,unknown,0x14500000000,,,,,0x0
554,hipGetLastError,3075363,3075379,815468762554368,815468762573567,19199,1,none,0x7f09dff28e40,,,,,,,,,,,,,,,0x0
551,hipLaunchKernel,3075363,3075380,815468762551184,815468762574758,23574,6,func,0x7f09e13f1280,gridDim,0x13600000136,blockDim,0x1,args,0x2000000020,sharedMemBytes,0x1,unknown,0x1c400000006,,,,,0x0
590,hipGetLastError,3075363,3075380,815468762590101,815468762606966,16865,1,none,0x7f09dff28e40,,,,,,,,,,,,,,,0x0
592,hipStreamSynchronize,3075363,3075379,815468762592345,815468764932476,2340131,1,stream,0x7ec988002700,,,,,,,,,,,,,,,0x0
632,hipStreamSynchronize,3075363,3075380,815468762631963,815468764989962,2357999,1,stream,0x7ec9780010b0,,,,,,,,,,,,,,,0x0
969,hipLaunchKernel,3075363,3075379,815468764968900,815468765010051,41151,6,func,0x7f09e13f1280,gridDim,0x13600000136,blockDim,0x1,args,0x2000000020,sharedMemBytes,0x1,unknown,0x2c900000000,,,,,0x0
16,hipLaunchKernel,3075363,3075380,815468765016681,815468765046526,29845,6,func,0x7f09e13f1280,gridDim,0x13600000136,blockDim,0x1,args,0x2000000020,sharedMemBytes,0x1,unknown,0x34500000006,,,,,0x0
39,hipGetLastError,3075363,3075379,815468765039295,815468765067316,28021,1,none,0x7f09dff28e40,,,,,,,,,,,,,,,0x0
63,hipGetLastError,3075363,3075380,815468765063431,815468765083380,19949,1,none,0x7f09dff28e40,,,,,,,,,,,,,,,0x0
80,hipLaunchKernel,3075363,3075379,815468765080826,815468765108978,28152,6,func,0x7f09e13f1280,gridDim,0x13600000136,blockDim,0x1,args,0x2000000020,sharedMemBytes,0x1,unknown,0x3c200000000,,,,,0x0
101,hipLaunchKernel,3075363,3075380,815468765101117,815468765133605,32488,6,func,0x7f09e13f1280,gridDim,0x13600000136,blockDim,0x1,args,0x2000000020,sharedMemBytes,0x1,unknown,0x1e00000000,,,,,0x0
133,hipGetLastError,3075363,3075379,815468765133424,815468765158241,24817,1,none,0x7f09dff28e40,,,,,,,,,,,,,,,0x0
155,hipGetLastError,3075363,3075380,815468765155687,815468765176028,20341,1,none,0x7f09dff28e40,,,,,,,,,,,,,,,0x0
176,hipLaunchKernel,3075363,3075379,815468765176719,815468765198771,22052,6,func,0x7f09e13f1280,gridDim,0x13600000136,blockDim,0x1,args,0x2000000020,sharedMemBytes,0x1,unknown,0x6f00000006,,,,,0x0
189,hipLaunchKernel,3075363,3075380,815468765189898,815468765214164,24266,6,func,0x7f09e13f1280,gridDim,0x13600000136,blockDim,0x1,args,0x2000000020,sharedMemBytes,0x1,unknown,0x6f00000000,,,,,0x0
210,hipGetLastError,3075363,3075379,815468765210479,815468765232501,22022,1,none,0x7f09dff28e40,,,,,,,,,,,,,,,0x0
233,hipGetLastError,3075363,3075380,815468765233233,815468765254474,21241,1,none,0x7f09dff28e40,,,,,,,,,,,,,,,0x0
254,hipLaunchKernel,3075363,3075379,815468765254194,815468765280823,26629,6,func,0x7f09e13f1280,gridDim,0x13600000136,blockDim,0x1,args,0x2000000020,sharedMemBytes,0x1,unknown,0x17b00000006,,,,,0x0
275,hipLaunchKernel,3075363,3075380,815468765275255,815468765301033,25778,6,func,0x7f09e13f1280,gridDim,0x13600000136,blockDim,0x1,args,0x2000000020,sharedMemBytes,0x1,unknown,0x17b00000000,,,,,0x0
298,hipGetLastError,3075363,3075379,815468765297929,815468765321173,23244,1,none,0x7f09dff28e40,,,,,,,,,,,,,,,0x0
318,hipGetLastError,3075363,3075380,815468765318159,815468765341103,22944,1,none,0x7f09dff28e40,,,,,,,,,,,,,,,0x0
337,hipLaunchKernel,3075363,3075379,815468765337828,815468765366570,28742,6,func,0x7f09e13f1280,gridDim,0x13600000136,blockDim,0x1,args,0x2000000020,sharedMemBytes,0x1,unknown,0x24500000000,,,,,0x0
359,hipLaunchKernel,3075363,3075380,815468765359069,815468765388713,29644,6,func,0x7f09e13f1280,gridDim,0x13600000136,blockDim,0x1,args,0x2000000020,sharedMemBytes,0x1,unknown,0x28200000000,,,,,0x0
382,hipGetLastError,3075363,3075379,815468765382173,815468765403225,21052,1,none,0x7f09dff28e40,,,,,,,,,,,,,,,0x0
413,hipGetLastError,3075363,3075380,815468765413159,815468765432158,18999,1,none,0x7f09dff28e40,,,,,,,,,,,,,,,0x0
419,hipLaunchKernel,3075363,3075379,815468765419449,815468765455683,36234,6,func,0x7f09e13f1280,gridDim,0x13600000136,blockDim,0x1,args,0x2000000020,sharedMemBytes,0x1,unknown,0x34b00000000,,,,,0x0
450,hipLaunchKernel,3075363,3075380,815468765450755,815468765475842,25087,6,func,0x7f09e13f1280,gridDim,0x13600000136,blockDim,0x1,args,0x2000000020,sharedMemBytes,0x1,unknown,0x38400000000,,,,,0x0
471,hipGetLastError,3075363,3075379,815468765471586,815468765491205,19619,1,none,0x7f09dff28e40,,,,,,,,,,,,,,,0x0
487,hipGetLastError,3075363,3075380,815468765487239,815468765508090,20851,1,none,0x7f09dff28e40,,,,,,,,,,,,,,,0x0
508,hipLaunchKernel,3075363,3075379,815468765508401,815468765533598,25197,6,func,0x7f09e13f1280,gridDim,0x13600000136,blockDim,0x1,args,0x2000000020,sharedMemBytes,0x1,unknown,0xa000000006,,,,,0x0
523,hipLaunchKernel,3075363,3075380,815468765523764,815468765552516,28752,6,func,0x7f09e13f1280,gridDim,0x13600000136,blockDim,0x1,args,0x2000000020,sharedMemBytes,0x1,unknown,0xa000000000,,,,,0x0
564,hipGetLastError,3075363,3075380,815468765564814,815468765578515,13701,1,none,0x7f09dff28e40,,,,,,,,,,,,,,,0x0
563,hipGetLastError,3075363,3075379,815468765563322,815468765583662,20340,1,none,0x7f09dff28e40,,,,,,,,,,,,,,,0x0
592,hipLaunchKernel,3075363,3075380,815468765592165,815468765610252,18087,6,func,0x7f09e13f1280,gridDim,0x13600000136,blockDim,0x1,args,0x2000000020,sharedMemBytes,0x1,unknown,0x1a500000001,,,,,0x0
597,hipLaunchKernel,3075363,3075379,815468765596942,815468765627638,30696,6,func,0x7f09e13f1280,gridDim,0x13600000136,blockDim,0x1,args,0x2000000020,sharedMemBytes,0x1,unknown,0xc700000000,,,,,0x0
628,hipGetLastError,3075363,3075380,815468765628229,815468765645234,17005,1,none,0x7f09dff28e40,,,,,,,,,,,,,,,0x0
643,hipGetLastError,3075363,3075379,815468765643691,815468765664753,21062,1,none,0x7f09dff28e40,,,,,,,,,,,,,,,0x0
665,hipLaunchKernel,3075363,3075380,815468765665834,815468765690150,24316,6,func,0x7f09e13f1280,gridDim,0x13600000136,blockDim,0x1,args,0x2000000020,sharedMemBytes,0x1,unknown,0x34000000006,,,,,0x0
682,hipLaunchKernel,3075363,3075379,815468765681948,815468765712954,31006,6,func,0x7f09e13f1280,gridDim,0x13600000136,blockDim,0x1,args,0x2000000020,sharedMemBytes,0x1,unknown,0x34000000000,,,,,0x0
706,hipGetLastError,3075363,3075380,815468765706124,815468765733685,27561,1,none,0x7f09dff28e40,,,,,,,,,,,,,,,0x0
732,hipGetLastError,3075363,3075379,815468765732814,815468765753655,20841,1,none,0x7f09dff28e40,,,,,,,,,,,,,,,0x0
751,hipLaunchKernel,3075363,3075380,815468765751892,815468765781416,29524,6,func,0x7f09e13f1280,gridDim,0x13600000136,blockDim,0x1,args,0x2000000020,sharedMemBytes,0x1,unknown,0x2200000000,,,,,0x0
773,hipLaunchKernel,3075363,3075379,815468765773043,815468765794665,21622,6,func,0x7f09e13f1280,gridDim,0x13600000136,blockDim,0x1,args,0x2000000020,sharedMemBytes,0x1,unknown,0x5000000000,,,,,0x0
801,hipGetLastError,3075363,3075380,815468765801646,815468765819132,17486,1,none,0x7f09dff28e40,,,,,,,,,,,,,,,0x0
820,hipGetLastError,3075363,3075379,815468765820384,815468765841134,20750,1,none,0x7f09dff28e40,,,,,,,,,,,,,,,0x0
856,hipStreamSynchronize,3075363,3075379,815468765856497,815468768123681,2267184,1,stream,0x7ec988002700,,,,,,,,,,,,,,,0x0
835,hipStreamSynchronize,3075363,3075380,815468765835095,815468768168307,2333212,1,stream,0x7ec9780010b0,,,,,,,,,,,,,,,0x0
158,hipLaunchKernel,3075363,3075379,815468768158743,815468768188958,30215,6,func,0x7f09e13f1280,gridDim,0x13600000136,blockDim,0x1,args,0x2000000020,sharedMemBytes,0x1,unknown,0x11900000006,,,,,0x0
194,hipLaunchKernel,3075363,3075380,815468768194316,815468768218501,24185,6,func,0x7f09e13f1280,gridDim,0x13600000136,blockDim,0x1,args,0x2000000020,sharedMemBytes,0x1,unknown,0x2cd00000000,,,,,0x0
205,hipGetLastError,3075363,3075379,815468768205702,815468768232172,26470,1,none,0x7f09dff28e40,,,,,,,,,,,,,,,0x0
237,hipGetLastError,3075363,3075380,815468768236949,815468768255126,18177,1,none,0x7f09dff28e40,,,,,,,,,,,,,,,0x0
245,hipLaunchKernel,3075363,3075379,815468768245642,815468768276848,31206,6,func,0x7f09e13f1280,gridDim,0x13600000136,blockDim,0x1,args,0x2000000020,sharedMemBytes,0x1,unknown,0x1ac00000004,,,,,0x0
269,hipLaunchKernel,3075363,3075380,815468768269858,815468768303708,33850,6,func,0x7f09e13f1280,gridDim,0x13600000136,blockDim,0x1,args,0x2000000020,sharedMemBytes,0x1,unknown,0x1ac00000000,,,,,0x0
297,hipGetLastError,3075363,3075379,815468768297729,815468768320853,23124,1,none,0x7f09dff28e40,,,,,,,,,,,,,,,0x0
315,hipGetLastError,3075363,3075380,815468768315055,815468768334473,19418,1,none,0x7f09dff28e40,,,,,,,,,,,,,,,0x0
354,hipLaunchKernel,3075363,3075380,815468768354383,815468768373161,18778,6,func,0x7f09e13f1280,gridDim,0x13600000136,blockDim,0x1,args,0x2000000020,sharedMemBytes,0x1,unknown,0x22600000000,,,,,0x0
347,hipLaunchKernel,3075363,3075379,815468768347162,815468768377587,30425,6,func,0x7f09e13f1280,gridDim,0x13600000136,blockDim,0x1,args,0x2000000020,sharedMemBytes,0x1,unknown,0x22600000001,,,,,0x0
393,hipGetLastError,3075363,3075379,815468768393531,815468768408633,15102,1,none,0x7f09dff28e40,,,,,,,,,,,,,,,0x0
395,hipGetLastError,3075363,3075380,815468768395684,815468768415203,19519,1,none,0x7f09dff28e40,,,,,,,,,,,,,,,0x0
431,hipLaunchKernel,3075363,3075379,815468768431527,815468768454051,22524,6,func,0x7f09e13f1280,gridDim,0x13600000136,blockDim,0x1,args,0x2000000020,sharedMemBytes,0x1,unknown,0x32100000000,,,,,0x0
428,hipLaunchKernel,3075363,3075380,815468768427912,815468768455363,27451,6,func,0x7f09e13f1280,gridDim,0x13600000136,blockDim,0x1,args,0x2000000020,sharedMemBytes,0x1,unknown,0x32100000001,,,,,0x0
473,hipGetLastError,3075363,3075380,815468768473009,815468768485738,12729,1,none,0x7f09dff28e40,,,,,,,,,,,,,,,0x0
476,hipGetLastError,3075363,3075379,815468768476294,815468768492258,15964,1,none,0x7f09dff28e40,,,,,,,,,,,,,,,0x0
500,hipLaunchKernel,3075363,3075380,815468768500710,815468768520910,20200,6,func,0x7f09e13f1280,gridDim,0x13600000136,blockDim,0x1,args,0x2000000020,sharedMemBytes,0x1,unknown,0x1200000006,,,,,0x0
505,hipLaunchKernel,3075363,3075379,815468768505367,815468768530915,25548,6,func,0x7f09e13f1280,gridDim,0x13600000136,blockDim,0x1,args,0x2000000020,sharedMemBytes,0x1,unknown,0x1200000000,,,,,0x0
542,hipGetLastError,3075363,3075379,815468768542412,815468768556623,14211,1,none,0x7f09dff28e40,,,,,,,,,,,,,,,0x0
545,hipGetLastError,3075363,3075380,815468768545036,815468768564204,19168,1,none,0x7f09dff28e40,,,,,,,,,,,,,,,0x0
576,hipLaunchKernel,3075363,3075380,815468768576022,815468768600688,24666,6,func,0x7f09e13f1280,gridDim,0x13600000136,blockDim,0x1,args,0x2000000020,sharedMemBytes,0x1,unknown,0x10c00000006,,,,,0x0
580,hipLaunchKernel,3075363,3075379,815468768580298,815468768605756,25458,6,func,0x7f09e13f1280,gridDim,0x13600000136,blockDim,0x1,args,0x2000000020,sharedMemBytes,0x1,unknown,0x10c00000000,,,,,0x0
621,hipGetLastError,3075363,3075380,815468768621649,815468768635901,14252,1,none,0x7f09dff28e40,,,,,,,,,,,,,,,0x0
623,hipGetLastError,3075363,3075379,815468768623552,815468768646286,22734,1,none,0x7f09dff28e40,,,,,,,,,,,,,,,0x0
655,hipLaunchKernel,3075363,3075380,815468768655049,815468768678654,23605,6,func,0x7f09e13f1280,gridDim,0x13600000136,blockDim,0x1,args,0x2000000020,sharedMemBytes,0x1,unknown,0x20000000006,,,,,0x0
659,hipLaunchKernel,3075363,3075379,815468768659626,815468768681989,22363,6,func,0x7f09e13f1280,gridDim,0x13600000136,blockDim,0x1,args,0x2000000020,sharedMemBytes,0x1,unknown,0x20000000000,,,,,0x0
699,hipGetLastError,3075363,3075380,815468768699605,815468768714968,15363,1,none,0x7f09dff28e40,,,,,,,,,,,,,,,0x0
702,hipGetLastError,3075363,3075379,815468768702249,815468768720686,18437,1,none,0x7f09dff28e40,,,,,,,,,,,,,,,0x0
733,hipLaunchKernel,3075363,3075379,815468768733295,815468768758202,24907,6,func,0x7f09e13f1280,gridDim,0x13600000136,blockDim,0x1,args,0x2000000020,sharedMemBytes,0x1,unknown,0x2b800000000,,,,,0x0
732,hipLaunchKernel,3075363,3075380,815468768732344,815468768760736,28392,6,func,0x7f09e13f1280,gridDim,0x13600000136,blockDim,0x1,args,0x2000000020,sharedMemBytes,0x1,unknown,0x2b900000003,,,,,0x0
773,hipGetLastError,3075363,3075379,815468768773905,815468768789579,15674,1,none,0x7f09dff28e40,,,,,,,,,,,,,,,0x0
777,hipGetLastError,3075363,3075380,815468768777130,815468768792463,15333,1,none,0x7f09dff28e40,,,,,,,,,,,,,,,0x0
805,hipLaunchKernel,3075363,3075380,815468768805362,815468768832032,26670,6,func,0x7f09e13f1280,gridDim,0x13600000136,blockDim,0x1,args,0x2000000020,sharedMemBytes,0x1,unknown,0x3a800000001,,,,,0x0
806,hipLaunchKernel,3075363,3075379,815468768806664,815468768833364,26700,6,func,0x7f09e13f1280,gridDim,0x13600000136,blockDim,0x1,args,0x2000000020,sharedMemBytes,0x1,unknown,0x3a800000000,,,,,0x0
854,hipGetLastError,3075363,3075379,815468768854906,815468768870258,15352,1,none,0x7f09dff28e40,,,,,,,,,,,,,,,0x0
854,hipGetLastError,3075363,3075379,815468768854906,815468768875466,20560,1,none,0x7f09dff28e40,,,,,,,,,,,,,,,0x0
889,hipLaunchKernel,3075363,3075380,815468768889717,815468768915075,25358,6,func,0x7f09e13f1280,gridDim,0x13600000136,blockDim,0x1,args,0x2000000020,sharedMemBytes,0x1,unknown,0xd300000000,,,,,0x0
891,hipLaunchKernel,3075363,3075379,815468768891280,815468768917238,25958,6,func,0x7f09e13f1280,gridDim,0x13600000136,blockDim,0x1,args,0x2000000020,sharedMemBytes,0x1,unknown,0x20a00000003,,,,,0x0
938,hipGetLastError,3075363,3075379,815468768938590,815468768954583,15993,1,none,0x7f09dff28e40,,,,,,,,,,,,,,,0x0
936,hipGetLastError,3075363,3075380,815468768936406,815468768955335,18929,1,none,0x7f09dff28e40,,,,,,,,,,,,,,,0x0
971,hipStreamSynchronize,3075363,3075379,815468768971519,815468771298300,2326781,1,stream,0x7ec988002700,,,,,,,,,,,,,,,0x0
974,hipStreamSynchronize,3075363,3075380,815468768974413,815468771354143,2379730,1,stream,0x7ec9780010b0,,,,,,,,,,,,,,,0x0
331,hipLaunchKernel,3075363,3075379,815468771331440,815468771369767,38327,6,func,0x7f09e13f1280,gridDim,0x13600000136,blockDim,0x1,args,0x2000000020,sharedMemBytes,0x1,unknown,0x2e900000000,,,,,0x0
382,hipGetLastError,3075363,3075379,815468771382125,815468771403016,20891,1,none,0x7f09dff28e40,,,,,,,,,,,,,,,0x0
381,hipLaunchKernel,3075363,3075380,815468771381063,815468771409976,28913,6,func,0x7f09e13f1280,gridDim,0x13600000136,blockDim,0x1,args,0x2000000020,sharedMemBytes,0x1,unknown,0x1ed00000006,,,,,0x0
424,hipGetLastError,3075363,3075380,815468771424388,815468771444047,19659,1,none,0x7f09dff28e40,,,,,,,,,,,,,,,0x0
426,hipLaunchKernel,3075363,3075379,815468771425950,815468771449945,23995,6,func,0x7f09e13f1280,gridDim,0x13600000136,blockDim,0x1,args,0x2000000020,sharedMemBytes,0x1,unknown,0x4400000000,,,,,0x0
467,hipGetLastError,3075363,3075379,815468771466921,815468771483936,17015,1,none,0x7f09dff28e40,,,,,,,,,,,,,,,0x0
466,hipLaunchKernel,3075363,3075380,815468771466039,815468771495143,29104,6,func,0x7f09e13f1280,gridDim,0x13600000136,blockDim,0x1,args,0x2000000020,sharedMemBytes,0x1,unknown,0x11000000006,,,,,0x0
507,hipGetLastError,3075363,3075380,815468771507070,815468771524496,17426,1,none,0x7f09dff28e40,,,,,,,,,,,,,,,0x0
511,hipLaunchKernel,3075363,3075379,815468771510996,815468771532658,21662,6,func,0x7f09e13f1280,gridDim,0x13600000136,blockDim,0x1,args,0x2000000020,sharedMemBytes,0x1,unknown,0x18800000000,,,,,0x0
545,hipGetLastError,3075363,3075379,815468771545367,815468771561631,16264,1,none,0x7f09dff28e40,,,,,,,,,,,,,,,0x0
543,hipLaunchKernel,3075363,3075380,815468771543024,815468771568031,25007,6,func,0x7f09e13f1280,gridDim,0x13600000136,blockDim,0x1,args,0x2000000020,sharedMemBytes,0x1,unknown,0x20200000006,,,,,0x0
584,hipGetLastError,3075363,3075380,815468771584034,815468771603013,18979,1,none,0x7f09dff28e40,,,,,,,,,,,,,,,0x0
583,hipLaunchKernel,3075363,3075379,815468771583293,815468771609793,26500,6,func,0x7f09e13f1280,gridDim,0x13600000136,blockDim,0x1,args,0x2000000020,sharedMemBytes,0x1,unknown,0x26d00000006,,,,,0x0
623,hipLaunchKernel,3075363,3075380,815468771623683,815468771644464,20781,6,func,0x7f09e13f1280,gridDim,0x13600000136,blockDim,0x1,args,0x2000000020,sharedMemBytes,0x1,unknown,0x2e600000000,,,,,0x0
623,hipLaunchKernel,3075363,3075380,815468771623683,815468771645786,22103,6,func,0x7f09e13f1280,gridDim,0x13600000136,blockDim,0x1,args,0x2000000020,sharedMemBytes,0x1,unknown,0x2e600000000,,,,,0x0
665,hipLaunchKernel,3075363,3075379,815468771665455,815468771683111,17656,6,func,0x7f09e13f1280,gridDim,0x13600000136,blockDim,0x1,args,0x2000000020,sharedMemBytes,0x1,unknown,0x36200000000,,,,,0x0
665,hipLaunchKernel,3075363,3075379,815468771665455,815468771686797,21342,6,func,0x7f09e13f1280,gridDim,0x13600000136,blockDim,0x1,args,0x2000000020,sharedMemBytes,0x1,unknown,0x36200000000,,,,,0x0
699,hipGetLastError,3075363,3075379,815468771699345,815468771718854,19509,1,none,0x7f09dff28e40,,,,,,,,,,,,,,,0x0
701,hipLaunchKernel,3075363,3075380,815468771700918,815468771720817,19899,6,func,0x7f09e13f1280,gridDim,0x13600000136,blockDim,0x1,args,0x2000000020,sharedMemBytes,0x1,unknown,0x3db00000000,,,,,0x0
736,hipGetLastError,3075363,3075380,815468771736090,815468771750792,14702,1,none,0x7f09dff28e40,,,,,,,,,,,,,,,0x0
739,hipLaunchKernel,3075363,3075379,815468771739695,815468771763881,24186,6,func,0x7f09e13f1280,gridDim,0x13600000136,blockDim,0x1,args,0x2000000020,sharedMemBytes,0x1,unknown,0x7000000000,,,,,0x0
766,hipLaunchKernel,3075363,3075380,815468771766115,815468771789780,23665,6,func,0x7f09e13f1280,gridDim,0x13600000136,blockDim,0x1,args,0x2000000020,sharedMemBytes,0x1,unknown,0xeb00000001,,,,,0x0
784,hipGetLastError,3075363,3075379,815468771784602,815468771810591,25989,1,none,0x7f09dff28e40,,,,,,,,,,,,,,,0x0
810,hipGetLastError,3075363,3075380,815468771810000,815468771833044,23044,1,none,0x7f09dff28e40,,,,,,,,,,,,,,,0x0
830,hipLaunchKernel,3075363,3075379,815468771830550,815468771854796,24246,6,func,0x7f09e13f1280,gridDim,0x13600000136,blockDim,0x1,args,0x2000000020,sharedMemBytes,0x1,unknown,0x1f00000000,,,,,0x0
844,hipLaunchKernel,3075363,3075380,815468771844761,815468771874375,29614,6,func,0x7f09e13f1280,gridDim,0x13600000136,blockDim,0x1,args,0x2000000020,sharedMemBytes,0x1,unknown,0x5500000000,,,,,0x0
871,hipGetLastError,3075363,3075379,815468771871381,815468771894886,23505,1,none,0x7f09dff28e40,,,,,,,,,,,,,,,0x0
894,hipGetLastError,3075363,3075380,815468771894825,815468771916648,21823,1,none,0x7f09dff28e40,,,,,,,,,,,,,,,0x0
912,hipLaunchKernel,3075363,3075379,815468771912462,815468771941765,29303,6,func,0x7f09e13f1280,gridDim,0x13600000136,blockDim,0x1,args,0x2000000020,sharedMemBytes,0x1,unknown,0x11500000000,,,,,0x0
934,hipLaunchKernel,3075363,3075380,815468771934785,815468771965210,30425,6,func,0x7f09e13f1280,gridDim,0x13600000136,blockDim,0x1,args,0x2000000020,sharedMemBytes,0x1,unknown,0x14f00000000,,,,,0x0
961,hipGetLastError,3075363,3075379,815468771961264,815468771983096,21832,1,none,0x7f09dff28e40,,,,,,,,,,,,,,,0x0
979,hipGetLastError,3075363,3075380,815468771979701,815468772008063,28362,1,none,0x7f09dff28e40,,,,,,,,,,,,,,,0x0
0,hipLaunchKernel,3075363,3075379,815468772000062,815468772034403,34341,6,func,0x7f09e13f1280,gridDim,0x13600000136,blockDim,0x1,args,0x2000000020,sharedMemBytes,0x1,unknown,0x20700000000,,,,,0x0
30,hipLaunchKernel,3075363,3075380,815468772030647,815468772055264,24617,6,func,0x7f09e13f1280,gridDim,0x13600000136,blockDim,0x1,args,0x2000000020,sharedMemBytes,0x1,unknown,0x24100000000,,,,,0x0
46,hipGetLastError,3075363,3075379,815468772046531,815468772070686,24155,1,none,0x7f09dff28e40,,,,,,,,,,,,,,,0x0
80,hipGetLastError,3075363,3075380,815468772080731,815468772100521,19790,1,none,0x7f09dff28e40,,,,,,,,,,,,,,,0x0
86,hipLaunchKernel,3075363,3075379,815468772086360,815468772109354,22994,6,func,0x7f09e13f1280,gridDim,0x13600000136,blockDim,0x1,args,0x2000000020,sharedMemBytes,0x1,unknown,0x2fb00000000,,,,,0x0
124,hipGetLastError,3075363,3075379,815468772124636,815468772144816,20180,1,none,0x7f09dff28e40,,,,,,,,,,,,,,,0x0
125,hipLaunchKernel,3075363,3075380,815468772125337,815468772149233,23896,6,func,0x7f09e13f1280,gridDim,0x13600000136,blockDim,0x1,args,0x2000000020,sharedMemBytes,0x1,unknown,0x37100000000,,,,,0x0
167,hipGetLastError,3075363,3075380,815468772167620,815468772183714,16094,1,none,0x7f09dff28e40,,,,,,,,,,,,,,,0x0
165,hipStreamSynchronize,3075363,3075379,815468772165207,815468774470927,2305720,1,stream,0x7ec988002700,,,,,,,,,,,,,,,0x0
206,hipStreamSynchronize,3075363,3075380,815468772206878,815468774536715,2329837,1,stream,0x7ec9780010b0,,,,,,,,,,,,,,,0x0
505,hipLaunchKernel,3075363,3075379,815468774504918,815468774544947,40029,6,func,0x7f09e13f1280,gridDim,0x13600000136,blockDim,0x1,args,0x2000000020,sharedMemBytes,0x1,unknown,0x7600000000,,,,,0x0
561,hipLaunchKernel,3075363,3075380,815468774561692,815468774577235,15543,6,func,0x7f09e13f1280,gridDim,0x13600000136,blockDim,0x1,args,0x2000000020,sharedMemBytes,0x1,unknown,0x11a00000000,,,,,0x0
561,hipLaunchKernel,3075363,3075380,815468774561692,815468774585888,24196,6,func,0x7f09e13f1280,gridDim,0x13600000136,blockDim,0x1,args,0x2000000020,sharedMemBytes,0x1,unknown,0x11a00000000,,,,,0x0
598,hipGetLastError,3075363,3075380,815468774597986,815468774616543,18557,1,none,0x7f09dff28e40,,,,,,,,,,,,,,,0x0
595,hipLaunchKernel,3075363,3075379,815468774595262,815468774624515,29253,6,func,0x7f09e13f1280,gridDim,0x13600000136,blockDim,0x1,args,0x2000000020,sharedMemBytes,0x1,unknown,0x18a00000006,,,,,0x0
638,hipGetLastError,3075363,3075379,815468774638466,815468774654890,16424,1,none,0x7f09dff28e40,,,,,,,,,,,,,,,0x0
640,hipLaunchKernel,3075363,3075380,815468774640519,815468774668911,28392,6,func,0x7f09e13f1280,gridDim,0x13600000136,blockDim,0x1,args,0x2000000020,sharedMemBytes,0x1,unknown,0x21c00000000,,,,,0x0
680,hipGetLastError,3075363,3075380,815468774680779,815468774698675,17896,1,none,0x7f09dff28e40,,,,,,,,,,,,,,,0x0
684,hipLaunchKernel,3075363,3075379,815468774684284,815468774708760,24476,6,func,0x7f09e13f1280,gridDim,0x13600000136,blockDim,0x1,args,0x2000000020,sharedMemBytes,0x1,unknown,0x29a00000000,,,,,0x0
725,hipGetLastError,3075363,3075379,815468774725465,815468774744633,19168,1,none,0x7f09dff28e40,,,,,,,,,,,,,,,0x0
723,hipLaunchKernel,3075363,3075380,815468774723742,815468774750222,26480,6,func,0x7f09e13f1280,gridDim,0x13600000136,blockDim,0x1,args,0x2000000020,sharedMemBytes,0x1,unknown,0x31300000006,,,,,0x0
768,hipGetLastError,3075363,3075380,815468774768879,815468774784312,15433,1,none,0x7f09dff28e40,,,,,,,,,,,,,,,0x0
768,hipGetLastError,3075363,3075380,815468774768879,815468774794567,25688,1,none,0x7f09dff28e40,,,,,,,,,,,,,,,0x0
798,hipLaunchKernel,3075363,3075380,815468774798894,815468774819304,20410,6,func,0x7f09e13f1280,gridDim,0x13600000136,blockDim,0x1,args,0x2000000020,sharedMemBytes,0x1,unknown,0x1c00000006,,,,,0x0
811,hipGetLastError,3075363,3075379,815468774811663,815468774835588,23925,1,none,0x7f09dff28e40,,,,,,,,,,,,,,,0x0
832,hipGetLastError,3075363,3075380,815468774831943,815468774851622,19679,1,none,0x7f09dff28e40,,,,,,,,,,,,,,,0x0
851,hipLaunchKernel,3075363,3075379,815468774851352,815468774881997,30645,6,func,0x7f09e13f1280,gridDim,0x13600000136,blockDim,0x1,args,0x2000000020,sharedMemBytes,0x1,unknown,0xd500000001,,,,,0x0
873,hipLaunchKernel,3075363,3075380,815468774873134,815468774902407,29273,6,func,0x7f09e13f1280,gridDim,0x13600000136,blockDim,0x1,args,0x2000000020,sharedMemBytes,0x1,unknown,0xd500000000,,,,,0x0
907,hipGetLastError,3075363,3075379,815468774906974,815468774926293,19319,1,none,0x7f09dff28e40,,,,,,,,,,,,,,,0x0
919,hipGetLastError,3075363,3075380,815468774919403,815468774945922,26519,1,none,0x7f09dff28e40,,,,,,,,,,,,,,,0x0
943,hipLaunchKernel,3075363,3075379,815468774943418,815468774974304,30886,6,func,0x7f09e13f1280,gridDim,0x13600000136,blockDim,0x1,args,0x2000000020,sharedMemBytes,0x1,unknown,0x18600000000,,,,,0x0
968,hipLaunchKernel,3075363,3075380,815468774968766,815468774996337,27571,6,func,0x7f09e13f1280,gridDim,0x13600000136,blockDim,0x1,args,0x2000000020,sharedMemBytes,0x1,unknown,0x1c600000000,,,,,0x0
990,hipGetLastError,3075363,3075379,815468774989967,815468775016837,26870,1,none,0x7f09dff28e40,,,,,,,,,,,,,,,0x0
11,hipGetLastError,3075363,3075380,815468775011770,815468775035735,23965,1,none,0x7f09dff28e40,,,,,,,,,,,,,,,0x0
30,hipLaunchKernel,3075363,3075379,815468775030097,815468775054102,24005,6,func,0x7f09e13f1280,gridDim,0x13600000136,blockDim,0x1,args,0x2000000020,sharedMemBytes,0x1,unknown,0x26700000000,,,,,0x0
50,hipLaunchKernel,3075363,3075380,815468775050848,815468775080422,29574,6,func,0x7f09e13f1280,gridDim,0x13600000136,blockDim,0x1,args,0x2000000020,sharedMemBytes,0x1,unknown,0x2a000000000,,,,,0x0
75,hipGetLastError,3075363,3075379,815468775075134,815468775098929,23795,1,none,0x7f09dff28e40,,,,,,,,,,,,,,,0x0
99,hipGetLastError,3075363,3075380,815468775098949,815468775114773,15824,1,none,0x7f09dff28e40,,,,,,,,,,,,,,,0x0
115,hipLaunchKernel,3075363,3075379,815468775115073,815468775140671,25598,6,func,0x7f09e13f1280,gridDim,0x13600000136,blockDim,0x1,args,0x2000000020,sharedMemBytes,0x1,unknown,0x39500000006,,,,,0x0
135,hipLaunchKernel,3075363,3075380,815468775135343,815468775165628,30285,6,func,0x7f09e13f1280,gridDim,0x13600000136,blockDim,0x1,args,0x2000000020,sharedMemBytes,0x1,unknown,0x39500000000,,,,,0x0
160,hipGetLastError,3075363,3075379,815468775160150,815468775179879,19729,1,none,0x7f09dff28e40,,,,,,,,,,,,,,,0x0
176,hipGetLastError,3075363,3075380,815468775176774,815468775196344,19570,1,none,0x7f09dff28e40,,,,,,,,,,,,,,,0x0
195,hipLaunchKernel,3075363,3075379,815468775194951,815468775225537,30586,6,func,0x7f09e13f1280,gridDim,0x13600000136,blockDim,0x1,args,0x2000000020,sharedMemBytes,0x1,unknown,0x6500000000,,,,,0x0
216,hipLaunchKernel,3075363,3075380,815468775216594,815468775245547,28953,6,func,0x7f09e13f1280,gridDim,0x13600000136,blockDim,0x1,args,0x2000000020,sharedMemBytes,0x1,unknown,0x9500000000,,,,,0x0
238,hipGetLastError,3075363,3075379,815468775238666,815468775261590,22924,1,none,0x7f09dff28e40,,,,,,,,,,,,,,,0x0
262,hipGetLastError,3075363,3075380,815468775262782,815468775286017,23235,1,none,0x7f09dff28e40,,,,,,,,,,,,,,,0x0
284,hipLaunchKernel,3075363,3075379,815468775284745,815468775312055,27310,6,func,0x7f09e13f1280,gridDim,0x13600000136,blockDim,0x1,args,0x2000000020,sharedMemBytes,0x1,unknown,0x15100000000,,,,,0x0
304,hipLaunchKernel,3075363,3075380,815468775304855,815468775336792,31937,6,func,0x7f09e13f1280,gridDim,0x13600000136,blockDim,0x1,args,0x2000000020,sharedMemBytes,0x1,unknown,0x18700000000,,,,,0x0
328,hipGetLastError,3075363,3075379,815468775328069,815468775352415,24346,1,none,0x7f09dff28e40,,,,,,,,,,,,,,,0x0
358,hipGetLastError,3075363,3075380,815468775357953,815468775374207,16254,1,none,0x7f09dff28e40,,,,,,,,,,,,,,,0x0
368,hipStreamSynchronize,3075363,3075379,815468775368239,815468777642192,2273953,1,stream,0x7ec988002700,,,,,,,,,,,,,,,0x0
391,hipStreamSynchronize,3075363,3075380,815468775391363,815468777713868,2322505,1,stream,0x7ec9780010b0,,,,,,,,,,,,,,,0x0
678,hipLaunchKernel,3075363,3075379,815468777678306,815468777718565,40259,6,func,0x7f09e13f1280,gridDim,0x13600000136,blockDim,0x1,args,0x2000000020,sharedMemBytes,0x1,unknown,0x2bc00000000,,,,,0x0
740,hipGetLastError,3075363,3075379,815468777740057,815468777756782,16725,1,none,0x7f09dff28e40,,,,,,,,,,,,,,,0x0
742,hipLaunchKernel,3075363,3075380,815468777742461,815468777770092,27631,6,func,0x7f09e13f1280,gridDim,0x13600000136,blockDim,0x1,args,0x2000000020,sharedMemBytes,0x1,unknown,0x31d00000000,,,,,0x0
784,hipGetLastError,3075363,3075380,815468777784623,815468777805014,20391,1,none,0x7f09dff28e40,,,,,,,,,,,,,,,0x0
777,hipLaunchKernel,3075363,3075379,815468777777032,815468777805695,28663,6,func,0x7f09e13f1280,gridDim,0x13600000136,blockDim,0x1,args,0x2000000020,sharedMemBytes,0x1,unknown,0x39a00000006,,,,,0x0
826,hipGetLastError,3075363,3075379,815468777825965,815468777842539,16574,1,none,0x7f09dff28e40,,,,,,,,,,,,,,,0x0
824,hipLaunchKernel,3075363,3075380,815468777824162,815468777852414,28252,6,func,0x7f09e13f1280,gridDim,0x13600000136,blockDim,0x1,args,0x2000000020,sharedMemBytes,0x1,unknown,0x3000000006,,,,,0x0
864,hipGetLastError,3075363,3075380,815468777864732,815468777885183,20451,1,none,0x7f09dff28e40,,,,,,,,,,,,,,,0x0
867,hipLaunchKernel,3075363,3075379,815468777867276,815468777893044,25768,6,func,0x7f09e13f1280,gridDim,0x13600000136,blockDim,0x1,args,0x2000000020,sharedMemBytes,0x1,unknown,0xa600000000,,,,,0x0
906,hipLaunchKernel,3075363,3075380,815468777906374,815468777925963,19589,6,func,0x7f09e13f1280,gridDim,0x13600000136,blockDim,0x1,args,0x2000000020,sharedMemBytes,0x1,unknown,0x11f00000006,,,,,0x0
909,hipGetLastError,3075363,3075379,815468777909088,815468777928877,19789,1,none,0x7f09dff28e40,,,,,,,,,,,,,,,0x0
946,hipGetLastError,3075363,3075380,815468777946393,815468777966754,20361,1,none,0x7f09dff28e40,,,,,,,,,,,,,,,0x0
949,hipLaunchKernel,3075363,3075379,815468777948987,815468777971821,22834,6,func,0x7f09e13f1280,gridDim,0x13600000136,blockDim,0x1,args,0x2000000020,sharedMemBytes,0x1,unknown,0x19a00000000,,,,,0x0
988,hipGetLastError,3075363,3075379,815468777988396,815468778010448,22052,1,none,0x7f09dff28e40,,,,,,,,,,,,,,,0x0
987,hipLaunchKernel,3075363,3075380,815468777987384,815468778014424,27040,6,func,0x7f09e13f1280,gridDim,0x13600000136,blockDim,0x1,args,0x2000000020,sharedMemBytes,0x1,unknown,0x21600000006,,,,,0x0
29,hipGetLastError,3075363,3075380,815468778029437,815468778046903,17466,1,none,0x7f09dff28e40,,,,,,,,,,,,,,,0x0
32,hipLaunchKernel,3075363,3075379,815468778032701,815468778054293,21592,6,func,0x7f09e13f1280,gridDim,0x13600000136,blockDim,0x1,args,0x2000000020,sharedMemBytes,0x1,unknown,0x28d00000000,,,,,0x0
65,hipLaunchKernel,3075363,3075380,815468778065090,815468778087042,21952,6,func,0x7f09e13f1280,gridDim,0x13600000136,blockDim,0x1,args,0x2000000020,sharedMemBytes,0x1,unknown,0x30500000006,,,,,0x0
69,hipGetLastError,3075363,3075379,815468778069857,815468778088855,18998,1,none,0x7f09dff28e40,,,,,,,,,,,,,,,0x0
110,hipGetLastError,3075363,3075380,815468778110697,815468778128824,18127,1,none,0x7f09dff28e40,,,,,,,,,,,,,,,0x0
109,hipLaunchKernel,3075363,3075379,815468778109435,815468778134162,24727,6,func,0x7f09e13f1280,gridDim,0x13600000136,blockDim,0x1,args,0x2000000020,sharedMemBytes,0x1,unknown,0x37e00000006,,,,,0x0
148,hipGetLastError,3075363,3075379,815468778148734,815468778172469,23735,1,none,0x7f09dff28e40,,,,,,,,,,,,,,,0x0
149,hipLaunchKernel,3075363,3075380,815468778149395,815468778173761,24366,6,func,0x7f09e13f1280,gridDim,0x13600000136,blockDim,0x1,args,0x2000000020,sharedMemBytes,0x1,unknown,0x1300000000,,,,,0x0
195,hipGetLastError,3075363,3075380,815468778195763,815468778211116,15353,1,none,0x7f09dff28e40,,,,,,,,,,,,,,,0x0
193,hipLaunchKernel,3075363,3075379,815468778193500,815468778218818,25318,6,func,0x7f09e13f1280,gridDim,0x13600000136,blockDim,0x1,args,0x2000000020,sharedMemBytes,0x1,unknown,0x5400000001,,,,,0x0
231,hipGetLastError,3075363,3075379,815468778231697,815468778251075,19378,1,none,0x7f09dff28e40,,,,,,,,,,,,,,,0x0
228,hipLaunchKernel,3075363,3075380,815468778228802,815468778256093,27291,6,func,0x7f09e13f1280,gridDim,0x13600000136,blockDim,0x1,args,0x2000000020,sharedMemBytes,0x1,unknown,0xd000000001,,,,,0x0
270,hipGetLastError,3075363,3075380,815468778270695,815468778287690,16995,1,none,0x7f09dff28e40,,,,,,,,,,,,,,,0x0
269,hipLaunchKernel,3075363,3075379,815468778269333,815468778296142,26809,6,func,0x7f09e13f1280,gridDim,0x13600000136,blockDim,0x1,args,0x2000000020,sharedMemBytes,0x1,unknown,0x14800000001,,,,,0x0
312,hipGetLastError,3075363,3075379,815468778311916,815468778333708,21792,1,none,0x7f09dff28e40,,,,,,,,,,,,,,,0x0
311,hipLaunchKernel,3075363,3075380,815468778311315,815468778336803,25488,6,func,0x7f09e13f1280,gridDim,0x13600000136,blockDim,0x1,args,0x2000000020,sharedMemBytes,0x1,unknown,0x1be00000001,,,,,0x0
356,hipGetLastError,3075363,3075380,815468778356322,815468778377453,21131,1,none,0x7f09dff28e40,,,,,,,,,,,,,,,0x0
358,hipLaunchKernel,3075363,3075379,815468778358385,815468778385455,27070,6,func,0x7f09e13f1280,gridDim,0x13600000136,blockDim,0x1,args,0x2000000020,sharedMemBytes,0x1,unknown,0x23900000000,,,,,0x0
397,hipGetLastError,3075363,3075379,815468778397593,815468778414919,17326,1,none,0x7f09dff28e40,,,,,,,,,,,,,,,0x0
395,hipLaunchKernel,3075363,3075380,815468778395319,815468778415329,20010,6,func,0x7f09e13f1280,gridDim,0x13600000136,blockDim,0x1,args,0x2000000020,sharedMemBytes,0x1,unknown,0x2ae00000001,,,,,0x0
434,hipGetLastError,3075363,3075380,815468778434257,815468778453596,19339,1,none,0x7f09dff28e40,,,,,,,,,,,,,,,0x0
435,hipLaunchKernel,3075363,3075379,815468778435379,815468778456831,21452,6,func,0x7f09e13f1280,gridDim,0x13600000136,blockDim,0x1,args,0x2000000020,sharedMemBytes,0x1,unknown,0x32b00000000,,,,,0x0
474,hipLaunchKernel,3075363,3075380,815468778474397,815468778494577,20180,6,func,0x7f09e13f1280,gridDim,0x13600000136,blockDim,0x1,args,0x2000000020,sharedMemBytes,0x1,unknown,0x3a600000001,,,,,0x0
476,hipGetLastError,3075363,3075379,815468778476860,815468778495949,19089,1,none,0x7f09dff28e40,,,,,,,,,,,,,,,0x0
512,hipGetLastError,3075363,3075380,815468778512543,815468778530029,17486,1,none,0x7f09dff28e40,,,,,,,,,,,,,,,0x0
511,hipStreamSynchronize,3075363,3075379,815468778511732,815468780802961,2291229,1,stream,0x7ec988002700,,,,,,,,,,,,,,,0x0
838,hipLaunchKernel,3075363,3075379,815468780838524,815468780872815,34291,6,func,0x7f09e13f1280,gridDim,0x13600000136,blockDim,0x1,args,0x2000000020,sharedMemBytes,0x1,unknown,0xbe00000000,,,,,0x0
554,hipStreamSynchronize,3075363,3075380,815468778554456,815468780884242,2329786,1,stream,0x7ec9780010b0,,,,,,,,,,,,,,,0x0
901,hipGetLastError,3075363,3075379,815468780901387,815468780921958,20571,1,none,0x7f09dff28e40,,,,,,,,,,,,,,,0x0
902,hipLaunchKernel,3075363,3075380,815468780902299,815468780927386,25087,6,func,0x7f09e13f1280,gridDim,0x13600000136,blockDim,0x1,args,0x2000000020,sharedMemBytes,0x1,unknown,0xcf00000000,,,,,0x0
938,hipGetLastError,3075363,3075380,815468780938793,815468780957691,18898,1,none,0x7f09dff28e40,,,,,,,,,,,,,,,0x0
942,hipLaunchKernel,3075363,3075379,815468780942108,815468780966865,24757,6,func,0x7f09e13f1280,gridDim,0x13600000136,blockDim,0x1,args,0x2000000020,sharedMemBytes,0x1,unknown,0x14700000000,,,,,0x0
979,hipGetLastError,3075363,3075379,815468780979503,815468780995217,15714,1,none,0x7f09dff28e40,,,,,,,,,,,,,,,0x0
981,hipLaunchKernel,3075363,3075380,815468780981907,815468781006283,24376,6,func,0x7f09e13f1280,gridDim,0x13600000136,blockDim,0x1,args,0x2000000020,sharedMemBytes,0x1,unknown,0x1c600000000,,,,,0x0
12,hipLaunchKernel,3075363,3075379,815468781011921,815468781033183,21262,6,func,0x7f09e13f1280,gridDim,0x13600000136,blockDim,0x1,args,0x2000000020,sharedMemBytes,0x1,unknown,0x24100000006,,,,,0x0
27,hipGetLastError,3075363,3075380,815468781027865,815468781049728,21863,1,none,0x7f09dff28e40,,,,,,,,,,,,,,,0x0
46,hipGetLastError,3075363,3075379,815468781046823,815468781067885,21062,1,none,0x7f09dff28e40,,,,,,,,,,,,,,,0x0
69,hipLaunchKernel,3075363,3075380,815468781069707,815468781090548,20841,6,func,0x7f09e13f1280,gridDim,0x13600000136,blockDim,0x1,args,0x2000000020,sharedMemBytes,0x1,unknown,0x2fb00000001,,,,,0x0
83,hipLaunchKernel,3075363,3075379,815468781083778,815468781114243,30465,6,func,0x7f09e13f1280,gridDim,0x13600000136,blockDim,0x1,args,0x2000000020,sharedMemBytes,0x1,unknown,0x2fb00000000,,,,,0x0
104,hipGetLastError,3075363,3075380,815468781104599,815468781122676,18077,1,none,0x7f09dff28e40,,,,,,,,,,,,,,,0x0
137,hipGetLastError,3075363,3075379,815468781137368,815468781154293,16925,1,none,0x7f09dff28e40,,,,,,,,,,,,,,,0x0
139,hipLaunchKernel,3075363,3075380,815468781139721,815468781160752,21031,6,func,0x7f09e13f1280,gridDim,0x13600000136,blockDim,0x1,args,0x2000000020,sharedMemBytes,0x1,unknown,0x3b000000000,,,,,0x0
171,hipGetLastError,3075363,3075380,815468781171128,815468781188544,17416,1,none,0x7f09dff28e40,,,,,,,,,,,,,,,0x0
174,hipLaunchKernel,3075363,3075379,815468781174222,815468781196335,22113,6,func,0x7f09e13f1280,gridDim,0x13600000136,blockDim,0x1,args,0x2000000020,sharedMemBytes,0x1,unknown,0x4800000000,,,,,0x0
206,hipLaunchKernel,3075363,3075380,815468781205919,815468781233871,27952,6,func,0x7f09e13f1280,gridDim,0x13600000136,blockDim,0x1,args,0x2000000020,sharedMemBytes,0x1,unknown,0xc000000006,,,,,0x0
213,hipGetLastError,3075363,3075379,815468781213260,815468781235824,22564,1,none,0x7f09dff28e40,,,,,,,,,,,,,,,0x0
255,hipGetLastError,3075363,3075380,815468781255483,815468781275603,20120,1,none,0x7f09dff28e40,,,,,,,,,,,,,,,0x0
257,hipLaunchKernel,3075363,3075379,815468781257436,815468781279438,22002,6,func,0x7f09e13f1280,gridDim,0x13600000136,blockDim,0x1,args,0x2000000020,sharedMemBytes,0x1,unknown,0x13b00000000,,,,,0x0
295,hipGetLastError,3075363,3075379,815468781295372,815468781315692,20320,1,none,0x7f09dff28e40,,,,,,,,,,,,,,,0x0
297,hipLaunchKernel,3075363,3075380,815468781297305,815468781319688,22383,6,func,0x7f09e13f1280,gridDim,0x13600000136,blockDim,0x1,args,0x2000000020,sharedMemBytes,0x1,unknown,0x1bb00000000,,,,,0x0
339,hipGetLastError,3075363,3075380,815468781339117,815468781355601,16484,1,none,0x7f09dff28e40,,,,,,,,,,,,,,,0x0
337,hipLaunchKernel,3075363,3075379,815468781337314,815468781361981,24667,6,func,0x7f09e13f1280,gridDim,0x13600000136,blockDim,0x1,args,0x2000000020,sharedMemBytes,0x1,unknown,0x24b00000001,,,,,0x0
376,hipLaunchKernel,3075363,3075380,815468781375952,815468781396112,20160,6,func,0x7f09e13f1280,gridDim,0x13600000136,blockDim,0x1,args,0x2000000020,sharedMemBytes,0x1,unknown,0x3dd00000001,,,,,0x0
378,hipGetLastError,3075363,3075379,815468781378696,815468781397383,18687,1,none,0x7f09dff28e40,,,,,,,,,,,,,,,0x0
413,hipGetLastError,3075363,3075380,815468781413537,815468781433627,20090,1,none,0x7f09dff28e40,,,,,,,,,,,,,,,0x0
414,hipLaunchKernel,3075363,3075379,815468781414489,815468781441168,26679,6,func,0x7f09e13f1280,gridDim,0x13600000136,blockDim,0x1,args,0x2000000020,sharedMemBytes,0x1,unknown,0xb200000000,,,,,0x0
457,hipGetLastError,3075363,3075379,815468781457252,815468781473777,16525,1,none,0x7f09dff28e40,,,,,,,,,,,,,,,0x0
456,hipLaunchKernel,3075363,3075380,815468781456481,815468781479986,23505,6,func,0x7f09e13f1280,gridDim,0x13600000136,blockDim,0x1,args,0x2000000020,sharedMemBytes,0x1,unknown,0xec00000001,,,,,0x0
494,hipGetLastError,3075363,3075380,815468781494628,815468781512554,17926,1,none,0x7f09dff28e40,,,,,,,,,,,,,,,0x0
492,hipLaunchKernel,3075363,3075379,815468781492505,815468781514177,21672,6,func,0x7f09e13f1280,gridDim,0x13600000136,blockDim,0x1,args,0x2000000020,sharedMemBytes,0x1,unknown,0x12b00000001,,,,,0x0
530,hipGetLastError,3075363,3075379,815468781530851,815468781555057,24206,1,none,0x7f09dff28e40,,,,,,,,,,,,,,,0x0
534,hipLaunchKernel,3075363,3075380,815468781534817,815468781555758,20941,6,func,0x7f09e13f1280,gridDim,0x13600000136,blockDim,0x1,args,0x2000000020,sharedMemBytes,0x1,unknown,0x18500000000,,,,,0x0
578,hipGetLastError,3075363,3075380,815468781578001,815468781594496,16495,1,none,0x7f09dff28e40,,,,,,,,,,,,,,,0x0
576,hipLaunchKernel,3075363,3075379,815468781576689,815468781598842,22153,6,func,0x7f09e13f1280,gridDim,0x13600000136,blockDim,0x1,args,0x2000000020,sharedMemBytes,0x1,unknown,0x1f800000001,,,,,0x0
611,hipGetLastError,3075363,3075379,815468781611141,815468781627755,16614,1,none,0x7f09dff28e40,,,,,,,,,,,,,,,0x0
608,hipLaunchKernel,3075363,3075380,815468781608196,815468781630930,22734,6,func,0x7f09e13f1280,gridDim,0x13600000136,blockDim,0x1,args,0x2000000020,sharedMemBytes,0x1,unknown,0x26f00000001,,,,,0x0
646,hipGetLastError,3075363,3075380,815468781646713,815468781662186,15473,1,none,0x7f09dff28e40,,,,,,,,,,,,,,,0x0
643,hipStreamSynchronize,3075363,3075379,815468781643258,815468783968709,2325451,1,stream,0x7ec988002700,,,,,,,,,,,,,,,0x0
679,hipStreamSynchronize,3075363,3075380,815468781679121,815468784046915,2367794,1,stream,0x7ec9780010b0,,,,,,,,,,,,,,,0x0
9,hipLaunchKernel,3075363,3075379,815468784008918,815468784048146,39228,6,func,0x7f09e13f1280,gridDim,0x13600000136,blockDim,0x1,args,0x2000000020,sharedMemBytes,0x1,unknown,0x36000000000,,,,,0x0
70,hipGetLastError,3075363,3075379,815468784070449,815468784087044,16595,1,none,0x7f09dff28e40,,,,,,,,,,,,,,,0x0
69,hipLaunchKernel,3075363,3075380,815468784069218,815468784092042,22824,6,func,0x7f09e13f1280,gridDim,0x13600000136,blockDim,0x1,args,0x2000000020,sharedMemBytes,0x1,unknown,0x31700000006,,,,,0x0
103,hipGetLastError,3075363,3075380,815468784103388,815468784123638,20250,1,none,0x7f09dff28e40,,,,,,,,,,,,,,,0x0
105,hipLaunchKernel,3075363,3075379,815468784105481,815468784129397,23916,6,func,0x7f09e13f1280,gridDim,0x13600000136,blockDim,0x1,args,0x2000000020,sharedMemBytes,0x1,unknown,0x38500000000,,,,,0x0
145,hipGetLastError,3075363,3075379,815468784145701,815468784166542,20841,1,none,0x7f09dff28e40,,,,,,,,,,,,,,,0x0
148,hipLaunchKernel,3075363,3075380,815468784148285,815468784172871,24586,6,func,0x7f09e13f1280,gridDim,0x13600000136,blockDim,0x1,args,0x2000000020,sharedMemBytes,0x1,unknown,0x2b00000000,,,,,0x0
186,hipGetLastError,3075363,3075380,815468784186872,815468784205910,19038,1,none,0x7f09dff28e40,,,,,,,,,,,,,,,0x0
188,hipLaunchKernel,3075363,3075379,815468784188294,815468784211268,22974,6,func,0x7f09e13f1280,gridDim,0x13600000136,blockDim,0x1,args,0x2000000020,sharedMemBytes,0x1,unknown,0x9c00000000,,,,,0x0
227,hipGetLastError,3075363,3075379,815468784226952,815468784242975,16023,1,none,0x7f09dff28e40,,,,,,,,,,,,,,,0x0
229,hipLaunchKernel,3075363,3075380,815468784229616,815468784253281,23665,6,func,0x7f09e13f1280,gridDim,0x13600000136,blockDim,0x1,args,0x2000000020,sharedMemBytes,0x1,unknown,0x11500000000,,,,,0x0
265,hipGetLastError,3075363,3075380,815468784265329,815468784282334,17005,1,none,0x7f09dff28e40,,,,,,,,,,,,,,,0x0
269,hipLaunchKernel,3075363,3075379,815468784269184,815468784293681,24497,6,func,0x7f09e13f1280,gridDim,0x13600000136,blockDim,0x1,args,0x2000000020,sharedMemBytes,0x1,unknown,0x19100000000,,,,,0x0
307,hipGetLastError,3075363,3075379,815468784306940,815468784328943,22003,1,none,0x7f09dff28e40,,,,,,,,,,,,,,,0x0
306,hipLaunchKernel,3075363,3075380,815468784306620,815468784332538,25918,6,func,0x7f09e13f1280,gridDim,0x13600000136,blockDim,0x1,args,0x2000000020,sharedMemBytes,0x1,unknown,0x20700000006,,,,,0x0
350,hipGetLastError,3075363,3075380,815468784350084,815468784368452,18368,1,none,0x7f09dff28e40,,,,,,,,,,,,,,,0x0
349,hipLaunchKernel,3075363,3075379,815468784349483,815468784375242,25759,6,func,0x7f09e13f1280,gridDim,0x13600000136,blockDim,0x1,args,0x2000000020,sharedMemBytes,0x1,unknown,0x27f00000006,,,,,0x0
391,hipGetLastError,3075363,3075379,815468784391396,815468784411325,19929,1,none,0x7f09dff28e40,,,,,,,,,,,,,,,0x0
388,hipLaunchKernel,3075363,3075380,815468784388411,815468784413298,24887,6,func,0x7f09e13f1280,gridDim,0x13600000136,blockDim,0x1,args,0x2000000020,sharedMemBytes,0x1,unknown,0x2f900000006,,,,,0x0
431,hipGetLastError,3075363,3075380,815468784431745,815468784450744,18999,1,none,0x7f09dff28e40,,,,,,,,,,,,,,,0x0
435,hipLaunchKernel,3075363,3075379,815468784435471,815468784457333,21862,6,func,0x7f09e13f1280,gridDim,0x13600000136,blockDim,0x1,args,0x2000000020,sharedMemBytes,0x1,unknown,0x37300000000,,,,,0x0
472,hipLaunchKernel,3075363,3075380,815468784472636,815468784492295,19659,6,func,0x7f09e13f1280,gridDim,0x13600000136,blockDim,0x1,args,0x2000000020,sharedMemBytes,0x1,unknown,0x3e700000000,,,,,0x0
472,hipLaunchKernel,3075363,3075380,815468784472636,815468784496281,23645,6,func,0x7f09e13f1280,gridDim,0x13600000136,blockDim,0x1,args,0x2000000020,sharedMemBytes,0x1,unknown,0x3e700000000,,,,,0x0
514,hipGetLastError,3075363,3075380,815468784514919,815468784530863,15944,1,none,0x7f09dff28e40,,,,,,,,,,,,,,,0x0
517,hipLaunchKernel,3075363,3075379,815468784517202,815468784539225,22023,6,func,0x7f09e13f1280,gridDim,0x13600000136,blockDim,0x1,args,0x2000000020,sharedMemBytes,0x1,unknown,0x8700000000,,,,,0x0
551,hipGetLastError,3075363,3075379,815468784551633,815468784568558,16925,1,none,0x7f09dff28e40,,,,,,,,,,,,,,,0x0
550,hipLaunchKernel,3075363,3075380,815468784550872,815468784575439,24567,6,func,0x7f09e13f1280,gridDim,0x13600000136,blockDim,0x1,args,0x2000000020,sharedMemBytes,0x1,unknown,0x10700000001,,,,,0x0
587,hipGetLastError,3075363,3075380,815468784587076,815468784608588,21512,1,none,0x7f09dff28e40,,,,,,,,,,,,,,,0x0
586,hipLaunchKernel,3075363,3075379,815468784586355,815468784617601,31246,6,func,0x7f09e13f1280,gridDim,0x13600000136,blockDim,0x1,args,0x2000000020,sharedMemBytes,0x1,unknown,0x18300000001,,,,,0x0
629,hipGetLastError,3075363,3075379,815468784629869,815468784646334,16465,1,none,0x7f09dff28e40,,,,,,,,,,,,,,,0x0
628,hipLaunchKernel,3075363,3075380,815468784628507,815468784652854,24347,6,func,0x7f09e13f1280,gridDim,0x13600000136,blockDim,0x1,args,0x2000000020,sharedMemBytes,0x1,unknown,0x1fb00000001,,,,,0x0
665,hipGetLastError,3075363,3075380,815468784665663,815468784680495,14832,1,none,0x7f09dff28e40,,,,,,,,,,,,,,,0x0
663,hipLaunchKernel,3075363,3075379,815468784663750,815468784690700,26950,6,func,0x7f09e13f1280,gridDim,0x13600000136,blockDim,0x1,args,0x2000000020,sharedMemBytes,0x1,unknown,0x26d00000001,,,,,0x0
707,hipGetLastError,3075363,3075379,815468784707024,815468784724059,17035,1,none,0x7f09dff28e40,,,,,,,,,,,,,,,0x0
700,hipLaunchKernel,3075363,3075380,815468784700294,815468784727394,27100,6,func,0x7f09e13f1280,gridDim,0x13600000136,blockDim,0x1,args,0x2000000020,sharedMemBytes,0x1,unknown,0x2de00000001,,,,,0x0
743,hipGetLastError,3075363,3075380,815468784743077,815468784759412,16335,1,none,0x7f09dff28e40,,,,,,,,,,,,,,,0x0
744,hipLaunchKernel,3075363,3075379,815468784744850,815468784769096,24246,6,func,0x7f09e13f1280,gridDim,0x13600000136,blockDim,0x1,args,0x2000000020,sharedMemBytes,0x1,unknown,0x34e00000000,,,,,0x0
776,hipLaunchKernel,3075363,3075380,815468784776197,815468784794313,18116,6,func,0x7f09e13f1280,gridDim,0x13600000136,blockDim,0x1,args,0x2000000020,sharedMemBytes,0x1,unknown,0x3c200000001,,,,,0x0
781,hipGetLastError,3075363,3075379,815468784781785,815468784806191,24406,1,none,0x7f09dff28e40,,,,,,,,,,,,,,,0x0
810,hipGetLastError,3075363,3075380,815468784810698,815468784824789,14091,1,none,0x7f09dff28e40,,,,,,,,,,,,,,,0x0
819,hipStreamSynchronize,3075363,3075379,815468784819280,815468787152792,2333512,1,stream,0x7ec988002700,,,,,,,,,,,,,,,0x0
186,hipStreamSynchronize,3075363,3075379,815468787186643,815468787219902,33259,1,stream,0x7ec988002700,,,,,,,,,,,,,,,0x0
834,hipStreamSynchronize,3075363,3075380,815468784834002,815468787226802,2392800,1,stream,0x7ec9780010b0,,,,,,,,,,,,,,,0x0
245,hipLaunchKernel,3075363,3075380,815468787245700,815468787269506,23806,6,func,0x7f09e13f1280,gridDim,0x13600000136,blockDim,0x1,args,0x2000000020,sharedMemBytes,0x1,unknown,0x3aa00000006,,,,,0x0
288,hipGetLastError,3075363,3075380,815468787288804,815468787300061,11257,1,none,0x7f09dff28e40,,,,,,,,,,,,,,,0x0
319,hipLaunchKernel,3075363,3075380,815468787319470,815468787349304,29834,6,func,0x7f09e13f1280,gridDim,0x13600000136,blockDim,0x1,args,0x2000000020,sharedMemBytes,0x1,unknown,0x3b00000000,,,,,0x0
368,hipGetLastError,3075363,3075380,815468787368823,815468787384777,15954,1,none,0x7f09dff28e40,,,,,,,,,,,,,,,0x0
402,hipLaunchKernel,3075363,3075380,815468787401992,815468787421100,19108,6,func,0x7f09e13f1280,gridDim,0x13600000136,blockDim,0x1,args,0x2000000020,sharedMemBytes,0x1,unknown,0x9a00000000,,,,,0x0
441,hipGetLastError,3075363,3075380,815468787441120,815468787461020,19900,1,none,0x7f09dff28e40,,,,,,,,,,,,,,,0x0
483,hipLaunchKernel,3075363,3075380,815468787482942,815468787510633,27691,6,func,0x7f09e13f1280,gridDim,0x13600000136,blockDim,0x1,args,0x2000000020,sharedMemBytes,0x1,unknown,0x11700000000,,,,,0x0
532,hipGetLastError,3075363,3075380,815468787532386,815468787546917,14531,1,none,0x7f09dff28e40,,,,,,,,,,,,,,,0x0
566,hipLaunchKernel,3075363,3075380,815468787566376,815468787587097,20721,6,func,0x7f09e13f1280,gridDim,0x13600000136,blockDim,0x1,args,0x2000000020,sharedMemBytes,0x1,unknown,0x19000000000,,,,,0x0
609,hipGetLastError,3075363,3075380,815468787609019,815468787624412,15393,1,none,0x7f09dff28e40,,,,,,,,,,,,,,,0x0
643,hipLaunchKernel,3075363,3075380,815468787643711,815468787667516,23805,6,func,0x7f09e13f1280,gridDim,0x13600000136,blockDim,0x1,args,0x2000000020,sharedMemBytes,0x1,unknown,0x20700000000,,,,,0x0
689,hipGetLastError,3075363,3075380,815468787689509,815468787701086,11577,1,none,0x7f09dff28e40,,,,,,,,,,,,,,,0x0
720,hipLaunchKernel,3075363,3075380,815468787720545,815468787740284,19739,6,func,0x7f09e13f1280,gridDim,0x13600000136,blockDim,0x1,args,0x2000000020,sharedMemBytes,0x1,unknown,0x27300000000,,,,,0x0
762,hipGetLastError,3075363,3075380,815468787762707,815468787778661,15954,1,none,0x7f09dff28e40,,,,,,,,,,,,,,,0x0
800,hipLaunchKernel,3075363,3075380,815468787800343,815468787826111,25768,6,func,0x7f09e13f1280,gridDim,0x13600000136,blockDim,0x1,args,0x2000000020,sharedMemBytes,0x1,unknown,0x2e900000000,,,,,0x0
847,hipGetLastError,3075363,3075380,815468787847633,815468787860683,13050,1,none,0x7f09dff28e40,,,,,,,,,,,,,,,0x0
879,hipLaunchKernel,3075363,3075380,815468787879250,815468787900161,20911,6,func,0x7f09e13f1280,gridDim,0x13600000136,blockDim,0x1,args,0x2000000020,sharedMemBytes,0x1,unknown,0x36500000000,,,,,0x0
922,hipGetLastError,3075363,3075380,815468787922354,815468787936405,14051,1,none,0x7f09dff28e40,,,,,,,,,,,,,,,0x0
955,hipLaunchKernel,3075363,3075380,815468787955864,815468787975423,19559,6,func,0x7f09e13f1280,gridDim,0x13600000136,blockDim,0x1,args,0x2000000020,sharedMemBytes,0x1,unknown,0x3e000000000,,,,,0x0
997,hipGetLastError,3075363,3075380,815468787997536,815468788021020,23484,1,none,0x7f09dff28e40,,,,,,,,,,,,,,,0x0
40,hipStreamSynchronize,3075363,3075380,815468788040269,815468790380291,2340022,1,stream,0x7ec9780010b0,,,,,,,,,,,,,,,0x0
404,hipLaunchKernel,3075363,3075380,815468790404156,815468790428532,24376,6,func,0x7f09e13f1280,gridDim,0x13600000136,blockDim,0x1,args,0x2000000020,sharedMemBytes,0x1,unknown,0x9300000000,,,,,0x0
451,hipGetLastError,3075363,3075380,815468790451086,815468790469503,18417,1,none,0x7f09dff28e40,,,,,,,,,,,,,,,0x0
488,hipLaunchKernel,3075363,3075380,815468790487980,815468790513839,25859,6,func,0x7f09e13f1280,gridDim,0x13600000136,blockDim,0x1,args,0x2000000020,sharedMemBytes,0x1,unknown,0x10f00000000,,,,,0x0
536,hipGetLastError,3075363,3075380,815468790536853,815468790551344,14491,1,none,0x7f09dff28e40,,,,,,,,,,,,,,,0x0
570,hipLaunchKernel,3075363,3075380,815468790570733,815468790600087,29354,6,func,0x7f09e13f1280,gridDim,0x13600000136,blockDim,0x1,args,0x2000000020,sharedMemBytes,0x1,unknown,0x18c00000000,,,,,0x0
622,hipGetLastError,3075363,3075380,815468790622600,815468790640216,17616,1,none,0x7f09dff28e40,,,,,,,,,,,,,,,0x0
661,hipLaunchKernel,3075363,3075380,815468790661638,815468790690110,28472,6,func,0x7f09e13f1280,gridDim,0x13600000136,blockDim,0x1,args,0x2000000020,sharedMemBytes,0x1,unknown,0x20700000000,,,,,0x0
712,hipGetLastError,3075363,3075380,815468790712624,815468790729459,16835,1,none,0x7f09dff28e40,,,,,,,,,,,,,,,0x0
750,hipLaunchKernel,3075363,3075380,815468790750380,815468790779262,28882,6,func,0x7f09e13f1280,gridDim,0x13600000136,blockDim,0x1,args,0x2000000020,sharedMemBytes,0x1,unknown,0x27c00000000,,,,,0x0
801,hipGetLastError,3075363,3075380,815468790801736,815468790816498,14762,1,none,0x7f09dff28e40,,,,,,,,,,,,,,,0x0
835,hipLaunchKernel,3075363,3075380,815468790835506,815468790861194,25688,6,func,0x7f09e13f1280,gridDim,0x13600000136,blockDim,0x1,args,0x2000000020,sharedMemBytes,0x1,unknown,0x2f700000000,,,,,0x0
883,hipGetLastError,3075363,3075380,815468790883627,815468790898059,14432,1,none,0x7f09dff28e40,,,,,,,,,,,,,,,0x0
917,hipLaunchKernel,3075363,3075380,815468790917538,815468790940041,22503,6,func,0x7f09e13f1280,gridDim,0x13600000136,blockDim,0x1,args,0x2000000020,sharedMemBytes,0x1,unknown,0x37100000000,,,,,0x0
962,hipGetLastError,3075363,3075380,815468790962124,815468790980231,18107,1,none,0x7f09dff28e40,,,,,,,,,,,,,,,0x0
1,hipLaunchKernel,3075363,3075380,815468791001272,815468791032909,31637,6,func,0x7f09e13f1280,gridDim,0x13600000136,blockDim,0x1,args,0x2000000020,sharedMemBytes,0x1,unknown,0x500000000,,,,,0x0
55,hipGetLastError,3075363,3075380,815468791054992,815468791069323,14331,1,none,0x7f09dff28e40,,,,,,,,,,,,,,,0x0
88,hipLaunchKernel,3075363,3075380,815468791088601,815468791120359,31758,6,func,0x7f09e13f1280,gridDim,0x13600000136,blockDim,0x1,args,0x2000000020,sharedMemBytes,0x1,unknown,0x7a00000000,,,,,0x0
142,hipGetLastError,3075363,3075380,815468791142812,815468791157754,14942,1,none,0x7f09dff28e40,,,,,,,,,,,,,,,0x0
177,hipLaunchKernel,3075363,3075380,815468791177053,815468791204654,27601,6,func,0x7f09e13f1280,gridDim,0x13600000136,blockDim,0x1,args,0x2000000020,sharedMemBytes,0x1,unknown,0xf100000000,,,,,0x0
226,hipGetLastError,3075363,3075380,815468791226616,815468791237162,10546,1,none,0x7f09dff28e40,,,,,,,,,,,,,,,0x0
248,hipStreamSynchronize,3075363,3075380,815468791247938,815468793559948,2312010,1,stream,0x7ec9780010b0,,,,,,,,,,,,,,,0x0
585,hipLaunchKernel,3075363,3075380,815468793585285,815468793607779,22494,6,func,0x7f09e13f1280,gridDim,0x13600000136,blockDim,0x1,args,0x2000000020,sharedMemBytes,0x1,unknown,0xee00000000,,,,,0x0
628,hipGetLastError,3075363,3075380,815468793628770,815468793648189,19419,1,none,0x7f09dff28e40,,,,,,,,,,,,,,,0x0
667,hipLaunchKernel,3075363,3075380,815468793667908,815468793694327,26419,6,func,0x7f09e13f1280,gridDim,0x13600000136,blockDim,0x1,args,0x2000000020,sharedMemBytes,0x1,unknown,0x17700000000,,,,,0x0
716,hipGetLastError,3075363,3075380,815468793716540,815468793730901,14361,1,none,0x7f09dff28e40,,,,,,,,,,,,,,,0x0
750,hipLaunchKernel,3075363,3075380,815468793750801,815468793773645,22844,6,func,0x7f09e13f1280,gridDim,0x13600000136,blockDim,0x1,args,0x2000000020,sharedMemBytes,0x1,unknown,0x1f700000000,,,,,0x0
795,hipGetLastError,3075363,3075380,815468793795547,815468793810359,14812,1,none,0x7f09dff28e40,,,,,,,,,,,,,,,0x0
829,hipLaunchKernel,3075363,3075380,815468793829348,815468793850279,20931,6,func,0x7f09e13f1280,gridDim,0x13600000136,blockDim,0x1,args,0x2000000020,sharedMemBytes,0x1,unknown,0x27500000000,,,,,0x0
871,hipGetLastError,3075363,3075380,815468793871690,815468793889567,17877,1,none,0x7f09dff28e40,,,,,,,,,,,,,,,0x0
912,hipLaunchKernel,3075363,3075380,815468793912341,815468793940993,28652,6,func,0x7f09e13f1280,gridDim,0x13600000136,blockDim,0x1,args,0x2000000020,sharedMemBytes,0x1,unknown,0x2eb00000000,,,,,0x0
963,hipGetLastError,3075363,3075380,815468793963436,815468793979580,16144,1,none,0x7f09dff28e40,,,,,,,,,,,,,,,0x0
998,hipLaunchKernel,3075363,3075380,815468793998559,815468794023666,25107,6,func,0x7f09e13f1280,gridDim,0x13600000136,blockDim,0x1,args,0x2000000020,sharedMemBytes,0x1,unknown,0x36600000000,,,,,0x0
45,hipGetLastError,3075363,3075380,815468794045919,815468794064366,18447,1,none,0x7f09dff28e40,,,,,,,,,,,,,,,0x0
86,hipLaunchKernel,3075363,3075380,815468794086529,815468794106098,19569,6,func,0x7f09e13f1280,gridDim,0x13600000136,blockDim,0x1,args,0x2000000020,sharedMemBytes,0x1,unknown,0x3df00000000,,,,,0x0
127,hipGetLastError,3075363,3075380,815468794127660,815468794144345,16685,1,none,0x7f09dff28e40,,,,,,,,,,,,,,,0x0
166,hipLaunchKernel,3075363,3075380,815468794166478,815468794190393,23915,6,func,0x7f09e13f1280,gridDim,0x13600000136,blockDim,0x1,args,0x2000000020,sharedMemBytes,0x1,unknown,0x6b00000000,,,,,0x0
212,hipGetLastError,3075363,3075380,815468794212816,815468794227128,14312,1,none,0x7f09dff28e40,,,,,,,,,,,,,,,0x0
246,hipLaunchKernel,3075363,3075380,815468794246366,815468794265304,18938,6,func,0x7f09e13f1280,gridDim,0x13600000136,blockDim,0x1,args,0x2000000020,sharedMemBytes,0x1,unknown,0xe400000000,,,,,0x0
288,hipGetLastError,3075363,3075380,815468794288148,815468794304803,16655,1,none,0x7f09dff28e40,,,,,,,,,,,,,,,0x0
325,hipLaunchKernel,3075363,3075380,815468794325614,815468794354597,28983,6,func,0x7f09e13f1280,gridDim,0x13600000136,blockDim,0x1,args,0x2000000020,sharedMemBytes,0x1,unknown,0x16400000000,,,,,0x0
378,hipGetLastError,3075363,3075380,815468794377941,815468794392343,14402,1,none,0x7f09dff28e40,,,,,,,,,,,,,,,0x0
411,hipStreamSynchronize,3075363,3075380,815468794411882,815468796733135,2321253,1,stream,0x7ec9780010b0,,,,,,,,,,,,,,,0x0
756,hipLaunchKernel,3075363,3075380,815468796756901,815468796779014,22113,6,func,0x7f09e13f1280,gridDim,0x13600000136,blockDim,0x1,args,0x2000000020,sharedMemBytes,0x1,unknown,0x12d00000000,,,,,0x0
798,hipGetLastError,3075363,3075380,815468796798783,815468796823109,24326,1,none,0x7f09dff28e40,,,,,,,,,,,,,,,0x0
845,hipLaunchKernel,3075363,3075380,815468796845753,815468796876238,30485,6,func,0x7f09e13f1280,gridDim,0x13600000136,blockDim,0x1,args,0x2000000020,sharedMemBytes,0x1,unknown,0xe900000000,,,,,0x0
898,hipGetLastError,3075363,3075380,815468796898301,815468796911710,13409,1,none,0x7f09dff28e40,,,,,,,,,,,,,,,0x0
931,hipLaunchKernel,3075363,3075380,815468796931420,815468796957609,26189,6,func,0x7f09e13f1280,gridDim,0x13600000136,blockDim,0x1,args,0x2000000020,sharedMemBytes,0x1,unknown,0x16300000000,,,,,0x0
980,hipGetLastError,3075363,3075380,815468796980022,815468796995014,14992,1,none,0x7f09dff28e40,,,,,,,,,,,,,,,0x0
14,hipLaunchKernel,3075363,3075380,815468797014743,815468797041223,26480,6,func,0x7f09e13f1280,gridDim,0x13600000136,blockDim,0x1,args,0x2000000020,sharedMemBytes,0x1,unknown,0x19b00000000,,,,,0x0
63,hipGetLastError,3075363,3075380,815468797063676,815468797077677,14001,1,none,0x7f09dff28e40,,,,,,,,,,,,,,,0x0
97,hipLaunchKernel,3075363,3075380,815468797097226,815468797124256,27030,6,func,0x7f09e13f1280,gridDim,0x13600000136,blockDim,0x1,args,0x2000000020,sharedMemBytes,0x1,unknown,0x1bf00000000,,,,,0x0
148,hipGetLastError,3075363,3075380,815468797148291,815468797166939,18648,1,none,0x7f09dff28e40,,,,,,,,,,,,,,,0x0
189,hipLaunchKernel,3075363,3075380,815468797189072,815468797209142,20070,6,func,0x7f09e13f1280,gridDim,0x13600000136,blockDim,0x1,args,0x2000000020,sharedMemBytes,0x1,unknown,0x1e000000000,,,,,0x0
231,hipGetLastError,3075363,3075380,815468797231335,815468797242040,10705,1,none,0x7f09dff28e40,,,,,,,,,,,,,,,0x0
261,hipLaunchKernel,3075363,3075380,815468797261670,815468797283322,21652,6,func,0x7f09e13f1280,gridDim,0x13600000136,blockDim,0x1,args,0x2000000020,sharedMemBytes,0x1,unknown,0x21c00000006,,,,,0x0
302,hipGetLastError,3075363,3075380,815468797302660,815468797318304,15644,1,none,0x7f09dff28e40,,,,,,,,,,,,,,,0x0
337,hipLaunchKernel,3075363,3075380,815468797337572,815468797359475,21903,6,func,0x7f09e13f1280,gridDim,0x13600000136,blockDim,0x1,args,0x2000000020,sharedMemBytes,0x1,unknown,0x23400000000,,,,,0x0
379,hipGetLastError,3075363,3075380,815468797379134,815468797393565,14431,1,none,0x7f09dff28e40,,,,,,,,,,,,,,,0x0
415,hipLaunchKernel,3075363,3075380,815468797415818,815468797445462,29644,6,func,0x7f09e13f1280,gridDim,0x13600000136,blockDim,0x1,args,0x2000000020,sharedMemBytes,0x1,unknown,0x25d00000000,,,,,0x0
467,hipGetLastError,3075363,3075380,815468797467755,815468797484060,16305,1,none,0x7f09dff28e40,,,,,,,,,,,,,,,0x0
503,hipLaunchKernel,3075363,3075380,815468797503829,815468797529567,25738,6,func,0x7f09e13f1280,gridDim,0x13600000136,blockDim,0x1,args,0x2000000020,sharedMemBytes,0x1,unknown,0x28800000000,,,,,0x0
551,hipGetLastError,3075363,3075380,815468797551810,815468797569967,18157,1,none,0x7f09dff28e40,,,,,,,,,,,,,,,0x0
591,hipStreamSynchronize,3075363,3075380,815468797591619,815468799905532,2313913,1,stream,0x7ec9780010b0,,,,,,,,,,,,,,,0x0
930,hipLaunchKernel,3075363,3075380,815468799930389,815468799957960,27571,6,func,0x7f09e13f1280,gridDim,0x13600000136,blockDim,0x1,args,0x2000000020,sharedMemBytes,0x1,unknown,0x2ca00000000,,,,,0x0
980,hipGetLastError,3075363,3075380,815468799980653,815468799999071,18418,1,none,0x7f09dff28e40,,,,,,,,,,,,,,,0x0
31,hipLaunchKernel,3075363,3075380,815468800031809,815468800053802,21993,6,func,0x7f09e13f1280,gridDim,0x13600000136,blockDim,0x1,args,0x2000000020,sharedMemBytes,0x1,unknown,0x2fa00000000,,,,,0x0
78,hipGetLastError,3075363,3075380,815468800078889,815468800102674,23785,1,none,0x7f09dff28e40,,,,,,,,,,,,,,,0x0
125,hipLaunchKernel,3075363,3075380,815468800125218,815468800144737,19519,6,func,0x7f09e13f1280,gridDim,0x13600000136,blockDim,0x1,args,0x2000000020,sharedMemBytes,0x1,unknown,0x31c00000000,,,,,0x0
167,hipGetLastError,3075363,3075380,815468800167180,815468800182793,15613,1,none,0x7f09dff28e40,,,,,,,,,,,,,,,0x0
202,hipLaunchKernel,3075363,3075380,815468800202473,815468800229432,26959,6,func,0x7f09e13f1280,gridDim,0x13600000136,blockDim,0x1,args,0x2000000020,sharedMemBytes,0x1,unknown,0x34c00000000,,,,,0x0
251,hipGetLastError,3075363,3075380,815468800251465,815468800264184,12719,1,none,0x7f09dff28e40,,,,,,,,,,,,,,,0x0
283,hipLaunchKernel,3075363,3075380,815468800283182,815468800302200,19018,6,func,0x7f09e13f1280,gridDim,0x13600000136,blockDim,0x1,args,0x2000000020,sharedMemBytes,0x1,unknown,0x37800000000,,,,,0x0
324,hipGetLastError,3075363,3075380,815468800324794,815468800339446,14652,1,none,0x7f09dff28e40,,,,,,,,,,,,,,,0x0
356,hipLaunchKernel,3075363,3075380,815468800356531,815468800375429,18898,6,func,0x7f09e13f1280,gridDim,0x13600000136,blockDim,0x1,args,0x2000000020,sharedMemBytes,0x1,unknown,0x39c00000000,,,,,0x0
397,hipGetLastError,3075363,3075380,815468800397512,815468800415158,17646,1,none,0x7f09dff28e40,,,,,,,,,,,,,,,0x0
437,hipLaunchKernel,3075363,3075380,815468800437341,815468800466023,28682,6,func,0x7f09e13f1280,gridDim,0x13600000136,blockDim,0x1,args,0x2000000020,sharedMemBytes,0x1,unknown,0x3da00000000,,,,,0x0
488,hipGetLastError,3075363,3075380,815468800488116,815468800505602,17486,1,none,0x7f09dff28e40,,,,,,,,,,,,,,,0x0
528,hipLaunchKernel,3075363,3075380,815468800528005,815468800546403,18398,6,func,0x7f09e13f1280,gridDim,0x13600000136,blockDim,0x1,args,0x2000000020,sharedMemBytes,0x1,unknown,0x3300000000,,,,,0x0
568,hipGetLastError,3075363,3075380,815468800568455,815468800580553,12098,1,none,0x7f09dff28e40,,,,,,,,,,,,,,,0x0
600,hipLaunchKernel,3075363,3075380,815468800600373,815468800617869,17496,6,func,0x7f09e13f1280,gridDim,0x13600000136,blockDim,0x1,args,0x2000000020,sharedMemBytes,0x1,unknown,0x5500000000,,,,,0x0
639,hipGetLastError,3075363,3075380,815468800639831,815468800654343,14512,1,none,0x7f09dff28e40,,,,,,,,,,,,,,,0x0
672,hipLaunchKernel,3075363,3075380,815468800672840,815468800695975,23135,6,func,0x7f09e13f1280,gridDim,0x13600000136,blockDim,0x1,args,0x2000000020,sharedMemBytes,0x1,unknown,0x32000000000,,,,,0x0
717,hipGetLastError,3075363,3075380,815468800717857,815468800731047,13190,1,none,0x7f09dff28e40,,,,,,,,,,,,,,,0x0
750,hipStreamSynchronize,3075363,3075380,815468800750095,815468803095735,2345640,1,stream,0x7ec9780010b0,,,,,,,,,,,,,,,0x0
118,hipLaunchKernel,3075363,3075380,815468803118469,815468803149074,30605,6,func,0x7f09e13f1280,gridDim,0x13600000136,blockDim,0x1,args,0x2000000020,sharedMemBytes,0x1,unknown,0x3e600000006,,,,,0x0
171,hipGetLastError,3075363,3075380,815468803171277,815468803184827,13550,1,none,0x7f09dff28e40,,,,,,,,,,,,,,,0x0
205,hipLaunchKernel,3075363,3075380,815468803204937,815468803234761,29824,6,func,0x7f09e13f1280,gridDim,0x13600000136,blockDim,0x1,args,0x2000000020,sharedMemBytes,0x1,unknown,0x3700000000,,,,,0x0
257,hipGetLastError,3075363,3075380,815468803257114,815468803277685,20571,1,none,0x7f09dff28e40,,,,,,,,,,,,,,,0x0
300,hipLaunchKernel,3075363,3075380,815468803299988,815468803318385,18397,6,func,0x7f09e13f1280,gridDim,0x13600000136,blockDim,0x1,args,0x2000000020,sharedMemBytes,0x1,unknown,0x6900000000,,,,,0x0
339,hipGetLastError,3075363,3075380,815468803339757,815468803366717,26960,1,none,0x7f09dff28e40,,,,,,,,,,,,,,,0x0
389,hipLaunchKernel,3075363,3075380,815468803389090,815468803415179,26089,6,func,0x7f09e13f1280,gridDim,0x13600000136,blockDim,0x1,args,0x2000000020,sharedMemBytes,0x1,unknown,0x9500000000,,,,,0x0
437,hipGetLastError,3075363,3075380,815468803437272,815468803453245,15973,1,none,0x7f09dff28e40,,,,,,,,,,,,,,,0x0
474,hipLaunchKernel,3075363,3075380,815468803474136,815468803506104,31968,6,func,0x7f09e13f1280,gridDim,0x13600000136,blockDim,0x1,args,0x2000000020,sharedMemBytes,0x1,unknown,0xc000000000,,,,,0x0
528,hipGetLastError,3075363,3075380,815468803528206,815468803543389,15183,1,none,0x7f09dff28e40,,,,,,,,,,,,,,,0x0
564,hipLaunchKernel,3075363,3075380,815468803564310,815468803597710,33400,6,func,0x7f09e13f1280,gridDim,0x13600000136,blockDim,0x1,args,0x2000000020,sharedMemBytes,0x1,unknown,0xea00000000,,,,,0x0
619,hipGetLastError,3075363,3075380,815468803619632,815468803634043,14411,1,none,0x7f09dff28e40,,,,,,,,,,,,,,,0x0
653,hipLaunchKernel,3075363,3075380,815468803653292,815468803671880,18588,6,func,0x7f09e13f1280,gridDim,0x13600000136,blockDim,0x1,args,0x2000000020,sharedMemBytes,0x1,unknown,0x11200000000,,,,,0x0
694,hipGetLastError,3075363,3075380,815468803694093,815468803711558,17465,1,none,0x7f09dff28e40,,,,,,,,,,,,,,,0x0
732,hipLaunchKernel,3075363,3075380,815468803732490,815468803764287,31797,6,func,0x7f09e13f1280,gridDim,0x13600000136,blockDim,0x1,args,0x2000000020,sharedMemBytes,0x1,unknown,0x13a00000000,,,,,0x0
786,hipGetLastError,3075363,3075380,815468803786359,815468803799559,13200,1,none,0x7f09dff28e40,,,,,,,,,,,,,,,0x0
819,hipLaunchKernel,3075363,3075380,815468803819719,815468803846829,27110,6,func,0x7f09e13f1280,gridDim,0x13600000136,blockDim,0x1,args,0x2000000020,sharedMemBytes,0x1,unknown,0x16200000000,,,,,0x0
868,hipGetLastError,3075363,3075380,815468803868892,815468803887219,18327,1,none,0x7f09dff28e40,,,,,,,,,,,,,,,0x0
907,hipLaunchKernel,3075363,3075380,815468803907699,815468803936372,28673,6,func,0x7f09e13f1280,gridDim,0x13600000136,blockDim,0x1,args,0x2000000020,sharedMemBytes,0x1,unknown,0x18500000000,,,,,0x0
958,hipGetLastError,3075363,3075380,815468803958705,815468803976391,17686,1,none,0x7f09dff28e40,,,,,,,,,,,,,,,0x0
998,hipStreamSynchronize,3075363,3075380,815468803998304,815468806265398,2267094,1,stream,0x7ec9780010b0,,,,,,,,,,,,,,,0x0
289,hipLaunchKernel,3075363,3075380,815468806289553,815468806307350,17797,6,func,0x7f09e13f1280,gridDim,0x13600000136,blockDim,0x1,args,0x2000000020,sharedMemBytes,0x1,unknown,0x1d600000001,,,,,0x0
326,hipGetLastError,3075363,3075380,815468806326799,815468806342141,15342,1,none,0x7f09dff28e40,,,,,,,,,,,,,,,0x0
364,hipLaunchKernel,3075363,3075380,815468806364485,815468806395551,31066,6,func,0x7f09e13f1280,gridDim,0x13600000136,blockDim,0x1,args,0x2000000020,sharedMemBytes,0x1,unknown,0x1fa00000006,,,,,0x0
417,hipGetLastError,3075363,3075380,815468806417463,815468806428089,10626,1,none,0x7f09dff28e40,,,,,,,,,,,,,,,0x0
446,hipLaunchKernel,3075363,3075380,815468806446456,815468806541267,94811,6,func,0x7f09e13f1280,gridDim,0x13600000136,blockDim,0x1,args,0x2000000020,sharedMemBytes,0x1,unknown,0x22c00000006,,,,,0x0
563,hipGetLastError,3075363,3075380,815468806563620,815468806580265,16645,1,none,0x7f09dff28e40,,,,,,,,,,,,,,,0x0
598,hipLaunchKernel,3075363,3075380,815468806598011,815468806621686,23675,6,func,0x7f09e13f1280,gridDim,0x13600000136,blockDim,0x1,args,0x2000000020,sharedMemBytes,0x1,unknown,0x25400000001,,,,,0x0
643,hipGetLastError,3075363,3075380,815468806643879,815468806660203,16324,1,none,0x7f09dff28e40,,,,,,,,,,,,,,,0x0
680,hipLaunchKernel,3075363,3075380,815468806680253,815468806710408,30155,6,func,0x7f09e13f1280,gridDim,0x13600000136,blockDim,0x1,args,0x2000000020,sharedMemBytes,0x1,unknown,0x27d00000006,,,,,0x0
732,hipGetLastError,3075363,3075380,815468806732581,815468806747152,14571,1,none,0x7f09dff28e40,,,,,,,,,,,,,,,0x0
766,hipLaunchKernel,3075363,3075380,815468806766782,815468806791048,24266,6,func,0x7f09e13f1280,gridDim,0x13600000136,blockDim,0x1,args,0x2000000020,sharedMemBytes,0x1,unknown,0x2a600000001,,,,,0x0
813,hipGetLastError,3075363,3075380,815468806813080,815468806826170,13090,1,none,0x7f09dff28e40,,,,,,,,,,,,,,,0x0
844,hipLaunchKernel,3075363,3075380,815468806844307,815468806866339,22032,6,func,0x7f09e13f1280,gridDim,0x13600000136,blockDim,0x1,args,0x2000000020,sharedMemBytes,0x1,unknown,0x2d300000006,,,,,0x0
888,hipGetLastError,3075363,3075380,815468806888302,815468806902613,14311,1,none,0x7f09dff28e40,,,,,,,,,,,,,,,0x0
921,hipLaunchKernel,3075363,3075380,815468806921511,815468806951496,29985,6,func,0x7f09e13f1280,gridDim,0x13600000136,blockDim,0x1,args,0x2000000020,sharedMemBytes,0x1,unknown,0x2fe00000006,,,,,0x0
973,hipGetLastError,3075363,3075380,815468806973679,815468806990483,16804,1,none,0x7f09dff28e40,,,,,,,,,,,,,,,0x0
10,hipLaunchKernel,3075363,3075380,815468807010283,815468807039386,29103,6,func,0x7f09e13f1280,gridDim,0x13600000136,blockDim,0x1,args,0x2000000020,sharedMemBytes,0x1,unknown,0x32100000006,,,,,0x0
61,hipGetLastError,3075363,3075380,815468807061138,815468807077082,15944,1,none,0x7f09dff28e40,,,,,,,,,,,,,,,0x0
98,hipLaunchKernel,3075363,3075380,815468807098163,815468807127667,29504,6,func,0x7f09e13f1280,gridDim,0x13600000136,blockDim,0x1,args,0x2000000020,sharedMemBytes,0x1,unknown,0x34900000001,,,,,0x0
150,hipGetLastError,3075363,3075380,815468807150010,815468807166354,16344,1,none,0x7f09dff28e40,,,,,,,,,,,,,,,0x0
188,hipStreamSynchronize,3075363,3075380,815468807188858,815468809445836,2256978,1,stream,0x7ec9780010b0,,,,,,,,,,,,,,,0x0
470,hipLaunchKernel,3075363,3075380,815468809469972,815468809485836,15864,6,func,0x7f09e13f1280,gridDim,0x13600000136,blockDim,0x1,args,0x2000000020,sharedMemBytes,0x1,unknown,0x37400000000,,,,,0x0
505,hipGetLastError,3075363,3075380,815468809505915,815468809522079,16164,1,none,0x7f09dff28e40,,,,,,,,,,,,,,,0x0
539,hipLaunchKernel,3075363,3075380,815468809539655,815468809560436,20781,6,func,0x7f09e13f1280,gridDim,0x13600000136,blockDim,0x1,args,0x2000000020,sharedMemBytes,0x1,unknown,0xcb00000000,,,,,0x0
582,hipGetLastError,3075363,3075380,815468809582589,815468809600356,17767,1,none,0x7f09dff28e40,,,,,,,,,,,,,,,0x0
622,hipLaunchKernel,3075363,3075380,815468809622318,815468809654606,32288,6,func,0x7f09e13f1280,gridDim,0x13600000136,blockDim,0x1,args,0x2000000020,sharedMemBytes,0x1,unknown,0x10900000000,,,,,0x0
677,hipGetLastError,3075363,3075380,815468809677039,815468809695046,18007,1,none,0x7f09dff28e40,,,,,,,,,,,,,,,0x0
717,hipLaunchKernel,3075363,3075380,815468809717409,815468809745631,28222,6,func,0x7f09e13f1280,gridDim,0x13600000136,blockDim,0x1,args,0x2000000020,sharedMemBytes,0x1,unknown,0x13600000000,,,,,0x0
767,hipGetLastError,3075363,3075380,815468809767503,815468809781104,13601,1,none,0x7f09dff28e40,,,,,,,,,,,,,,,0x0
799,hipLaunchKernel,3075363,3075380,815468809799591,815468809824198,24607,6,func,0x7f09e13f1280,gridDim,0x13600000136,blockDim,0x1,args,0x2000000020,sharedMemBytes,0x1,unknown,0x16000000000,,,,,0x0
846,hipGetLastError,3075363,3075380,815468809846170,815468809861233,15063,1,none,0x7f09dff28e40,,,,,,,,,,,,,,,0x0
882,hipLaunchKernel,3075363,3075380,815468809882664,815468809912328,29664,6,func,0x7f09e13f1280,gridDim,0x13600000136,blockDim,0x1,args,0x2000000020,sharedMemBytes,0x1,unknown,0x18200000000,,,,,0x0
934,hipGetLastError,3075363,3075380,815468809934651,815468809949584,14933,1,none,0x7f09dff28e40,,,,,,,,,,,,,,,0x0
968,hipLaunchKernel,3075363,3075380,815468809968732,815468809988602,19870,6,func,0x7f09e13f1280,gridDim,0x13600000136,blockDim,0x1,args,0x2000000020,sharedMemBytes,0x1,unknown,0x1af00000000,,,,,0x0
11,hipGetLastError,3075363,3075380,815468810011125,815468810025947,14822,1,none,0x7f09dff28e40,,,,,,,,,,,,,,,0x0
45,hipLaunchKernel,3075363,3075380,815468810045456,815468810071454,25998,6,func,0x7f09e13f1280,gridDim,0x13600000136,blockDim,0x1,args,0x2000000020,sharedMemBytes,0x1,unknown,0x1db00000000,,,,,0x0
93,hipGetLastError,3075363,3075380,815468810093547,815468810107929,14382,1,none,0x7f09dff28e40,,,,,,,,,,,,,,,0x0
129,hipLaunchKernel,3075363,3075380,815468810129511,815468810157973,28462,6,func,0x7f09e13f1280,gridDim,0x13600000136,blockDim,0x1,args,0x2000000020,sharedMemBytes,0x1,unknown,0x20300000000,,,,,0x0
179,hipGetLastError,3075363,3075380,815468810179905,815468810194517,14612,1,none,0x7f09dff28e40,,,,,,,,,,,,,,,0x0
215,hipLaunchKernel,3075363,3075380,815468810215388,815468810246264,30876,6,func,0x7f09e13f1280,gridDim,0x13600000136,blockDim,0x1,args,0x2000000020,sharedMemBytes,0x1,unknown,0x23300000000,,,,,0x0
268,hipGetLastError,3075363,3075380,815468810268567,815468810279002,10435,1,none,0x7f09dff28e40,,,,,,,,,,,,,,,0x0
298,hipStreamSynchronize,3075363,3075380,815468810298051,815468812625143,2327092,1,stream,0x7ec9780010b0,,,,,,,,,,,,,,,0x0
648,hipLaunchKernel,3075363,3075380,815468812648828,815468812663890,15062,6,func,0x7f09e13f1280,gridDim,0x13600000136,blockDim,0x1,args,0x2000000020,sharedMemBytes,0x1,unknown,0x27d00000001,,,,,0x0
683,hipGetLastError,3075363,3075380,815468812683349,815468812691411,8062,1,none,0x7f09dff28e40,,,,,,,,,,,,,,,0x0
701,hipLaunchKernel,3075363,3075380,815468812701186,815468812716699,15513,6,func,0x7f09e13f1280,gridDim,0x13600000136,blockDim,0x1,args,0x2000000020,sharedMemBytes,0x1,unknown,0x2a000000006,,,,,0x0
729,hipGetLastError,3075363,3075380,815468812729658,815468812735847,6189,1,none,0x7f09dff28e40,,,,,,,,,,,,,,,0x0
742,hipLaunchKernel,3075363,3075380,815468812742117,815468812755366,13249,6,func,0x7f09e13f1280,gridDim,0x13600000136,blockDim,0x1,args,0x2000000020,sharedMemBytes,0x1,unknown,0x2cd00000006,,,,,0x0
764,hipGetLastError,3075363,3075380,815468812764019,815468812771110,7091,1,none,0x7f09dff28e40,,,,,,,,,,,,,,,0x0
782,hipLaunchKernel,3075363,3075380,815468812782316,815468812793012,10696,6,func,0x7f09e13f1280,gridDim,0x13600000136,blockDim,0x1,args,0x2000000020,sharedMemBytes,0x1,unknown,0x2f500000006,,,,,0x0
800,hipGetLastError,3075363,3075380,815468812800543,815468812807383,6840,1,none,0x7f09dff28e40,,,,,,,,,,,,,,,0x0
813,hipLaunchKernel,3075363,3075380,815468812813492,815468812825721,12229,6,func,0x7f09e13f1280,gridDim,0x13600000136,blockDim,0x1,args,0x2000000020,sharedMemBytes,0x1,unknown,0x31d00000001,,,,,0x0
835,hipGetLastError,3075363,3075380,815468812835125,815468812842666,7541,1,none,0x7f09dff28e40,,,,,,,,,,,,,,,0x0
848,hipLaunchKernel,3075363,3075380,815468812848324,815468812858880,10556,6,func,0x7f09e13f1280,gridDim,0x13600000136,blockDim,0x1,args,0x2000000020,sharedMemBytes,0x1,unknown,0x34100000001,,,,,0x0
870,hipGetLastError,3075363,3075380,815468812870207,815468812876246,6039,1,none,0x7f09dff28e40,,,,,,,,,,,,,,,0x0
882,hipLaunchKernel,3075363,3075380,815468812882955,815468812892269,9314,6,func,0x7f09e13f1280,gridDim,0x13600000136,blockDim,0x1,args,0x2000000020,sharedMemBytes,0x1,unknown,0x36900000006,,,,,0x0
899,hipGetLastError,3075363,3075380,815468812899140,815468812906020,6880,1,none,0x7f09dff28e40,,,,,,,,,,,,,,,0x0
910,hipLaunchKernel,3075363,3075380,815468812910817,815468812920611,9794,6,func,0x7f09e13f1280,gridDim,0x13600000136,blockDim,0x1,args,0x2000000020,sharedMemBytes,0x1,unknown,0x39300000001,,,,,0x0
931,hipGetLastError,3075363,3075380,815468812931668,815468812937627,5959,1,none,0x7f09dff28e40,,,,,,,,,,,,,,,0x0
944,hipLaunchKernel,3075363,3075380,815468812944296,815468812955062,10766,6,func,0x7f09e13f1280,gridDim,0x13600000136,blockDim,0x1,args,0x2000000020,sharedMemBytes,0x1,unknown,0x3b900000006,,,,,0x0
963,hipGetLastError,3075363,3075380,815468812963886,815468812970175,6289,1,none,0x7f09dff28e40,,,,,,,,,,,,,,,0x0
981,hipLaunchKernel,3075363,3075380,815468812981562,815468812995002,13440,6,func,0x7f09e13f1280,gridDim,0x13600000136,blockDim,0x1,args,0x2000000020,sharedMemBytes,0x1,unknown,0x3e500000001,,,,,0x0
2,hipGetLastError,3075363,3075380,815468813002813,815468813009513,6700,1,none,0x7f09dff28e40,,,,,,,,,,,,,,,0x0
20,hipStreamSynchronize,3075363,3075380,815468813020480,815468815795506,2775026,1,stream,0x7ec9780010b0,,,,,,,,,,,,,,,0x0
812,hipLaunchKernel,3075363,3075380,815468815812081,815468815823578,11497,6,func,0x7f09e13f1280,gridDim,0x13600000136,blockDim,0x1,args,0x2000000020,sharedMemBytes,0x1,unknown,0x2700000000,,,,,0x0
833,hipGetLastError,3075363,3075380,815468815833343,815468815839912,6569,1,none,0x7f09dff28e40,,,,,,,,,,,,,,,0x0
850,hipLaunchKernel,3075363,3075380,815468815850097,815468815859471,9374,6,func,0x7f09e13f1280,gridDim,0x13600000136,blockDim,0x1,args,0x2000000020,sharedMemBytes,0x1,unknown,0x1ea00000000,,,,,0x0
924,hipGetLastError,3075363,3075380,815468815924898,815468815933441,8543,1,none,0x7f09dff28e40,,,,,,,,,,,,,,,0x0
940,hipLaunchKernel,3075363,3075380,815468815940161,815468815952640,12479,6,func,0x7f09e13f1280,gridDim,0x13600000136,blockDim,0x1,args,0x2000000020,sharedMemBytes,0x1,unknown,0x22a00000006,,,,,0x0
970,hipGetLastError,3075363,3075380,815468815970546,815468815976305,5759,1,none,0x7f09dff28e40,,,,,,,,,,,,,,,0x0
982,hipLaunchKernel,3075363,3075380,815468815982684,815468815993520,10836,6,func,0x7f09e13f1280,gridDim,0x13600000136,blockDim,0x1,args,0x2000000020,sharedMemBytes,0x1,unknown,0x24200000000,,,,,0x0
6,hipGetLastError,3075363,3075380,815468816006710,815468816012468,5758,1,none,0x7f09dff28e40,,,,,,,,,,,,,,,0x0
16,hipLaunchKernel,3075363,3075380,815468816016835,815468816026790,9955,6,func,0x7f09e13f1280,gridDim,0x13600000136,blockDim,0x1,args,0x2000000020,sharedMemBytes,0x1,unknown,0x27500000000,,,,,0x0
35,hipGetLastError,3075363,3075380,815468816035232,815468816042062,6830,1,none,0x7f09dff28e40,,,,,,,,,,,,,,,0x0
49,hipLaunchKernel,3075363,3075380,815468816049413,815468816058266,8853,6,func,0x7f09e13f1280,gridDim,0x13600000136,blockDim,0x1,args,0x2000000020,sharedMemBytes,0x1,unknown,0x2a100000000,,,,,0x0
65,hipGetLastError,3075363,3075380,815468816065657,815468816072898,7241,1,none,0x7f09dff28e40,,,,,,,,,,,,,,,0x0
77,hipLaunchKernel,3075363,3075380,815468816077915,815468816091275,13360,6,func,0x7f09e13f1280,gridDim,0x13600000136,blockDim,0x1,args,0x2000000020,sharedMemBytes,0x1,unknown,0x2c700000000,,,,,0x0
100,hipGetLastError,3075363,3075380,815468816100018,815468816105817,5799,1,none,0x7f09dff28e40,,,,,,,,,,,,,,,0x0
110,hipLaunchKernel,3075363,3075380,815468816109963,815468816118686,8723,6,func,0x7f09e13f1280,gridDim,0x13600000136,blockDim,0x1,args,0x2000000020,sharedMemBytes,0x1,unknown,0x2ec00000000,,,,,0x0
126,hipGetLastError,3075363,3075380,815468816126457,815468816133848,7391,1,none,0x7f09dff28e40,,,,,,,,,,,,,,,0x0
139,hipLaunchKernel,3075363,3075380,815468816139387,815468816150002,10615,6,func,0x7f09e13f1280,gridDim,0x13600000136,blockDim,0x1,args,0x2000000020,sharedMemBytes,0x1,unknown,0x31500000000,,,,,0x0
160,hipGetLastError,3075363,3075380,815468816160508,815468816166567,6059,1,none,0x7f09dff28e40,,,,,,,,,,,,,,,0x0
172,hipLaunchKernel,3075363,3075380,815468816172646,815468816185335,12689,6,func,0x7f09e13f1280,gridDim,0x13600000136,blockDim,0x1,args,0x2000000020,sharedMemBytes,0x1,unknown,0x33d00000000,,,,,0x0
194,hipGetLastError,3075363,3075380,815468816194318,815468816201329,7011,1,none,0x7f09dff28e40,,,,,,,,,,,,,,,0x0
205,hipStreamSynchronize,3075363,3075380,815468816205905,815468818947433,2741528,1,stream,0x7ec9780010b0,,,,,,,,,,,,,,,0x0
964,hipLaunchKernel,3075363,3075380,815468818964448,815468818974222,9774,6,func,0x7f09e13f1280,gridDim,0x13600000136,blockDim,0x1,args,0x2000000020,sharedMemBytes,0x1,unknown,0x38d00000001,,,,,0x0
981,hipGetLastError,3075363,3075380,815468818981914,815468818988504,6590,1,none,0x7f09dff28e40,,,,,,,,,,,,,,,0x0
993,hipLaunchKernel,3075363,3075380,815468818993341,815468819001833,8492,6,func,0x7f09e13f1280,gridDim,0x13600000136,blockDim,0x1,args,0x2000000020,sharedMemBytes,0x1,unknown,0x3b200000001,,,,,0x0
8,hipGetLastError,3075363,3075380,815468819008393,815468819019039,10646,1,none,0x7f09dff28e40,,,,,,,,,,,,,,,0x0
27,hipLaunchKernel,3075363,3075380,815468819027521,815468819039830,12309,6,func,0x7f09e13f1280,gridDim,0x13600000136,blockDim,0x1,args,0x2000000020,sharedMemBytes,0x1,unknown,0x3dc00000001,,,,,0x0
51,hipGetLastError,3075363,3075380,815468819050966,815468819056564,5598,1,none,0x7f09dff28e40,,,,,,,,,,,,,,,0x0
62,hipLaunchKernel,3075363,3075380,815468819062113,815468819076935,14822,6,func,0x7f09e13f1280,gridDim,0x13600000136,blockDim,0x1,args,0x2000000020,sharedMemBytes,0x1,unknown,0x1b00000001,,,,,0x0
88,hipGetLastError,3075363,3075380,815468819088352,815468819094601,6249,1,none,0x7f09dff28e40,,,,,,,,,,,,,,,0x0
101,hipLaunchKernel,3075363,3075380,815468819101081,815468819110214,9133,6,func,0x7f09e13f1280,gridDim,0x13600000136,blockDim,0x1,args,0x2000000020,sharedMemBytes,0x1,unknown,0x4000000006,,,,,0x0
115,hipGetLastError,3075363,3075380,815468819115151,815468819121951,6800,1,none,0x7f09dff28e40,,,,,,,,,,,,,,,0x0
128,hipLaunchKernel,3075363,3075380,815468819128561,815468819138025,9464,6,func,0x7f09e13f1280,gridDim,0x13600000136,blockDim,0x1,args,0x2000000020,sharedMemBytes,0x1,unknown,0x7500000001,,,,,0x0
149,hipGetLastError,3075363,3075380,815468819149532,815468819155421,5889,1,none,0x7f09dff28e40,,,,,,,,,,,,,,,0x0
163,hipLaunchKernel,3075363,3075380,815468819163513,815468819174429,10916,6,func,0x7f09e13f1280,gridDim,0x13600000136,blockDim,0x1,args,0x2000000020,sharedMemBytes,0x1,unknown,0xa100000001,,,,,0x0
181,hipGetLastError,3075363,3075380,815468819181059,815468819186808,5749,1,none,0x7f09dff28e40,,,,,,,,,,,,,,,0x0
195,hipLaunchKernel,3075363,3075380,815468819195461,815468819211975,16514,6,func,0x7f09e13f1280,gridDim,0x13600000136,blockDim,0x1,args,0x2000000020,sharedMemBytes,0x1,unknown,0xcf00000006,,,,,0x0
221,hipGetLastError,3075363,3075380,815468819221509,815468819228439,6930,1,none,0x7f09dff28e40,,,,,,,,,,,,,,,0x0
233,hipLaunchKernel,3075363,3075380,815468819233858,815468819244093,10235,6,func,0x7f09e13f1280,gridDim,0x13600000136,blockDim,0x1,args,0x2000000020,sharedMemBytes,0x1,unknown,0xfa00000001,,,,,0x0
252,hipGetLastError,3075363,3075380,815468819252605,815468819258063,5458,1,none,0x7f09dff28e40,,,,,,,,,,,,,,,0x0
266,hipLaunchKernel,3075363,3075380,815468819266836,815468819277502,10666,6,func,0x7f09e13f1280,gridDim,0x13600000136,blockDim,0x1,args,0x2000000020,sharedMemBytes,0x1,unknown,0x12100000001,,,,,0x0
287,hipGetLastError,3075363,3075380,815468819287477,815468819293105,5628,1,none,0x7f09dff28e40,,,,,,,,,,,,,,,0x0
297,hipStreamSynchronize,3075363,3075380,815468819297382,815468822099479,2802097,1,stream,0x7ec9780010b0,,,,,,,,,,,,,,,0x0
117,hipLaunchKernel,3075363,3075380,815468822117185,815468822128602,11417,6,func,0x7f09e13f1280,gridDim,0x13600000136,blockDim,0x1,args,0x2000000020,sharedMemBytes,0x1,unknown,0x14d00000000,,,,,0x0
135,hipGetLastError,3075363,3075380,815468822135492,815468822142112,6620,1,none,0x7f09dff28e40,,,,,,,,,,,,,,,0x0
146,hipLaunchKernel,3075363,3075380,815468822146549,815468822156964,10415,6,func,0x7f09e13f1280,gridDim,0x13600000136,blockDim,0x1,args,0x2000000020,sharedMemBytes,0x1,unknown,0x2ef00000000,,,,,0x0
166,hipGetLastError,3075363,3075380,815468822166458,815468822172697,6239,1,none,0x7f09dff28e40,,,,,,,,,,,,,,,0x0
180,hipLaunchKernel,3075363,3075380,815468822180790,815468822190274,9484,6,func,0x7f09e13f1280,gridDim,0x13600000136,blockDim,0x1,args,0x2000000020,sharedMemBytes,0x1,unknown,0x32200000000,,,,,0x0
200,hipGetLastError,3075363,3075380,815468822200599,815468822208350,7751,1,none,0x7f09dff28e40,,,,,,,,,,,,,,,0x0
220,hipLaunchKernel,3075363,3075380,815468822220088,815468822237033,16945,6,func,0x7f09e13f1280,gridDim,0x13600000136,blockDim,0x1,args,0x2000000020,sharedMemBytes,0x1,unknown,0x35000000000,,,,,0x0
250,hipGetLastError,3075363,3075380,815468822250443,815468822256141,5698,1,none,0x7f09dff28e40,,,,,,,,,,,,,,,0x0
262,hipLaunchKernel,3075363,3075380,815468822262751,815468822276872,14121,6,func,0x7f09e13f1280,gridDim,0x13600000136,blockDim,0x1,args,0x2000000020,sharedMemBytes,0x1,unknown,0x37500000000,,,,,0x0
285,hipGetLastError,3075363,3075380,815468822285735,815468822295269,9534,1,none,0x7f09dff28e40,,,,,,,,,,,,,,,0x0
306,hipLaunchKernel,3075363,3075380,815468822306176,815468822317012,10836,6,func,0x7f09e13f1280,gridDim,0x13600000136,blockDim,0x1,args,0x2000000020,sharedMemBytes,0x1,unknown,0x39e00000000,,,,,0x0
329,hipGetLastError,3075363,3075380,815468822329190,815468822336210,7020,1,none,0x7f09dff28e40,,,,,,,,,,,,,,,0x0
345,hipLaunchKernel,3075363,3075380,815468822345093,815468822354818,9725,6,func,0x7f09e13f1280,gridDim,0x13600000136,blockDim,0x1,args,0x2000000020,sharedMemBytes,0x1,unknown,0x3c800000000,,,,,0x0
361,hipGetLastError,3075363,3075380,815468822361908,815468822367887,5979,1,none,0x7f09dff28e40,,,,,,,,,,,,,,,0x0
372,hipLaunchKernel,3075363,3075380,815468822372704,815468822386314,13610,6,func,0x7f09e13f1280,gridDim,0x13600000136,blockDim,0x1,args,0x2000000020,sharedMemBytes,0x1,unknown,0xc00000000,,,,,0x0
395,hipGetLastError,3075363,3075380,815468822395368,815468822401707,6339,1,none,0x7f09dff28e40,,,,,,,,,,,,,,,0x0
406,hipLaunchKernel,3075363,3075380,815468822406294,815468822414767,8473,6,func,0x7f09e13f1280,gridDim,0x13600000136,blockDim,0x1,args,0x2000000020,sharedMemBytes,0x1,unknown,0x3400000000,,,,,0x0
422,hipGetLastError,3075363,3075380,815468822422358,815468822432182,9824,1,none,0x7f09dff28e40,,,,,,,,,,,,,,,0x0
438,hipLaunchKernel,3075363,3075380,815468822438241,815468822446624,8383,6,func,0x7f09e13f1280,gridDim,0x13600000136,blockDim,0x1,args,0x2000000020,sharedMemBytes,0x1,unknown,0x6300000000,,,,,0x0
453,hipGetLastError,3075363,3075380,815468822453344,815468822459052,5708,1,none,0x7f09dff28e40,,,,,,,,,,,,,,,0x0
462,hipStreamSynchronize,3075363,3075380,815468822462828,815468825250123,2787295,1,stream,0x7ec9780010b0,,,,,,,,,,,,,,,0x0
264,hipLaunchKernel,3075363,3075380,815468825264705,815468825274960,10255,6,func,0x7f09e13f1280,gridDim,0x13600000136,blockDim,0x1,args,0x2000000020,sharedMemBytes,0x1,unknown,0xb000000006,,,,,0x0
282,hipGetLastError,3075363,3075380,815468825282521,815468825288510,5989,1,none,0x7f09dff28e40,,,,,,,,,,,,,,,0x0
292,hipLaunchKernel,3075363,3075380,815468825292746,815468825303753,11007,6,func,0x7f09e13f1280,gridDim,0x13600000136,blockDim,0x1,args,0x2000000020,sharedMemBytes,0x1,unknown,0xe100000001,,,,,0x0
314,hipGetLastError,3075363,3075380,815468825314158,815468825319837,5679,1,none,0x7f09dff28e40,,,,,,,,,,,,,,,0x0
324,hipLaunchKernel,3075363,3075380,815468825324533,815468825334048,9515,6,func,0x7f09e13f1280,gridDim,0x13600000136,blockDim,0x1,args,0x2000000020,sharedMemBytes,0x1,unknown,0xf000000000,,,,,0x0
340,hipGetLastError,3075363,3075380,815468825340808,815468825346105,5297,1,none,0x7f09dff28e40,,,,,,,,,,,,,,,0x0
349,hipLaunchKernel,3075363,3075380,815468825349901,815468825358654,8753,6,func,0x7f09e13f1280,gridDim,0x13600000136,blockDim,0x1,args,0x2000000020,sharedMemBytes,0x1,unknown,0x13500000001,,,,,0x0
364,hipGetLastError,3075363,3075380,815468825364933,815468825370822,5889,1,none,0x7f09dff28e40,,,,,,,,,,,,,,,0x0
374,hipLaunchKernel,3075363,3075380,815468825374628,815468825388568,13940,6,func,0x7f09e13f1280,gridDim,0x13600000136,blockDim,0x1,args,0x2000000020,sharedMemBytes,0x1,unknown,0x14400000000,,,,,0x0
397,hipGetLastError,3075363,3075380,815468825397862,815468825403661,5799,1,none,0x7f09dff28e40,,,,,,,,,,,,,,,0x0
412,hipLaunchKernel,3075363,3075380,815468825412744,815468825422028,9284,6,func,0x7f09e13f1280,gridDim,0x13600000136,blockDim,0x1,args,0x2000000020,sharedMemBytes,0x1,unknown,0x19300000006,,,,,0x0
429,hipGetLastError,3075363,3075380,815468825429309,815468825435789,6480,1,none,0x7f09dff28e40,,,,,,,,,,,,,,,0x0
439,hipLaunchKernel,3075363,3075380,815468825439564,815468825448668,9104,6,func,0x7f09e13f1280,gridDim,0x13600000136,blockDim,0x1,args,0x2000000020,sharedMemBytes,0x1,unknown,0x1bd00000006,,,,,0x0
455,hipGetLastError,3075363,3075380,815468825455027,815468825461166,6139,1,none,0x7f09dff28e40,,,,,,,,,,,,,,,0x0
465,hipLaunchKernel,3075363,3075380,815468825465082,815468825478612,13530,6,func,0x7f09e13f1280,gridDim,0x13600000136,blockDim,0x1,args,0x2000000020,sharedMemBytes,0x1,unknown,0x1e400000001,,,,,0x0
485,hipGetLastError,3075363,3075380,815468825485322,815468825490990,5668,1,none,0x7f09dff28e40,,,,,,,,,,,,,,,0x0
495,hipLaunchKernel,3075363,3075380,815468825495197,815468825504260,9063,6,func,0x7f09e13f1280,gridDim,0x13600000136,blockDim,0x1,args,0x2000000020,sharedMemBytes,0x1,unknown,0x20a00000001,,,,,0x0
511,hipGetLastError,3075363,3075380,815468825511080,815468825517059,5979,1,none,0x7f09dff28e40,,,,,,,,,,,,,,,0x0
527,hipLaunchKernel,3075363,3075380,815468825527404,815468825541826,14422,6,func,0x7f09e13f1280,gridDim,0x13600000136,blockDim,0x1,args,0x2000000020,sharedMemBytes,0x1,unknown,0x20f00000000,,,,,0x0
550,hipGetLastError,3075363,3075380,815468825550879,815468825556187,5308,1,none,0x7f09dff28e40,,,,,,,,,,,,,,,0x0
560,hipStreamSynchronize,3075363,3075380,815468825560243,815468828396201,2835958,1,stream,0x7ec9780010b0,,,,,,,,,,,,,,,0x0
411,hipLaunchKernel,3075363,3075380,815468828411213,815468828422119,10906,6,func,0x7f09e13f1280,gridDim,0x13600000136,blockDim,0x1,args,0x2000000020,sharedMemBytes,0x1,unknown,0x3b200000006,,,,,0x0
429,hipGetLastError,3075363,3075380,815468828429340,815468828436550,7210,1,none,0x7f09dff28e40,,,,,,,,,,,,,,,0x0
445,hipLaunchKernel,3075363,3075380,815468828445744,815468828457812,12068,6,func,0x7f09e13f1280,gridDim,0x13600000136,blockDim,0x1,args,0x2000000020,sharedMemBytes,0x1,unknown,0x3be00000000,,,,,0x0
468,hipGetLastError,3075363,3075380,815468828468938,815468828476249,7311,1,none,0x7f09dff28e40,,,,,,,,,,,,,,,0x0
485,hipLaunchKernel,3075363,3075380,815468828485743,815468828500305,14562,6,func,0x7f09e13f1280,gridDim,0x13600000136,blockDim,0x1,args,0x2000000020,sharedMemBytes,0x1,unknown,0x2200000000,,,,,0x0
513,hipGetLastError,3075363,3075380,815468828513164,815468828518692,5528,1,none,0x7f09dff28e40,,,,,,,,,,,,,,,0x0
522,hipLaunchKernel,3075363,3075380,815468828522718,815468828531411,8693,6,func,0x7f09e13f1280,gridDim,0x13600000136,blockDim,0x1,args,0x2000000020,sharedMemBytes,0x1,unknown,0x4900000000,,,,,0x0
537,hipGetLastError,3075363,3075380,815468828537821,815468828543689,5868,1,none,0x7f09dff28e40,,,,,,,,,,,,,,,0x0
547,hipLaunchKernel,3075363,3075380,815468828547655,815468828558692,11037,6,func,0x7f09e13f1280,gridDim,0x13600000136,blockDim,0x1,args,0x2000000020,sharedMemBytes,0x1,unknown,0x7300000000,,,,,0x0
567,hipGetLastError,3075363,3075380,815468828567635,815468828573464,5829,1,none,0x7f09dff28e40,,,,,,,,,,,,,,,0x0
582,hipLaunchKernel,3075363,3075380,815468828582407,815468828591330,8923,6,func,0x7f09e13f1280,gridDim,0x13600000136,blockDim,0x1,args,0x2000000020,sharedMemBytes,0x1,unknown,0x9800000000,,,,,0x0
598,hipGetLastError,3075363,3075380,815468828598280,815468828603949,5669,1,none,0x7f09dff28e40,,,,,,,,,,,,,,,0x0
608,hipLaunchKernel,3075363,3075380,815468828608415,815468828622687,14272,6,func,0x7f09e13f1280,gridDim,0x13600000136,blockDim,0x1,args,0x2000000020,sharedMemBytes,0x1,unknown,0xc300000000,,,,,0x0
632,hipGetLastError,3075363,3075380,815468828632241,815468828637639,5398,1,none,0x7f09dff28e40,,,,,,,,,,,,,,,0x0
641,hipLaunchKernel,3075363,3075380,815468828641434,815468828650027,8593,6,func,0x7f09e13f1280,gridDim,0x13600000136,blockDim,0x1,args,0x2000000020,sharedMemBytes,0x1,unknown,0xed00000000,,,,,0x0
656,hipGetLastError,3075363,3075380,815468828656577,815468828666682,10105,1,none,0x7f09dff28e40,,,,,,,,,,,,,,,0x0
674,hipLaunchKernel,3075363,3075380,815468828674493,815468828685740,11247,6,func,0x7f09e13f1280,gridDim,0x13600000136,blockDim,0x1,args,0x2000000020,sharedMemBytes,0x1,unknown,0x11300000000,,,,,0x0
698,hipGetLastError,3075363,3075380,815468828698769,815468828704258,5489,1,none,0x7f09dff28e40,,,,,,,,,,,,,,,0x0
710,hipLaunchKernel,3075363,3075380,815468828710437,815468828719040,8603,6,func,0x7f09e13f1280,gridDim,0x13600000136,blockDim,0x1,args,0x2000000020,sharedMemBytes,0x1,unknown,0x13c00000000,,,,,0x0
729,hipGetLastError,3075363,3075380,815468828729555,815468828735133,5578,1,none,0x7f09dff28e40,,,,,,,,,,,,,,,0x0
738,hipStreamSynchronize,3075363,3075380,815468828738909,815468831539424,2800515,1,stream,0x7ec9780010b0,,,,,,,,,,,,,,,0x0
557,hipLaunchKernel,3075363,3075380,815468831557361,815468831569659,12298,6,func,0x7f09e13f1280,gridDim,0x13600000136,blockDim,0x1,args,0x2000000020,sharedMemBytes,0x1,unknown,0x19700000001,,,,,0x0
581,hipGetLastError,3075363,3075380,815468831581076,815468831588177,7101,1,none,0x7f09dff28e40,,,,,,,,,,,,,,,0x0
592,hipLaunchKernel,3075363,3075380,815468831592603,815468831602067,9464,6,func,0x7f09e13f1280,gridDim,0x13600000136,blockDim,0x1,args,0x2000000020,sharedMemBytes,0x1,unknown,0x1c000000006,,,,,0x0
609,hipGetLastError,3075363,3075380,815468831609799,815468831615888,6089,1,none,0x7f09dff28e40,,,,,,,,,,,,,,,0x0
625,hipLaunchKernel,3075363,3075380,815468831625662,815468831638331,12669,6,func,0x7f09e13f1280,gridDim,0x13600000136,blockDim,0x1,args,0x2000000020,sharedMemBytes,0x1,unknown,0x1ef00000001,,,,,0x0
650,hipGetLastError,3075363,3075380,815468831650489,815468831658110,7621,1,none,0x7f09dff28e40,,,,,,,,,,,,,,,0x0
665,hipLaunchKernel,3075363,3075380,815468831665261,815468831675546,10285,6,func,0x7f09e13f1280,gridDim,0x13600000136,blockDim,0x1,args,0x2000000020,sharedMemBytes,0x1,unknown,0x21400000006,,,,,0x0
686,hipGetLastError,3075363,3075380,815468831686793,815468831693042,6249,1,none,0x7f09dff28e40,,,,,,,,,,,,,,,0x0
700,hipLaunchKernel,3075363,3075380,815468831700103,815468831709817,9714,6,func,0x7f09e13f1280,gridDim,0x13600000136,blockDim,0x1,args,0x2000000020,sharedMemBytes,0x1,unknown,0x23b00000001,,,,,0x0
720,hipGetLastError,3075363,3075380,815468831720743,815468831727814,7071,1,none,0x7f09dff28e40,,,,,,,,,,,,,,,0x0
745,hipLaunchKernel,3075363,3075380,815468831745871,815468831758900,13029,6,func,0x7f09e13f1280,gridDim,0x13600000136,blockDim,0x1,args,0x2000000020,sharedMemBytes,0x1,unknown,0x26800000006,,,,,0x0
771,hipGetLastError,3075363,3075380,815468831771338,815468831777377,6039,1,none,0x7f09dff28e40,,,,,,,,,,,,,,,0x0
782,hipLaunchKernel,3075363,3075380,815468831782545,815468831791979,9434,6,func,0x7f09e13f1280,gridDim,0x13600000136,blockDim,0x1,args,0x2000000020,sharedMemBytes,0x1,unknown,0x28d00000006,,,,,0x0
801,hipGetLastError,3075363,3075380,815468831801473,815468831807051,5578,1,none,0x7f09dff28e40,,,,,,,,,,,,,,,0x0
811,hipLaunchKernel,3075363,3075380,815468831811057,815468831820391,9334,6,func,0x7f09e13f1280,gridDim,0x13600000136,blockDim,0x1,args,0x2000000020,sharedMemBytes,0x1,unknown,0x2ba00000001,,,,,0x0
828,hipGetLastError,3075363,3075380,815468831828022,815468831834061,6039,1,none,0x7f09dff28e40,,,,,,,,,,,,,,,0x0
841,hipLaunchKernel,3075363,3075380,815468831841913,815468831852589,10676,6,func,0x7f09e13f1280,gridDim,0x13600000136,blockDim,0x1,args,0x2000000020,sharedMemBytes,0x1,unknown,0x2e100000006,,,,,0x0
861,hipGetLastError,3075363,3075380,815468831861572,815468831867852,6280,1,none,0x7f09dff28e40,,,,,,,,,,,,,,,0x0
872,hipLaunchKernel,3075363,3075380,815468831872659,815468831882663,10004,6,func,0x7f09e13f1280,gridDim,0x13600000136,blockDim,0x1,args,0x2000000020,sharedMemBytes,0x1,unknown,0x30e00000001,,,,,0x0
890,hipGetLastError,3075363,3075380,815468831890034,815468831895653,5619,1,none,0x7f09dff28e40,,,,,,,,,,,,,,,0x0
901,hipStreamSynchronize,3075363,3075380,815468831901662,815468834694996,2793334,1,stream,0x7ec9780010b0,,,,,,,,,,,,,,,0x0
712,hipLaunchKernel,3075363,3075380,815468834712251,815468834724279,12028,6,func,0x7f09e13f1280,gridDim,0x13600000136,blockDim,0x1,args,0x2000000020,sharedMemBytes,0x1,unknown,0x33700000000,,,,,0x0
732,hipGetLastError,3075363,3075380,815468834732882,815468834739151,6269,1,none,0x7f09dff28e40,,,,,,,,,,,,,,,0x0
744,hipLaunchKernel,3075363,3075380,815468834744229,815468834753873,9644,6,func,0x7f09e13f1280,gridDim,0x13600000136,blockDim,0x1,args,0x2000000020,sharedMemBytes,0x1,unknown,0xa900000000,,,,,0x0
765,hipGetLastError,3075363,3075380,815468834764990,815468834776487,11497,1,none,0x7f09dff28e40,,,,,,,,,,,,,,,0x0
785,hipLaunchKernel,3075363,3075380,815468834785821,815468834798920,13099,6,func,0x7f09e13f1280,gridDim,0x13600000136,blockDim,0x1,args,0x2000000020,sharedMemBytes,0x1,unknown,0xdf00000000,,,,,0x0
809,hipGetLastError,3075363,3075380,815468834809295,815468834815895,6600,1,none,0x7f09dff28e40,,,,,,,,,,,,,,,0x0
827,hipLaunchKernel,3075363,3075380,815468834827392,815468834845519,18127,6,func,0x7f09e13f1280,gridDim,0x13600000136,blockDim,0x1,args,0x2000000020,sharedMemBytes,0x1,unknown,0x10c00000000,,,,,0x0
857,hipGetLastError,3075363,3075380,815468834857637,815468834864457,6820,1,none,0x7f09dff28e40,,,,,,,,,,,,,,,0x0
873,hipLaunchKernel,3075363,3075380,815468834873150,815468834885298,12148,6,func,0x7f09e13f1280,gridDim,0x13600000136,blockDim,0x1,args,0x2000000020,sharedMemBytes,0x1,unknown,0x13b00000000,,,,,0x0
897,hipGetLastError,3075363,3075380,815468834897767,815468834903185,5418,1,none,0x7f09dff28e40,,,,,,,,,,,,,,,0x0
910,hipLaunchKernel,3075363,3075380,815468834909985,815468834918788,8803,6,func,0x7f09e13f1280,gridDim,0x13600000136,blockDim,0x1,args,0x2000000020,sharedMemBytes,0x1,unknown,0x16200000000,,,,,0x0
929,hipGetLastError,3075363,3075380,815468834929824,815468834937175,7351,1,none,0x7f09dff28e40,,,,,,,,,,,,,,,0x0
945,hipLaunchKernel,3075363,3075380,815468834945147,815468834955673,10526,6,func,0x7f09e13f1280,gridDim,0x13600000136,blockDim,0x1,args,0x2000000020,sharedMemBytes,0x1,unknown,0x18d00000000,,,,,0x0
970,hipGetLastError,3075363,3075380,815468834970404,815468834976223,5819,1,none,0x7f09dff28e40,,,,,,,,,,,,,,,0x0
982,hipLaunchKernel,3075363,3075380,815468834982312,815468834998146,15834,6,func,0x7f09e13f1280,gridDim,0x13600000136,blockDim,0x1,args,0x2000000020,sharedMemBytes,0x1,unknown,0x1ba00000000,,,,,0x0
12,hipGetLastError,3075363,3075380,815468835012747,815468835019758,7011,1,none,0x7f09dff28e40,,,,,,,,,,,,,,,0x0
32,hipLaunchKernel,3075363,3075380,815468835032707,815468835042581,9874,6,func,0x7f09e13f1280,gridDim,0x13600000136,blockDim,0x1,args,0x2000000020,sharedMemBytes,0x1,unknown,0x1de00000000,,,,,0x0
52,hipGetLastError,3075363,3075380,815468835052166,815468835058024,5858,1,none,0x7f09dff28e40,,,,,,,,,,,,,,,0x0
65,hipLaunchKernel,3075363,3075380,815468835065936,815468835077473,11537,6,func,0x7f09e13f1280,gridDim,0x13600000136,blockDim,0x1,args,0x2000000020,sharedMemBytes,0x1,unknown,0x20c00000000,,,,,0x0
84,hipGetLastError,3075363,3075380,815468835084053,815468835089832,5779,1,none,0x7f09dff28e40,,,,,,,,,,,,,,,0x0
98,hipStreamSynchronize,3075363,3075380,815468835098094,815468837831739,2733645,1,stream,0x7ec9780010b0,,,,,,,,,,,,,,,0x0
849,hipLaunchKernel,3075363,3075380,815468837849756,815468837862074,12318,6,func,0x7f09e13f1280,gridDim,0x13600000136,blockDim,0x1,args,0x2000000020,sharedMemBytes,0x1,unknown,0x25900000006,,,,,0x0
871,hipGetLastError,3075363,3075380,815468837871639,815468837877627,5988,1,none,0x7f09dff28e40,,,,,,,,,,,,,,,0x0
881,hipLaunchKernel,3075363,3075380,815468837881553,815468837890497,8944,6,func,0x7f09e13f1280,gridDim,0x13600000136,blockDim,0x1,args,0x2000000020,sharedMemBytes,0x1,unknown,0x28100000006,,,,,0x0
896,hipGetLastError,3075363,3075380,815468837896085,815468837902454,6369,1,none,0x7f09dff28e40,,,,,,,,,,,,,,,0x0
908,hipLaunchKernel,3075363,3075380,815468837908794,815468837917777,8983,6,func,0x7f09e13f1280,gridDim,0x13600000136,blockDim,0x1,args,0x2000000020,sharedMemBytes,0x1,unknown,0x2a800000006,,,,,0x0
925,hipGetLastError,3075363,3075380,815468837925148,815468837930266,5118,1,none,0x7f09dff28e40,,,,,,,,,,,,,,,0x0
934,hipLaunchKernel,3075363,3075380,815468837934392,815468837942914,8522,6,func,0x7f09e13f1280,gridDim,0x13600000136,blockDim,0x1,args,0x2000000020,sharedMemBytes,0x1,unknown,0x2d000000006,,,,,0x0
949,hipGetLastError,3075363,3075380,815468837949764,815468837955393,5629,1,none,0x7f09dff28e40,,,,,,,,,,,,,,,0x0
959,hipLaunchKernel,3075363,3075380,815468837959249,815468837978427,19178,6,func,0x7f09e13f1280,gridDim,0x13600000136,blockDim,0x1,args,0x2000000020,sharedMemBytes,0x1,unknown,0x2ff00000006,,,,,0x0
988,hipGetLastError,3075363,3075380,815468837988662,815468837995042,6380,1,none,0x7f09dff28e40,,,,,,,,,,,,,,,0x0
1,hipLaunchKernel,3075363,3075380,815468838001451,815468838010555,9104,6,func,0x7f09e13f1280,gridDim,0x13600000136,blockDim,0x1,args,0x2000000020,sharedMemBytes,0x1,unknown,0x32600000001,,,,,0x0
16,hipGetLastError,3075363,3075380,815468838016814,815468838027069,10255,1,none,0x7f09dff28e40,,,,,,,,,,,,,,,0x0
35,hipLaunchKernel,3075363,3075380,815468838035922,815468838045827,9905,6,func,0x7f09e13f1280,gridDim,0x13600000136,blockDim,0x1,args,0x2000000020,sharedMemBytes,0x1,unknown,0x34f00000001,,,,,0x0
53,hipGetLastError,3075363,3075380,815468838052988,815468838058826,5838,1,none,0x7f09dff28e40,,,,,,,,,,,,,,,0x0
64,hipLaunchKernel,3075363,3075380,815468838064084,815468838079257,15173,6,func,0x7f09e13f1280,gridDim,0x13600000136,blockDim,0x1,args,0x2000000020,sharedMemBytes,0x1,unknown,0x37400000001,,,,,0x0
89,hipGetLastError,3075363,3075380,815468838089011,815468838096402,7391,1,none,0x7f09dff28e40,,,,,,,,,,,,,,,0x0
102,hipLaunchKernel,3075363,3075380,815468838102872,815468838112185,9313,6,func,0x7f09e13f1280,gridDim,0x13600000136,blockDim,0x1,args,0x2000000020,sharedMemBytes,0x1,unknown,0x39800000006,,,,,0x0
119,hipGetLastError,3075363,3075380,815468838119046,815468838125856,6810,1,none,0x7f09dff28e40,,,,,,,,,,,,,,,0x0
133,hipLaunchKernel,3075363,3075380,815468838133617,815468838145174,11557,6,func,0x7f09e13f1280,gridDim,0x13600000136,blockDim,0x1,args,0x2000000020,sharedMemBytes,0x1,unknown,0x3cd00000001,,,,,0x0
154,hipGetLastError,3075363,3075380,815468838154098,815468838159966,5868,1,none,0x7f09dff28e40,,,,,,,,,,,,,,,0x0
164,hipStreamSynchronize,3075363,3075380,815468838164052,815468840991527,2827475,1,stream,0x7ec9780010b0,,,,,,,,,,,,,,,0x0
10,hipLaunchKernel,3075363,3075380,815468841009985,815468841020831,10846,6,func,0x7f09e13f1280,gridDim,0x13600000136,blockDim,0x1,args,0x2000000020,sharedMemBytes,0x1,unknown,0x14f00000006,,,,,0x0
28,hipGetLastError,3075363,3075380,815468841028462,815468841034982,6520,1,none,0x7f09dff28e40,,,,,,,,,,,,,,,0x0
39,hipLaunchKernel,3075363,3075380,815468841039869,815468841050134,10265,6,func,0x7f09e13f1280,gridDim,0x13600000136,blockDim,0x1,args,0x2000000020,sharedMemBytes,0x1,unknown,0x17e00000001,,,,,0x0
60,hipGetLastError,3075363,3075380,815468841060229,815468841067350,7121,1,none,0x7f09dff28e40,,,,,,,,,,,,,,,0x0
74,hipLaunchKernel,3075363,3075380,815468841074020,815468841084545,10525,6,func,0x7f09e13f1280,gridDim,0x13600000136,blockDim,0x1,args,0x2000000020,sharedMemBytes,0x1,unknown,0x1a000000006,,,,,0x0
95,hipGetLastError,3075363,3075380,815468841095091,815468841100950,5859,1,none,0x7f09dff28e40,,,,,,,,,,,,,,,0x0
106,hipLaunchKernel,3075363,3075380,815468841106498,815468841120118,13620,6,func,0x7f09e13f1280,gridDim,0x13600000136,blockDim,0x1,args,0x2000000020,sharedMemBytes,0x1,unknown,0x1ce00000001,,,,,0x0
130,hipGetLastError,3075363,3075380,815468841130333,815468841140238,9905,1,none,0x7f09dff28e40,,,,,,,,,,,,,,,0x0
147,hipLaunchKernel,3075363,3075380,815468841147248,815468841158114,10866,6,func,0x7f09e13f1280,gridDim,0x13600000136,blockDim,0x1,args,0x2000000020,sharedMemBytes,0x1,unknown,0x1f000000006,,,,,0x0
168,hipGetLastError,3075363,3075380,815468841168099,815468841173637,5538,1,none,0x7f09dff28e40,,,,,,,,,,,,,,,0x0
179,hipLaunchKernel,3075363,3075380,815468841179115,815468841188249,9134,6,func,0x7f09e13f1280,gridDim,0x13600000136,blockDim,0x1,args,0x2000000020,sharedMemBytes,0x1,unknown,0x21d00000001,,,,,0x0
194,hipGetLastError,3075363,3075380,815468841194709,815468841200157,5448,1,none,0x7f09dff28e40,,,,,,,,,,,,,,,0x0
208,hipLaunchKernel,3075363,3075380,815468841208719,815468841220437,11718,6,func,0x7f09e13f1280,gridDim,0x13600000136,blockDim,0x1,args,0x2000000020,sharedMemBytes,0x1,unknown,0x23d00000006,,,,,0x0
229,hipGetLastError,3075363,3075380,815468841229430,815468841235990,6560,1,none,0x7f09dff28e40,,,,,,,,,,,,,,,0x0
243,hipLaunchKernel,3075363,3075380,815468841243030,815468841256010,12980,6,func,0x7f09e13f1280,gridDim,0x13600000136,blockDim,0x1,args,0x2000000020,sharedMemBytes,0x1,unknown,0x26800000001,,,,,0x0
265,hipGetLastError,3075363,3075380,815468841265684,815468841271843,6159,1,none,0x7f09dff28e40,,,,,,,,,,,,,,,0x0
276,hipLaunchKernel,3075363,3075380,815468841275979,815468841284722,8743,6,func,0x7f09e13f1280,gridDim,0x13600000136,blockDim,0x1,args,0x2000000020,sharedMemBytes,0x1,unknown,0x27800000000,,,,,0x0
292,hipGetLastError,3075363,3075380,815468841292363,815468841298883,6520,1,none,0x7f09dff28e40,,,,,,,,,,,,,,,0x0
309,hipLaunchKernel,3075363,3075380,815468841309118,815468841318813,9695,6,func,0x7f09e13f1280,gridDim,0x13600000136,blockDim,0x1,args,0x2000000020,sharedMemBytes,0x1,unknown,0x2a300000000,,,,,0x0
325,hipGetLastError,3075363,3075380,815468841325723,815468841331562,5839,1,none,0x7f09dff28e40,,,,,,,,,,,,,,,0x0
335,hipStreamSynchronize,3075363,3075380,815468841335788,815468844140008,2804220,1,stream,0x7ec9780010b0,,,,,,,,,,,,,,,0x0
156,hipLaunchKernel,3075363,3075380,815468844156683,815468844167469,10786,6,func,0x7f09e13f1280,gridDim,0x13600000136,blockDim,0x1,args,0x2000000020,sharedMemBytes,0x1,unknown,0x2eb00000000,,,,,0x0
174,hipGetLastError,3075363,3075380,815468844174509,815468844181700,7191,1,none,0x7f09dff28e40,,,,,,,,,,,,,,,0x0
190,hipLaunchKernel,3075363,3075380,815468844190213,815468844199787,9574,6,func,0x7f09e13f1280,gridDim,0x13600000136,blockDim,0x1,args,0x2000000020,sharedMemBytes,0x1,unknown,0x32900000001,,,,,0x0
210,hipGetLastError,3075363,3075380,815468844210252,815468844215650,5398,1,none,0x7f09dff28e40,,,,,,,,,,,,,,,0x0
219,hipLaunchKernel,3075363,3075380,815468844219716,815468844234008,14292,6,func,0x7f09e13f1280,gridDim,0x13600000136,blockDim,0x1,args,0x2000000020,sharedMemBytes,0x1,unknown,0x33d00000000,,,,,0x0
244,hipGetLastError,3075363,3075380,815468844244623,815468844254478,9855,1,none,0x7f09dff28e40,,,,,,,,,,,,,,,0x0
265,hipLaunchKernel,3075363,3075380,815468844265004,815468844278133,13129,6,func,0x7f09e13f1280,gridDim,0x13600000136,blockDim,0x1,args,0x2000000020,sharedMemBytes,0x1,unknown,0x38500000001,,,,,0x0
286,hipGetLastError,3075363,3075380,815468844285975,815468844292354,6379,1,none,0x7f09dff28e40,,,,,,,,,,,,,,,0x0
296,hipLaunchKernel,3075363,3075380,815468844296310,815468844304953,8643,6,func,0x7f09e13f1280,gridDim,0x13600000136,blockDim,0x1,args,0x2000000020,sharedMemBytes,0x1,unknown,0x39400000000,,,,,0x0
312,hipGetLastError,3075363,3075380,815468844312915,815468844320085,7170,1,none,0x7f09dff28e40,,,,,,,,,,,,,,,0x0
325,hipLaunchKernel,3075363,3075380,815468844325563,815468844334887,9324,6,func,0x7f09e13f1280,gridDim,0x13600000136,blockDim,0x1,args,0x2000000020,sharedMemBytes,0x1,unknown,0x3d700000001,,,,,0x0
344,hipGetLastError,3075363,3075380,815468844344732,815468844355017,10285,1,none,0x7f09dff28e40,,,,,,,,,,,,,,,0x0
361,hipLaunchKernel,3075363,3075380,815468844361457,815468844370410,8953,6,func,0x7f09e13f1280,gridDim,0x13600000136,blockDim,0x1,args,0x2000000020,sharedMemBytes,0x1,unknown,0x200000000,,,,,0x0
379,hipGetLastError,3075363,3075380,815468844379534,815468844385462,5928,1,none,0x7f09dff28e40,,,,,,,,,,,,,,,0x0
389,hipLaunchKernel,3075363,3075380,815468844389528,815468844399062,9534,6,func,0x7f09e13f1280,gridDim,0x13600000136,blockDim,0x1,args,0x2000000020,sharedMemBytes,0x1,unknown,0x4d00000006,,,,,0x0
409,hipGetLastError,3075363,3075380,815468844409598,815468844417710,8112,1,none,0x7f09dff28e40,,,,,,,,,,,,,,,0x0
426,hipLaunchKernel,3075363,3075380,815468844426643,815468844435777,9134,6,func,0x7f09e13f1280,gridDim,0x13600000136,blockDim,0x1,args,0x2000000020,sharedMemBytes,0x1,unknown,0x7000000006,,,,,0x0
444,hipGetLastError,3075363,3075380,815468844444590,815468844450449,5859,1,none,0x7f09dff28e40,,,,,,,,,,,,,,,0x0
456,hipLaunchKernel,3075363,3075380,815468844456568,815468844465561,8993,6,func,0x7f09e13f1280,gridDim,0x13600000136,blockDim,0x1,args,0x2000000020,sharedMemBytes,0x1,unknown,0x9400000001,,,,,0x0
472,hipGetLastError,3075363,3075380,815468844472111,815468844477679,5568,1,none,0x7f09dff28e40,,,,,,,,,,,,,,,0x0
481,hipStreamSynchronize,3075363,3075380,815468844481745,815468847294268,2812523,1,stream,0x7ec9780010b0,,,,,,,,,,,,,,,0x0
311,hipLaunchKernel,3075363,3075380,815468847311333,815468847324232,12899,6,func,0x7f09e13f1280,gridDim,0x13600000136,blockDim,0x1,args,0x2000000020,sharedMemBytes,0x1,unknown,0x1fa00000006,,,,,0x0
331,hipGetLastError,3075363,3075380,815468847331052,815468847337552,6500,1,none,0x7f09dff28e40,,,,,,,,,,,,,,,0x0
342,hipLaunchKernel,3075363,3075380,815468847342099,815468847353426,11327,6,func,0x7f09e13f1280,gridDim,0x13600000136,blockDim,0x1,args,0x2000000020,sharedMemBytes,0x1,unknown,0x22500000001,,,,,0x0
363,hipGetLastError,3075363,3075380,815468847363410,815468847369199,5789,1,none,0x7f09dff28e40,,,,,,,,,,,,,,,0x0
375,hipLaunchKernel,3075363,3075380,815468847375528,815468847391873,16345,6,func,0x7f09e13f1280,gridDim,0x13600000136,blockDim,0x1,args,0x2000000020,sharedMemBytes,0x1,unknown,0x24400000006,,,,,0x0
403,hipGetLastError,3075363,3075380,815468847403229,815468847409358,6129,1,none,0x7f09dff28e40,,,,,,,,,,,,,,,0x0
416,hipLaunchKernel,3075363,3075380,815468847416038,815468847429228,13190,6,func,0x7f09e13f1280,gridDim,0x13600000136,blockDim,0x1,args,0x2000000020,sharedMemBytes,0x1,unknown,0x27200000001,,,,,0x0
440,hipGetLastError,3075363,3075380,815468847440274,815468847446203,5929,1,none,0x7f09dff28e40,,,,,,,,,,,,,,,0x0
450,hipLaunchKernel,3075363,3075380,815468847450099,815468847461035,10936,6,func,0x7f09e13f1280,gridDim,0x13600000136,blockDim,0x1,args,0x2000000020,sharedMemBytes,0x1,unknown,0x29700000006,,,,,0x0
468,hipGetLastError,3075363,3075380,815468847467995,815468847473674,5679,1,none,0x7f09dff28e40,,,,,,,,,,,,,,,0x0
479,hipLaunchKernel,3075363,3075380,815468847478982,815468847489748,10766,6,func,0x7f09e13f1280,gridDim,0x13600000136,blockDim,0x1,args,0x2000000020,sharedMemBytes,0x1,unknown,0x2c300000001,,,,,0x0
502,hipGetLastError,3075363,3075380,815468847502246,815468847508105,5859,1,none,0x7f09dff28e40,,,,,,,,,,,,,,,0x0
514,hipLaunchKernel,3075363,3075380,815468847514494,815468847524950,10456,6,func,0x7f09e13f1280,gridDim,0x13600000136,blockDim,0x1,args,0x2000000020,sharedMemBytes,0x1,unknown,0x2ee00000006,,,,,0x0
535,hipGetLastError,3075363,3075380,815468847535916,815468847541685,5769,1,none,0x7f09dff28e40,,,,,,,,,,,,,,,0x0
548,hipLaunchKernel,3075363,3075380,815468847548415,815468847558099,9684,6,func,0x7f09e13f1280,gridDim,0x13600000136,blockDim,0x1,args,0x2000000020,sharedMemBytes,0x1,unknown,0x31500000001,,,,,0x0
565,hipGetLastError,3075363,3075380,815468847565039,815468847572110,7071,1,none,0x7f09dff28e40,,,,,,,,,,,,,,,0x0
582,hipLaunchKernel,3075363,3075380,815468847582325,815468847591959,9634,6,func,0x7f09e13f1280,gridDim,0x13600000136,blockDim,0x1,args,0x2000000020,sharedMemBytes,0x1,unknown,0x33500000006,,,,,0x0
600,hipGetLastError,3075363,3075380,815468847600562,815468847607432,6870,1,none,0x7f09dff28e40,,,,,,,,,,,,,,,0x0
617,hipLaunchKernel,3075363,3075380,815468847617357,815468847628273,10916,6,func,0x7f09e13f1280,gridDim,0x13600000136,blockDim,0x1,args,0x2000000020,sharedMemBytes,0x1,unknown,0x36500000001,,,,,0x0
638,hipGetLastError,3075363,3075380,815468847638258,815468847645058,6800,1,none,0x7f09dff28e40,,,,,,,,,,,,,,,0x0
654,hipStreamSynchronize,3075363,3075380,815468847654182,815468850450390,2796208,1,stream,0x7ec9780010b0,,,,,,,,,,,,,,,0x0
468,hipLaunchKernel,3075363,3075380,815468850468577,815468850479543,10966,6,func,0x7f09e13f1280,gridDim,0x13600000136,blockDim,0x1,args,0x2000000020,sharedMemBytes,0x1,unknown,0x38c00000000,,,,,0x0
484,hipGetLastError,3075363,3075380,815468850484381,815468850490199,5818,1,none,0x7f09dff28e40,,,,,,,,,,,,,,,0x0
494,hipLaunchKernel,3075363,3075380,815468850494716,815468850504691,9975,6,func,0x7f09e13f1280,gridDim,0x13600000136,blockDim,0x1,args,0x2000000020,sharedMemBytes,0x1,unknown,0x3b900000000,,,,,0x0
511,hipGetLastError,3075363,3075380,815468850511711,815468850517319,5608,1,none,0x7f09dff28e40,,,,,,,,,,,,,,,0x0
521,hipLaunchKernel,3075363,3075380,815468850521315,815468850530779,9464,6,func,0x7f09e13f1280,gridDim,0x13600000136,blockDim,0x1,args,0x2000000020,sharedMemBytes,0x1,unknown,0x3de00000000,,,,,0x0
536,hipGetLastError,3075363,3075380,815468850536969,815468850542887,5918,1,none,0x7f09dff28e40,,,,,,,,,,,,,,,0x0
552,hipLaunchKernel,3075363,3075380,815468850552832,815468850564890,12058,6,func,0x7f09e13f1280,gridDim,0x13600000136,blockDim,0x1,args,0x2000000020,sharedMemBytes,0x1,unknown,0x2700000000,,,,,0x0
573,hipGetLastError,3075363,3075380,815468850573583,815468850579542,5959,1,none,0x7f09dff28e40,,,,,,,,,,,,,,,0x0
583,hipLaunchKernel,3075363,3075380,815468850583387,815468850597218,13831,6,func,0x7f09e13f1280,gridDim,0x13600000136,blockDim,0x1,args,0x2000000020,sharedMemBytes,0x1,unknown,0x4500000000,,,,,0x0
605,hipGetLastError,3075363,3075380,815468850605921,815468850611319,5398,1,none,0x7f09dff28e40,,,,,,,,,,,,,,,0x0
618,hipLaunchKernel,3075363,3075380,815468850618520,815468850627523,9003,6,func,0x7f09e13f1280,gridDim,0x13600000136,blockDim,0x1,args,0x2000000020,sharedMemBytes,0x1,unknown,0x6d00000000,,,,,0x0
636,hipGetLastError,3075363,3075380,815468850636396,815468850641914,5518,1,none,0x7f09dff28e40,,,,,,,,,,,,,,,0x0
646,hipLaunchKernel,3075363,3075380,815468850646060,815468850655454,9394,6,func,0x7f09e13f1280,gridDim,0x13600000136,blockDim,0x1,args,0x2000000020,sharedMemBytes,0x1,unknown,0x9100000000,,,,,0x0
665,hipGetLastError,3075363,3075380,815468850665559,815468850671538,5979,1,none,0x7f09dff28e40,,,,,,,,,,,,,,,0x0
677,hipLaunchKernel,3075363,3075380,815468850677838,815468850687041,9203,6,func,0x7f09e13f1280,gridDim,0x13600000136,blockDim,0x1,args,0x2000000020,sharedMemBytes,0x1,unknown,0xc200000000,,,,,0x0
696,hipGetLastError,3075363,3075380,815468850696866,815468850702674,5808,1,none,0x7f09dff28e40,,,,,,,,,,,,,,,0x0
706,hipLaunchKernel,3075363,3075380,815468850706680,815468850715283,8603,6,func,0x7f09e13f1280,gridDim,0x13600000136,blockDim,0x1,args,0x2000000020,sharedMemBytes,0x1,unknown,0xe200000000,,,,,0x0
721,hipGetLastError,3075363,3075380,815468850721382,815468850728062,6680,1,none,0x7f09dff28e40,,,,,,,,,,,,,,,0x0
741,hipLaunchKernel,3075363,3075380,815468850741832,815468850756013,14181,6,func,0x7f09e13f1280,gridDim,0x13600000136,blockDim,0x1,args,0x2000000020,sharedMemBytes,0x1,unknown,0x11100000000,,,,,0x0
766,hipGetLastError,3075363,3075380,815468850766249,815468850772328,6079,1,none,0x7f09dff28e40,,,,,,,,,,,,,,,0x0
243,hipLaunchKernel,3075363,3075380,815468841243030,815468852928897,11685867,6,func,0x7f09e13f1280,gridDim,0x13600000136,blockDim,0x1,args,0x2000000020,sharedMemBytes,0x1,unknown,0x26800000001,,,,,0x0
776,hipStreamSynchronize,3075363,3075380,815468850776203,815468853602707,2826504,1,stream,0x7ec9780010b0,,,,,,,,,,,,,,,0x0
29,hipLaunchKernel,3075363,3075380,815468857029000,815468857056902,27902,6,func,0x7f09e13f1280,gridDim,0x13600000136,blockDim,0x1,args,0x2000000020,sharedMemBytes,0x1,unknown,0x29d00000000,,,,,0x0
72,hipGetLastError,3075363,3075380,815468857072295,815468857078744,6449,1,none,0x7f09dff28e40,,,,,,,,,,,,,,,0x0
101,hipLaunchKernel,3075363,3075380,815468857101578,815468857118754,17176,6,func,0x7f09e13f1280,gridDim,0x13600000136,blockDim,0x1,args,0x2000000020,sharedMemBytes,0x1,unknown,0x2c900000000,,,,,0x0
167,hipGetLastError,3075363,3075380,815468857167216,815468857181847,14631,1,none,0x7f09dff28e40,,,,,,,,,,,,,,,0x0
192,hipLaunchKernel,3075363,3075380,815468857192814,815468857207415,14601,6,func,0x7f09e13f1280,gridDim,0x13600000136,blockDim,0x1,args,0x2000000020,sharedMemBytes,0x1,unknown,0x2f000000000,,,,,0x0
223,hipGetLastError,3075363,3075380,815468857223619,815468857229838,6219,1,none,0x7f09dff28e40,,,,,,,,,,,,,,,0x0
236,hipLaunchKernel,3075363,3075380,815468857236168,815468857245251,9083,6,func,0x7f09e13f1280,gridDim,0x13600000136,blockDim,0x1,args,0x2000000020,sharedMemBytes,0x1,unknown,0x31f00000000,,,,,0x0
255,hipGetLastError,3075363,3075380,815468857255196,815468857261025,5829,1,none,0x7f09dff28e40,,,,,,,,,,,,,,,0x0
265,hipLaunchKernel,3075363,3075380,815468857265151,815468857274775,9624,6,func,0x7f09e13f1280,gridDim,0x13600000136,blockDim,0x1,args,0x2000000020,sharedMemBytes,0x1,unknown,0x34800000000,,,,,0x0
281,hipGetLastError,3075363,3075380,815468857281735,815468857288646,6911,1,none,0x7f09dff28e40,,,,,,,,,,,,,,,0x0
295,hipLaunchKernel,3075363,3075380,815468857295366,815468857306552,11186,6,func,0x7f09e13f1280,gridDim,0x13600000136,blockDim,0x1,args,0x2000000020,sharedMemBytes,0x1,unknown,0x37500000000,,,,,0x0
316,hipGetLastError,3075363,3075380,815468857316177,815468857323347,7170,1,none,0x7f09dff28e40,,,,,,,,,,,,,,,0x0
331,hipLaunchKernel,3075363,3075380,815468857331189,815468857341524,10335,6,func,0x7f09e13f1280,gridDim,0x13600000136,blockDim,0x1,args,0x2000000020,sharedMemBytes,0x1,unknown,0x39500000000,,,,,0x0
351,hipGetLastError,3075363,3075380,815468857351579,815468857357268,5689,1,none,0x7f09dff28e40,,,,,,,,,,,,,,,0x0
362,hipLaunchKernel,3075363,3075380,815468857362065,815468857371629,9564,6,func,0x7f09e13f1280,gridDim,0x13600000136,blockDim,0x1,args,0x2000000020,sharedMemBytes,0x1,unknown,0x3d900000006,,,,,0x0
379,hipGetLastError,3075363,3075380,815468857379260,815468857385069,5809,1,none,0x7f09dff28e40,,,,,,,,,,,,,,,0x0
390,hipLaunchKernel,3075363,3075380,815468857390417,815468857399320,8903,6,func,0x7f09e13f1280,gridDim,0x13600000136,blockDim,0x1,args,0x2000000020,sharedMemBytes,0x1,unknown,0x1700000006,,,,,0x0
403,hipGetLastError,3075363,3075380,815468857403436,815468857409485,6049,1,none,0x7f09dff28e40,,,,,,,,,,,,,,,0x0
416,hipLaunchKernel,3075363,3075380,815468857416776,815468857427592,10816,6,func,0x7f09e13f1280,gridDim,0x13600000136,blockDim,0x1,args,0x2000000020,sharedMemBytes,0x1,unknown,0x4500000001,,,,,0x0
437,hipGetLastError,3075363,3075380,815468857437206,815468857442664,5458,1,none,0x7f09dff28e40,,,,,,,,,,,,,,,0x0
446,hipStreamSynchronize,3075363,3075380,815468857446900,815468860196520,2749620,1,stream,0x7ec9780010b0,,,,,,,,,,,,,,,0x0
213,hipStreamSynchronize,3075363,3075380,815468860213795,815468860220796,7001,1,stream,0x7ec9780010b0,,,,,,,,,,,,,,,0x0
123,hipStreamSynchronize,3075363,3075379,815468399123383,815468917949992,518826609,1,stream,0x7ec988002700,,,,,,,,,,,,,,,0x0
535,hipGetLastError,3075363,3075380,815468847535916,815468975828721,128292805,1,none,0x7f09dff28e40,,,,,,,,,,,,,,,0x0
293,hipLaunchKernel,3075363,3075379,815468430293637,815468992573403,562279766,6,func,0x7f09e13f1280,gridDim,0x13600000136,blockDim,0x1,args,0x2000000020,sharedMemBytes,0x1,unknown,0x0,,,,,0x0
951,hipStreamSynchronize,3075363,3075382,815468975951604,815468992636817,16685213,1,stream,0x7ec97c0010b0,,,,,,,,,,,,,,,0x0
206,hipMallocAsync,3075363,3075376,815468996206704,815469041540090,45333386,3,arg,0x7ec9b4001150,arg,0x2000000,arg,0x7ec9b4cad0f0,,,,,,,,,,,0x0
214,hipStreamDestroy,3075363,3075382,815468996214295,815469054703119,58488824,1,stream,0x7ec97c0010b0,,,,,,,,,,,,,,,0x0
567,hipMallocAsync,3075363,3075376,815469041567631,815469069948577,28380946,3,arg,0x7ec9b4001180,arg,0x2000000,arg,0x7ec9b4cad0f0,,,,,,,,,,,0x0
777,hipFree,3075363,3075382,815469054777389,815469078840068,24062679,1,devPtr,0x7ead5f000000,,,,,,,,,,,,,,,0x0
333,hipLaunchKernel,3075363,3075379,815468730333695,815469230820046,500486351,6,func,0x7f09e13f1280,gridDim,0x13600000136,blockDim,0x1,args,0x2000000020,sharedMemBytes,0x1,unknown,0x2f600000000,,,,,0x0
898,hipFree,3075363,3075382,815469078898095,815469314777004,235878909,1,devPtr,0x7ead3c400000,,,,,,,,,,,,,,,0x0
971,hipMallocAsync,3075363,3075376,815469069971631,815469314821059,244849428,3,arg,0x7ec9b40011b0,arg,0x2000000,arg,0x7ec9b4cad0f0,,,,,,,,,,,0x0
870,hipMemcpyAsync,3075363,3075376,815469314870232,815469374155448,59285216,5,dst,0x7ec33ee00700,src,0x7eaca9200000,count,0x2000000,kind,0x1,stream,0x7ec9b4cad0f0,,,,,,,0x0
799,hipMemcpyAsync,3075363,3075376,815469376799250,815469376893179,93929,5,dst,0x7ec340e00800,src,0x7ec321200000,count,0x2000000,kind,0x1,stream,0x7ec9b4cad0f0,,,,,,,0x0
971,hipMallocAsync,3075363,3075376,815469069971631,815469492074322,422102691,3,arg,0x7ec9b40011b0,arg,0x2000000,arg,0x7ec9b4cad0f0,,,,,,,,,,,0x0
247,hipMemcpyAsync,3075363,3075379,815468787247212,815469554028316,766781104,5,dst,0x7ec0c36dc010,src,0x7eacd5800000,count,0x17764000,kind,0x2,stream,0x7ec988002700,,,,,,,0x0
159,hipStreamSynchronize,3075363,3075379,815469554159381,815469554553155,393774,1,stream,0x7ec988002700,,,,,,,,,,,,,,,0x0
228,hipMemcpyAsync,3075363,3075380,815468860228788,815469590422401,730193613,5,dst,0x7eb9fa0de010,src,0x7eacbde00000,count,0x17764000,kind,0x2,stream,0x7ec9780010b0,,,,,,,0x0
826,hipMallocAsync,3075363,3075377,815469514825876,815469598234731,83408855,3,arg,0x7ec9b8001150,arg,0x2000000,arg,0x7ec9b8d45370,,,,,,,,,,,0x0
935,hipMallocAsync,3075363,3075375,815469244935707,815469598472023,353536316,3,arg,0x7ec9c0001148,arg,0x2000000,arg,0x7ec9c0e4dff0,,,,,,,,,,,0x0
542,hipStreamSynchronize,3075363,3075380,815469590542148,815469598495848,7953700,1,stream,0x7ec9780010b0,,,,,,,,,,,,,,,0x0
508,hipMallocAsync,3075363,3075375,815469598508787,815469599999228,1490441,3,arg,0x7ec9c0001178,arg,0x2000000,arg,0x7ec9c0e4dff0,,,,,,,,,,,0x0
594,hipStreamDestroy,3075363,3075379,815469554594857,815469601832468,47237611,1,stream,0x7ec988002700,,,,,,,,,,,,,,,0x0
26,hipMallocAsync,3075363,3075375,815469600026479,815469601875202,1848723,3,arg,0x7ec9c00011a8,arg,0x2000000,arg,0x7ec9c0e4dff0,,,,,,,,,,,0x0
885,hipMemcpyAsync,3075363,3075375,815469601885557,815469601945897,60340,5,dst,0x7eb3f4800400,src,0x7eaca7000000,count,0x2000000,kind,0x1,stream,0x7ec9c0e4dff0,,,,,,,0x0
975,hipMemcpyAsync,3075363,3075375,815469601975681,815469602000407,24726,5,dst,0x7eb3f6800500,src,0x7ec31f000000,count,0x2000000,kind,0x1,stream,0x7ec9c0e4dff0,,,,,,,0x0
985,hipHostMalloc,3075363,3075374,815468917985295,815469613365889,695380594,3,arg,0x7ec9bc0010e8,arg,0x2000000,arg,0x0,,,,,,,,,,,0x0
879,hipStreamCreateWithFlags,3075363,3075376,815469379879670,815469629973158,250093488,2,arg,0x7ec9b40011e8,arg,0x1,,,,,,,,,,,,,0x0
273,hipMallocAsync,3075363,3075377,815469598273719,815469705992941,107719222,3,arg,0x7ec9b8001180,arg,0x2000000,arg,0x7ec9b8d45370,,,,,,,,,,,0x0
540,hipStreamDestroy,3075363,3075380,815469598540194,815469709153460,110613266,1,stream,0x7ec9780010b0,,,,,,,,,,,,,,,0x0
905,hipFree,3075363,3075379,815469601905436,815469709497690,107592254,1,devPtr,0x7ead12600000,,,,,,,,,,,,,,,0x0
33,hipMallocAsync,3075363,3075377,815469706032980,815469713818470,7785490,3,arg,0x7ec9b80011b0,arg,0x2000000,arg,0x7ec9b8d45370,,,,,,,,,,,0x0
847,hipMemcpyAsync,3075363,3075377,815469713847013,815469713934893,87880,5,dst,0x7ebac5e00700,src,0x7eaca4e00000,count,0x2000000,kind,0x1,stream,0x7ec9b8d45370,,,,,,,0x0
972,hipMemcpyAsync,3075363,3075377,815469713972459,815469713998838,26379,5,dst,0x7ebac7e00800,src,0x7ec31ce00000,count,0x2000000,kind,0x1,stream,0x7ec9b8d45370,,,,,,,0x0
232,hipFree,3075363,3075380,815469709231916,815469714064425,4832509,1,devPtr,0x7eaced800000,,,,,,,,,,,,,,,0x0
394,hipHostMalloc,3075363,3075374,815469613394191,815469846084941,232690750,3,arg,0x7ec9bc001118,arg,0x2000000,arg,0x0,,,,,,,,,,,0x0
583,hipFree,3075363,3075379,815469709582977,815469846483122,136900145,1,devPtr,0x7eacd5800000,,,,,,,,,,,,,,,0x0
116,hipFree,3075363,3075380,815469714116783,815469905501371,191384588,1,devPtr,0x7eacbde00000,,,,,,,,,,,,,,,0x0
29,hipStreamCreateWithFlags,3075363,3075375,815469602029751,815470223815501,621785750,2,arg,0x7ec9c00011e0,arg,0x1,,,,,,,,,,,,,0x0
946,hipMallocAsync,3075363,3075374,815469849946380,815470271594265,421647885,3,arg,0x7ec9bc001148,arg,0x2000000,arg,0x7ec9bc022d40,,,,,,,,,,,0x0
28,hipStreamCreateWithFlags,3075363,3075377,815469714028001,815470297664943,583636942,2,arg,0x7ec9b80011e8,arg,0x1,,,,,,,,,,,,,0x0
615,hipMallocAsync,3075363,3075374,815470271615396,815470301241830,29626434,3,arg,0x7ec9bc001178,arg,0x2000000,arg,0x7ec9bc022d40,,,,,,,,,,,0x0
28,hipStreamCreateWithFlags,3075363,3075377,815469714028001,815470307117527,593089526,2,arg,0x7ec9b80011e8,arg,0x1,,,,,,,,,,,,,0x0
853,hipHostMalloc,3075363,3075375,815470223852956,815470344682328,120829372,3,arg,0x7ec9c00010c0,arg,0x2000000,arg,0x0,,,,,,,,,,,0x0
258,hipMallocAsync,3075363,3075374,815470301258445,815470344762788,43504343,3,arg,0x7ec9bc0011a8,arg,0x2000000,arg,0x7ec9bc022d40,,,,,,,,,,,0x0
782,hipMemcpyAsync,3075363,3075374,815470344782707,815470344880132,97425,5,dst,0x7eadd7e00400,src,0x7ec31ac00000,count,0x2000000,kind,0x1,stream,0x7ec9bc022d40,,,,,,,0x0
917,hipMemcpyAsync,3075363,3075374,815470344917467,815470344940291,22824,5,dst,0x7eadd9e00500,src,0x7ec318a00000,count,0x2000000,kind,0x1,stream,0x7ec9bc022d40,,,,,,,0x0
930,hipHostMalloc,3075363,3075376,815470300930588,815470384607080,83676492,3,arg,0x7ec9b40010f8,arg,0x2000000,arg,0x0,,,,,,,,,,,0x0
967,hipStreamCreateWithFlags,3075363,3075374,815470344967291,815470392513801,47546510,2,arg,0x7ec9bc0011e0,arg,0x1,,,,,,,,,,,,,0x0
421,hipHostMalloc,3075363,3075377,815470337421366,815470437985172,100563806,3,arg,0x7ec9b80010c8,arg,0x2000000,arg,0x0,,,,,,,,,,,0x0
715,hipHostMalloc,3075363,3075375,815470344715007,815470476599580,131884573,3,arg,0x7ec9c00010f0,arg,0x2000000,arg,0x0,,,,,,,,,,,0x0
642,hipHostMalloc,3075363,3075376,815470384642843,815470516383744,131740901,3,arg,0x7ec9b4001128,arg,0x2000000,arg,0x0,,,,,,,,,,,0x0
578,hipMallocAsync,3075363,3075376,815470519577933,815470548922127,29344194,3,arg,0x7ec9b4001158,arg,0x2000000,arg,0x7ec9b4b923d0,,,,,,,,,,,0x0
581,hipHostMalloc,3075363,3075374,815470392580940,815470555259890,162678950,3,arg,0x7ec9bc0010c0,arg,0x2000000,arg,0x0,,,,,,,,,,,0x0
948,hipMallocAsync,3075363,3075376,815470548948416,815470555413679,6465263,3,arg,0x7ec9b4001188,arg,0x2000000,arg,0x7ec9b4b923d0,,,,,,,,,,,0x0
448,hipMallocAsync,3075363,3075376,815470555448160,815470591428910,35980750,3,arg,0x7ec9b40011b8,arg,0x2000000,arg,0x7ec9b4b923d0,,,,,,,,,,,0x0
450,hipMemcpyAsync,3075363,3075376,815470591450412,815470591542239,91827,5,dst,0x7ec344e00a00,src,0x7ec311800000,count,0x2000000,kind,0x1,stream,0x7ec9b4b923d0,,,,,,,0x0
569,hipMemcpyAsync,3075363,3075376,815470591569699,815470591595508,25809,5,dst,0x7ec346e00b00,src,0x7ec30ac00000,count,0x2000000,kind,0x1,stream,0x7ec9b4b923d0,,,,,,,0x0
625,hipStreamSynchronize,3075363,3075376,815470591625152,815470591662377,37225,1,stream,0x7ec9b4001200,,,,,,,,,,,,,,,0x0
694,hipStreamSynchronize,3075363,3075376,815470591694585,815470591728465,33880,1,stream,0x7ec9b4320c90,,,,,,,,,,,,,,,0x0
754,hipStreamSynchronize,3075363,3075376,815470591753943,815470591783436,29493,1,stream,0x7ec9b4cad0f0,,,,,,,,,,,,,,,0x0
813,hipStreamSynchronize,3075363,3075376,815470591813731,815470592732374,918643,1,stream,0x7ec9b4b923d0,,,,,,,,,,,,,,,0x0
39,hipHostMalloc,3075363,3075377,815470438039202,815470603891250,165852048,3,arg,0x7ec9b80010f8,arg,0x2000000,arg,0x0,,,,,,,,,,,0x0
634,hipHostMalloc,3075363,3075375,815470476634492,815470644955212,168320720,3,arg,0x7ec9c0001120,arg,0x2000000,arg,0x0,,,,,,,,,,,0x0
776,hipLaunchKernel,3075363,3075376,815470592776410,815470646775002,53998592,6,func,0x7f09e13ddfb0,gridDim,0x80000000040,blockDim,0x1,args,0x100000040,sharedMemBytes,0x1,unknown,0x7d00000006,,,,,0x0
853,hipLaunchKernel,3075363,3075376,815470646853408,815470646885275,31867,6,func,0x7f09e13ddfb8,gridDim,0x80000000040,blockDim,0x1,args,0x100000040,sharedMemBytes,0x1,unknown,0xf300000000,,,,,0x0
911,hipLaunchKernel,3075363,3075376,815470646911895,815470646931764,19869,6,func,0x7f09e13ddfc0,gridDim,0x80000000040,blockDim,0x1,args,0x100000040,sharedMemBytes,0x1,unknown,0xbd00000000,,,,,0x0
954,hipLaunchKernel,3075363,3075376,815470646954518,815470646983101,28583,6,func,0x7f09e13ddfc8,gridDim,0x80000000040,blockDim,0x1,args,0x100000040,sharedMemBytes,0x1,unknown,0xfc00000000,,,,,0x0
14,hipLaunchKernel,3075363,3075376,815470647014327,815470647057441,43114,6,func,0x7f09e13ddfb0,gridDim,0x80000000040,blockDim,0x1,args,0x100000040,sharedMemBytes,0x1,unknown,0x13900000000,,,,,0x0
88,hipLaunchKernel,3075363,3075376,815470647088848,815470647122538,33690,6,func,0x7f09e13ddfb8,gridDim,0x80000000040,blockDim,0x1,args,0x100000040,sharedMemBytes,0x1,unknown,0x17f00000000,,,,,0x0
148,hipLaunchKernel,3075363,3075376,815470647148105,815470647188305,40200,6,func,0x7f09e13ddfc0,gridDim,0x80000000040,blockDim,0x1,args,0x100000040,sharedMemBytes,0x1,unknown,0x1b700000000,,,,,0x0
217,hipLaunchKernel,3075363,3075376,815470647217829,815470647250037,32208,6,func,0x7f09e13ddfc8,gridDim,0x80000000040,blockDim,0x1,args,0x100000040,sharedMemBytes,0x1,unknown,0x1f900000000,,,,,0x0
279,hipLaunchKernel,3075363,3075376,815470647279490,815470647319920,40430,6,func,0x7f09e13ddfb0,gridDim,0x80000000040,blockDim,0x1,args,0x100000040,sharedMemBytes,0x1,unknown,0x23300000000,,,,,0x0
350,hipLaunchKernel,3075363,3075376,815470647349945,815470647383575,33630,6,func,0x7f09e13ddfb8,gridDim,0x80000000040,blockDim,0x1,args,0x100000040,sharedMemBytes,0x1,unknown,0x27500000000,,,,,0x0
413,hipLaunchKernel,3075363,3075376,815470647413269,815470647448932,35663,6,func,0x7f09e13ddfc0,gridDim,0x80000000040,blockDim,0x1,args,0x100000040,sharedMemBytes,0x1,unknown,0x2b200000000,,,,,0x0
478,hipLaunchKernel,3075363,3075376,815470647478155,815470647513768,35613,6,func,0x7f09e13ddfc8,gridDim,0x80000000040,blockDim,0x1,args,0x100000040,sharedMemBytes,0x1,unknown,0x2f100000000,,,,,0x0
542,hipLaunchKernel,3075363,3075376,815470647542390,815470647574508,32118,6,func,0x7f09e13ddfb0,gridDim,0x80000000040,blockDim,0x1,args,0x100000040,sharedMemBytes,0x1,unknown,0x32900000000,,,,,0x0
603,hipLaunchKernel,3075363,3075376,815470647603792,815470647639014,35222,6,func,0x7f09e13ddfb8,gridDim,0x80000000040,blockDim,0x1,args,0x100000040,sharedMemBytes,0x1,unknown,0x36c00000000,,,,,0x0
668,hipLaunchKernel,3075363,3075376,815470647667917,815470647700485,32568,6,func,0x7f09e13ddfc0,gridDim,0x80000000040,blockDim,0x1,args,0x100000040,sharedMemBytes,0x1,unknown,0x3a200000000,,,,,0x0
725,hipLaunchKernel,3075363,3075376,815470647725242,815470647756548,31306,6,func,0x7f09e13ddfc8,gridDim,0x80000000040,blockDim,0x1,args,0x100000040,sharedMemBytes,0x1,unknown,0x3e500000000,,,,,0x0
787,hipStreamSynchronize,3075363,3075376,815470647787835,815470647852420,64585,1,stream,0x7ec9b4001200,,,,,,,,,,,,,,,0x0
885,hipStreamSynchronize,3075363,3075376,815470647885399,815470647928764,43365,1,stream,0x7ec9b4320c90,,,,,,,,,,,,,,,0x0
957,hipStreamSynchronize,3075363,3075376,815470647957757,815470647999649,41892,1,stream,0x7ec9b4cad0f0,,,,,,,,,,,,,,,0x0
41,hipStreamSynchronize,3075363,3075376,815470648041281,815470648071245,29964,1,stream,0x7ec9b4b923d0,,,,,,,,,,,,,,,0x0
102,hipMemcpyAsync,3075363,3075376,815470648102431,815470648159516,57085,5,dst,0x7ec985000000,src,0x7ec330e00100,count,0x2000000,kind,0x2,stream,0x7ec9b4001200,,,,,,,0x0
192,hipStreamSynchronize,3075363,3075376,815470648192615,815470648860586,667971,1,stream,0x7ec9b4001200,,,,,,,,,,,,,,,0x0
145,hipFree,3075363,3075376,815470678144962,815470678205772,60810,1,devPtr,0x7ec330e00100,,,,,,,,,,,,,,,0x0
298,hipFree,3075363,3075376,815470678298690,815470678340953,42263,1,devPtr,0x7ec332e00100,,,,,,,,,,,,,,,0x0
360,hipFree,3075363,3075376,815470678360472,815470678381774,21302,1,devPtr,0x7ec334e00200,,,,,,,,,,,,,,,0x0
652,hipMallocAsync,3075363,3075375,815470648652878,815470679277392,30624514,3,arg,0x7ec9c0001150,arg,0x2000000,arg,0x7ec9c0e5f6f0,,,,,,,,,,,0x0
297,hipMallocAsync,3075363,3075375,815470679297292,815470679517108,219816,3,arg,0x7ec9c0001180,arg,0x2000000,arg,0x7ec9c0e5f6f0,,,,,,,,,,,0x0
295,hipHostMalloc,3075363,3075374,815470555295533,815470686039384,130743851,3,arg,0x7ec9bc0010f0,arg,0x2000000,arg,0x0,,,,,,,,,,,0x0
527,hipMallocAsync,3075363,3075375,815470679527263,815470726232294,46705031,3,arg,0x7ec9c00011b0,arg,0x2000000,arg,0x7ec9c0e5f6f0,,,,,,,,,,,0x0
259,hipMemcpyAsync,3075363,3075375,815470726259194,815470726336359,77165,5,dst,0x7eb3fa800700,src,0x7ec30ce00000,count,0x2000000,kind,0x1,stream,0x7ec9c0e5f6f0,,,,,,,0x0
350,hipMemcpyAsync,3075363,3075375,815470726350019,815470726365402,15383,5,dst,0x7eb3fc800800,src,0x7ec304600000,count,0x2000000,kind,0x1,stream,0x7ec9c0e5f6f0,,,,,,,0x0
929,hipHostMalloc,3075363,3075377,815470603929126,815470734805283,130876157,3,arg,0x7ec9b8001128,arg,0x2000000,arg,0x0,,,,,,,,,,,0x0
75,hipHostMalloc,3075363,3075374,815470686075197,815470787393683,101318486,3,arg,0x7ec9bc001120,arg,0x2000000,arg,0x0,,,,,,,,,,,0x0
313,hipMallocAsync,3075363,3075377,815470738312947,815470787507482,49194535,3,arg,0x7ec9b8001158,arg,0x2000000,arg,0x7ec9b8d31340,,,,,,,,,,,0x0
416,hipHostFree,3075363,3075376,815470678416635,815470806528652,128112017,1,arg,0x7ec985000000,,,,,,,,,,,,,,,0x0
376,hipStreamCreateWithFlags,3075363,3075375,815470726376779,815470811631052,85254273,2,arg,0x7ec9c00011e8,arg,0x1,,,,,,,,,,,,,0x0
526,hipMallocAsync,3075363,3075377,815470787526510,815470811887883,24361373,3,arg,0x7ec9b8001188,arg,0x2000000,arg,0x7ec9b8d31340,,,,,,,,,,,0x0
892,hipMallocAsync,3075363,3075374,815470790892304,815470815426994,24534690,3,arg,0x7ec9bc001150,arg,0x2000000,arg,0x7ec9bc91f1a0,,,,,,,,,,,0x0
920,hipMallocAsync,3075363,3075377,815470811920852,815470819134955,7214103,3,arg,0x7ec9b80011b8,arg,0x2000000,arg,0x7ec9b8d31340,,,,,,,,,,,0x0
166,hipMemcpyAsync,3075363,3075377,815470819166742,815470819257947,91205,5,dst,0x7ebacbe00a00,src,0x7ec306800000,count,0x2000000,kind,0x1,stream,0x7ec9b8d31340,,,,,,,0x0
6,hipMallocAsync,3075363,3075374,815470819006194,815470819276184,269990,3,arg,0x7ec9bc001180,arg,0x2000000,arg,0x7ec9bc91f1a0,,,,,,,,,,,0x0
294,hipMemcpyAsync,3075363,3075377,815470819294221,815470819317445,23224,5,dst,0x7ebacde00b00,src,0x7ec300200000,count,0x2000000,kind,0x1,stream,0x7ec9b8d31340,,,,,,,0x0
284,hipMallocAsync,3075363,3075374,815470819284717,815470819369533,84816,3,arg,0x7ec9bc0011b0,arg,0x2000000,arg,0x7ec9bc91f1a0,,,,,,,,,,,0x0
340,hipStreamSynchronize,3075363,3075377,815470819340289,815470819377655,37366,1,stream,0x7ec9b8001200,,,,,,,,,,,,,,,0x0
408,hipStreamSynchronize,3075363,3075377,815470819408741,815470819430783,22042,1,stream,0x7ec9b838adb0,,,,,,,,,,,,,,,0x0
391,hipMemcpyAsync,3075363,3075374,815470819391175,815470819476641,85466,5,dst,0x7eaddde00700,src,0x7ec302400000,count,0x2000000,kind,0x1,stream,0x7ec9bc91f1a0,,,,,,,0x0
463,hipStreamSynchronize,3075363,3075377,815470819463582,815470819506926,43344,1,stream,0x7ec9b8d45370,,,,,,,,,,,,,,,0x0
495,hipMemcpyAsync,3075363,3075374,815470819495830,815470819532895,37065,5,dst,0x7eaddfe00800,src,0x7ec2fdc00000,count,0x2000000,kind,0x1,stream,0x7ec9bc91f1a0,,,,,,,0x0
527,hipStreamSynchronize,3075363,3075377,815470819527327,815470820762369,1235042,1,stream,0x7ec9b8d31340,,,,,,,,,,,,,,,0x0
563,hipHostFree,3075363,3075376,815470806563303,815470828333421,21770118,1,arg,0x7ec93e400000,,,,,,,,,,,,,,,0x0
656,hipHostMalloc,3075363,3075375,815470811656810,815470847358807,35701997,3,arg,0x7ec9c00010c8,arg,0x2000000,arg,0x0,,,,,,,,,,,0x0
374,hipHostMalloc,3075363,3075375,815470847374210,815470865162641,17788431,3,arg,0x7ec9c00010f8,arg,0x2000000,arg,0x0,,,,,,,,,,,0x0
806,hipLaunchKernel,3075363,3075377,815470820806234,815470866926338,46120104,6,func,0x7f09e13ddfb0,gridDim,0x80000000040,blockDim,0x1,args,0x100000040,sharedMemBytes,0x1,unknown,0x200000001,,,,,0x0
997,hipLaunchKernel,3075363,3075377,815470866997704,815470867033026,35322,6,func,0x7f09e13ddfb8,gridDim,0x80000000040,blockDim,0x1,args,0x100000040,sharedMemBytes,0x1,unknown,0xf100000001,,,,,0x0
58,hipLaunchKernel,3075363,3075377,815470867058113,815470867090441,32328,6,func,0x7f09e13ddfc0,gridDim,0x80000000040,blockDim,0x1,args,0x100000040,sharedMemBytes,0x1,unknown,0x12300000006,,,,,0x0
122,hipLaunchKernel,3075363,3075377,815470867122789,815470867164601,41812,6,func,0x7f09e13ddfc8,gridDim,0x80000000040,blockDim,0x1,args,0x100000040,sharedMemBytes,0x1,unknown,0x16500000001,,,,,0x0
197,hipLaunchKernel,3075363,3075377,815470867197149,815470867241315,44166,6,func,0x7f09e13ddfb0,gridDim,0x80000000040,blockDim,0x1,args,0x100000040,sharedMemBytes,0x1,unknown,0x1a100000006,,,,,0x0
273,hipLaunchKernel,3075363,3075377,815470867273453,815470867312440,38987,6,func,0x7f09e13ddfb8,gridDim,0x80000000040,blockDim,0x1,args,0x100000040,sharedMemBytes,0x1,unknown,0x1e200000001,,,,,0x0
343,hipLaunchKernel,3075363,3075377,815470867343096,815470867379129,36033,6,func,0x7f09e13ddfc0,gridDim,0x80000000040,blockDim,0x1,args,0x100000040,sharedMemBytes,0x1,unknown,0x21b00000006,,,,,0x0
409,hipLaunchKernel,3075363,3075377,815470867409565,815470867451106,41541,6,func,0x7f09e13ddfc8,gridDim,0x80000000040,blockDim,0x1,args,0x100000040,sharedMemBytes,0x1,unknown,0x25800000001,,,,,0x0
481,hipLaunchKernel,3075363,3075377,815470867481041,815470867517515,36474,6,func,0x7f09e13ddfb0,gridDim,0x80000000040,blockDim,0x1,args,0x100000040,sharedMemBytes,0x1,unknown,0x28c00000006,,,,,0x0
547,hipLaunchKernel,3075363,3075377,815470867547740,815470867584484,36744,6,func,0x7f09e13ddfb8,gridDim,0x80000000040,blockDim,0x1,args,0x100000040,sharedMemBytes,0x1,unknown,0x2cd00000001,,,,,0x0
614,hipLaunchKernel,3075363,3075377,815470867614418,815470867652385,37967,6,func,0x7f09e13ddfc0,gridDim,0x80000000040,blockDim,0x1,args,0x100000040,sharedMemBytes,0x1,unknown,0x30800000006,,,,,0x0
682,hipLaunchKernel,3075363,3075377,815470867682119,815470867720115,37996,6,func,0x7f09e13ddfc8,gridDim,0x80000000040,blockDim,0x1,args,0x100000040,sharedMemBytes,0x1,unknown,0x34800000001,,,,,0x0
750,hipLaunchKernel,3075363,3075377,815470867750290,815470867791501,41211,6,func,0x7f09e13ddfb0,gridDim,0x80000000040,blockDim,0x1,args,0x100000040,sharedMemBytes,0x1,unknown,0x38200000006,,,,,0x0
821,hipLaunchKernel,3075363,3075377,815470867821315,815470867859302,37987,6,func,0x7f09e13ddfb8,gridDim,0x80000000040,blockDim,0x1,args,0x100000040,sharedMemBytes,0x1,unknown,0x3c300000001,,,,,0x0
889,hipLaunchKernel,3075363,3075377,815470867889567,815470867927463,37896,6,func,0x7f09e13ddfc0,gridDim,0x80000000040,blockDim,0x1,args,0x100000040,sharedMemBytes,0x1,unknown,0x1700000001,,,,,0x0
957,hipLaunchKernel,3075363,3075377,815470867957017,815470867989395,32378,6,func,0x7f09e13ddfc8,gridDim,0x80000000040,blockDim,0x1,args,0x100000040,sharedMemBytes,0x1,unknown,0x3300000006,,,,,0x0
36,hipStreamSynchronize,3075363,3075377,815470868035944,815470868104466,68522,1,stream,0x7ec9b8001200,,,,,,,,,,,,,,,0x0
139,hipStreamSynchronize,3075363,3075377,815470868139027,815470868185436,46409,1,stream,0x7ec9b838adb0,,,,,,,,,,,,,,,0x0
215,hipStreamSynchronize,3075363,3075377,815470868215290,815470868259776,44486,1,stream,0x7ec9b8d45370,,,,,,,,,,,,,,,0x0
290,hipStreamSynchronize,3075363,3075377,815470868289991,815470868336239,46248,1,stream,0x7ec9b8d31340,,,,,,,,,,,,,,,0x0
368,hipMemcpyAsync,3075363,3075377,815470868368898,815470868429878,60980,5,dst,0x7ec2c5600000,src,0x7ebab7e00100,count,0x2000000,kind,0x2,stream,0x7ec9b8001200,,,,,,,0x0
463,hipStreamSynchronize,3075363,3075377,815470868463258,815470869293069,829811,1,stream,0x7ec9b8001200,,,,,,,,,,,,,,,0x0
327,hipFree,3075363,3075377,815470869327840,815470869379107,51267,1,devPtr,0x7ebab7e00100,,,,,,,,,,,,,,,0x0
414,hipFree,3075363,3075377,815470869414609,815470869449501,34892,1,devPtr,0x7ebab9e00100,,,,,,,,,,,,,,,0x0
479,hipFree,3075363,3075377,815470869479315,815470869513546,34231,1,devPtr,0x7ebabbe00200,,,,,,,,,,,,,,,0x0
555,hipStreamCreateWithFlags,3075363,3075374,815470819554958,815470901968636,82413678,2,arg,0x7ec9bc0011e8,arg,0x1,,,,,,,,,,,,,0x0
174,hipHostMalloc,3075363,3075375,815470865174409,815470907500173,42325764,3,arg,0x7ec9c0001128,arg,0x2000000,arg,0x0,,,,,,,,,,,0x0
400,hipMallocAsync,3075363,3075375,815470909400602,815470911107094,1706492,3,arg,0x7ec9c0001158,arg,0x2000000,arg,0x7ec9c0d3fd90,,,,,,,,,,,0x0
114,hipMallocAsync,3075363,3075375,815470911114816,815470914370786,3255970,3,arg,0x7ec9c0001188,arg,0x2000000,arg,0x7ec9c0d3fd90,,,,,,,,,,,0x0
378,hipMallocAsync,3075363,3075375,815470914378047,815470914407040,28993,3,arg,0x7ec9c00011b8,arg,0x2000000,arg,0x7ec9c0d3fd90,,,,,,,,,,,0x0
413,hipMemcpyAsync,3075363,3075375,815470914413249,815470914484054,70805,5,dst,0x7eb400800a00,src,0x7ec2fb400000,count,0x2000000,kind,0x1,stream,0x7ec9c0d3fd90,,,,,,,0x0
501,hipMemcpyAsync,3075363,3075375,815470914501009,815470914512607,11598,5,dst,0x7eb402800b00,src,0x7ec2f9200000,count,0x2000000,kind,0x1,stream,0x7ec9c0d3fd90,,,,,,,0x0
521,hipStreamSynchronize,3075363,3075375,815470914521700,815470914548830,27130,1,stream,0x7ec9c0001200,,,,,,,,,,,,,,,0x0
559,hipStreamSynchronize,3075363,3075375,815470914559686,815470914569220,9534,1,stream,0x7ec9c0e4dff0,,,,,,,,,,,,,,,0x0
578,hipStreamSynchronize,3075363,3075375,815470914578064,815470914595940,17876,1,stream,0x7ec9c0e5f6f0,,,,,,,,,,,,,,,0x0
610,hipStreamSynchronize,3075363,3075375,815470914610131,815470916209594,1599463,1,stream,0x7ec9c0d3fd90,,,,,,,,,,,,,,,0x0
355,hipHostFree,3075363,3075376,815470828355514,815470923737122,95381608,1,arg,0x7ec931000000,,,,,,,,,,,,,,,0x0
232,hipLaunchKernel,3075363,3075375,815470916232809,815470924954758,8721949,6,func,0x7f09e13ddfb0,gridDim,0x80000000040,blockDim,0x1,args,0x100000040,sharedMemBytes,0x1,unknown,0x16500000006,,,,,0x0
984,hipLaunchKernel,3075363,3075375,815470924984092,815470924996400,12308,6,func,0x7f09e13ddfb8,gridDim,0x80000000040,blockDim,0x1,args,0x100000040,sharedMemBytes,0x1,unknown,0x1de00000006,,,,,0x0
4,hipLaunchKernel,3075363,3075375,815470925004432,815470925014958,10526,6,func,0x7f09e13ddfc0,gridDim,0x80000000040,blockDim,0x1,args,0x100000040,sharedMemBytes,0x1,unknown,0x22100000001,,,,,0x0
20,hipLaunchKernel,3075363,3075375,815470925020957,815470925029399,8442,6,func,0x7f09e13ddfc8,gridDim,0x80000000040,blockDim,0x1,args,0x100000040,sharedMemBytes,0x1,unknown,0x25c00000006,,,,,0x0
34,hipLaunchKernel,3075363,3075375,815470925034647,815470925045313,10666,6,func,0x7f09e13ddfb0,gridDim,0x80000000040,blockDim,0x1,args,0x100000040,sharedMemBytes,0x1,unknown,0x29d00000001,,,,,0x0
50,hipLaunchKernel,3075363,3075375,815470925050901,815470925059924,9023,6,func,0x7f09e13ddfb8,gridDim,0x80000000040,blockDim,0x1,args,0x100000040,sharedMemBytes,0x1,unknown,0x2d600000006,,,,,0x0
66,hipLaunchKernel,3075363,3075375,815470925066204,815470925074105,7901,6,func,0x7f09e13ddfc0,gridDim,0x80000000040,blockDim,0x1,args,0x100000040,sharedMemBytes,0x1,unknown,0x31500000001,,,,,0x0
78,hipLaunchKernel,3075363,3075375,815470925078622,815470925086494,7872,6,func,0x7f09e13ddfc8,gridDim,0x80000000040,blockDim,0x1,args,0x100000040,sharedMemBytes,0x1,unknown,0x35100000006,,,,,0x0
91,hipLaunchKernel,3075363,3075375,815470925091451,815470925101606,10155,6,func,0x7f09e13ddfb0,gridDim,0x80000000040,blockDim,0x1,args,0x100000040,sharedMemBytes,0x1,unknown,0x39200000001,,,,,0x0
107,hipLaunchKernel,3075363,3075375,815470925107745,815470925116208,8463,6,func,0x7f09e13ddfb8,gridDim,0x80000000040,blockDim,0x1,args,0x100000040,sharedMemBytes,0x1,unknown,0x3ca00000006,,,,,0x0
123,hipLaunchKernel,3075363,3075375,815470925123338,815470925130950,7612,6,func,0x7f09e13ddfc0,gridDim,0x80000000040,blockDim,0x1,args,0x100000040,sharedMemBytes,0x1,unknown,0xc300000001,,,,,0x0
136,hipLaunchKernel,3075363,3075375,815470925136828,815470925144490,7662,6,func,0x7f09e13ddfc8,gridDim,0x80000000040,blockDim,0x1,args,0x100000040,sharedMemBytes,0x1,unknown,0xee00000006,,,,,0x0
155,hipLaunchKernel,3075363,3075375,815470925155076,815470925164740,9664,6,func,0x7f09e13ddfb0,gridDim,0x80000000040,blockDim,0x1,args,0x100000040,sharedMemBytes,0x1,unknown,0x13000000001,,,,,0x0
171,hipLaunchKernel,3075363,3075375,815470925171750,815470925179472,7722,6,func,0x7f09e13ddfb8,gridDim,0x80000000040,blockDim,0x1,args,0x100000040,sharedMemBytes,0x1,unknown,0x16c00000006,,,,,0x0
186,hipLaunchKernel,3075363,3075375,815470925186102,815470925194614,8512,6,func,0x7f09e13ddfc0,gridDim,0x80000000040,blockDim,0x1,args,0x100000040,sharedMemBytes,0x1,unknown,0x1ab00000001,,,,,0x0
201,hipLaunchKernel,3075363,3075375,815470925201304,815470925208705,7401,6,func,0x7f09e13ddfc8,gridDim,0x80000000040,blockDim,0x1,args,0x100000040,sharedMemBytes,0x1,unknown,0x1e600000006,,,,,0x0
216,hipStreamSynchronize,3075363,3075375,815470925216216,815470925245520,29304,1,stream,0x7ec9c0001200,,,,,,,,,,,,,,,0x0
253,hipStreamSynchronize,3075363,3075375,815470925253341,815470925604122,350781,1,stream,0x7ec9c0e4dff0,,,,,,,,,,,,,,,0x0
620,hipStreamSynchronize,3075363,3075375,815470925620035,815470925635899,15864,1,stream,0x7ec9c0e5f6f0,,,,,,,,,,,,,,,0x0
643,hipStreamSynchronize,3075363,3075375,815470925643070,815470925657381,14311,1,stream,0x7ec9c0d3fd90,,,,,,,,,,,,,,,0x0
665,hipMemcpyAsync,3075363,3075375,815470925665753,815470925682478,16725,5,dst,0x7ec190600000,src,0x7eb3ec800100,count,0x2000000,kind,0x2,stream,0x7ec9c0001200,,,,,,,0x0
691,hipStreamSynchronize,3075363,3075375,815470925691001,815470926383258,692257,1,stream,0x7ec9c0001200,,,,,,,,,,,,,,,0x0
401,hipFree,3075363,3075375,815470926401635,815470926422216,20581,1,devPtr,0x7eb3ec800100,,,,,,,,,,,,,,,0x0
441,hipFree,3075363,3075375,815470926441915,815470926450417,8502,1,devPtr,0x7eb3ee800100,,,,,,,,,,,,,,,0x0
461,hipFree,3075363,3075375,815470926461794,815470926470808,9014,1,devPtr,0x7eb3f0800200,,,,,,,,,,,,,,,0x0
764,hipStreamDestroy,3075363,3075376,815470923764072,815470960637477,36873405,1,stream,0x7ec9b4001200,,,,,,,,,,,,,,,0x0
691,hipMemcpyAsync,3075363,3075376,815470960691297,815470960733269,41972,5,dst,0x7eadcce00000,src,0x7ec336e00300,count,0x2000000,kind,0x2,stream,0x7ec9b4320c90,,,,,,,0x0
750,hipStreamSynchronize,3075363,3075376,815470960750194,815470961439457,689263,1,stream,0x7ec9b4320c90,,,,,,,,,,,,,,,0x0
472,hipFree,3075363,3075376,815470961471955,815470961494128,22173,1,devPtr,0x7ec336e00300,,,,,,,,,,,,,,,0x0
515,hipFree,3075363,3075376,815470961515430,815470961536541,21111,1,devPtr,0x7ec338e00400,,,,,,,,,,,,,,,0x0
546,hipFree,3075363,3075376,815470961546015,815470961568058,22043,1,devPtr,0x7ec33ae00500,,,,,,,,,,,,,,,0x0
9,hipHostMalloc,3075363,3075374,815470902009096,815470967852361,65843265,3,arg,0x7ec9bc0010c8,arg,0x2000000,arg,0x0,,,,,,,,,,,0x0
548,hipHostFree,3075363,3075377,815470869548608,815470987445610,117897002,1,arg,0x7ec2c5600000,,,,,,,,,,,,,,,0x0
889,hipHostMalloc,3075363,3075374,815470967889116,815471132173938,164284822,3,arg,0x7ec9bc0010f8,arg,0x2000000,arg,0x0,,,,,,,,,,,0x0
485,hipHostFree,3075363,3075375,815470926485640,815471149250112,222764472,1,arg,0x7ec190600000,,,,,,,,,,,,,,,0x0
596,hipHostFree,3075363,3075376,815470961596400,815471166253639,204657239,1,arg,0x7eadcce00000,,,,,,,,,,,,,,,0x0
501,hipHostFree,3075363,3075377,815470987501072,815471185447354,197946282,1,arg,0x7ec265200000,,,,,,,,,,,,,,,0x0
198,hipHostMalloc,3075363,3075374,815471132197964,815471203024582,70826618,3,arg,0x7ec9bc001128,arg,0x2000000,arg,0x0,,,,,,,,,,,0x0
417,hipMallocAsync,3075363,3075374,815471206417245,815471207709512,1292267,3,arg,0x7ec9bc001158,arg,0x2000000,arg,0x7ec9bc030800,,,,,,,,,,,0x0
718,hipMallocAsync,3075363,3075374,815471207718155,815471210985954,3267799,3,arg,0x7ec9bc001188,arg,0x2000000,arg,0x7ec9bc030800,,,,,,,,,,,0x0
993,hipMallocAsync,3075363,3075374,815471210993885,815471211031431,37546,3,arg,0x7ec9bc0011b8,arg,0x2000000,arg,0x7ec9bc030800,,,,,,,,,,,0x0
39,hipMemcpyAsync,3075363,3075374,815471211039653,815471211097709,58056,5,dst,0x7eade3e00a00,src,0x7ec2f7000000,count,0x2000000,kind,0x1,stream,0x7ec9bc030800,,,,,,,0x0
109,hipMemcpyAsync,3075363,3075374,815471211109697,815471211118280,8583,5,dst,0x7eade5e00b00,src,0x7ec2f4e00000,count,0x2000000,kind,0x1,stream,0x7ec9bc030800,,,,,,,0x0
127,hipStreamSynchronize,3075363,3075374,815471211127023,815471211145490,18467,1,stream,0x7ec9bc001200,,,,,,,,,,,,,,,0x0
154,hipStreamSynchronize,3075363,3075374,815471211154393,815471211163397,9004,1,stream,0x7ec9bc022d40,,,,,,,,,,,,,,,0x0
167,hipStreamSynchronize,3075363,3075374,815471211167673,815471211175204,7531,1,stream,0x7ec9bc91f1a0,,,,,,,,,,,,,,,0x0
179,hipStreamSynchronize,3075363,3075374,815471211179811,815471212832042,1652231,1,stream,0x7ec9bc030800,,,,,,,,,,,,,,,0x0
283,hipHostFree,3075363,3075375,815471149283772,815471220665744,71381972,1,arg,0x7ec182c00000,,,,,,,,,,,,,,,0x0
277,hipHostFree,3075363,3075376,815471166277474,815471236727173,70449699,1,arg,0x7eadbfa00000,,,,,,,,,,,,,,,0x0
859,hipLaunchKernel,3075363,3075374,815471212859193,815471238042495,25183302,6,func,0x7f09e13ddfb0,gridDim,0x80000000040,blockDim,0x1,args,0x100000040,sharedMemBytes,0x1,unknown,0xf300000006,,,,,0x0
77,hipLaunchKernel,3075363,3075374,815471238077537,815471238092799,15262,6,func,0x7f09e13ddfb8,gridDim,0x80000000040,blockDim,0x1,args,0x100000040,sharedMemBytes,0x1,unknown,0x1af00000001,,,,,0x0
97,hipLaunchKernel,3075363,3075374,815471238097356,815471238116865,19509,6,func,0x7f09e13ddfc0,gridDim,0x80000000040,blockDim,0x1,args,0x100000040,sharedMemBytes,0x1,unknown,0x1e600000006,,,,,0x0
121,hipLaunchKernel,3075363,3075374,815471238121702,815471238130555,8853,6,func,0x7f09e13ddfc8,gridDim,0x80000000040,blockDim,0x1,args,0x100000040,sharedMemBytes,0x1,unknown,0x22700000001,,,,,0x0
135,hipLaunchKernel,3075363,3075374,815471238135092,815471238150595,15503,6,func,0x7f09e13ddfb0,gridDim,0x80000000040,blockDim,0x1,args,0x100000040,sharedMemBytes,0x1,unknown,0x25e00000006,,,,,0x0
154,hipLaunchKernel,3075363,3075374,815471238154651,815471238164165,9514,6,func,0x7f09e13ddfb8,gridDim,0x80000000040,blockDim,0x1,args,0x100000040,sharedMemBytes,0x1,unknown,0x29f00000001,,,,,0x0
168,hipLaunchKernel,3075363,3075374,815471238168191,815471238181711,13520,6,func,0x7f09e13ddfc0,gridDim,0x80000000040,blockDim,0x1,args,0x100000040,sharedMemBytes,0x1,unknown,0x2d800000006,,,,,0x0
186,hipLaunchKernel,3075363,3075374,815471238186228,815471238194160,7932,6,func,0x7f09e13ddfc8,gridDim,0x80000000040,blockDim,0x1,args,0x100000040,sharedMemBytes,0x1,unknown,0x31900000001,,,,,0x0
199,hipLaunchKernel,3075363,3075374,815471238199227,815471238216983,17756,6,func,0x7f09e13ddfb0,gridDim,0x80000000040,blockDim,0x1,args,0x100000040,sharedMemBytes,0x1,unknown,0x35300000006,,,,,0x0
222,hipLaunchKernel,3075363,3075374,815471238222061,815471238240318,18257,6,func,0x7f09e13ddfb8,gridDim,0x80000000040,blockDim,0x1,args,0x100000040,sharedMemBytes,0x1,unknown,0x39400000001,,,,,0x0
247,hipLaunchKernel,3075363,3075374,815471238247819,815471238256502,8683,6,func,0x7f09e13ddfc0,gridDim,0x80000000040,blockDim,0x1,args,0x100000040,sharedMemBytes,0x1,unknown,0x3cb00000006,,,,,0x0
262,hipLaunchKernel,3075363,3075374,815471238262821,815471238271414,8593,6,func,0x7f09e13ddfc8,gridDim,0x80000000040,blockDim,0x1,args,0x100000040,sharedMemBytes,0x1,unknown,0x2500000001,,,,,0x0
276,hipLaunchKernel,3075363,3075374,815471238276632,815471238286707,10075,6,func,0x7f09e13ddfb0,gridDim,0x80000000040,blockDim,0x1,args,0x100000040,sharedMemBytes,0x1,unknown,0x6000000001,,,,,0x0
294,hipLaunchKernel,3075363,3075374,815471238294679,815471238303472,8793,6,func,0x7f09e13ddfb8,gridDim,0x80000000040,blockDim,0x1,args,0x100000040,sharedMemBytes,0x1,unknown,0x6800000006,,,,,0x0
309,hipLaunchKernel,3075363,3075374,815471238309871,815471238318344,8473,6,func,0x7f09e13ddfc0,gridDim,0x80000000040,blockDim,0x1,args,0x100000040,sharedMemBytes,0x1,unknown,0xa500000001,,,,,0x0
325,hipLaunchKernel,3075363,3075374,815471238325535,815471238334598,9063,6,func,0x7f09e13ddfc8,gridDim,0x80000000040,blockDim,0x1,args,0x100000040,sharedMemBytes,0x1,unknown,0xe100000006,,,,,0x0
345,hipStreamSynchronize,3075363,3075374,815471238345514,815471238375519,30005,1,stream,0x7ec9bc001200,,,,,,,,,,,,,,,0x0
387,hipStreamSynchronize,3075363,3075374,815471238387526,815471238730435,342909,1,stream,0x7ec9bc022d40,,,,,,,,,,,,,,,0x0
748,hipStreamSynchronize,3075363,3075374,815471238748452,815471238765728,17276,1,stream,0x7ec9bc91f1a0,,,,,,,,,,,,,,,0x0
776,hipStreamSynchronize,3075363,3075374,815471238776063,815471238793399,17336,1,stream,0x7ec9bc030800,,,,,,,,,,,,,,,0x0
804,hipMemcpyAsync,3075363,3075374,815471238804495,815471238824385,19890,5,dst,0x7ebab5c00000,src,0x7eadcfe00100,count,0x2000000,kind,0x2,stream,0x7ec9bc001200,,,,,,,0x0
836,hipStreamSynchronize,3075363,3075374,815471238836382,815471239792170,955788,1,stream,0x7ec9bc001200,,,,,,,,,,,,,,,0x0
815,hipFree,3075363,3075374,815471239815225,815471239839200,23975,1,devPtr,0x7eadcfe00100,,,,,,,,,,,,,,,0x0
856,hipFree,3075363,3075374,815471239856316,815471239863596,7280,1,devPtr,0x7eadd1e00100,,,,,,,,,,,,,,,0x0
868,hipFree,3075363,3075374,815471239868744,815471239877006,8262,1,devPtr,0x7eadd3e00200,,,,,,,,,,,,,,,0x0
506,hipHostFree,3075363,3075377,815471185506202,815471255637819,70131617,1,arg,0x7ec17f200000,,,,,,,,,,,,,,,0x0
695,hipHostFree,3075363,3075375,815471220695248,815471271723624,51028376,1,arg,0x7eb9f7e00000,,,,,,,,,,,,,,,0x0
673,hipStreamDestroy,3075363,3075377,815471255673862,815471275151018,19477156,1,stream,0x7ec9b8001200,,,,,,,,,,,,,,,0x0
213,hipMemcpyAsync,3075363,3075377,815471275213571,815471275271667,58096,5,dst,0x7ead39000000,src,0x7ebabde00300,count,0x2000000,kind,0x2,stream,0x7ec9b838adb0,,,,,,,0x0
317,hipStreamSynchronize,3075363,3075377,815471275317375,815471275980048,662673,1,stream,0x7ec9b838adb0,,,,,,,,,,,,,,,0x0
31,hipFree,3075363,3075377,815471276031414,815471276067839,36425,1,devPtr,0x7ebabde00300,,,,,,,,,,,,,,,0x0
98,hipFree,3075363,3075377,815471276098294,815471276134087,35793,1,devPtr,0x7ebabfe00400,,,,,,,,,,,,,,,0x0
160,hipFree,3075363,3075377,815471276160316,815471276186895,26579,1,devPtr,0x7ebac1e00500,,,,,,,,,,,,,,,0x0
750,hipHostFree,3075363,3075376,815471236750237,815471291349400,54599163,1,arg,0x7ead82e00000,,,,,,,,,,,,,,,0x0
751,hipStreamDestroy,3075363,3075375,815471271751345,815471294417342,22665997,1,stream,0x7ec9c0001200,,,,,,,,,,,,,,,0x0
469,hipMemcpyAsync,3075363,3075375,815471294469179,815471294523580,54401,5,dst,0x7eacadc00000,src,0x7eb3f2800300,count,0x2000000,kind,0x2,stream,0x7ec9c0e4dff0,,,,,,,0x0
561,hipStreamSynchronize,3075363,3075375,815471294561616,815471295283377,721761,1,stream,0x7ec9c0e4dff0,,,,,,,,,,,,,,,0x0
320,hipFree,3075363,3075375,815471295320181,815471295366109,45928,1,devPtr,0x7eb3f2800300,,,,,,,,,,,,,,,0x0
396,hipFree,3075363,3075375,815471295396354,815471295427491,31137,1,devPtr,0x7eb3f4800400,,,,,,,,,,,,,,,0x0
454,hipFree,3075363,3075375,815471295454280,815471295480509,26229,1,devPtr,0x7eb3f6800500,,,,,,,,,,,,,,,0x0
891,hipHostFree,3075363,3075374,815471239891077,815471302024288,62133211,1,arg,0x7ebab5c00000,,,,,,,,,,,,,,,0x0
372,hipStreamDestroy,3075363,3075376,815471291372885,815471305399615,14026730,1,stream,0x7ec9b4320c90,,,,,,,,,,,,,,,0x0
449,hipMemcpyAsync,3075363,3075376,815471305449439,815471305501667,52228,5,dst,0x7eacbb000000,src,0x7ec33ce00600,count,0x2000000,kind,0x2,stream,0x7ec9b4cad0f0,,,,,,,0x0
530,hipStreamSynchronize,3075363,3075376,815471305530440,815471306208005,677565,1,stream,0x7ec9b4cad0f0,,,,,,,,,,,,,,,0x0
239,hipFree,3075363,3075376,815471306239121,815471306268555,29434,1,devPtr,0x7ec33ce00600,,,,,,,,,,,,,,,0x0
293,hipFree,3075363,3075376,815471306293432,815471306320241,26809,1,devPtr,0x7ec33ee00700,,,,,,,,,,,,,,,0x0
344,hipFree,3075363,3075376,815471306344167,815471306373761,29594,1,devPtr,0x7ec340e00800,,,,,,,,,,,,,,,0x0
210,hipHostFree,3075363,3075377,815471276210170,815471324144204,47934034,1,arg,0x7ead39000000,,,,,,,,,,,,,,,0x0
511,hipHostFree,3075363,3075375,815471295511165,815471341277874,45766709,1,arg,0x7eacadc00000,,,,,,,,,,,,,,,0x0
49,hipHostFree,3075363,3075374,815471302049265,815471349349980,47300715,1,arg,0x7eb3ea600000,,,,,,,,,,,,,,,0x0
403,hipHostFree,3075363,3075376,815471306403525,815471364869444,58465919,1,arg,0x7eacbb000000,,,,,,,,,,,,,,,0x0
174,hipHostFree,3075363,3075377,815471324174239,815471384760915,60586676,1,arg,0x7ead36a00000,,,,,,,,,,,,,,,0x0
304,hipHostFree,3075363,3075375,815471341304103,815471404502925,63198822,1,arg,0x7eaca7000000,,,,,,,,,,,,,,,0x0
371,hipHostFree,3075363,3075374,815471349371562,815471412645004,63273442,1,arg,0x7eb3d0a00000,,,,,,,,,,,,,,,0x0
893,hipHostFree,3075363,3075376,815471364893580,815471427683115,62789535,1,arg,0x7eaca9200000,,,,,,,,,,,,,,,0x0
110,hipStreamDestroy,3075363,3075374,815471413110415,815471429791042,16680627,1,stream,0x7ec9bc001200,,,,,,,,,,,,,,,0x0
826,hipMemcpyAsync,3075363,3075374,815471429826354,815471429864561,38207,5,dst,0x7ec323400000,src,0x7eadd5e00300,count,0x2000000,kind,0x2,stream,0x7ec9bc022d40,,,,,,,0x0
878,hipStreamSynchronize,3075363,3075374,815471429878772,815471430616857,738085,1,stream,0x7ec9bc022d40,,,,,,,,,,,,,,,0x0
641,hipFree,3075363,3075374,815471430641824,815471430661774,19950,1,devPtr,0x7eadd5e00300,,,,,,,,,,,,,,,0x0
671,hipFree,3075363,3075374,815471430671348,815471430677637,6289,1,devPtr,0x7eadd7e00400,,,,,,,,,,,,,,,0x0
681,hipFree,3075363,3075374,815471430681363,815471430687111,5748,1,devPtr,0x7eadd9e00500,,,,,,,,,,,,,,,0x0
796,hipHostFree,3075363,3075377,815471384796158,815471447582357,62786199,1,arg,0x7ead10400000,,,,,,,,,,,,,,,0x0
531,hipHostFree,3075363,3075375,815471404531447,815471464827622,60296175,1,arg,0x7ec31f000000,,,,,,,,,,,,,,,0x0
615,hipStreamDestroy,3075363,3075377,815471447615607,815471468406202,20790595,1,stream,0x7ec9b838adb0,,,,,,,,,,,,,,,0x0
474,hipMemcpyAsync,3075363,3075377,815471468474363,815471468530937,56574,5,dst,0x7eacaba00000,src,0x7ebac3e00600,count,0x2000000,kind,0x2,stream,0x7ec9b8d45370,,,,,,,0x0
572,hipStreamSynchronize,3075363,3075377,815471468572068,815471469242072,670004,1,stream,0x7ec9b8d45370,,,,,,,,,,,,,,,0x0
283,hipFree,3075363,3075377,815471469283373,815471469315661,32288,1,devPtr,0x7ebac3e00600,,,,,,,,,,,,,,,0x0
331,hipFree,3075363,3075377,815471469331384,815471469354008,22624,1,devPtr,0x7ebac5e00700,,,,,,,,,,,,,,,0x0
378,hipFree,3075363,3075377,815471469378855,815471469411703,32848,1,devPtr,0x7ebac7e00800,,,,,,,,,,,,,,,0x0
708,hipHostFree,3075363,3075376,815471427708272,815471484171030,56462758,1,arg,0x7ec321200000,,,,,,,,,,,,,,,0x0
854,hipStreamDestroy,3075363,3075375,815471464854692,815471487527740,22673048,1,stream,0x7ec9c0e4dff0,,,,,,,,,,,,,,,0x0
580,hipMemcpyAsync,3075363,3075375,815471487580208,815471487664202,83994,5,dst,0x7ec313a00000,src,0x7eb3f8800600,count,0x2000000,kind,0x2,stream,0x7ec9c0e5f6f0,,,,,,,0x0
704,hipStreamSynchronize,3075363,3075375,815471487704222,815471488433053,728831,1,stream,0x7ec9c0e5f6f0,,,,,,,,,,,,,,,0x0
469,hipFree,3075363,3075375,815471488469838,815471488505030,35192,1,devPtr,0x7eb3f8800600,,,,,,,,,,,,,,,0x0
527,hipFree,3075363,3075375,815471488527844,815471488549646,21802,1,devPtr,0x7eb3fa800700,,,,,,,,,,,,,,,0x0
567,hipFree,3075363,3075375,815471488567833,815471488591017,23184,1,devPtr,0x7eb3fc800800,,,,,,,,,,,,,,,0x0
694,hipHostFree,3075363,3075374,815471430694853,815471494950032,64255179,1,arg,0x7ec323400000,,,,,,,,,,,,,,,0x0
449,hipHostFree,3075363,3075377,815471469449770,815471511988149,42538379,1,arg,0x7eacaba00000,,,,,,,,,,,,,,,0x0
623,hipHostFree,3075363,3075375,815471488623105,815471527250042,38626937,1,arg,0x7ec313a00000,,,,,,,,,,,,,,,0x0
195,hipStreamDestroy,3075363,3075376,815471484195096,815471530345865,46150769,1,stream,0x7ec9b4cad0f0,,,,,,,,,,,,,,,0x0
398,hipMemcpyAsync,3075363,3075376,815471530398603,815471530445282,46679,5,dst,0x7ec316200000,src,0x7ec342e00900,count,0x2000000,kind,0x2,stream,0x7ec9b4b923d0,,,,,,,0x0
470,hipStreamSynchronize,3075363,3075376,815471530470740,815471531212701,741961,1,stream,0x7ec9b4b923d0,,,,,,,,,,,,,,,0x0
246,hipFree,3075363,3075376,815471531246050,815471531271979,25929,1,devPtr,0x7ec342e00900,,,,,,,,,,,,,,,0x0
290,hipFree,3075363,3075376,815471531290887,815471531305488,14601,1,devPtr,0x7ec344e00a00,,,,,,,,,,,,,,,0x0
212,hipMemGetInfo,3075363,3075376,815471533212167,815471533272687,60520,2,free,0x7ec9ca9e2570,total,0x7ec9ca9e2590,,,,,,,,,,,,,0x0
716,hipMemGetInfo,3075363,3075376,815471533715924,815471533755673,39749,2,free,0x7ec9ca9e2570,total,0x7ec9ca9e2590,,,,,,,,,,,,,0x0
975,hipHostFree,3075363,3075374,815471494975269,815471538314828,43339559,1,arg,0x7ec31ac00000,,,,,,,,,,,,,,,0x0
22,hipHostFree,3075363,3075377,815471512022160,815471557195168,45173008,1,arg,0x7eaca4e00000,,,,,,,,,,,,,,,0x0
275,hipHostFree,3075363,3075375,815471527275840,815471571924240,44648400,1,arg,0x7ec30ce00000,,,,,,,,,,,,,,,0x0
338,hipHostFree,3075363,3075374,815471538338142,815471596490717,58152575,1,arg,0x7ec318a00000,,,,,,,,,,,,,,,0x0
228,hipHostFree,3075363,3075377,815471557228387,815471615192683,57964296,1,arg,0x7ec31ce00000,,,,,,,,,,,,,,,0x0
516,hipStreamDestroy,3075363,3075374,815471596516616,815471617396253,20879637,1,stream,0x7ec9bc022d40,,,,,,,,,,,,,,,0x0
434,hipMemcpyAsync,3075363,3075374,815471617434700,815471617472005,37305,5,dst,0x7ec308a00000,src,0x7eaddbe00600,count,0x2000000,kind,0x2,stream,0x7ec9bc91f1a0,,,,,,,0x0
485,hipStreamSynchronize,3075363,3075374,815471617485515,815471618213785,728270,1,stream,0x7ec9bc91f1a0,,,,,,,,,,,,,,,0x0
240,hipFree,3075363,3075374,815471618239974,815471618260475,20501,1,devPtr,0x7eaddbe00600,,,,,,,,,,,,,,,0x0
269,hipFree,3075363,3075374,815471618269879,815471618275868,5989,1,devPtr,0x7eaddde00700,,,,,,,,,,,,,,,0x0
279,hipFree,3075363,3075374,815471618279623,815471618284881,5258,1,devPtr,0x7eaddfe00800,,,,,,,,,,,,,,,0x0
954,hipHostFree,3075363,3075375,815471571954245,815471633479503,61525258,1,arg,0x7ec304600000,,,,,,,,,,,,,,,0x0
226,hipStreamDestroy,3075363,3075377,815471615226433,815471636949021,21722588,1,stream,0x7ec9b8d45370,,,,,,,,,,,,,,,0x0
14,hipMemcpyAsync,3075363,3075377,815471637014679,815471637073786,59107,5,dst,0x7ec30f000000,src,0x7ebac9e00900,count,0x2000000,kind,0x2,stream,0x7ec9b8d31340,,,,,,,0x0
115,hipStreamSynchronize,3075363,3075377,815471637115568,815471637781576,666008,1,stream,0x7ec9b8d31340,,,,,,,,,,,,,,,0x0
821,hipFree,3075363,3075377,815471637821726,815471637859372,37646,1,devPtr,0x7ebac9e00900,,,,,,,,,,,,,,,0x0
893,hipFree,3075363,3075377,815471637893632,815471637931348,37716,1,devPtr,0x7ebacbe00a00,,,,,,,,,,,,,,,0x0
390,hipMemGetInfo,3075363,3075377,815471640390236,815471640460471,70235,2,free,0x7ec9ca1e1570,total,0x7ec9ca1e1590,,,,,,,,,,,,,0x0
968,hipMemGetInfo,3075363,3075377,815471640968534,815471641011698,43164,2,free,0x7ec9ca1e1570,total,0x7ec9ca1e1590,,,,,,,,,,,,,0x0
573,hipHostFree,3075363,3075376,815471588573752,815471652575805,64002053,1,arg,0x7ec311800000,,,,,,,,,,,,,,,0x0
508,hipStreamDestroy,3075363,3075375,815471633508306,815471655776443,22268137,1,stream,0x7ec9c0e5f6f0,,,,,,,,,,,,,,,0x0
835,hipMemcpyAsync,3075363,3075375,815471655835561,815471655899907,64346,5,dst,0x7ec985000000,src,0x7eb3fe800900,count,0x2000000,kind,0x2,stream,0x7ec9c0d3fd90,,,,,,,0x0
937,hipStreamSynchronize,3075363,3075375,815471655937462,815471656660104,722642,1,stream,0x7ec9c0d3fd90,,,,,,,,,,,,,,,0x0
696,hipFree,3075363,3075375,815471656696619,815471656724440,27821,1,devPtr,0x7eb3fe800900,,,,,,,,,,,,,,,0x0
739,hipFree,3075363,3075375,815471656739422,815471656753603,14181,1,devPtr,0x7eb400800a00,,,,,,,,,,,,,,,0x0
727,hipMemGetInfo,3075363,3075375,815471657727598,815471657787577,59979,2,free,0x7ec9cb1e3570,total,0x7ec9cb1e3590,,,,,,,,,,,,,0x0
235,hipMemGetInfo,3075363,3075375,815471658235852,815471658272527,36675,2,free,0x7ec9cb1e3570,total,0x7ec9cb1e3590,,,,,,,,,,,,,0x0
292,hipHostFree,3075363,3075374,815471618292853,815471663271843,44978990,1,arg,0x7ec308a00000,,,,,,,,,,,,,,,0x0
603,hipHostFree,3075363,3075376,815471652603416,815471697952465,45349049,1,arg,0x7ec30ac00000,,,,,,,,,,,,,,,0x0
978,hipStreamDestroy,3075363,3075376,815471697978794,815471718645295,20666501,1,stream,0x7ec9b4b923d0,,,,,,,,,,,,,,,0x0
293,hipHostFree,3075363,3075374,815471663293726,815471726234605,62940879,1,arg,0x7ec302400000,,,,,,,,,,,,,,,0x0
190,hipHostFree,3075363,3075377,815471682190041,815471745322884,63132843,1,arg,0x7ec306800000,,,,,,,,,,,,,,,0x0
505,hipHostFree,3075363,3075375,815471715505667,815471762688187,47182520,1,arg,0x7ec2fb400000,,,,,,,,,,,,,,,0x0
259,hipHostFree,3075363,3075374,815471726258981,815471771068400,44809419,1,arg,0x7ec2fdc00000,,,,,,,,,,,,,,,0x0
359,hipHostFree,3075363,3075377,815471745359138,815471788777133,43417995,1,arg,0x7ec300200000,,,,,,,,,,,,,,,0x0
91,hipStreamDestroy,3075363,3075374,815471771091154,815471790734577,19643423,1,stream,0x7ec9bc91f1a0,,,,,,,,,,,,,,,0x0
770,hipMemcpyAsync,3075363,3075374,815471790770510,815471790808676,38166,5,dst,0x7ec931000000,src,0x7eade1e00900,count,0x2000000,kind,0x2,stream,0x7ec9bc030800,,,,,,,0x0
822,hipStreamSynchronize,3075363,3075374,815471790822527,815471791548935,726408,1,stream,0x7ec9bc030800,,,,,,,,,,,,,,,0x0
574,hipFree,3075363,3075374,815471791574743,815471791595193,20450,1,devPtr,0x7eade1e00900,,,,,,,,,,,,,,,0x0
604,hipFree,3075363,3075374,815471791604707,815471791611337,6630,1,devPtr,0x7eade3e00a00,,,,,,,,,,,,,,,0x0
562,hipMemGetInfo,3075363,3075374,815471795561988,815471795603079,41091,2,free,0x7ec9cb9e4570,total,0x7ec9cb9e4590,,,,,,,,,,,,,0x0
994,hipMemGetInfo,3075363,3075374,815471795994129,815471796029612,35483,2,free,0x7ec9cb9e4570,total,0x7ec9cb9e4590,,,,,,,,,,,,,0x0
716,hipHostFree,3075363,3075375,815471762716038,815471807931861,45215823,1,arg,0x7ec2f9200000,,,,,,,,,,,,,,,0x0
304,hipHostFree,3075363,3075374,815471815304609,815471822932716,7628107,1,arg,0x7ec2f7000000,,,,,,,,,,,,,,,0x0
943,hipHostFree,3075363,3075374,815471822943482,815471830555024,7611542,1,arg,0x7ec2f4e00000,,,,,,,,,,,,,,,0x0
808,hipStreamDestroy,3075363,3075377,815471788808689,815471834283436,45474747,1,stream,0x7ec9b8d31340,,,,,,,,,,,,,,,0x0
960,hipStreamDestroy,3075363,3075375,815471807960203,815471836512062,28551859,1,stream,0x7ec9c0d3fd90,,,,,,,,,,,,,,,0x0
571,hipStreamDestroy,3075363,3075374,815471830571689,815471838573330,8001641,1,stream,0x7ec9bc030800,,,,,,,,,,,,,,,0x0
102,hipSetDevice,3075363,3075363,815471839101894,815471839187842,85948,1,deviceId,0x0,,,,,,,,,,,,,,,0x0
216,hipDeviceSynchronize,3075363,3075363,815471839216795,815471839247430,30635,1,none,0x1,,,,,,,,,,,,,,,0x0
267,hipSetDevice,3075363,3075363,815471839267700,815471839281621,13921,1,deviceId,0x1,,,,,,,,,,,,,,,0x0
292,hipDeviceSynchronize,3075363,3075363,815471839292126,815471839305426,13300,1,none,0x1,,,,,,,,,,,,,,,0x0
320,hipSetDevice,3075363,3075363,815471839320018,815471839333077,13059,1,deviceId,0x2,,,,,,,,,,,,,,,0x0
347,hipDeviceSynchronize,3075363,3075363,815471839347278,815471839360568,13290,1,none,0x1,,,,,,,,,,,,,,,0x0
373,hipSetDevice,3075363,3075363,815471839373547,815471839385074,11527,1,deviceId,0x3,,,,,,,,,,,,,,,0x0
400,hipDeviceSynchronize,3075363,3075363,815471839400257,815471839411403,11146,1,none,0x1,,,,,,,,,,,,,,,0x0
425,hipSetDevice,3075363,3075363,815471839425695,815471839440146,14451,1,deviceId,0x4,,,,,,,,,,,,,,,0x0
450,hipDeviceSynchronize,3075363,3075363,815471839450591,815471839462279,11688,1,none,0x1,,,,,,,,,,,,,,,0x0
477,hipSetDevice,3075363,3075363,815471839477471,815471839487496,10025,1,deviceId,0x5,,,,,,,,,,,,,,,0x0
500,hipDeviceSynchronize,3075363,3075363,815471839500005,815471839509068,9063,1,none,0x1,,,,,,,,,,,,,,,0x0
518,hipSetDevice,3075363,3075363,815471839518072,815471839528467,10395,1,deviceId,0x6,,,,,,,,,,,,,,,0x0
542,hipDeviceSynchronize,3075363,3075363,815471839541977,815471839552312,10335,1,none,0x1,,,,,,,,,,,,,,,0x0
567,hipSetDevice,3075363,3075363,815471839567124,815471839577700,10576,1,deviceId,0x7,,,,,,,,,,,,,,,0x0
588,hipDeviceSynchronize,3075363,3075363,815471839587995,815471839598090,10095,1,none,0x1,,,,,,,,,,,,,,,0x0
607,hipSetDevice,3075363,3075363,815471839607494,815471839616828,9334,1,deviceId,0x0,,,,,,,,,,,,,,,0x0
636,hipDeviceReset,3075363,3075363,815471839636627,815471839698419,61792,1,none,0x1,,,,,,,,,,,,,,,0x0
706,hipSetDevice,3075363,3075363,815471839706291,815471839720692,14401,1,deviceId,0x1,,,,,,,,,,,,,,,0x0
732,hipDeviceReset,3075363,3075363,815471839732790,815471839765318,32528,1,none,0x1,,,,,,,,,,,,,,,0x0
772,hipSetDevice,3075363,3075363,815471839771978,815471839786500,14522,1,deviceId,0x2,,,,,,,,,,,,,,,0x0
801,hipDeviceReset,3075363,3075363,815471839801843,815471839831717,29874,1,none,0x1,,,,,,,,,,,,,,,0x0
838,hipSetDevice,3075363,3075363,815471839838257,815471839853349,15092,1,deviceId,0x3,,,,,,,,,,,,,,,0x0
867,hipDeviceReset,3075363,3075363,815471839867119,815471839899477,32358,1,none,0x1,,,,,,,,,,,,,,,0x0
905,hipSetDevice,3075363,3075363,815471839905767,815471839920108,14341,1,deviceId,0x4,,,,,,,,,,,,,,,0x0
935,hipDeviceReset,3075363,3075363,815471839935200,815471839940298,5098,1,none,0x1,,,,,,,,,,,,,,,0x0
944,hipSetDevice,3075363,3075363,815471839944634,815471839958134,13500,1,deviceId,0x5,,,,,,,,,,,,,,,0x0
973,hipDeviceReset,3075363,3075363,815471839973457,815471839979636,6179,1,none,0x1,,,,,,,,,,,,,,,0x0
982,hipSetDevice,3075363,3075363,815471839982380,815471839996772,14392,1,deviceId,0x6,,,,,,,,,,,,,,,0x0
39,hipDeviceReset,3075363,3075363,815471840039846,815471840047247,7401,1,none,0x1,,,,,,,,,,,,,,,0x0
49,hipSetDevice,3075363,3075363,815471840049430,815471840066685,17255,1,deviceId,0x7,,,,,,,,,,,,,,,0x0
83,hipDeviceReset,3075363,3075363,815471840083300,815471840090030,6730,1,none,0x1,,,,,,,,,,,,,,,0x0
